session_id,specimen_id,probe_id,unit_id,brain_area,n_trials,baseline_rate,evoked_rate,modulation_ratio,median_latency_ms,latency_sd_ms,latency_iqr_ms,trial_reliability,sham_reliability,fano_factor,latency_cv,p_value,effect_size,intensity_slope,response_at_each_light_level,artifact_flag,adaptation_index,reference_class,label_confidence,label_reasons
721123822,707296982,760213137,950907205,MB,45,11.852,8.333,0.648,3.594,1.815,1.781,0.067,0.044,0.955,0.454,0.43756,-0.091,0.0,"{""1.0"": {""evoked_rate_hz"": 0.0, ""baseline_rate_hz"": 4.44, ""reliability"": 0.0, ""modulation_ratio"": 0.0, ""median_latency_ms"": null}, ""2.5"": {""evoked_rate_hz"": 25.0, ""baseline_rate_hz"": 17.78, ""reliability"": 0.2, ""modulation_ratio"": 1.33, ""median_latency_ms"": 3.59}, ""4.0"": {""evoked_rate_hz"": 0.0, ""baseline_rate_hz"": 13.33, ""reliability"": 0.0, ""modulation_ratio"": 0.0, ""median_latency_ms"": null}}",False,-3.978,not light responsive,0.933,Not statistically significant (p=0.4376 >= 0.05); No positive modulation (mod_ratio=0.65 <= 1.0)
721123822,707296982,760213137,950907524,MB,45,2.963,2.778,0.701,3.062,0.0,0.0,0.022,0.022,1.0,0.0,1.0,-0.008,-2.7778,"{""1.0"": {""evoked_rate_hz"": 8.33, ""baseline_rate_hz"": 0.0, ""reliability"": 0.067, ""modulation_ratio"": 8.33, ""median_latency_ms"": 3.06}, ""2.5"": {""evoked_rate_hz"": 0.0, ""baseline_rate_hz"": 0.0, ""reliability"": 0.0, ""modulation_ratio"": 0.0, ""median_latency_ms"": null}, ""4.0"": {""evoked_rate_hz"": 0.0, ""baseline_rate_hz"": 8.89, ""reliability"": 0.0, ""modulation_ratio"": 0.0, ""median_latency_ms"": null}}",False,1.0,not light responsive,0.95,Not statistically significant (p=1.0000 >= 0.05); No positive modulation (mod_ratio=0.70 <= 1.0); Very low reliability (0.02 < 0.05)
721123822,707296982,760213137,950907209,MB,45,0.0,2.778,2.778,1.032,0.0,0.0,0.022,0.0,1.0,0.0,1.0,0.149,-2.7778,"{""1.0"": {""evoked_rate_hz"": 8.33, ""baseline_rate_hz"": 0.0, ""reliability"": 0.067, ""modulation_ratio"": 8.33, ""median_latency_ms"": 1.03}, ""2.5"": {""evoked_rate_hz"": 0.0, ""baseline_rate_hz"": 0.0, ""reliability"": 0.0, ""modulation_ratio"": 0.0, ""median_latency_ms"": null}, ""4.0"": {""evoked_rate_hz"": 0.0, ""baseline_rate_hz"": 0.0, ""reliability"": 0.0, ""modulation_ratio"": 0.0, ""median_latency_ms"": null}}",False,1.0,not light responsive,0.95,Not statistically significant (p=1.0000 >= 0.05); Very low reliability (0.02 < 0.05)
721123822,707296982,760213137,950907526,MB,45,0.0,2.778,2.778,5.818,0.0,0.0,0.022,0.0,1.0,0.0,1.0,0.149,0.0,"{""1.0"": {""evoked_rate_hz"": 0.0, ""baseline_rate_hz"": 0.0, ""reliability"": 0.0, ""modulation_ratio"": 0.0, ""median_latency_ms"": null}, ""2.5"": {""evoked_rate_hz"": 8.33, ""baseline_rate_hz"": 0.0, ""reliability"": 0.067, ""modulation_ratio"": 8.33, ""median_latency_ms"": 5.82}, ""4.0"": {""evoked_rate_hz"": 0.0, ""baseline_rate_hz"": 0.0, ""reliability"": 0.0, ""modulation_ratio"": 0.0, ""median_latency_ms"": null}}",False,1.0,not light responsive,0.95,Not statistically significant (p=1.0000 >= 0.05); Very low reliability (0.02 < 0.05)
721123822,707296982,760213137,950907216,MB,45,5.926,16.667,2.406,2.207,2.938,3.918,0.133,0.067,0.886,0.761,0.18482,0.218,2.7778,"{""1.0"": {""evoked_rate_hz"": 16.67, ""baseline_rate_hz"": 4.44, ""reliability"": 0.133, ""modulation_ratio"": 3.06, ""median_latency_ms"": 5.01}, ""2.5"": {""evoked_rate_hz"": 8.33, ""baseline_rate_hz"": 0.0, ""reliability"": 0.067, ""modulation_ratio"": 8.33, ""median_latency_ms"": 2.21}, ""4.0"": {""evoked_rate_hz"": 25.0, ""baseline_rate_hz"": 13.33, ""reliability"": 0.2, ""modulation_ratio"": 1.74, ""median_latency_ms"": 2.2}}",False,-1.494,not light responsive,0.867,Not statistically significant (p=0.1848 >= 0.05)
721123822,707296982,760213137,950907222,SCig,45,1.481,0.0,0.0,,,,0.0,0.0,0.0,,1.0,-0.149,0.0,"{""1.0"": {""evoked_rate_hz"": 0.0, ""baseline_rate_hz"": 4.44, ""reliability"": 0.0, ""modulation_ratio"": 0.0, ""median_latency_ms"": null}, ""2.5"": {""evoked_rate_hz"": 0.0, ""baseline_rate_hz"": 0.0, ""reliability"": 0.0, ""modulation_ratio"": 0.0, ""median_latency_ms"": null}, ""4.0"": {""evoked_rate_hz"": 0.0, ""baseline_rate_hz"": 0.0, ""reliability"": 0.0, ""modulation_ratio"": 0.0, ""median_latency_ms"": null}}",False,1.0,not light responsive,0.95,Not statistically significant (p=1.0000 >= 0.05); No positive modulation (mod_ratio=0.00 <= 1.0); Very low reliability (0.00 < 0.05)
721123822,707296982,760213137,950907220,SCig,45,5.926,2.778,0.401,8.462,0.0,0.0,0.022,0.044,1.0,0.0,0.37962,-0.115,-2.7778,"{""1.0"": {""evoked_rate_hz"": 8.33, ""baseline_rate_hz"": 13.33, ""reliability"": 0.067, ""modulation_ratio"": 0.58, ""median_latency_ms"": 8.46}, ""2.5"": {""evoked_rate_hz"": 0.0, ""baseline_rate_hz"": 4.44, ""reliability"": 0.0, ""modulation_ratio"": 0.0, ""median_latency_ms"": null}, ""4.0"": {""evoked_rate_hz"": 0.0, ""baseline_rate_hz"": 0.0, ""reliability"": 0.0, ""modulation_ratio"": 0.0, ""median_latency_ms"": null}}",False,0.004,not light responsive,0.95,Not statistically significant (p=0.3796 >= 0.05); No positive modulation (mod_ratio=0.40 <= 1.0); Very low reliability (0.02 < 0.05)
721123822,707296982,760213137,950907530,SCig,45,10.37,11.111,0.977,7.327,1.452,1.287,0.089,0.156,0.932,0.214,1.0,0.02,-8.3333,"{""1.0"": {""evoked_rate_hz"": 25.0, ""baseline_rate_hz"": 26.67, ""reliability"": 0.2, ""modulation_ratio"": 0.9, ""median_latency_ms"": 6.99}, ""2.5"": {""evoked_rate_hz"": 8.33, ""baseline_rate_hz"": 0.0, ""reliability"": 0.067, ""modulation_ratio"": 8.33, ""median_latency_ms"": 7.81}, ""4.0"": {""evoked_rate_hz"": 0.0, ""baseline_rate_hz"": 4.44, ""reliability"": 0.0, ""modulation_ratio"": 0.0, ""median_latency_ms"": null}}",False,0.501,not light responsive,0.911,Not statistically significant (p=1.0000 >= 0.05); No positive modulation (mod_ratio=0.98 <= 1.0)
721123822,707296982,760213137,950907225,SCig,45,8.889,5.556,0.562,4.961,1.492,1.055,0.044,0.067,0.977,0.301,0.44755,-0.092,-2.7778,"{""1.0"": {""evoked_rate_hz"": 8.33, ""baseline_rate_hz"": 13.33, ""reliability"": 0.067, ""modulation_ratio"": 0.58, ""median_latency_ms"": 3.91}, ""2.5"": {""evoked_rate_hz"": 8.33, ""baseline_rate_hz"": 13.33, ""reliability"": 0.067, ""modulation_ratio"": 0.58, ""median_latency_ms"": 6.02}, ""4.0"": {""evoked_rate_hz"": 0.0, ""baseline_rate_hz"": 0.0, ""reliability"": 0.0, ""modulation_ratio"": 0.0, ""median_latency_ms"": null}}",False,0.667,not light responsive,0.95,Not statistically significant (p=0.4476 >= 0.05); No positive modulation (mod_ratio=0.56 <= 1.0); Very low reliability (0.04 < 0.05)
721123822,707296982,760213137,950907233,SCig,45,10.37,5.556,0.489,4.308,3.703,2.619,0.044,0.089,0.977,0.86,0.31568,-0.129,2.7778,"{""1.0"": {""evoked_rate_hz"": 0.0, ""baseline_rate_hz"": 4.44, ""reliability"": 0.0, ""modulation_ratio"": 0.0, ""median_latency_ms"": null}, ""2.5"": {""evoked_rate_hz"": 8.33, ""baseline_rate_hz"": 4.44, ""reliability"": 0.067, ""modulation_ratio"": 1.53, ""median_latency_ms"": 6.93}, ""4.0"": {""evoked_rate_hz"": 8.33, ""baseline_rate_hz"": 22.22, ""reliability"": 0.067, ""modulation_ratio"": 0.36, ""median_latency_ms"": 1.69}}",False,0.401,not light responsive,0.95,Not statistically significant (p=0.3157 >= 0.05); No positive modulation (mod_ratio=0.49 <= 1.0); Very low reliability (0.04 < 0.05)
721123822,707296982,760213137,950907229,SCig,45,1.481,2.778,1.119,6.418,0.0,0.0,0.022,0.022,1.0,0.0,1.0,0.061,2.7778,"{""1.0"": {""evoked_rate_hz"": 0.0, ""baseline_rate_hz"": 4.44, ""reliability"": 0.0, ""modulation_ratio"": 0.0, ""median_latency_ms"": null}, ""2.5"": {""evoked_rate_hz"": 0.0, ""baseline_rate_hz"": 0.0, ""reliability"": 0.0, ""modulation_ratio"": 0.0, ""median_latency_ms"": null}, ""4.0"": {""evoked_rate_hz"": 8.33, ""baseline_rate_hz"": 0.0, ""reliability"": 0.067, ""modulation_ratio"": 8.33, ""median_latency_ms"": 6.42}}",False,-1.987,not light responsive,0.95,Not statistically significant (p=1.0000 >= 0.05); Very low reliability (0.02 < 0.05)
721123822,707296982,760213137,950907235,SCig,45,11.852,5.556,0.432,6.219,1.382,0.977,0.044,0.044,0.977,0.222,0.21778,-0.164,2.7778,"{""1.0"": {""evoked_rate_hz"": 0.0, ""baseline_rate_hz"": 8.89, ""reliability"": 0.0, ""modulation_ratio"": 0.0, ""median_latency_ms"": null}, ""2.5"": {""evoked_rate_hz"": 8.33, ""baseline_rate_hz"": 4.44, ""reliability"": 0.067, ""modulation_ratio"": 1.53, ""median_latency_ms"": 5.24}, ""4.0"": {""evoked_rate_hz"": 8.33, ""baseline_rate_hz"": 22.22, ""reliability"": 0.067, ""modulation_ratio"": 0.36, ""median_latency_ms"": 7.2}}",False,-1.993,not light responsive,0.95,Not statistically significant (p=0.2178 >= 0.05); No positive modulation (mod_ratio=0.43 <= 1.0); Very low reliability (0.04 < 0.05)
721123822,707296982,760213137,950907582,SCig,45,17.778,16.667,0.888,2.324,2.686,3.479,0.133,0.089,0.886,0.78,0.86713,-0.019,5.5556,"{""1.0"": {""evoked_rate_hz"": 8.33, ""baseline_rate_hz"": 26.67, ""reliability"": 0.067, ""modulation_ratio"": 0.3, ""median_latency_ms"": 1.77}, ""2.5"": {""evoked_rate_hz"": 16.67, ""baseline_rate_hz"": 8.89, ""reliability"": 0.133, ""modulation_ratio"": 1.69, ""median_latency_ms"": 5.29}, ""4.0"": {""evoked_rate_hz"": 25.0, ""baseline_rate_hz"": 17.78, ""reliability"": 0.2, ""modulation_ratio"": 1.33, ""median_latency_ms"": 1.5}}",False,-1.663,not light responsive,0.867,Not statistically significant (p=0.8671 >= 0.05); No positive modulation (mod_ratio=0.89 <= 1.0)
721123822,707296982,760213137,950907242,SCig,45,7.407,2.778,0.33,2.451,0.0,0.0,0.022,0.044,1.0,0.0,0.22378,-0.16,0.0,"{""1.0"": {""evoked_rate_hz"": 0.0, ""baseline_rate_hz"": 8.89, ""reliability"": 0.0, ""modulation_ratio"": 0.0, ""median_latency_ms"": null}, ""2.5"": {""evoked_rate_hz"": 8.33, ""baseline_rate_hz"": 0.0, ""reliability"": 0.067, ""modulation_ratio"": 8.33, ""median_latency_ms"": 2.45}, ""4.0"": {""evoked_rate_hz"": 0.0, ""baseline_rate_hz"": 13.33, ""reliability"": 0.0, ""modulation_ratio"": 0.0, ""median_latency_ms"": null}}",False,-1.987,not light responsive,0.95,Not statistically significant (p=0.2238 >= 0.05); No positive modulation (mod_ratio=0.33 <= 1.0); Very low reliability (0.02 < 0.05)
721123822,707296982,760213137,950907248,SCig,45,16.296,11.111,0.642,5.312,2.352,3.497,0.089,0.133,0.932,0.462,0.44655,-0.1,5.5556,"{""1.0"": {""evoked_rate_hz"": 8.33, ""baseline_rate_hz"": 22.22, ""reliability"": 0.067, ""modulation_ratio"": 0.36, ""median_latency_ms"": 7.29}, ""2.5"": {""evoked_rate_hz"": 0.0, ""baseline_rate_hz"": 13.33, ""reliability"": 0.0, ""modulation_ratio"": 0.0, ""median_latency_ms"": null}, ""4.0"": {""evoked_rate_hz"": 25.0, ""baseline_rate_hz"": 13.33, ""reliability"": 0.2, ""modulation_ratio"": 1.74, ""median_latency_ms"": 3.79}}",False,-0.497,not light responsive,0.911,Not statistically significant (p=0.4466 >= 0.05); No positive modulation (mod_ratio=0.64 <= 1.0)
721123822,707296982,760213137,950907256,DG,45,1.481,0.0,0.0,,,,0.0,0.022,0.0,,1.0,-0.149,0.0,"{""1.0"": {""evoked_rate_hz"": 0.0, ""baseline_rate_hz"": 4.44, ""reliability"": 0.0, ""modulation_ratio"": 0.0, ""median_latency_ms"": null}, ""2.5"": {""evoked_rate_hz"": 0.0, ""baseline_rate_hz"": 0.0, ""reliability"": 0.0, ""modulation_ratio"": 0.0, ""median_latency_ms"": null}, ""4.0"": {""evoked_rate_hz"": 0.0, ""baseline_rate_hz"": 0.0, ""reliability"": 0.0, ""modulation_ratio"": 0.0, ""median_latency_ms"": null}}",False,1.0,not light responsive,0.95,Not statistically significant (p=1.0000 >= 0.05); No positive modulation (mod_ratio=0.00 <= 1.0); Very low reliability (0.00 < 0.05)
721123822,707296982,760213137,950907546,CA1,45,10.37,8.333,0.733,4.408,2.163,2.112,0.067,0.089,0.955,0.437,0.7013,-0.044,5.5556,"{""1.0"": {""evoked_rate_hz"": 0.0, ""baseline_rate_hz"": 8.89, ""reliability"": 0.0, ""modulation_ratio"": 0.0, ""median_latency_ms"": null}, ""2.5"": {""evoked_rate_hz"": 8.33, ""baseline_rate_hz"": 4.44, ""reliability"": 0.067, ""modulation_ratio"": 1.53, ""median_latency_ms"": 4.41}, ""4.0"": {""evoked_rate_hz"": 16.67, ""baseline_rate_hz"": 17.78, ""reliability"": 0.133, ""modulation_ratio"": 0.89, ""median_latency_ms"": 5.22}}",False,-887.889,not light responsive,0.933,Not statistically significant (p=0.7013 >= 0.05); No positive modulation (mod_ratio=0.73 <= 1.0)
721123822,707296982,760213137,950907296,CA1,45,1.481,2.778,1.119,2.389,0.0,0.0,0.022,0.022,1.0,0.0,1.0,0.061,0.0,"{""1.0"": {""evoked_rate_hz"": 0.0, ""baseline_rate_hz"": 4.44, ""reliability"": 0.0, ""modulation_ratio"": 0.0, ""median_latency_ms"": null}, ""2.5"": {""evoked_rate_hz"": 8.33, ""baseline_rate_hz"": 0.0, ""reliability"": 0.067, ""modulation_ratio"": 8.33, ""median_latency_ms"": 2.39}, ""4.0"": {""evoked_rate_hz"": 0.0, ""baseline_rate_hz"": 0.0, ""reliability"": 0.0, ""modulation_ratio"": 0.0, ""median_latency_ms"": null}}",False,1.0,not light responsive,0.95,Not statistically significant (p=1.0000 >= 0.05); Very low reliability (0.02 < 0.05)
721123822,707296982,760213137,950907552,CA1,45,10.37,2.778,0.244,5.912,0.0,0.0,0.022,0.111,1.0,0.0,0.07792,-0.24,-2.7778,"{""1.0"": {""evoked_rate_hz"": 8.33, ""baseline_rate_hz"": 8.89, ""reliability"": 0.067, ""modulation_ratio"": 0.84, ""median_latency_ms"": 5.91}, ""2.5"": {""evoked_rate_hz"": 0.0, ""baseline_rate_hz"": 13.33, ""reliability"": 0.0, ""modulation_ratio"": 0.0, ""median_latency_ms"": null}, ""4.0"": {""evoked_rate_hz"": 0.0, ""baseline_rate_hz"": 8.89, ""reliability"": 0.0, ""modulation_ratio"": 0.0, ""median_latency_ms"": null}}",False,0.833,not light responsive,0.95,Not statistically significant (p=0.0779 >= 0.05); No positive modulation (mod_ratio=0.24 <= 1.0); Very low reliability (0.02 < 0.05)
721123822,707296982,760213137,950907301,CA1,45,20.741,5.556,0.256,3.502,3.072,2.172,0.044,0.133,0.977,0.877,0.01598,-0.349,0.0,"{""1.0"": {""evoked_rate_hz"": 8.33, ""baseline_rate_hz"": 17.78, ""reliability"": 0.067, ""modulation_ratio"": 0.44, ""median_latency_ms"": 5.67}, ""2.5"": {""evoked_rate_hz"": 0.0, ""baseline_rate_hz"": 17.78, ""reliability"": 0.0, ""modulation_ratio"": 0.0, ""median_latency_ms"": null}, ""4.0"": {""evoked_rate_hz"": 8.33, ""baseline_rate_hz"": 26.67, ""reliability"": 0.067, ""modulation_ratio"": 0.3, ""median_latency_ms"": 1.33}}",False,0.001,not light responsive,0.95,Not statistically significant (p=0.0160 >= 0.05); No positive modulation (mod_ratio=0.26 <= 1.0); Very low reliability (0.04 < 0.05)
721123822,707296982,760213137,950907306,CA1,45,5.926,8.333,1.203,8.496,4.159,3.709,0.067,0.067,0.955,0.658,0.81818,0.063,2.7778,"{""1.0"": {""evoked_rate_hz"": 8.33, ""baseline_rate_hz"": 4.44, ""reliability"": 0.067, ""modulation_ratio"": 1.53, ""median_latency_ms"": 8.95}, ""2.5"": {""evoked_rate_hz"": 0.0, ""baseline_rate_hz"": 8.89, ""reliability"": 0.0, ""modulation_ratio"": 0.0, ""median_latency_ms"": null}, ""4.0"": {""evoked_rate_hz"": 16.67, ""baseline_rate_hz"": 4.44, ""reliability"": 0.133, ""modulation_ratio"": 3.06, ""median_latency_ms"": 5.01}}",False,-2.982,not light responsive,0.933,Not statistically significant (p=0.8182 >= 0.05)
721123822,707296982,760213137,950907314,CA1,45,11.852,5.556,0.432,7.653,0.813,0.575,0.044,0.067,0.977,0.106,0.26673,-0.145,-2.7778,"{""1.0"": {""evoked_rate_hz"": 8.33, ""baseline_rate_hz"": 13.33, ""reliability"": 0.067, ""modulation_ratio"": 0.58, ""median_latency_ms"": 7.08}, ""2.5"": {""evoked_rate_hz"": 8.33, ""baseline_rate_hz"": 0.0, ""reliability"": 0.067, ""modulation_ratio"": 8.33, ""median_latency_ms"": 8.23}, ""4.0"": {""evoked_rate_hz"": 0.0, ""baseline_rate_hz"": 22.22, ""reliability"": 0.0, ""modulation_ratio"": 0.0, ""median_latency_ms"": null}}",False,0.251,not light responsive,0.95,Not statistically significant (p=0.2667 >= 0.05); No positive modulation (mod_ratio=0.43 <= 1.0); Very low reliability (0.04 < 0.05)
721123822,707296982,760213137,950907319,CA1,45,17.778,19.444,1.036,5.605,2.007,3.377,0.156,0.2,0.864,0.371,0.88312,0.027,-2.7778,"{""1.0"": {""evoked_rate_hz"": 16.67, ""baseline_rate_hz"": 13.33, ""reliability"": 0.133, ""modulation_ratio"": 1.16, ""median_latency_ms"": 3.17}, ""2.5"": {""evoked_rate_hz"": 33.33, ""baseline_rate_hz"": 4.44, ""reliability"": 0.267, ""modulation_ratio"": 6.12, ""median_latency_ms"": 6.33}, ""4.0"": {""evoked_rate_hz"": 8.33, ""baseline_rate_hz"": 35.56, ""reliability"": 0.067, ""modulation_ratio"": 0.23, ""median_latency_ms"": 7.67}}",False,0.001,not light responsive,0.844,Not statistically significant (p=0.8831 >= 0.05)
721123822,707296982,760213137,950907328,CA1,45,14.815,16.667,1.054,2.464,1.73,1.663,0.133,0.089,0.886,0.605,0.85814,0.033,-2.7778,"{""1.0"": {""evoked_rate_hz"": 16.67, ""baseline_rate_hz"": 17.78, ""reliability"": 0.133, ""modulation_ratio"": 0.89, ""median_latency_ms"": 2.43}, ""2.5"": {""evoked_rate_hz"": 25.0, ""baseline_rate_hz"": 13.33, ""reliability"": 0.2, ""modulation_ratio"": 1.74, ""median_latency_ms"": 1.72}, ""4.0"": {""evoked_rate_hz"": 8.33, ""baseline_rate_hz"": 13.33, ""reliability"": 0.067, ""modulation_ratio"": 0.58, ""median_latency_ms"": 3.37}}",False,0.201,not light responsive,0.867,Not statistically significant (p=0.8581 >= 0.05)
721123822,707296982,760213137,950907555,VISam,45,1.481,5.556,2.239,5.499,3.742,2.646,0.044,0.0,0.977,0.68,0.48651,0.145,-5.5556,"{""1.0"": {""evoked_rate_hz"": 16.67, ""baseline_rate_hz"": 0.0, ""reliability"": 0.133, ""modulation_ratio"": 16.67, ""median_latency_ms"": 5.5}, ""2.5"": {""evoked_rate_hz"": 0.0, ""baseline_rate_hz"": 0.0, ""reliability"": 0.0, ""modulation_ratio"": 0.0, ""median_latency_ms"": null}, ""4.0"": {""evoked_rate_hz"": 0.0, ""baseline_rate_hz"": 4.44, ""reliability"": 0.0, ""modulation_ratio"": 0.0, ""median_latency_ms"": null}}",False,0.004,not light responsive,0.95,Not statistically significant (p=0.4865 >= 0.05); Very low reliability (0.04 < 0.05)
721123822,707296982,760213137,950907350,VISam,45,0.0,2.778,2.778,1.907,0.0,0.0,0.022,0.0,1.0,0.0,1.0,0.149,2.7778,"{""1.0"": {""evoked_rate_hz"": 0.0, ""baseline_rate_hz"": 0.0, ""reliability"": 0.0, ""modulation_ratio"": 0.0, ""median_latency_ms"": null}, ""2.5"": {""evoked_rate_hz"": 0.0, ""baseline_rate_hz"": 0.0, ""reliability"": 0.0, ""modulation_ratio"": 0.0, ""median_latency_ms"": null}, ""4.0"": {""evoked_rate_hz"": 8.33, ""baseline_rate_hz"": 0.0, ""reliability"": 0.067, ""modulation_ratio"": 8.33, ""median_latency_ms"": 1.91}}",False,1.0,not light responsive,0.95,Not statistically significant (p=1.0000 >= 0.05); Very low reliability (0.02 < 0.05)
721123822,707296982,760213137,950907356,VISam,45,2.963,0.0,0.0,,,,0.0,0.022,0.0,,0.48052,-0.213,0.0,"{""1.0"": {""evoked_rate_hz"": 0.0, ""baseline_rate_hz"": 4.44, ""reliability"": 0.0, ""modulation_ratio"": 0.0, ""median_latency_ms"": null}, ""2.5"": {""evoked_rate_hz"": 0.0, ""baseline_rate_hz"": 0.0, ""reliability"": 0.0, ""modulation_ratio"": 0.0, ""median_latency_ms"": null}, ""4.0"": {""evoked_rate_hz"": 0.0, ""baseline_rate_hz"": 4.44, ""reliability"": 0.0, ""modulation_ratio"": 0.0, ""median_latency_ms"": null}}",False,1.0,not light responsive,0.95,Not statistically significant (p=0.4805 >= 0.05); No positive modulation (mod_ratio=0.00 <= 1.0); Very low reliability (0.00 < 0.05)
721123822,707296982,760213137,950907360,VISam,45,0.0,0.0,0.0,,,,0.0,0.0,0.0,,1.0,0.0,0.0,"{""1.0"": {""evoked_rate_hz"": 0.0, ""baseline_rate_hz"": 0.0, ""reliability"": 0.0, ""modulation_ratio"": 0.0, ""median_latency_ms"": null}, ""2.5"": {""evoked_rate_hz"": 0.0, ""baseline_rate_hz"": 0.0, ""reliability"": 0.0, ""modulation_ratio"": 0.0, ""median_latency_ms"": null}, ""4.0"": {""evoked_rate_hz"": 0.0, ""baseline_rate_hz"": 0.0, ""reliability"": 0.0, ""modulation_ratio"": 0.0, ""median_latency_ms"": null}}",False,1.0,insufficient evidence,0.0,Insufficient trial count (<10) or zero spikes recorded
721123822,707296982,760213137,950907364,VISam,45,0.0,0.0,0.0,,,,0.0,0.0,0.0,,1.0,0.0,0.0,"{""1.0"": {""evoked_rate_hz"": 0.0, ""baseline_rate_hz"": 0.0, ""reliability"": 0.0, ""modulation_ratio"": 0.0, ""median_latency_ms"": null}, ""2.5"": {""evoked_rate_hz"": 0.0, ""baseline_rate_hz"": 0.0, ""reliability"": 0.0, ""modulation_ratio"": 0.0, ""median_latency_ms"": null}, ""4.0"": {""evoked_rate_hz"": 0.0, ""baseline_rate_hz"": 0.0, ""reliability"": 0.0, ""modulation_ratio"": 0.0, ""median_latency_ms"": null}}",False,-221.222,insufficient evidence,0.0,Insufficient trial count (<10) or zero spikes recorded
721123822,707296982,760213137,950907362,VISam,45,26.667,55.556,2.008,5.705,1.926,1.901,0.4,0.156,0.773,0.361,0.01499,0.388,22.2222,"{""1.0"": {""evoked_rate_hz"": 8.33, ""baseline_rate_hz"": 22.22, ""reliability"": 0.067, ""modulation_ratio"": 0.36, ""median_latency_ms"": 5.63}, ""2.5"": {""evoked_rate_hz"": 83.33, ""baseline_rate_hz"": 35.56, ""reliability"": 0.6, ""modulation_ratio"": 2.28, ""median_latency_ms"": 5.27}, ""4.0"": {""evoked_rate_hz"": 75.0, ""baseline_rate_hz"": 22.22, ""reliability"": 0.533, ""modulation_ratio"": 3.23, ""median_latency_ms"": 5.91}}",False,0.334,putatively directly optotagged,0.648,Passes direct criteria: mod=2.01>2.0; rel=0.40>=0.3; lat=5.71<8.0ms; p=0.0150<0.05
721123822,707296982,760213137,950907370,VISam,45,1.481,0.0,0.0,,,,0.0,0.022,0.0,,1.0,-0.149,0.0,"{""1.0"": {""evoked_rate_hz"": 0.0, ""baseline_rate_hz"": 0.0, ""reliability"": 0.0, ""modulation_ratio"": 0.0, ""median_latency_ms"": null}, ""2.5"": {""evoked_rate_hz"": 0.0, ""baseline_rate_hz"": 4.44, ""reliability"": 0.0, ""modulation_ratio"": 0.0, ""median_latency_ms"": null}, ""4.0"": {""evoked_rate_hz"": 0.0, ""baseline_rate_hz"": 0.0, ""reliability"": 0.0, ""modulation_ratio"": 0.0, ""median_latency_ms"": null}}",False,-221.222,not light responsive,0.95,Not statistically significant (p=1.0000 >= 0.05); No positive modulation (mod_ratio=0.00 <= 1.0); Very low reliability (0.00 < 0.05)
721123822,707296982,760213137,950907368,VISam,45,11.852,2.778,0.216,4.564,0.0,0.0,0.022,0.067,1.0,0.0,0.05894,-0.254,-2.7778,"{""1.0"": {""evoked_rate_hz"": 8.33, ""baseline_rate_hz"": 22.22, ""reliability"": 0.067, ""modulation_ratio"": 0.36, ""median_latency_ms"": 4.56}, ""2.5"": {""evoked_rate_hz"": 0.0, ""baseline_rate_hz"": 8.89, ""reliability"": 0.0, ""modulation_ratio"": 0.0, ""median_latency_ms"": null}, ""4.0"": {""evoked_rate_hz"": 0.0, ""baseline_rate_hz"": 4.44, ""reliability"": 0.0, ""modulation_ratio"": 0.0, ""median_latency_ms"": null}}",False,0.501,not light responsive,0.95,Not statistically significant (p=0.0589 >= 0.05); No positive modulation (mod_ratio=0.22 <= 1.0); Very low reliability (0.02 < 0.05)
721123822,707296982,760213137,950907386,VISam,45,0.0,0.0,0.0,,,,0.0,0.0,0.0,,1.0,0.0,0.0,"{""1.0"": {""evoked_rate_hz"": 0.0, ""baseline_rate_hz"": 0.0, ""reliability"": 0.0, ""modulation_ratio"": 0.0, ""median_latency_ms"": null}, ""2.5"": {""evoked_rate_hz"": 0.0, ""baseline_rate_hz"": 0.0, ""reliability"": 0.0, ""modulation_ratio"": 0.0, ""median_latency_ms"": null}, ""4.0"": {""evoked_rate_hz"": 0.0, ""baseline_rate_hz"": 0.0, ""reliability"": 0.0, ""modulation_ratio"": 0.0, ""median_latency_ms"": null}}",False,-221.222,insufficient evidence,0.0,Insufficient trial count (<10) or zero spikes recorded
721123822,707296982,760213137,950907392,VISam,45,0.0,0.0,0.0,,,,0.0,0.0,0.0,,1.0,0.0,0.0,"{""1.0"": {""evoked_rate_hz"": 0.0, ""baseline_rate_hz"": 0.0, ""reliability"": 0.0, ""modulation_ratio"": 0.0, ""median_latency_ms"": null}, ""2.5"": {""evoked_rate_hz"": 0.0, ""baseline_rate_hz"": 0.0, ""reliability"": 0.0, ""modulation_ratio"": 0.0, ""median_latency_ms"": null}, ""4.0"": {""evoked_rate_hz"": 0.0, ""baseline_rate_hz"": 0.0, ""reliability"": 0.0, ""modulation_ratio"": 0.0, ""median_latency_ms"": null}}",False,0.004,insufficient evidence,0.0,Insufficient trial count (<10) or zero spikes recorded
721123822,707296982,760213137,950907563,VISam,45,10.37,2.778,0.244,4.794,0.0,0.0,0.022,0.022,1.0,0.0,0.07493,-0.24,-2.7778,"{""1.0"": {""evoked_rate_hz"": 8.33, ""baseline_rate_hz"": 8.89, ""reliability"": 0.067, ""modulation_ratio"": 0.84, ""median_latency_ms"": 4.79}, ""2.5"": {""evoked_rate_hz"": 0.0, ""baseline_rate_hz"": 17.78, ""reliability"": 0.0, ""modulation_ratio"": 0.0, ""median_latency_ms"": null}, ""4.0"": {""evoked_rate_hz"": 0.0, ""baseline_rate_hz"": 4.44, ""reliability"": 0.0, ""modulation_ratio"": 0.0, ""median_latency_ms"": null}}",False,-1332.333,not light responsive,0.95,Not statistically significant (p=0.0749 >= 0.05); No positive modulation (mod_ratio=0.24 <= 1.0); Very low reliability (0.02 < 0.05)
721123822,707296982,760213137,950907561,VISam,45,14.815,0.0,0.0,,,,0.0,0.133,0.0,,0.002,-0.529,0.0,"{""1.0"": {""evoked_rate_hz"": 0.0, ""baseline_rate_hz"": 17.78, ""reliability"": 0.0, ""modulation_ratio"": 0.0, ""median_latency_ms"": null}, ""2.5"": {""evoked_rate_hz"": 0.0, ""baseline_rate_hz"": 22.22, ""reliability"": 0.0, ""modulation_ratio"": 0.0, ""median_latency_ms"": null}, ""4.0"": {""evoked_rate_hz"": 0.0, ""baseline_rate_hz"": 4.44, ""reliability"": 0.0, ""modulation_ratio"": 0.0, ""median_latency_ms"": null}}",False,0.201,not light responsive,0.95,Not statistically significant (p=0.0020 >= 0.05); No positive modulation (mod_ratio=0.00 <= 1.0); Very low reliability (0.00 < 0.05)
721123822,707296982,760213137,950907396,VISam,45,17.778,8.333,0.444,3.106,0.462,0.421,0.067,0.2,0.955,0.16,0.15784,-0.202,-8.3333,"{""1.0"": {""evoked_rate_hz"": 25.0, ""baseline_rate_hz"": 17.78, ""reliability"": 0.2, ""modulation_ratio"": 1.33, ""median_latency_ms"": 3.11}, ""2.5"": {""evoked_rate_hz"": 0.0, ""baseline_rate_hz"": 17.78, ""reliability"": 0.0, ""modulation_ratio"": 0.0, ""median_latency_ms"": null}, ""4.0"": {""evoked_rate_hz"": 0.0, ""baseline_rate_hz"": 17.78, ""reliability"": 0.0, ""modulation_ratio"": 0.0, ""median_latency_ms"": null}}",False,-443.444,not light responsive,0.933,Not statistically significant (p=0.1578 >= 0.05); No positive modulation (mod_ratio=0.44 <= 1.0)
721123822,707296982,760213137,950907402,VISam,45,14.815,8.333,0.527,2.947,2.102,2.071,0.067,0.156,0.955,0.625,0.24376,-0.159,-5.5556,"{""1.0"": {""evoked_rate_hz"": 16.67, ""baseline_rate_hz"": 8.89, ""reliability"": 0.133, ""modulation_ratio"": 1.69, ""median_latency_ms"": 3.57}, ""2.5"": {""evoked_rate_hz"": 8.33, ""baseline_rate_hz"": 17.78, ""reliability"": 0.067, ""modulation_ratio"": 0.44, ""median_latency_ms"": 2.95}, ""4.0"": {""evoked_rate_hz"": 0.0, ""baseline_rate_hz"": 17.78, ""reliability"": 0.0, ""modulation_ratio"": 0.0, ""median_latency_ms"": null}}",False,0.667,not light responsive,0.933,Not statistically significant (p=0.2438 >= 0.05); No positive modulation (mod_ratio=0.53 <= 1.0)
721123822,707296982,760213137,950907394,VISam,45,19.259,63.889,3.154,4.243,2.247,3.94,0.422,0.133,0.856,0.511,0.001,0.587,19.4444,"{""1.0"": {""evoked_rate_hz"": 41.67, ""baseline_rate_hz"": 13.33, ""reliability"": 0.333, ""modulation_ratio"": 2.91, ""median_latency_ms"": 3.53}, ""2.5"": {""evoked_rate_hz"": 50.0, ""baseline_rate_hz"": 13.33, ""reliability"": 0.333, ""modulation_ratio"": 3.49, ""median_latency_ms"": 5.25}, ""4.0"": {""evoked_rate_hz"": 100.0, ""baseline_rate_hz"": 31.11, ""reliability"": 0.6, ""modulation_ratio"": 3.11, ""median_latency_ms"": 6.08}}",False,-1.141,putatively directly optotagged,0.679,Passes direct criteria: mod=3.15>2.0; rel=0.42>=0.3; lat=4.24<8.0ms; p=0.0010<0.05
721123822,707296982,760213137,950907398,VISam,45,16.296,55.556,3.212,5.224,2.044,3.664,0.444,0.111,0.568,0.391,0.002,0.538,8.3333,"{""1.0"": {""evoked_rate_hz"": 33.33, ""baseline_rate_hz"": 13.33, ""reliability"": 0.267, ""modulation_ratio"": 2.33, ""median_latency_ms"": 3.91}, ""2.5"": {""evoked_rate_hz"": 75.0, ""baseline_rate_hz"": 13.33, ""reliability"": 0.6, ""modulation_ratio"": 5.23, ""median_latency_ms"": 6.26}, ""4.0"": {""evoked_rate_hz"": 58.33, ""baseline_rate_hz"": 22.22, ""reliability"": 0.467, ""modulation_ratio"": 2.51, ""median_latency_ms"": 5.3}}",False,-0.071,putatively directly optotagged,0.678,Passes direct criteria: mod=3.21>2.0; rel=0.44>=0.3; lat=5.22<8.0ms; p=0.0020<0.05
721123822,707296982,760213137,950907406,VISam,45,10.37,2.778,0.244,3.396,0.0,0.0,0.022,0.067,1.0,0.0,0.07293,-0.24,2.7778,"{""1.0"": {""evoked_rate_hz"": 0.0, ""baseline_rate_hz"": 13.33, ""reliability"": 0.0, ""modulation_ratio"": 0.0, ""median_latency_ms"": null}, ""2.5"": {""evoked_rate_hz"": 0.0, ""baseline_rate_hz"": 8.89, ""reliability"": 0.0, ""modulation_ratio"": 0.0, ""median_latency_ms"": null}, ""4.0"": {""evoked_rate_hz"": 8.33, ""baseline_rate_hz"": 8.89, ""reliability"": 0.067, ""modulation_ratio"": 0.84, ""median_latency_ms"": 3.4}}",False,1.0,not light responsive,0.95,Not statistically significant (p=0.0729 >= 0.05); No positive modulation (mod_ratio=0.24 <= 1.0); Very low reliability (0.02 < 0.05)
721123822,707296982,760213137,950907565,VISam,45,14.815,5.556,0.351,3.17,1.543,1.091,0.044,0.089,0.977,0.487,0.11588,-0.216,-5.5556,"{""1.0"": {""evoked_rate_hz"": 16.67, ""baseline_rate_hz"": 8.89, ""reliability"": 0.133, ""modulation_ratio"": 1.69, ""median_latency_ms"": 3.17}, ""2.5"": {""evoked_rate_hz"": 0.0, ""baseline_rate_hz"": 17.78, ""reliability"": 0.0, ""modulation_ratio"": 0.0, ""median_latency_ms"": null}, ""4.0"": {""evoked_rate_hz"": 0.0, ""baseline_rate_hz"": 17.78, ""reliability"": 0.0, ""modulation_ratio"": 0.0, ""median_latency_ms"": null}}",False,-0.996,not light responsive,0.95,Not statistically significant (p=0.1159 >= 0.05); No positive modulation (mod_ratio=0.35 <= 1.0); Very low reliability (0.04 < 0.05)
721123822,707296982,760213137,950907404,VISam,45,10.37,2.778,0.244,3.092,0.0,0.0,0.022,0.111,1.0,0.0,0.06494,-0.24,-2.7778,"{""1.0"": {""evoked_rate_hz"": 8.33, ""baseline_rate_hz"": 4.44, ""reliability"": 0.067, ""modulation_ratio"": 1.53, ""median_latency_ms"": 3.09}, ""2.5"": {""evoked_rate_hz"": 0.0, ""baseline_rate_hz"": 13.33, ""reliability"": 0.0, ""modulation_ratio"": 0.0, ""median_latency_ms"": null}, ""4.0"": {""evoked_rate_hz"": 0.0, ""baseline_rate_hz"": 13.33, ""reliability"": 0.0, ""modulation_ratio"": 0.0, ""median_latency_ms"": null}}",False,1.0,not light responsive,0.95,Not statistically significant (p=0.0649 >= 0.05); No positive modulation (mod_ratio=0.24 <= 1.0); Very low reliability (0.02 < 0.05)
721123822,707296982,760213137,950907388,VISam,45,8.889,2.778,0.281,4.043,0.0,0.0,0.022,0.044,1.0,0.0,0.14486,-0.201,2.7778,"{""1.0"": {""evoked_rate_hz"": 0.0, ""baseline_rate_hz"": 8.89, ""reliability"": 0.0, ""modulation_ratio"": 0.0, ""median_latency_ms"": null}, ""2.5"": {""evoked_rate_hz"": 0.0, ""baseline_rate_hz"": 4.44, ""reliability"": 0.0, ""modulation_ratio"": 0.0, ""median_latency_ms"": null}, ""4.0"": {""evoked_rate_hz"": 8.33, ""baseline_rate_hz"": 13.33, ""reliability"": 0.067, ""modulation_ratio"": 0.58, ""median_latency_ms"": 4.04}}",False,0.002,not light responsive,0.95,Not statistically significant (p=0.1449 >= 0.05); No positive modulation (mod_ratio=0.28 <= 1.0); Very low reliability (0.02 < 0.05)
721123822,707296982,760213137,950907428,VISam,45,19.259,2.778,0.137,2.815,0.0,0.0,0.022,0.156,1.0,0.0,0.001,-0.518,2.7778,"{""1.0"": {""evoked_rate_hz"": 0.0, ""baseline_rate_hz"": 26.67, ""reliability"": 0.0, ""modulation_ratio"": 0.0, ""median_latency_ms"": null}, ""2.5"": {""evoked_rate_hz"": 0.0, ""baseline_rate_hz"": 13.33, ""reliability"": 0.0, ""modulation_ratio"": 0.0, ""median_latency_ms"": null}, ""4.0"": {""evoked_rate_hz"": 8.33, ""baseline_rate_hz"": 17.78, ""reliability"": 0.067, ""modulation_ratio"": 0.44, ""median_latency_ms"": 2.81}}",False,0.75,not light responsive,0.95,Not statistically significant (p=0.0010 >= 0.05); No positive modulation (mod_ratio=0.14 <= 1.0); Very low reliability (0.02 < 0.05)
721123822,707296982,760213137,950907408,VISam,45,8.889,27.778,2.809,3.724,1.675,1.772,0.222,0.089,0.795,0.47,0.02997,0.343,2.7778,"{""1.0"": {""evoked_rate_hz"": 8.33, ""baseline_rate_hz"": 13.33, ""reliability"": 0.067, ""modulation_ratio"": 0.58, ""median_latency_ms"": 3.67}, ""2.5"": {""evoked_rate_hz"": 58.33, ""baseline_rate_hz"": 4.44, ""reliability"": 0.467, ""modulation_ratio"": 10.71, ""median_latency_ms"": 3.26}, ""4.0"": {""evoked_rate_hz"": 16.67, ""baseline_rate_hz"": 8.89, ""reliability"": 0.133, ""modulation_ratio"": 1.69, ""median_latency_ms"": 3.82}}",False,-0.166,light-responsive / indirect or uncertain,0.65,Sub-threshold reliability (0.22 < 0.3)
721123822,707296982,760213137,950907420,VISam,45,2.963,8.333,2.103,3.033,3.233,3.149,0.067,0.022,0.955,0.833,0.43057,0.153,-2.7778,"{""1.0"": {""evoked_rate_hz"": 16.67, ""baseline_rate_hz"": 0.0, ""reliability"": 0.133, ""modulation_ratio"": 16.67, ""median_latency_ms"": 5.24}, ""2.5"": {""evoked_rate_hz"": 0.0, ""baseline_rate_hz"": 4.44, ""reliability"": 0.0, ""modulation_ratio"": 0.0, ""median_latency_ms"": null}, ""4.0"": {""evoked_rate_hz"": 8.33, ""baseline_rate_hz"": 4.44, ""reliability"": 0.067, ""modulation_ratio"": 1.53, ""median_latency_ms"": 1.16}}",False,0.004,not light responsive,0.933,Not statistically significant (p=0.4306 >= 0.05)
721123822,707296982,760213137,950907434,VISam,45,20.741,5.556,0.256,5.069,2.019,1.428,0.044,0.178,0.977,0.398,0.01499,-0.332,2.7778,"{""1.0"": {""evoked_rate_hz"": 0.0, ""baseline_rate_hz"": 17.78, ""reliability"": 0.0, ""modulation_ratio"": 0.0, ""median_latency_ms"": null}, ""2.5"": {""evoked_rate_hz"": 8.33, ""baseline_rate_hz"": 17.78, ""reliability"": 0.067, ""modulation_ratio"": 0.44, ""median_latency_ms"": 3.64}, ""4.0"": {""evoked_rate_hz"": 8.33, ""baseline_rate_hz"": 26.67, ""reliability"": 0.067, ""modulation_ratio"": 0.3, ""median_latency_ms"": 6.5}}",False,0.6,not light responsive,0.95,Not statistically significant (p=0.0150 >= 0.05); No positive modulation (mod_ratio=0.26 <= 1.0); Very low reliability (0.04 < 0.05)
721123822,707296982,760213137,950907432,VISam,45,16.296,2.778,0.161,5.134,0.0,0.0,0.022,0.133,1.0,0.0,0.00599,-0.407,2.7778,"{""1.0"": {""evoked_rate_hz"": 0.0, ""baseline_rate_hz"": 13.33, ""reliability"": 0.0, ""modulation_ratio"": 0.0, ""median_latency_ms"": null}, ""2.5"": {""evoked_rate_hz"": 0.0, ""baseline_rate_hz"": 8.89, ""reliability"": 0.0, ""modulation_ratio"": 0.0, ""median_latency_ms"": null}, ""4.0"": {""evoked_rate_hz"": 8.33, ""baseline_rate_hz"": 26.67, ""reliability"": 0.067, ""modulation_ratio"": 0.3, ""median_latency_ms"": 5.13}}",False,0.501,not light responsive,0.95,Not statistically significant (p=0.0060 >= 0.05); No positive modulation (mod_ratio=0.16 <= 1.0); Very low reliability (0.02 < 0.05)
721123822,707296982,760213137,950907425,VISam,45,0.0,0.0,0.0,,,,0.0,0.0,0.0,,1.0,0.0,0.0,"{""1.0"": {""evoked_rate_hz"": 0.0, ""baseline_rate_hz"": 0.0, ""reliability"": 0.0, ""modulation_ratio"": 0.0, ""median_latency_ms"": null}, ""2.5"": {""evoked_rate_hz"": 0.0, ""baseline_rate_hz"": 0.0, ""reliability"": 0.0, ""modulation_ratio"": 0.0, ""median_latency_ms"": null}, ""4.0"": {""evoked_rate_hz"": 0.0, ""baseline_rate_hz"": 0.0, ""reliability"": 0.0, ""modulation_ratio"": 0.0, ""median_latency_ms"": null}}",False,1.0,insufficient evidence,0.0,Insufficient trial count (<10) or zero spikes recorded
721123822,707296982,760213137,950907430,VISam,45,1.481,0.0,0.0,,,,0.0,0.022,0.0,,1.0,-0.149,0.0,"{""1.0"": {""evoked_rate_hz"": 0.0, ""baseline_rate_hz"": 4.44, ""reliability"": 0.0, ""modulation_ratio"": 0.0, ""median_latency_ms"": null}, ""2.5"": {""evoked_rate_hz"": 0.0, ""baseline_rate_hz"": 0.0, ""reliability"": 0.0, ""modulation_ratio"": 0.0, ""median_latency_ms"": null}, ""4.0"": {""evoked_rate_hz"": 0.0, ""baseline_rate_hz"": 0.0, ""reliability"": 0.0, ""modulation_ratio"": 0.0, ""median_latency_ms"": null}}",False,1.0,not light responsive,0.95,Not statistically significant (p=1.0000 >= 0.05); No positive modulation (mod_ratio=0.00 <= 1.0); Very low reliability (0.00 < 0.05)
721123822,707296982,760213137,950907443,VISam,45,2.963,0.0,0.0,,,,0.0,0.044,0.0,,0.4965,-0.213,0.0,"{""1.0"": {""evoked_rate_hz"": 0.0, ""baseline_rate_hz"": 8.89, ""reliability"": 0.0, ""modulation_ratio"": 0.0, ""median_latency_ms"": null}, ""2.5"": {""evoked_rate_hz"": 0.0, ""baseline_rate_hz"": 0.0, ""reliability"": 0.0, ""modulation_ratio"": 0.0, ""median_latency_ms"": null}, ""4.0"": {""evoked_rate_hz"": 0.0, ""baseline_rate_hz"": 0.0, ""reliability"": 0.0, ""modulation_ratio"": 0.0, ""median_latency_ms"": null}}",False,1.0,not light responsive,0.95,Not statistically significant (p=0.4965 >= 0.05); No positive modulation (mod_ratio=0.00 <= 1.0); Very low reliability (0.00 < 0.05)
721123822,707296982,760213137,950907439,VISam,45,8.889,2.778,0.281,3.418,0.0,0.0,0.022,0.089,1.0,0.0,0.13986,-0.201,2.7778,"{""1.0"": {""evoked_rate_hz"": 0.0, ""baseline_rate_hz"": 8.89, ""reliability"": 0.0, ""modulation_ratio"": 0.0, ""median_latency_ms"": null}, ""2.5"": {""evoked_rate_hz"": 0.0, ""baseline_rate_hz"": 0.0, ""reliability"": 0.0, ""modulation_ratio"": 0.0, ""median_latency_ms"": null}, ""4.0"": {""evoked_rate_hz"": 8.33, ""baseline_rate_hz"": 17.78, ""reliability"": 0.067, ""modulation_ratio"": 0.44, ""median_latency_ms"": 3.42}}",False,1.0,not light responsive,0.95,Not statistically significant (p=0.1399 >= 0.05); No positive modulation (mod_ratio=0.28 <= 1.0); Very low reliability (0.02 < 0.05)
721123822,707296982,760213137,950907437,VISam,45,1.481,0.0,0.0,,,,0.0,0.022,0.0,,1.0,-0.149,0.0,"{""1.0"": {""evoked_rate_hz"": 0.0, ""baseline_rate_hz"": 0.0, ""reliability"": 0.0, ""modulation_ratio"": 0.0, ""median_latency_ms"": null}, ""2.5"": {""evoked_rate_hz"": 0.0, ""baseline_rate_hz"": 0.0, ""reliability"": 0.0, ""modulation_ratio"": 0.0, ""median_latency_ms"": null}, ""4.0"": {""evoked_rate_hz"": 0.0, ""baseline_rate_hz"": 4.44, ""reliability"": 0.0, ""modulation_ratio"": 0.0, ""median_latency_ms"": null}}",False,0.004,not light responsive,0.95,Not statistically significant (p=1.0000 >= 0.05); No positive modulation (mod_ratio=0.00 <= 1.0); Very low reliability (0.00 < 0.05)
721123822,707296982,760213137,950907451,VISam,45,5.926,2.778,0.401,2.266,0.0,0.0,0.022,0.044,1.0,0.0,0.35764,-0.115,-2.7778,"{""1.0"": {""evoked_rate_hz"": 8.33, ""baseline_rate_hz"": 0.0, ""reliability"": 0.067, ""modulation_ratio"": 8.33, ""median_latency_ms"": 2.27}, ""2.5"": {""evoked_rate_hz"": 0.0, ""baseline_rate_hz"": 8.89, ""reliability"": 0.0, ""modulation_ratio"": 0.0, ""median_latency_ms"": null}, ""4.0"": {""evoked_rate_hz"": 0.0, ""baseline_rate_hz"": 8.89, ""reliability"": 0.0, ""modulation_ratio"": 0.0, ""median_latency_ms"": null}}",False,0.002,not light responsive,0.95,Not statistically significant (p=0.3576 >= 0.05); No positive modulation (mod_ratio=0.40 <= 1.0); Very low reliability (0.02 < 0.05)
721123822,707296982,760213137,950907445,VISam,45,10.37,5.556,0.489,2.329,0.706,0.499,0.044,0.067,0.977,0.303,0.31668,-0.129,0.0,"{""1.0"": {""evoked_rate_hz"": 8.33, ""baseline_rate_hz"": 4.44, ""reliability"": 0.067, ""modulation_ratio"": 1.53, ""median_latency_ms"": 2.83}, ""2.5"": {""evoked_rate_hz"": 0.0, ""baseline_rate_hz"": 13.33, ""reliability"": 0.0, ""modulation_ratio"": 0.0, ""median_latency_ms"": null}, ""4.0"": {""evoked_rate_hz"": 8.33, ""baseline_rate_hz"": 13.33, ""reliability"": 0.067, ""modulation_ratio"": 0.58, ""median_latency_ms"": 1.83}}",False,0.6,not light responsive,0.95,Not statistically significant (p=0.3167 >= 0.05); No positive modulation (mod_ratio=0.49 <= 1.0); Very low reliability (0.04 < 0.05)
721123822,707296982,760213137,950907457,VISam,45,0.0,2.778,2.778,3.761,0.0,0.0,0.022,0.0,1.0,0.0,1.0,0.149,-2.7778,"{""1.0"": {""evoked_rate_hz"": 8.33, ""baseline_rate_hz"": 0.0, ""reliability"": 0.067, ""modulation_ratio"": 8.33, ""median_latency_ms"": 3.76}, ""2.5"": {""evoked_rate_hz"": 0.0, ""baseline_rate_hz"": 0.0, ""reliability"": 0.0, ""modulation_ratio"": 0.0, ""median_latency_ms"": null}, ""4.0"": {""evoked_rate_hz"": 0.0, ""baseline_rate_hz"": 0.0, ""reliability"": 0.0, ""modulation_ratio"": 0.0, ""median_latency_ms"": null}}",False,-665.667,not light responsive,0.95,Not statistically significant (p=1.0000 >= 0.05); Very low reliability (0.02 < 0.05)
721123822,707296982,760213137,950907463,VISam,45,5.926,0.0,0.0,,,,0.0,0.022,0.0,,0.12987,-0.309,0.0,"{""1.0"": {""evoked_rate_hz"": 0.0, ""baseline_rate_hz"": 8.89, ""reliability"": 0.0, ""modulation_ratio"": 0.0, ""median_latency_ms"": null}, ""2.5"": {""evoked_rate_hz"": 0.0, ""baseline_rate_hz"": 0.0, ""reliability"": 0.0, ""modulation_ratio"": 0.0, ""median_latency_ms"": null}, ""4.0"": {""evoked_rate_hz"": 0.0, ""baseline_rate_hz"": 8.89, ""reliability"": 0.0, ""modulation_ratio"": 0.0, ""median_latency_ms"": null}}",False,-0.991,not light responsive,0.95,Not statistically significant (p=0.1299 >= 0.05); No positive modulation (mod_ratio=0.00 <= 1.0); Very low reliability (0.00 < 0.05)
721123822,707296982,760213137,950907473,VISam,45,0.0,0.0,0.0,,,,0.0,0.0,0.0,,1.0,0.0,0.0,"{""1.0"": {""evoked_rate_hz"": 0.0, ""baseline_rate_hz"": 0.0, ""reliability"": 0.0, ""modulation_ratio"": 0.0, ""median_latency_ms"": null}, ""2.5"": {""evoked_rate_hz"": 0.0, ""baseline_rate_hz"": 0.0, ""reliability"": 0.0, ""modulation_ratio"": 0.0, ""median_latency_ms"": null}, ""4.0"": {""evoked_rate_hz"": 0.0, ""baseline_rate_hz"": 0.0, ""reliability"": 0.0, ""modulation_ratio"": 0.0, ""median_latency_ms"": null}}",False,-221.222,insufficient evidence,0.0,Insufficient trial count (<10) or zero spikes recorded
721123822,707296982,760213137,950907471,VISam,45,0.0,0.0,0.0,,,,0.0,0.0,0.0,,1.0,0.0,0.0,"{""1.0"": {""evoked_rate_hz"": 0.0, ""baseline_rate_hz"": 0.0, ""reliability"": 0.0, ""modulation_ratio"": 0.0, ""median_latency_ms"": null}, ""2.5"": {""evoked_rate_hz"": 0.0, ""baseline_rate_hz"": 0.0, ""reliability"": 0.0, ""modulation_ratio"": 0.0, ""median_latency_ms"": null}, ""4.0"": {""evoked_rate_hz"": 0.0, ""baseline_rate_hz"": 0.0, ""reliability"": 0.0, ""modulation_ratio"": 0.0, ""median_latency_ms"": null}}",False,1.0,insufficient evidence,0.0,Insufficient trial count (<10) or zero spikes recorded
721123822,707296982,760213137,950907467,VISam,45,0.0,0.0,0.0,,,,0.0,0.0,0.0,,1.0,0.0,0.0,"{""1.0"": {""evoked_rate_hz"": 0.0, ""baseline_rate_hz"": 0.0, ""reliability"": 0.0, ""modulation_ratio"": 0.0, ""median_latency_ms"": null}, ""2.5"": {""evoked_rate_hz"": 0.0, ""baseline_rate_hz"": 0.0, ""reliability"": 0.0, ""modulation_ratio"": 0.0, ""median_latency_ms"": null}, ""4.0"": {""evoked_rate_hz"": 0.0, ""baseline_rate_hz"": 0.0, ""reliability"": 0.0, ""modulation_ratio"": 0.0, ""median_latency_ms"": null}}",False,1.0,insufficient evidence,0.0,Insufficient trial count (<10) or zero spikes recorded
721123822,707296982,760213137,950907493,VISam,45,2.963,0.0,0.0,,,,0.0,0.044,0.0,,0.47752,-0.213,0.0,"{""1.0"": {""evoked_rate_hz"": 0.0, ""baseline_rate_hz"": 0.0, ""reliability"": 0.0, ""modulation_ratio"": 0.0, ""median_latency_ms"": null}, ""2.5"": {""evoked_rate_hz"": 0.0, ""baseline_rate_hz"": 0.0, ""reliability"": 0.0, ""modulation_ratio"": 0.0, ""median_latency_ms"": null}, ""4.0"": {""evoked_rate_hz"": 0.0, ""baseline_rate_hz"": 8.89, ""reliability"": 0.0, ""modulation_ratio"": 0.0, ""median_latency_ms"": null}}",False,-0.991,not light responsive,0.95,Not statistically significant (p=0.4775 >= 0.05); No positive modulation (mod_ratio=0.00 <= 1.0); Very low reliability (0.00 < 0.05)
721123822,707296982,760213137,950907506,VISam,45,8.889,5.556,0.562,2.515,0.806,0.57,0.044,0.089,0.977,0.32,0.47852,-0.099,0.0,"{""1.0"": {""evoked_rate_hz"": 8.33, ""baseline_rate_hz"": 4.44, ""reliability"": 0.067, ""modulation_ratio"": 1.53, ""median_latency_ms"": 1.95}, ""2.5"": {""evoked_rate_hz"": 0.0, ""baseline_rate_hz"": 8.89, ""reliability"": 0.0, ""modulation_ratio"": 0.0, ""median_latency_ms"": null}, ""4.0"": {""evoked_rate_hz"": 8.33, ""baseline_rate_hz"": 13.33, ""reliability"": 0.067, ""modulation_ratio"": 0.58, ""median_latency_ms"": 3.08}}",False,-0.991,not light responsive,0.95,Not statistically significant (p=0.4785 >= 0.05); No positive modulation (mod_ratio=0.56 <= 1.0); Very low reliability (0.04 < 0.05)
721123822,707296982,760213142,950907603,LP,45,2.963,11.111,2.804,4.925,1.488,2.017,0.089,0.044,0.932,0.298,0.24975,0.207,2.7778,"{""1.0"": {""evoked_rate_hz"": 8.33, ""baseline_rate_hz"": 4.44, ""reliability"": 0.067, ""modulation_ratio"": 1.53, ""median_latency_ms"": 5.73}, ""2.5"": {""evoked_rate_hz"": 8.33, ""baseline_rate_hz"": 4.44, ""reliability"": 0.067, ""modulation_ratio"": 1.53, ""median_latency_ms"": 3.42}, ""4.0"": {""evoked_rate_hz"": 16.67, ""baseline_rate_hz"": 0.0, ""reliability"": 0.133, ""modulation_ratio"": 16.67, ""median_latency_ms"": 5.41}}",False,0.001,not light responsive,0.911,Not statistically significant (p=0.2497 >= 0.05)
721123822,707296982,760213142,950907601,LP,45,8.889,11.111,1.124,4.402,2.71,2.927,0.089,0.089,0.932,0.579,0.82118,0.055,2.7778,"{""1.0"": {""evoked_rate_hz"": 8.33, ""baseline_rate_hz"": 4.44, ""reliability"": 0.067, ""modulation_ratio"": 1.53, ""median_latency_ms"": 3.51}, ""2.5"": {""evoked_rate_hz"": 8.33, ""baseline_rate_hz"": 13.33, ""reliability"": 0.067, ""modulation_ratio"": 0.58, ""median_latency_ms"": 5.3}, ""4.0"": {""evoked_rate_hz"": 16.67, ""baseline_rate_hz"": 8.89, ""reliability"": 0.133, ""modulation_ratio"": 1.69, ""median_latency_ms"": 4.96}}",False,0.667,not light responsive,0.911,Not statistically significant (p=0.8212 >= 0.05)
721123822,707296982,760213142,950907609,LP,45,10.37,11.111,0.977,3.215,2.089,3.2,0.089,0.089,0.932,0.641,1.0,0.018,0.0,"{""1.0"": {""evoked_rate_hz"": 8.33, ""baseline_rate_hz"": 13.33, ""reliability"": 0.067, ""modulation_ratio"": 0.58, ""median_latency_ms"": 1.18}, ""2.5"": {""evoked_rate_hz"": 16.67, ""baseline_rate_hz"": 4.44, ""reliability"": 0.133, ""modulation_ratio"": 3.06, ""median_latency_ms"": 3.61}, ""4.0"": {""evoked_rate_hz"": 8.33, ""baseline_rate_hz"": 13.33, ""reliability"": 0.067, ""modulation_ratio"": 0.58, ""median_latency_ms"": 4.64}}",False,0.572,not light responsive,0.911,Not statistically significant (p=1.0000 >= 0.05); No positive modulation (mod_ratio=0.98 <= 1.0)
721123822,707296982,760213142,950907623,LP,45,10.37,8.333,0.733,7.491,2.237,2.121,0.067,0.089,0.955,0.335,0.61838,-0.048,2.7778,"{""1.0"": {""evoked_rate_hz"": 8.33, ""baseline_rate_hz"": 8.89, ""reliability"": 0.067, ""modulation_ratio"": 0.84, ""median_latency_ms"": 8.38}, ""2.5"": {""evoked_rate_hz"": 0.0, ""baseline_rate_hz"": 13.33, ""reliability"": 0.0, ""modulation_ratio"": 0.0, ""median_latency_ms"": null}, ""4.0"": {""evoked_rate_hz"": 16.67, ""baseline_rate_hz"": 8.89, ""reliability"": 0.133, ""modulation_ratio"": 1.69, ""median_latency_ms"": 5.82}}",False,-0.332,not light responsive,0.933,Not statistically significant (p=0.6184 >= 0.05); No positive modulation (mod_ratio=0.73 <= 1.0)
721123822,707296982,760213142,950907629,LP,45,17.778,11.111,0.592,3.473,1.73,2.494,0.089,0.133,0.932,0.511,0.31269,-0.136,-8.3333,"{""1.0"": {""evoked_rate_hz"": 25.0, ""baseline_rate_hz"": 22.22, ""reliability"": 0.2, ""modulation_ratio"": 1.08, ""median_latency_ms"": 2.42}, ""2.5"": {""evoked_rate_hz"": 8.33, ""baseline_rate_hz"": 17.78, ""reliability"": 0.067, ""modulation_ratio"": 0.44, ""median_latency_ms"": 4.52}, ""4.0"": {""evoked_rate_hz"": 0.0, ""baseline_rate_hz"": 13.33, ""reliability"": 0.0, ""modulation_ratio"": 0.0, ""median_latency_ms"": null}}",False,0.75,not light responsive,0.911,Not statistically significant (p=0.3127 >= 0.05); No positive modulation (mod_ratio=0.59 <= 1.0)
721123822,707296982,760213142,950907641,LP,45,0.0,5.556,5.556,8.125,0.99,0.7,0.044,0.0,0.977,0.122,0.50949,0.213,0.0,"{""1.0"": {""evoked_rate_hz"": 8.33, ""baseline_rate_hz"": 0.0, ""reliability"": 0.067, ""modulation_ratio"": 8.33, ""median_latency_ms"": 7.43}, ""2.5"": {""evoked_rate_hz"": 0.0, ""baseline_rate_hz"": 0.0, ""reliability"": 0.0, ""modulation_ratio"": 0.0, ""median_latency_ms"": null}, ""4.0"": {""evoked_rate_hz"": 8.33, ""baseline_rate_hz"": 0.0, ""reliability"": 0.067, ""modulation_ratio"": 8.33, ""median_latency_ms"": 8.83}}",False,0.501,not light responsive,0.95,Not statistically significant (p=0.5095 >= 0.05); Very low reliability (0.04 < 0.05)
721123822,707296982,760213142,950907639,LP,45,7.407,11.111,1.322,4.594,3.007,3.006,0.067,0.022,1.443,0.641,0.74326,0.072,-2.7778,"{""1.0"": {""evoked_rate_hz"": 16.67, ""baseline_rate_hz"": 4.44, ""reliability"": 0.067, ""modulation_ratio"": 3.06, ""median_latency_ms"": 4.59}, ""2.5"": {""evoked_rate_hz"": 8.33, ""baseline_rate_hz"": 8.89, ""reliability"": 0.067, ""modulation_ratio"": 0.84, ""median_latency_ms"": 1.74}, ""4.0"": {""evoked_rate_hz"": 8.33, ""baseline_rate_hz"": 8.89, ""reliability"": 0.067, ""modulation_ratio"": 0.84, ""median_latency_ms"": 7.75}}",False,-221.222,not light responsive,0.933,Not statistically significant (p=0.7433 >= 0.05)
721123822,707296982,760213142,950907637,LP,45,7.407,19.444,2.313,4.44,2.101,3.27,0.156,0.022,0.864,0.428,0.13686,0.242,13.8889,"{""1.0"": {""evoked_rate_hz"": 8.33, ""baseline_rate_hz"": 0.0, ""reliability"": 0.067, ""modulation_ratio"": 8.33, ""median_latency_ms"": 2.57}, ""2.5"": {""evoked_rate_hz"": 0.0, ""baseline_rate_hz"": 13.33, ""reliability"": 0.0, ""modulation_ratio"": 0.0, ""median_latency_ms"": null}, ""4.0"": {""evoked_rate_hz"": 50.0, ""baseline_rate_hz"": 8.89, ""reliability"": 0.4, ""modulation_ratio"": 5.06, ""median_latency_ms"": 5.18}}",False,0.001,not light responsive,0.844,Not statistically significant (p=0.1369 >= 0.05)
721123822,707296982,760213142,950907635,LP,45,0.0,5.556,5.556,4.358,0.749,0.53,0.044,0.0,0.977,0.172,0.48452,0.213,0.0,"{""1.0"": {""evoked_rate_hz"": 8.33, ""baseline_rate_hz"": 0.0, ""reliability"": 0.067, ""modulation_ratio"": 8.33, ""median_latency_ms"": 3.83}, ""2.5"": {""evoked_rate_hz"": 0.0, ""baseline_rate_hz"": 0.0, ""reliability"": 0.0, ""modulation_ratio"": 0.0, ""median_latency_ms"": null}, ""4.0"": {""evoked_rate_hz"": 8.33, ""baseline_rate_hz"": 0.0, ""reliability"": 0.067, ""modulation_ratio"": 8.33, ""median_latency_ms"": 4.89}}",False,1.0,not light responsive,0.95,Not statistically significant (p=0.4845 >= 0.05); Very low reliability (0.04 < 0.05)
721123822,707296982,760213142,950907654,LP,45,7.407,13.889,1.652,7.186,2.745,3.398,0.111,0.044,0.909,0.446,0.26274,0.237,0.0,"{""1.0"": {""evoked_rate_hz"": 16.67, ""baseline_rate_hz"": 13.33, ""reliability"": 0.133, ""modulation_ratio"": 1.16, ""median_latency_ms"": 3.43}, ""2.5"": {""evoked_rate_hz"": 8.33, ""baseline_rate_hz"": 8.89, ""reliability"": 0.067, ""modulation_ratio"": 0.84, ""median_latency_ms"": 8.46}, ""4.0"": {""evoked_rate_hz"": 16.67, ""baseline_rate_hz"": 0.0, ""reliability"": 0.133, ""modulation_ratio"": 16.67, ""median_latency_ms"": 7.74}}",False,1.0,not light responsive,0.889,Not statistically significant (p=0.2627 >= 0.05)
721123822,707296982,760213142,950907652,LP,45,1.481,5.556,2.239,5.795,1.941,1.373,0.044,0.022,0.977,0.335,0.50949,0.145,2.7778,"{""1.0"": {""evoked_rate_hz"": 0.0, ""baseline_rate_hz"": 0.0, ""reliability"": 0.0, ""modulation_ratio"": 0.0, ""median_latency_ms"": null}, ""2.5"": {""evoked_rate_hz"": 8.33, ""baseline_rate_hz"": 4.44, ""reliability"": 0.067, ""modulation_ratio"": 1.53, ""median_latency_ms"": 4.42}, ""4.0"": {""evoked_rate_hz"": 8.33, ""baseline_rate_hz"": 0.0, ""reliability"": 0.067, ""modulation_ratio"": 8.33, ""median_latency_ms"": 7.17}}",False,-0.991,not light responsive,0.95,Not statistically significant (p=0.5095 >= 0.05); Very low reliability (0.04 < 0.05)
721123822,707296982,760213142,950907649,LP,45,5.926,11.111,1.604,6.929,1.541,1.328,0.089,0.044,0.932,0.22,0.50549,0.129,-2.7778,"{""1.0"": {""evoked_rate_hz"": 16.67, ""baseline_rate_hz"": 8.89, ""reliability"": 0.133, ""modulation_ratio"": 1.69, ""median_latency_ms"": 7.8}, ""2.5"": {""evoked_rate_hz"": 8.33, ""baseline_rate_hz"": 8.89, ""reliability"": 0.067, ""modulation_ratio"": 0.84, ""median_latency_ms"": 5.19}, ""4.0"": {""evoked_rate_hz"": 8.33, ""baseline_rate_hz"": 0.0, ""reliability"": 0.067, ""modulation_ratio"": 8.33, ""median_latency_ms"": 7.19}}",False,1.0,not light responsive,0.911,Not statistically significant (p=0.5055 >= 0.05)
721123822,707296982,760213142,950907666,LP,45,0.0,2.778,2.778,6.481,0.0,0.0,0.022,0.0,1.0,0.0,1.0,0.149,0.0,"{""1.0"": {""evoked_rate_hz"": 0.0, ""baseline_rate_hz"": 0.0, ""reliability"": 0.0, ""modulation_ratio"": 0.0, ""median_latency_ms"": null}, ""2.5"": {""evoked_rate_hz"": 8.33, ""baseline_rate_hz"": 0.0, ""reliability"": 0.067, ""modulation_ratio"": 8.33, ""median_latency_ms"": 6.48}, ""4.0"": {""evoked_rate_hz"": 0.0, ""baseline_rate_hz"": 0.0, ""reliability"": 0.0, ""modulation_ratio"": 0.0, ""median_latency_ms"": null}}",False,1.0,not light responsive,0.95,Not statistically significant (p=1.0000 >= 0.05); Very low reliability (0.02 < 0.05)
721123822,707296982,760213142,950907662,LP,45,0.0,0.0,0.0,,,,0.0,0.0,0.0,,1.0,0.0,0.0,"{""1.0"": {""evoked_rate_hz"": 0.0, ""baseline_rate_hz"": 0.0, ""reliability"": 0.0, ""modulation_ratio"": 0.0, ""median_latency_ms"": null}, ""2.5"": {""evoked_rate_hz"": 0.0, ""baseline_rate_hz"": 0.0, ""reliability"": 0.0, ""modulation_ratio"": 0.0, ""median_latency_ms"": null}, ""4.0"": {""evoked_rate_hz"": 0.0, ""baseline_rate_hz"": 0.0, ""reliability"": 0.0, ""modulation_ratio"": 0.0, ""median_latency_ms"": null}}",False,0.051,insufficient evidence,0.0,Insufficient trial count (<10) or zero spikes recorded
721123822,707296982,760213142,950907675,LP,45,7.407,2.778,0.33,8.128,0.0,0.0,0.022,0.067,1.0,0.0,0.31269,-0.144,-2.7778,"{""1.0"": {""evoked_rate_hz"": 8.33, ""baseline_rate_hz"": 13.33, ""reliability"": 0.067, ""modulation_ratio"": 0.58, ""median_latency_ms"": 8.13}, ""2.5"": {""evoked_rate_hz"": 0.0, ""baseline_rate_hz"": 4.44, ""reliability"": 0.0, ""modulation_ratio"": 0.0, ""median_latency_ms"": null}, ""4.0"": {""evoked_rate_hz"": 0.0, ""baseline_rate_hz"": 4.44, ""reliability"": 0.0, ""modulation_ratio"": 0.0, ""median_latency_ms"": null}}",False,-2.982,not light responsive,0.95,Not statistically significant (p=0.3127 >= 0.05); No positive modulation (mod_ratio=0.33 <= 1.0); Very low reliability (0.02 < 0.05)
721123822,707296982,760213142,950907673,LP,45,16.296,16.667,0.964,4.908,2.385,4.435,0.111,0.067,1.227,0.63,1.0,0.006,11.1111,"{""1.0"": {""evoked_rate_hz"": 8.33, ""baseline_rate_hz"": 8.89, ""reliability"": 0.067, ""modulation_ratio"": 0.84, ""median_latency_ms"": 1.36}, ""2.5"": {""evoked_rate_hz"": 0.0, ""baseline_rate_hz"": 0.0, ""reliability"": 0.0, ""modulation_ratio"": 0.0, ""median_latency_ms"": null}, ""4.0"": {""evoked_rate_hz"": 41.67, ""baseline_rate_hz"": 40.0, ""reliability"": 0.267, ""modulation_ratio"": 1.02, ""median_latency_ms"": 5.35}}",False,0.097,not light responsive,0.889,Not statistically significant (p=1.0000 >= 0.05); No positive modulation (mod_ratio=0.96 <= 1.0)
721123822,707296982,760213142,950907671,LP,45,5.926,19.444,2.807,5.992,2.975,4.507,0.133,0.044,1.156,0.549,0.15485,0.238,16.6667,"{""1.0"": {""evoked_rate_hz"": 0.0, ""baseline_rate_hz"": 4.44, ""reliability"": 0.0, ""modulation_ratio"": 0.0, ""median_latency_ms"": null}, ""2.5"": {""evoked_rate_hz"": 8.33, ""baseline_rate_hz"": 8.89, ""reliability"": 0.067, ""modulation_ratio"": 0.84, ""median_latency_ms"": 6.89}, ""4.0"": {""evoked_rate_hz"": 50.0, ""baseline_rate_hz"": 4.44, ""reliability"": 0.333, ""modulation_ratio"": 9.18, ""median_latency_ms"": 5.09}}",False,0.501,not light responsive,0.867,Not statistically significant (p=0.1548 >= 0.05)
721123822,707296982,760213142,950907987,LP,45,14.815,0.0,0.0,,,,0.0,0.111,0.0,,0.02997,-0.28,0.0,"{""1.0"": {""evoked_rate_hz"": 0.0, ""baseline_rate_hz"": 26.67, ""reliability"": 0.0, ""modulation_ratio"": 0.0, ""median_latency_ms"": null}, ""2.5"": {""evoked_rate_hz"": 0.0, ""baseline_rate_hz"": 8.89, ""reliability"": 0.0, ""modulation_ratio"": 0.0, ""median_latency_ms"": null}, ""4.0"": {""evoked_rate_hz"": 0.0, ""baseline_rate_hz"": 8.89, ""reliability"": 0.0, ""modulation_ratio"": 0.0, ""median_latency_ms"": null}}",False,-443.444,not light responsive,0.95,Not statistically significant (p=0.0300 >= 0.05); No positive modulation (mod_ratio=0.00 <= 1.0); Very low reliability (0.00 < 0.05)
721123822,707296982,760213142,950907687,LP,45,0.0,2.778,2.778,8.971,0.0,0.0,0.022,0.0,1.0,0.0,1.0,0.149,0.0,"{""1.0"": {""evoked_rate_hz"": 0.0, ""baseline_rate_hz"": 0.0, ""reliability"": 0.0, ""modulation_ratio"": 0.0, ""median_latency_ms"": null}, ""2.5"": {""evoked_rate_hz"": 8.33, ""baseline_rate_hz"": 0.0, ""reliability"": 0.067, ""modulation_ratio"": 8.33, ""median_latency_ms"": 8.97}, ""4.0"": {""evoked_rate_hz"": 0.0, ""baseline_rate_hz"": 0.0, ""reliability"": 0.0, ""modulation_ratio"": 0.0, ""median_latency_ms"": null}}",False,1.0,not light responsive,0.95,Not statistically significant (p=1.0000 >= 0.05); Very low reliability (0.02 < 0.05)
721123822,707296982,760213142,950907691,LP,45,5.926,8.333,1.203,3.027,2.541,2.494,0.067,0.044,0.955,0.708,0.82617,0.053,2.7778,"{""1.0"": {""evoked_rate_hz"": 8.33, ""baseline_rate_hz"": 13.33, ""reliability"": 0.067, ""modulation_ratio"": 0.58, ""median_latency_ms"": 6.36}, ""2.5"": {""evoked_rate_hz"": 0.0, ""baseline_rate_hz"": 0.0, ""reliability"": 0.0, ""modulation_ratio"": 0.0, ""median_latency_ms"": null}, ""4.0"": {""evoked_rate_hz"": 16.67, ""baseline_rate_hz"": 4.44, ""reliability"": 0.133, ""modulation_ratio"": 3.06, ""median_latency_ms"": 2.2}}",False,1.0,not light responsive,0.933,Not statistically significant (p=0.8262 >= 0.05)
721123822,707296982,760213142,950907697,LP,45,4.444,5.556,1.02,4.144,1.909,1.35,0.044,0.044,0.977,0.461,1.0,0.044,-2.7778,"{""1.0"": {""evoked_rate_hz"": 8.33, ""baseline_rate_hz"": 4.44, ""reliability"": 0.067, ""modulation_ratio"": 1.53, ""median_latency_ms"": 5.49}, ""2.5"": {""evoked_rate_hz"": 8.33, ""baseline_rate_hz"": 0.0, ""reliability"": 0.067, ""modulation_ratio"": 8.33, ""median_latency_ms"": 2.79}, ""4.0"": {""evoked_rate_hz"": 0.0, ""baseline_rate_hz"": 8.89, ""reliability"": 0.0, ""modulation_ratio"": 0.0, ""median_latency_ms"": null}}",False,-221.222,not light responsive,0.95,Not statistically significant (p=1.0000 >= 0.05); Very low reliability (0.04 < 0.05)
721123822,707296982,760213142,950907719,DG,45,14.815,8.333,0.527,1.792,1.699,1.48,0.067,0.089,0.955,0.616,0.30969,-0.143,8.3333,"{""1.0"": {""evoked_rate_hz"": 0.0, ""baseline_rate_hz"": 8.89, ""reliability"": 0.0, ""modulation_ratio"": 0.0, ""median_latency_ms"": null}, ""2.5"": {""evoked_rate_hz"": 0.0, ""baseline_rate_hz"": 13.33, ""reliability"": 0.0, ""modulation_ratio"": 0.0, ""median_latency_ms"": null}, ""4.0"": {""evoked_rate_hz"": 25.0, ""baseline_rate_hz"": 22.22, ""reliability"": 0.2, ""modulation_ratio"": 1.08, ""median_latency_ms"": 1.79}}",False,-0.399,not light responsive,0.933,Not statistically significant (p=0.3097 >= 0.05); No positive modulation (mod_ratio=0.53 <= 1.0)
721123822,707296982,760213142,950907721,DG,45,2.963,8.333,2.103,6.437,0.6,0.574,0.067,0.022,0.955,0.09,0.44156,0.153,-2.7778,"{""1.0"": {""evoked_rate_hz"": 8.33, ""baseline_rate_hz"": 0.0, ""reliability"": 0.067, ""modulation_ratio"": 8.33, ""median_latency_ms"": 6.16}, ""2.5"": {""evoked_rate_hz"": 16.67, ""baseline_rate_hz"": 0.0, ""reliability"": 0.133, ""modulation_ratio"": 16.67, ""median_latency_ms"": 6.87}, ""4.0"": {""evoked_rate_hz"": 0.0, ""baseline_rate_hz"": 8.89, ""reliability"": 0.0, ""modulation_ratio"": 0.0, ""median_latency_ms"": null}}",False,-0.991,not light responsive,0.933,Not statistically significant (p=0.4416 >= 0.05)
721123822,707296982,760213142,950907717,DG,45,4.444,0.0,0.0,,,,0.0,0.044,0.0,,0.25375,-0.264,0.0,"{""1.0"": {""evoked_rate_hz"": 0.0, ""baseline_rate_hz"": 4.44, ""reliability"": 0.0, ""modulation_ratio"": 0.0, ""median_latency_ms"": null}, ""2.5"": {""evoked_rate_hz"": 0.0, ""baseline_rate_hz"": 8.89, ""reliability"": 0.0, ""modulation_ratio"": 0.0, ""median_latency_ms"": null}, ""4.0"": {""evoked_rate_hz"": 0.0, ""baseline_rate_hz"": 0.0, ""reliability"": 0.0, ""modulation_ratio"": 0.0, ""median_latency_ms"": null}}",False,1.0,not light responsive,0.95,Not statistically significant (p=0.2537 >= 0.05); No positive modulation (mod_ratio=0.00 <= 1.0); Very low reliability (0.00 < 0.05)
721123822,707296982,760213142,950907733,DG,45,10.37,11.111,0.977,6.828,2.119,1.914,0.089,0.089,0.932,0.349,1.0,0.02,-5.5556,"{""1.0"": {""evoked_rate_hz"": 16.67, ""baseline_rate_hz"": 4.44, ""reliability"": 0.133, ""modulation_ratio"": 3.06, ""median_latency_ms"": 5.17}, ""2.5"": {""evoked_rate_hz"": 16.67, ""baseline_rate_hz"": 17.78, ""reliability"": 0.133, ""modulation_ratio"": 0.89, ""median_latency_ms"": 6.98}, ""4.0"": {""evoked_rate_hz"": 0.0, ""baseline_rate_hz"": 8.89, ""reliability"": 0.0, ""modulation_ratio"": 0.0, ""median_latency_ms"": null}}",False,0.75,not light responsive,0.911,Not statistically significant (p=1.0000 >= 0.05); No positive modulation (mod_ratio=0.98 <= 1.0)
721123822,707296982,760213142,950907731,DG,45,2.963,5.556,1.402,6.276,1.858,1.314,0.044,0.044,0.977,0.296,0.77622,0.113,-5.5556,"{""1.0"": {""evoked_rate_hz"": 16.67, ""baseline_rate_hz"": 4.44, ""reliability"": 0.133, ""modulation_ratio"": 3.06, ""median_latency_ms"": 6.28}, ""2.5"": {""evoked_rate_hz"": 0.0, ""baseline_rate_hz"": 4.44, ""reliability"": 0.0, ""modulation_ratio"": 0.0, ""median_latency_ms"": null}, ""4.0"": {""evoked_rate_hz"": 0.0, ""baseline_rate_hz"": 0.0, ""reliability"": 0.0, ""modulation_ratio"": 0.0, ""median_latency_ms"": null}}",False,-0.497,not light responsive,0.95,Not statistically significant (p=0.7762 >= 0.05); Very low reliability (0.04 < 0.05)
721123822,707296982,760213142,950907727,DG,45,2.963,2.778,0.701,6.771,0.0,0.0,0.022,0.022,1.0,0.0,1.0,-0.008,0.0,"{""1.0"": {""evoked_rate_hz"": 0.0, ""baseline_rate_hz"": 4.44, ""reliability"": 0.0, ""modulation_ratio"": 0.0, ""median_latency_ms"": null}, ""2.5"": {""evoked_rate_hz"": 8.33, ""baseline_rate_hz"": 4.44, ""reliability"": 0.067, ""modulation_ratio"": 1.53, ""median_latency_ms"": 6.77}, ""4.0"": {""evoked_rate_hz"": 0.0, ""baseline_rate_hz"": 0.0, ""reliability"": 0.0, ""modulation_ratio"": 0.0, ""median_latency_ms"": null}}",False,-0.991,not light responsive,0.95,Not statistically significant (p=1.0000 >= 0.05); No positive modulation (mod_ratio=0.70 <= 1.0); Very low reliability (0.02 < 0.05)
721123822,707296982,760213142,950907798,VIS,45,20.741,22.222,1.022,3.504,1.352,2.192,0.156,0.133,1.097,0.347,0.9031,0.022,2.7778,"{""1.0"": {""evoked_rate_hz"": 16.67, ""baseline_rate_hz"": 31.11, ""reliability"": 0.133, ""modulation_ratio"": 0.52, ""median_latency_ms"": 2.69}, ""2.5"": {""evoked_rate_hz"": 25.0, ""baseline_rate_hz"": 17.78, ""reliability"": 0.133, ""modulation_ratio"": 1.33, ""median_latency_ms"": 4.33}, ""4.0"": {""evoked_rate_hz"": 25.0, ""baseline_rate_hz"": 13.33, ""reliability"": 0.2, ""modulation_ratio"": 1.74, ""median_latency_ms"": 4.88}}",False,0.211,not light responsive,0.844,Not statistically significant (p=0.9031 >= 0.05)
721123822,707296982,760213142,950907820,VIS,45,8.889,2.778,0.281,1.077,0.0,0.0,0.022,0.022,1.0,0.0,0.06494,-0.262,0.0,"{""1.0"": {""evoked_rate_hz"": 0.0, ""baseline_rate_hz"": 8.89, ""reliability"": 0.0, ""modulation_ratio"": 0.0, ""median_latency_ms"": null}, ""2.5"": {""evoked_rate_hz"": 8.33, ""baseline_rate_hz"": 8.89, ""reliability"": 0.067, ""modulation_ratio"": 0.84, ""median_latency_ms"": 1.08}, ""4.0"": {""evoked_rate_hz"": 0.0, ""baseline_rate_hz"": 8.89, ""reliability"": 0.0, ""modulation_ratio"": 0.0, ""median_latency_ms"": null}}",False,1.0,not light responsive,0.95,Not statistically significant (p=0.0649 >= 0.05); No positive modulation (mod_ratio=0.28 <= 1.0); Very low reliability (0.02 < 0.05)
721123822,707296982,760213142,950907818,VIS,45,1.481,0.0,0.0,,,,0.0,0.022,0.0,,1.0,-0.149,0.0,"{""1.0"": {""evoked_rate_hz"": 0.0, ""baseline_rate_hz"": 4.44, ""reliability"": 0.0, ""modulation_ratio"": 0.0, ""median_latency_ms"": null}, ""2.5"": {""evoked_rate_hz"": 0.0, ""baseline_rate_hz"": 0.0, ""reliability"": 0.0, ""modulation_ratio"": 0.0, ""median_latency_ms"": null}, ""4.0"": {""evoked_rate_hz"": 0.0, ""baseline_rate_hz"": 0.0, ""reliability"": 0.0, ""modulation_ratio"": 0.0, ""median_latency_ms"": null}}",False,1.0,not light responsive,0.95,Not statistically significant (p=1.0000 >= 0.05); No positive modulation (mod_ratio=0.00 <= 1.0); Very low reliability (0.00 < 0.05)
721123822,707296982,760213142,950907826,VIS,45,8.889,0.0,0.0,,,,0.0,0.044,0.0,,0.03696,-0.388,0.0,"{""1.0"": {""evoked_rate_hz"": 0.0, ""baseline_rate_hz"": 13.33, ""reliability"": 0.0, ""modulation_ratio"": 0.0, ""median_latency_ms"": null}, ""2.5"": {""evoked_rate_hz"": 0.0, ""baseline_rate_hz"": 4.44, ""reliability"": 0.0, ""modulation_ratio"": 0.0, ""median_latency_ms"": null}, ""4.0"": {""evoked_rate_hz"": 0.0, ""baseline_rate_hz"": 8.89, ""reliability"": 0.0, ""modulation_ratio"": 0.0, ""median_latency_ms"": null}}",False,0.002,not light responsive,0.95,Not statistically significant (p=0.0370 >= 0.05); No positive modulation (mod_ratio=0.00 <= 1.0); Very low reliability (0.00 < 0.05)
721123822,707296982,760213142,950907832,VIS,45,0.0,0.0,0.0,,,,0.0,0.0,0.0,,1.0,0.0,0.0,"{""1.0"": {""evoked_rate_hz"": 0.0, ""baseline_rate_hz"": 0.0, ""reliability"": 0.0, ""modulation_ratio"": 0.0, ""median_latency_ms"": null}, ""2.5"": {""evoked_rate_hz"": 0.0, ""baseline_rate_hz"": 0.0, ""reliability"": 0.0, ""modulation_ratio"": 0.0, ""median_latency_ms"": null}, ""4.0"": {""evoked_rate_hz"": 0.0, ""baseline_rate_hz"": 0.0, ""reliability"": 0.0, ""modulation_ratio"": 0.0, ""median_latency_ms"": null}}",False,1.0,insufficient evidence,0.0,Insufficient trial count (<10) or zero spikes recorded
721123822,707296982,760213142,950907842,VIS,45,11.852,11.111,0.865,4.643,2.933,4.213,0.089,0.111,0.932,0.587,0.82118,-0.017,-5.5556,"{""1.0"": {""evoked_rate_hz"": 16.67, ""baseline_rate_hz"": 13.33, ""reliability"": 0.133, ""modulation_ratio"": 1.16, ""median_latency_ms"": 7.43}, ""2.5"": {""evoked_rate_hz"": 16.67, ""baseline_rate_hz"": 17.78, ""reliability"": 0.133, ""modulation_ratio"": 0.89, ""median_latency_ms"": 2.57}, ""4.0"": {""evoked_rate_hz"": 0.0, ""baseline_rate_hz"": 4.44, ""reliability"": 0.0, ""modulation_ratio"": 0.0, ""median_latency_ms"": null}}",False,-0.249,not light responsive,0.911,Not statistically significant (p=0.8212 >= 0.05); No positive modulation (mod_ratio=0.86 <= 1.0)
721123822,707296982,760213142,950907828,VIS,45,7.407,5.556,0.661,3.042,0.423,0.299,0.044,0.067,0.977,0.139,0.62438,-0.053,0.0,"{""1.0"": {""evoked_rate_hz"": 8.33, ""baseline_rate_hz"": 8.89, ""reliability"": 0.067, ""modulation_ratio"": 0.84, ""median_latency_ms"": 2.74}, ""2.5"": {""evoked_rate_hz"": 0.0, ""baseline_rate_hz"": 8.89, ""reliability"": 0.0, ""modulation_ratio"": 0.0, ""median_latency_ms"": null}, ""4.0"": {""evoked_rate_hz"": 8.33, ""baseline_rate_hz"": 4.44, ""reliability"": 0.067, ""modulation_ratio"": 1.53, ""median_latency_ms"": 3.34}}",False,1.0,not light responsive,0.95,Not statistically significant (p=0.6244 >= 0.05); No positive modulation (mod_ratio=0.66 <= 1.0); Very low reliability (0.04 < 0.05)
721123822,707296982,760213142,950907834,VIS,45,14.815,8.333,0.527,4.895,3.628,3.618,0.067,0.111,0.955,0.698,0.28272,-0.144,-8.3333,"{""1.0"": {""evoked_rate_hz"": 25.0, ""baseline_rate_hz"": 17.78, ""reliability"": 0.2, ""modulation_ratio"": 1.33, ""median_latency_ms"": 4.9}, ""2.5"": {""evoked_rate_hz"": 0.0, ""baseline_rate_hz"": 13.33, ""reliability"": 0.0, ""modulation_ratio"": 0.0, ""median_latency_ms"": null}, ""4.0"": {""evoked_rate_hz"": 0.0, ""baseline_rate_hz"": 13.33, ""reliability"": 0.0, ""modulation_ratio"": 0.0, ""median_latency_ms"": null}}",False,0.167,not light responsive,0.933,Not statistically significant (p=0.2827 >= 0.05); No positive modulation (mod_ratio=0.53 <= 1.0)
721123822,707296982,760213142,950907855,VIS,45,0.0,0.0,0.0,,,,0.0,0.0,0.0,,1.0,0.0,0.0,"{""1.0"": {""evoked_rate_hz"": 0.0, ""baseline_rate_hz"": 0.0, ""reliability"": 0.0, ""modulation_ratio"": 0.0, ""median_latency_ms"": null}, ""2.5"": {""evoked_rate_hz"": 0.0, ""baseline_rate_hz"": 0.0, ""reliability"": 0.0, ""modulation_ratio"": 0.0, ""median_latency_ms"": null}, ""4.0"": {""evoked_rate_hz"": 0.0, ""baseline_rate_hz"": 0.0, ""reliability"": 0.0, ""modulation_ratio"": 0.0, ""median_latency_ms"": null}}",False,1.0,insufficient evidence,0.0,Insufficient trial count (<10) or zero spikes recorded
721123822,707296982,760213142,950907865,VIS,45,4.444,2.778,0.51,6.162,0.0,0.0,0.022,0.022,1.0,0.0,0.62537,-0.065,-2.7778,"{""1.0"": {""evoked_rate_hz"": 8.33, ""baseline_rate_hz"": 0.0, ""reliability"": 0.067, ""modulation_ratio"": 8.33, ""median_latency_ms"": 6.16}, ""2.5"": {""evoked_rate_hz"": 0.0, ""baseline_rate_hz"": 4.44, ""reliability"": 0.0, ""modulation_ratio"": 0.0, ""median_latency_ms"": null}, ""4.0"": {""evoked_rate_hz"": 0.0, ""baseline_rate_hz"": 8.89, ""reliability"": 0.0, ""modulation_ratio"": 0.0, ""median_latency_ms"": null}}",False,0.004,not light responsive,0.95,Not statistically significant (p=0.6254 >= 0.05); No positive modulation (mod_ratio=0.51 <= 1.0); Very low reliability (0.02 < 0.05)
721123822,707296982,760213142,950907861,VIS,45,7.407,0.0,0.0,,,,0.0,0.022,0.0,,0.06494,-0.35,0.0,"{""1.0"": {""evoked_rate_hz"": 0.0, ""baseline_rate_hz"": 8.89, ""reliability"": 0.0, ""modulation_ratio"": 0.0, ""median_latency_ms"": null}, ""2.5"": {""evoked_rate_hz"": 0.0, ""baseline_rate_hz"": 8.89, ""reliability"": 0.0, ""modulation_ratio"": 0.0, ""median_latency_ms"": null}, ""4.0"": {""evoked_rate_hz"": 0.0, ""baseline_rate_hz"": 4.44, ""reliability"": 0.0, ""modulation_ratio"": 0.0, ""median_latency_ms"": null}}",False,0.004,not light responsive,0.95,Not statistically significant (p=0.0649 >= 0.05); No positive modulation (mod_ratio=0.00 <= 1.0); Very low reliability (0.00 < 0.05)
721123822,707296982,760213142,950907889,VIS,45,11.852,27.778,2.161,4.808,1.929,2.614,0.222,0.089,0.795,0.405,0.05994,0.302,2.7778,"{""1.0"": {""evoked_rate_hz"": 16.67, ""baseline_rate_hz"": 8.89, ""reliability"": 0.133, ""modulation_ratio"": 1.69, ""median_latency_ms"": 2.52}, ""2.5"": {""evoked_rate_hz"": 41.67, ""baseline_rate_hz"": 4.44, ""reliability"": 0.333, ""modulation_ratio"": 7.65, ""median_latency_ms"": 5.67}, ""4.0"": {""evoked_rate_hz"": 25.0, ""baseline_rate_hz"": 22.22, ""reliability"": 0.2, ""modulation_ratio"": 1.08, ""median_latency_ms"": 3.97}}",False,-0.498,not light responsive,0.778,Not statistically significant (p=0.0599 >= 0.05)
721123822,707296982,760213142,950908035,VIS,45,0.0,0.0,0.0,,,,0.0,0.0,0.0,,1.0,0.0,0.0,"{""1.0"": {""evoked_rate_hz"": 0.0, ""baseline_rate_hz"": 0.0, ""reliability"": 0.0, ""modulation_ratio"": 0.0, ""median_latency_ms"": null}, ""2.5"": {""evoked_rate_hz"": 0.0, ""baseline_rate_hz"": 0.0, ""reliability"": 0.0, ""modulation_ratio"": 0.0, ""median_latency_ms"": null}, ""4.0"": {""evoked_rate_hz"": 0.0, ""baseline_rate_hz"": 0.0, ""reliability"": 0.0, ""modulation_ratio"": 0.0, ""median_latency_ms"": null}}",False,1.0,insufficient evidence,0.0,Insufficient trial count (<10) or zero spikes recorded
721123822,707296982,760213142,950907901,VIS,45,2.963,16.667,4.206,6.009,2.14,3.742,0.133,0.0,0.886,0.354,0.07692,0.296,0.0,"{""1.0"": {""evoked_rate_hz"": 16.67, ""baseline_rate_hz"": 0.0, ""reliability"": 0.133, ""modulation_ratio"": 16.67, ""median_latency_ms"": 5.98}, ""2.5"": {""evoked_rate_hz"": 16.67, ""baseline_rate_hz"": 4.44, ""reliability"": 0.133, ""modulation_ratio"": 3.06, ""median_latency_ms"": 6.01}, ""4.0"": {""evoked_rate_hz"": 16.67, ""baseline_rate_hz"": 4.44, ""reliability"": 0.133, ""modulation_ratio"": 3.06, ""median_latency_ms"": 6.13}}",False,1.0,not light responsive,0.867,Not statistically significant (p=0.0769 >= 0.05)
721123822,707296982,760213142,950908001,VIS,45,0.0,0.0,0.0,,,,0.0,0.0,0.0,,1.0,0.0,0.0,"{""1.0"": {""evoked_rate_hz"": 0.0, ""baseline_rate_hz"": 0.0, ""reliability"": 0.0, ""modulation_ratio"": 0.0, ""median_latency_ms"": null}, ""2.5"": {""evoked_rate_hz"": 0.0, ""baseline_rate_hz"": 0.0, ""reliability"": 0.0, ""modulation_ratio"": 0.0, ""median_latency_ms"": null}, ""4.0"": {""evoked_rate_hz"": 0.0, ""baseline_rate_hz"": 0.0, ""reliability"": 0.0, ""modulation_ratio"": 0.0, ""median_latency_ms"": null}}",False,1.0,insufficient evidence,0.0,Insufficient trial count (<10) or zero spikes recorded
721123822,707296982,760213142,950907927,VIS,45,11.852,33.333,2.594,4.903,2.709,3.96,0.267,0.067,0.75,0.521,0.02997,0.347,-5.5556,"{""1.0"": {""evoked_rate_hz"": 41.67, ""baseline_rate_hz"": 13.33, ""reliability"": 0.333, ""modulation_ratio"": 2.91, ""median_latency_ms"": 5.25}, ""2.5"": {""evoked_rate_hz"": 33.33, ""baseline_rate_hz"": 8.89, ""reliability"": 0.267, ""modulation_ratio"": 3.37, ""median_latency_ms"": 5.22}, ""4.0"": {""evoked_rate_hz"": 25.0, ""baseline_rate_hz"": 13.33, ""reliability"": 0.2, ""modulation_ratio"": 1.74, ""median_latency_ms"": 3.12}}",False,0.0,light-responsive / indirect or uncertain,0.65,Sub-threshold reliability (0.27 < 0.3)
721123822,707296982,760213142,950907925,VIS,45,1.481,0.0,0.0,,,,0.0,0.022,0.0,,1.0,-0.149,0.0,"{""1.0"": {""evoked_rate_hz"": 0.0, ""baseline_rate_hz"": 0.0, ""reliability"": 0.0, ""modulation_ratio"": 0.0, ""median_latency_ms"": null}, ""2.5"": {""evoked_rate_hz"": 0.0, ""baseline_rate_hz"": 0.0, ""reliability"": 0.0, ""modulation_ratio"": 0.0, ""median_latency_ms"": null}, ""4.0"": {""evoked_rate_hz"": 0.0, ""baseline_rate_hz"": 4.44, ""reliability"": 0.0, ""modulation_ratio"": 0.0, ""median_latency_ms"": null}}",False,1.0,not light responsive,0.95,Not statistically significant (p=1.0000 >= 0.05); No positive modulation (mod_ratio=0.00 <= 1.0); Very low reliability (0.00 < 0.05)
721123822,707296982,760213142,950907923,VIS,45,0.0,0.0,0.0,,,,0.0,0.0,0.0,,1.0,0.0,0.0,"{""1.0"": {""evoked_rate_hz"": 0.0, ""baseline_rate_hz"": 0.0, ""reliability"": 0.0, ""modulation_ratio"": 0.0, ""median_latency_ms"": null}, ""2.5"": {""evoked_rate_hz"": 0.0, ""baseline_rate_hz"": 0.0, ""reliability"": 0.0, ""modulation_ratio"": 0.0, ""median_latency_ms"": null}, ""4.0"": {""evoked_rate_hz"": 0.0, ""baseline_rate_hz"": 0.0, ""reliability"": 0.0, ""modulation_ratio"": 0.0, ""median_latency_ms"": null}}",False,-221.222,insufficient evidence,0.0,Insufficient trial count (<10) or zero spikes recorded
721123822,707296982,760213142,950907921,VIS,45,0.0,0.0,0.0,,,,0.0,0.0,0.0,,1.0,0.0,0.0,"{""1.0"": {""evoked_rate_hz"": 0.0, ""baseline_rate_hz"": 0.0, ""reliability"": 0.0, ""modulation_ratio"": 0.0, ""median_latency_ms"": null}, ""2.5"": {""evoked_rate_hz"": 0.0, ""baseline_rate_hz"": 0.0, ""reliability"": 0.0, ""modulation_ratio"": 0.0, ""median_latency_ms"": null}, ""4.0"": {""evoked_rate_hz"": 0.0, ""baseline_rate_hz"": 0.0, ""reliability"": 0.0, ""modulation_ratio"": 0.0, ""median_latency_ms"": null}}",False,1.0,insufficient evidence,0.0,Insufficient trial count (<10) or zero spikes recorded
721123822,707296982,760213142,950907935,VIS,45,0.0,0.0,0.0,,,,0.0,0.0,0.0,,1.0,0.0,0.0,"{""1.0"": {""evoked_rate_hz"": 0.0, ""baseline_rate_hz"": 0.0, ""reliability"": 0.0, ""modulation_ratio"": 0.0, ""median_latency_ms"": null}, ""2.5"": {""evoked_rate_hz"": 0.0, ""baseline_rate_hz"": 0.0, ""reliability"": 0.0, ""modulation_ratio"": 0.0, ""median_latency_ms"": null}, ""4.0"": {""evoked_rate_hz"": 0.0, ""baseline_rate_hz"": 0.0, ""reliability"": 0.0, ""modulation_ratio"": 0.0, ""median_latency_ms"": null}}",False,1.0,insufficient evidence,0.0,Insufficient trial count (<10) or zero spikes recorded
721123822,707296982,760213142,950907949,VIS,45,34.074,69.444,1.98,4.258,2.178,2.964,0.533,0.244,0.536,0.453,0.003,0.52,8.3333,"{""1.0"": {""evoked_rate_hz"": 58.33, ""baseline_rate_hz"": 22.22, ""reliability"": 0.467, ""modulation_ratio"": 2.51, ""median_latency_ms"": 3.46}, ""2.5"": {""evoked_rate_hz"": 66.67, ""baseline_rate_hz"": 40.0, ""reliability"": 0.467, ""modulation_ratio"": 1.63, ""median_latency_ms"": 4.2}, ""4.0"": {""evoked_rate_hz"": 83.33, ""baseline_rate_hz"": 40.0, ""reliability"": 0.667, ""modulation_ratio"": 2.03, ""median_latency_ms"": 5.2}}",False,0.182,light-responsive / indirect or uncertain,0.65,Sub-threshold modulation (1.98 <= 2.0)
721123822,707296982,760213142,950907969,VIS,45,8.889,2.778,0.281,7.515,0.0,0.0,0.022,0.067,1.0,0.0,0.13786,-0.201,-2.7778,"{""1.0"": {""evoked_rate_hz"": 8.33, ""baseline_rate_hz"": 4.44, ""reliability"": 0.067, ""modulation_ratio"": 1.53, ""median_latency_ms"": 7.52}, ""2.5"": {""evoked_rate_hz"": 0.0, ""baseline_rate_hz"": 17.78, ""reliability"": 0.0, ""modulation_ratio"": 0.0, ""median_latency_ms"": null}, ""4.0"": {""evoked_rate_hz"": 0.0, ""baseline_rate_hz"": 4.44, ""reliability"": 0.0, ""modulation_ratio"": 0.0, ""median_latency_ms"": null}}",False,-0.664,not light responsive,0.95,Not statistically significant (p=0.1379 >= 0.05); No positive modulation (mod_ratio=0.28 <= 1.0); Very low reliability (0.02 < 0.05)
721123822,707296982,760213142,950907967,VIS,45,0.0,0.0,0.0,,,,0.0,0.0,0.0,,1.0,0.0,0.0,"{""1.0"": {""evoked_rate_hz"": 0.0, ""baseline_rate_hz"": 0.0, ""reliability"": 0.0, ""modulation_ratio"": 0.0, ""median_latency_ms"": null}, ""2.5"": {""evoked_rate_hz"": 0.0, ""baseline_rate_hz"": 0.0, ""reliability"": 0.0, ""modulation_ratio"": 0.0, ""median_latency_ms"": null}, ""4.0"": {""evoked_rate_hz"": 0.0, ""baseline_rate_hz"": 0.0, ""reliability"": 0.0, ""modulation_ratio"": 0.0, ""median_latency_ms"": null}}",False,1.0,insufficient evidence,0.0,Insufficient trial count (<10) or zero spikes recorded
721123822,707296982,760213142,950907965,VIS,45,0.0,0.0,0.0,,,,0.0,0.0,0.0,,1.0,0.0,0.0,"{""1.0"": {""evoked_rate_hz"": 0.0, ""baseline_rate_hz"": 0.0, ""reliability"": 0.0, ""modulation_ratio"": 0.0, ""median_latency_ms"": null}, ""2.5"": {""evoked_rate_hz"": 0.0, ""baseline_rate_hz"": 0.0, ""reliability"": 0.0, ""modulation_ratio"": 0.0, ""median_latency_ms"": null}, ""4.0"": {""evoked_rate_hz"": 0.0, ""baseline_rate_hz"": 0.0, ""reliability"": 0.0, ""modulation_ratio"": 0.0, ""median_latency_ms"": null}}",False,-443.444,insufficient evidence,0.0,Insufficient trial count (<10) or zero spikes recorded
721123822,707296982,760213145,950908048,LP,45,17.778,13.889,0.74,2.778,2.947,4.547,0.111,0.2,0.909,0.752,0.61039,-0.071,0.0,"{""1.0"": {""evoked_rate_hz"": 16.67, ""baseline_rate_hz"": 17.78, ""reliability"": 0.133, ""modulation_ratio"": 0.89, ""median_latency_ms"": 3.84}, ""2.5"": {""evoked_rate_hz"": 8.33, ""baseline_rate_hz"": 17.78, ""reliability"": 0.067, ""modulation_ratio"": 0.44, ""median_latency_ms"": 2.78}, ""4.0"": {""evoked_rate_hz"": 16.67, ""baseline_rate_hz"": 17.78, ""reliability"": 0.133, ""modulation_ratio"": 0.89, ""median_latency_ms"": 4.57}}",False,0.112,not light responsive,0.889,Not statistically significant (p=0.6104 >= 0.05); No positive modulation (mod_ratio=0.74 <= 1.0)
721123822,707296982,760213145,950908056,LP,45,10.37,22.222,1.954,5.412,2.472,3.565,0.178,0.089,0.841,0.483,0.12687,0.259,0.0,"{""1.0"": {""evoked_rate_hz"": 25.0, ""baseline_rate_hz"": 4.44, ""reliability"": 0.2, ""modulation_ratio"": 4.59, ""median_latency_ms"": 3.99}, ""2.5"": {""evoked_rate_hz"": 16.67, ""baseline_rate_hz"": 13.33, ""reliability"": 0.133, ""modulation_ratio"": 1.16, ""median_latency_ms"": 7.23}, ""4.0"": {""evoked_rate_hz"": 25.0, ""baseline_rate_hz"": 13.33, ""reliability"": 0.2, ""modulation_ratio"": 1.74, ""median_latency_ms"": 4.44}}",False,0.8,not light responsive,0.822,Not statistically significant (p=0.1269 >= 0.05)
721123822,707296982,760213145,950908052,LP,45,10.37,8.333,0.733,4.528,3.06,3.053,0.067,0.111,0.955,0.714,0.59341,-0.064,-8.3333,"{""1.0"": {""evoked_rate_hz"": 25.0, ""baseline_rate_hz"": 8.89, ""reliability"": 0.2, ""modulation_ratio"": 2.53, ""median_latency_ms"": 4.53}, ""2.5"": {""evoked_rate_hz"": 0.0, ""baseline_rate_hz"": 17.78, ""reliability"": 0.0, ""modulation_ratio"": 0.0, ""median_latency_ms"": null}, ""4.0"": {""evoked_rate_hz"": 0.0, ""baseline_rate_hz"": 4.44, ""reliability"": 0.0, ""modulation_ratio"": 0.0, ""median_latency_ms"": null}}",False,0.001,not light responsive,0.933,Not statistically significant (p=0.5934 >= 0.05); No positive modulation (mod_ratio=0.73 <= 1.0)
721123822,707296982,760213145,950908050,LP,45,10.37,2.778,0.244,4.35,0.0,0.0,0.022,0.111,1.0,0.0,0.02697,-0.304,0.0,"{""1.0"": {""evoked_rate_hz"": 0.0, ""baseline_rate_hz"": 0.0, ""reliability"": 0.0, ""modulation_ratio"": 0.0, ""median_latency_ms"": null}, ""2.5"": {""evoked_rate_hz"": 8.33, ""baseline_rate_hz"": 17.78, ""reliability"": 0.067, ""modulation_ratio"": 0.44, ""median_latency_ms"": 4.35}, ""4.0"": {""evoked_rate_hz"": 0.0, ""baseline_rate_hz"": 13.33, ""reliability"": 0.0, ""modulation_ratio"": 0.0, ""median_latency_ms"": null}}",False,1.0,not light responsive,0.95,Not statistically significant (p=0.0270 >= 0.05); No positive modulation (mod_ratio=0.24 <= 1.0); Very low reliability (0.02 < 0.05)
721123822,707296982,760213145,950908046,LP,45,8.889,5.556,0.562,4.767,5.224,3.694,0.044,0.089,0.977,1.096,0.39161,-0.11,0.0,"{""1.0"": {""evoked_rate_hz"": 8.33, ""baseline_rate_hz"": 8.89, ""reliability"": 0.067, ""modulation_ratio"": 0.84, ""median_latency_ms"": 8.46}, ""2.5"": {""evoked_rate_hz"": 0.0, ""baseline_rate_hz"": 8.89, ""reliability"": 0.0, ""modulation_ratio"": 0.0, ""median_latency_ms"": null}, ""4.0"": {""evoked_rate_hz"": 8.33, ""baseline_rate_hz"": 8.89, ""reliability"": 0.067, ""modulation_ratio"": 0.84, ""median_latency_ms"": 1.07}}",False,0.004,not light responsive,0.95,Not statistically significant (p=0.3916 >= 0.05); No positive modulation (mod_ratio=0.56 <= 1.0); Very low reliability (0.04 < 0.05)
721123822,707296982,760213145,950908076,LP,45,20.741,16.667,0.767,4.796,2.729,4.312,0.133,0.178,0.886,0.552,0.64136,-0.067,0.0,"{""1.0"": {""evoked_rate_hz"": 16.67, ""baseline_rate_hz"": 31.11, ""reliability"": 0.133, ""modulation_ratio"": 0.52, ""median_latency_ms"": 2.92}, ""2.5"": {""evoked_rate_hz"": 16.67, ""baseline_rate_hz"": 26.67, ""reliability"": 0.133, ""modulation_ratio"": 0.6, ""median_latency_ms"": 6.63}, ""4.0"": {""evoked_rate_hz"": 16.67, ""baseline_rate_hz"": 4.44, ""reliability"": 0.133, ""modulation_ratio"": 3.06, ""median_latency_ms"": 5.27}}",False,-0.374,not light responsive,0.867,Not statistically significant (p=0.6414 >= 0.05); No positive modulation (mod_ratio=0.77 <= 1.0)
721123822,707296982,760213145,950908066,LP,45,7.407,11.111,1.322,6.116,1.47,1.928,0.089,0.044,0.932,0.23,0.58641,0.109,2.7778,"{""1.0"": {""evoked_rate_hz"": 8.33, ""baseline_rate_hz"": 4.44, ""reliability"": 0.067, ""modulation_ratio"": 1.53, ""median_latency_ms"": 6.87}, ""2.5"": {""evoked_rate_hz"": 8.33, ""baseline_rate_hz"": 4.44, ""reliability"": 0.067, ""modulation_ratio"": 1.53, ""median_latency_ms"": 8.23}, ""4.0"": {""evoked_rate_hz"": 16.67, ""baseline_rate_hz"": 13.33, ""reliability"": 0.133, ""modulation_ratio"": 1.16, ""median_latency_ms"": 5.2}}",False,0.6,not light responsive,0.911,Not statistically significant (p=0.5864 >= 0.05)
721123822,707296982,760213145,950908064,LP,45,4.444,2.778,0.51,7.615,0.0,0.0,0.022,0.022,1.0,0.0,0.48252,-0.1,0.0,"{""1.0"": {""evoked_rate_hz"": 0.0, ""baseline_rate_hz"": 0.0, ""reliability"": 0.0, ""modulation_ratio"": 0.0, ""median_latency_ms"": null}, ""2.5"": {""evoked_rate_hz"": 8.33, ""baseline_rate_hz"": 8.89, ""reliability"": 0.067, ""modulation_ratio"": 0.84, ""median_latency_ms"": 7.62}, ""4.0"": {""evoked_rate_hz"": 0.0, ""baseline_rate_hz"": 4.44, ""reliability"": 0.0, ""modulation_ratio"": 0.0, ""median_latency_ms"": null}}",False,0.667,not light responsive,0.95,Not statistically significant (p=0.4825 >= 0.05); No positive modulation (mod_ratio=0.51 <= 1.0); Very low reliability (0.02 < 0.05)
721123822,707296982,760213145,950908072,LP,45,8.889,5.556,0.562,2.938,0.079,0.056,0.044,0.089,0.977,0.027,0.44955,-0.092,-2.7778,"{""1.0"": {""evoked_rate_hz"": 8.33, ""baseline_rate_hz"": 22.22, ""reliability"": 0.067, ""modulation_ratio"": 0.36, ""median_latency_ms"": 2.99}, ""2.5"": {""evoked_rate_hz"": 8.33, ""baseline_rate_hz"": 0.0, ""reliability"": 0.067, ""modulation_ratio"": 8.33, ""median_latency_ms"": 2.88}, ""4.0"": {""evoked_rate_hz"": 0.0, ""baseline_rate_hz"": 4.44, ""reliability"": 0.0, ""modulation_ratio"": 0.0, ""median_latency_ms"": null}}",False,0.002,not light responsive,0.95,Not statistically significant (p=0.4496 >= 0.05); No positive modulation (mod_ratio=0.56 <= 1.0); Very low reliability (0.04 < 0.05)
721123822,707296982,760213145,950908070,LP,45,7.407,8.333,0.991,4.827,2.161,1.94,0.067,0.111,0.955,0.365,1.0,0.023,2.7778,"{""1.0"": {""evoked_rate_hz"": 8.33, ""baseline_rate_hz"": 4.44, ""reliability"": 0.067, ""modulation_ratio"": 1.53, ""median_latency_ms"": 4.54}, ""2.5"": {""evoked_rate_hz"": 0.0, ""baseline_rate_hz"": 8.89, ""reliability"": 0.0, ""modulation_ratio"": 0.0, ""median_latency_ms"": null}, ""4.0"": {""evoked_rate_hz"": 16.67, ""baseline_rate_hz"": 8.89, ""reliability"": 0.133, ""modulation_ratio"": 1.69, ""median_latency_ms"": 6.62}}",False,0.501,not light responsive,0.933,Not statistically significant (p=1.0000 >= 0.05); No positive modulation (mod_ratio=0.99 <= 1.0)
721123822,707296982,760213145,950908074,LP,45,16.296,16.667,0.964,5.018,2.272,2.517,0.133,0.156,0.886,0.415,1.0,0.007,-2.7778,"{""1.0"": {""evoked_rate_hz"": 25.0, ""baseline_rate_hz"": 8.89, ""reliability"": 0.2, ""modulation_ratio"": 2.53, ""median_latency_ms"": 5.45}, ""2.5"": {""evoked_rate_hz"": 8.33, ""baseline_rate_hz"": 22.22, ""reliability"": 0.067, ""modulation_ratio"": 0.36, ""median_latency_ms"": 4.44}, ""4.0"": {""evoked_rate_hz"": 16.67, ""baseline_rate_hz"": 17.78, ""reliability"": 0.133, ""modulation_ratio"": 0.89, ""median_latency_ms"": 5.41}}",False,0.546,not light responsive,0.867,Not statistically significant (p=1.0000 >= 0.05); No positive modulation (mod_ratio=0.96 <= 1.0)
721123822,707296982,760213145,950908858,LP,45,4.444,2.778,0.51,8.671,0.0,0.0,0.022,0.044,1.0,0.0,0.62138,-0.065,0.0,"{""1.0"": {""evoked_rate_hz"": 0.0, ""baseline_rate_hz"": 4.44, ""reliability"": 0.0, ""modulation_ratio"": 0.0, ""median_latency_ms"": null}, ""2.5"": {""evoked_rate_hz"": 8.33, ""baseline_rate_hz"": 8.89, ""reliability"": 0.067, ""modulation_ratio"": 0.84, ""median_latency_ms"": 8.67}, ""4.0"": {""evoked_rate_hz"": 0.0, ""baseline_rate_hz"": 0.0, ""reliability"": 0.0, ""modulation_ratio"": 0.0, ""median_latency_ms"": null}}",False,0.714,not light responsive,0.95,Not statistically significant (p=0.6214 >= 0.05); No positive modulation (mod_ratio=0.51 <= 1.0); Very low reliability (0.02 < 0.05)
721123822,707296982,760213145,950908080,LP,45,16.296,19.444,1.124,6.235,3.03,4.74,0.156,0.089,0.864,0.604,0.67532,0.064,0.0,"{""1.0"": {""evoked_rate_hz"": 25.0, ""baseline_rate_hz"": 17.78, ""reliability"": 0.2, ""modulation_ratio"": 1.33, ""median_latency_ms"": 8.18}, ""2.5"": {""evoked_rate_hz"": 8.33, ""baseline_rate_hz"": 17.78, ""reliability"": 0.067, ""modulation_ratio"": 0.44, ""median_latency_ms"": 1.08}, ""4.0"": {""evoked_rate_hz"": 25.0, ""baseline_rate_hz"": 13.33, ""reliability"": 0.2, ""modulation_ratio"": 1.74, ""median_latency_ms"": 3.77}}",False,0.001,not light responsive,0.844,Not statistically significant (p=0.6753 >= 0.05)
721123822,707296982,760213145,950908092,LP,45,10.37,5.556,0.489,4.401,4.369,3.089,0.044,0.067,0.977,0.993,0.35165,-0.121,0.0,"{""1.0"": {""evoked_rate_hz"": 0.0, ""baseline_rate_hz"": 4.44, ""reliability"": 0.0, ""modulation_ratio"": 0.0, ""median_latency_ms"": null}, ""2.5"": {""evoked_rate_hz"": 16.67, ""baseline_rate_hz"": 13.33, ""reliability"": 0.133, ""modulation_ratio"": 1.16, ""median_latency_ms"": 4.4}, ""4.0"": {""evoked_rate_hz"": 0.0, ""baseline_rate_hz"": 13.33, ""reliability"": 0.0, ""modulation_ratio"": 0.0, ""median_latency_ms"": null}}",False,0.667,not light responsive,0.95,Not statistically significant (p=0.3517 >= 0.05); No positive modulation (mod_ratio=0.49 <= 1.0); Very low reliability (0.04 < 0.05)
721123822,707296982,760213145,950908118,DG,45,13.333,8.333,0.581,4.13,0.561,0.492,0.067,0.067,0.955,0.147,0.28671,-0.145,0.0,"{""1.0"": {""evoked_rate_hz"": 8.33, ""baseline_rate_hz"": 13.33, ""reliability"": 0.067, ""modulation_ratio"": 0.58, ""median_latency_ms"": 4.13}, ""2.5"": {""evoked_rate_hz"": 8.33, ""baseline_rate_hz"": 8.89, ""reliability"": 0.067, ""modulation_ratio"": 0.84, ""median_latency_ms"": 4.15}, ""4.0"": {""evoked_rate_hz"": 8.33, ""baseline_rate_hz"": 17.78, ""reliability"": 0.067, ""modulation_ratio"": 0.44, ""median_latency_ms"": 3.17}}",False,-1.987,not light responsive,0.933,Not statistically significant (p=0.2867 >= 0.05); No positive modulation (mod_ratio=0.58 <= 1.0)
721123822,707296982,760213145,950908116,DG,45,13.333,2.778,0.194,2.738,0.0,0.0,0.022,0.178,1.0,0.0,0.02597,-0.311,0.0,"{""1.0"": {""evoked_rate_hz"": 0.0, ""baseline_rate_hz"": 8.89, ""reliability"": 0.0, ""modulation_ratio"": 0.0, ""median_latency_ms"": null}, ""2.5"": {""evoked_rate_hz"": 8.33, ""baseline_rate_hz"": 8.89, ""reliability"": 0.067, ""modulation_ratio"": 0.84, ""median_latency_ms"": 2.74}, ""4.0"": {""evoked_rate_hz"": 0.0, ""baseline_rate_hz"": 22.22, ""reliability"": 0.0, ""modulation_ratio"": 0.0, ""median_latency_ms"": null}}",False,0.714,not light responsive,0.95,Not statistically significant (p=0.0260 >= 0.05); No positive modulation (mod_ratio=0.19 <= 1.0); Very low reliability (0.02 < 0.05)
721123822,707296982,760213145,950908114,DG,45,11.852,2.778,0.216,3.815,0.0,0.0,0.022,0.089,1.0,0.0,0.02298,-0.343,0.0,"{""1.0"": {""evoked_rate_hz"": 0.0, ""baseline_rate_hz"": 17.78, ""reliability"": 0.0, ""modulation_ratio"": 0.0, ""median_latency_ms"": null}, ""2.5"": {""evoked_rate_hz"": 8.33, ""baseline_rate_hz"": 13.33, ""reliability"": 0.067, ""modulation_ratio"": 0.58, ""median_latency_ms"": 3.81}, ""4.0"": {""evoked_rate_hz"": 0.0, ""baseline_rate_hz"": 4.44, ""reliability"": 0.0, ""modulation_ratio"": 0.0, ""median_latency_ms"": null}}",False,0.286,not light responsive,0.95,Not statistically significant (p=0.0230 >= 0.05); No positive modulation (mod_ratio=0.22 <= 1.0); Very low reliability (0.02 < 0.05)
721123822,707296982,760213145,950908132,DG,45,17.778,16.667,0.888,4.082,1.784,2.51,0.133,0.2,0.886,0.445,0.83816,-0.024,0.0,"{""1.0"": {""evoked_rate_hz"": 16.67, ""baseline_rate_hz"": 13.33, ""reliability"": 0.133, ""modulation_ratio"": 1.16, ""median_latency_ms"": 4.08}, ""2.5"": {""evoked_rate_hz"": 16.67, ""baseline_rate_hz"": 8.89, ""reliability"": 0.133, ""modulation_ratio"": 1.69, ""median_latency_ms"": 4.28}, ""4.0"": {""evoked_rate_hz"": 16.67, ""baseline_rate_hz"": 31.11, ""reliability"": 0.133, ""modulation_ratio"": 0.52, ""median_latency_ms"": 3.67}}",False,0.251,not light responsive,0.867,Not statistically significant (p=0.8382 >= 0.05); No positive modulation (mod_ratio=0.89 <= 1.0)
721123822,707296982,760213145,950908136,DG,45,48.889,63.889,1.281,3.148,2.628,4.492,0.333,0.356,1.3,0.609,0.27572,0.174,-8.3333,"{""1.0"": {""evoked_rate_hz"": 91.67, ""baseline_rate_hz"": 53.33, ""reliability"": 0.4, ""modulation_ratio"": 1.69, ""median_latency_ms"": 2.33}, ""2.5"": {""evoked_rate_hz"": 33.33, ""baseline_rate_hz"": 44.44, ""reliability"": 0.2, ""modulation_ratio"": 0.73, ""median_latency_ms"": 8.69}, ""4.0"": {""evoked_rate_hz"": 66.67, ""baseline_rate_hz"": 48.89, ""reliability"": 0.4, ""modulation_ratio"": 1.34, ""median_latency_ms"": 3.83}}",False,0.438,not light responsive,0.667,Not statistically significant (p=0.2757 >= 0.05)
721123822,707296982,760213145,950908140,DG,45,8.889,8.333,0.843,4.371,2.614,2.507,0.067,0.067,0.955,0.5,0.7962,-0.018,5.5556,"{""1.0"": {""evoked_rate_hz"": 0.0, ""baseline_rate_hz"": 0.0, ""reliability"": 0.0, ""modulation_ratio"": 0.0, ""median_latency_ms"": null}, ""2.5"": {""evoked_rate_hz"": 8.33, ""baseline_rate_hz"": 8.89, ""reliability"": 0.067, ""modulation_ratio"": 0.84, ""median_latency_ms"": 4.37}, ""4.0"": {""evoked_rate_hz"": 16.67, ""baseline_rate_hz"": 17.78, ""reliability"": 0.133, ""modulation_ratio"": 0.89, ""median_latency_ms"": 5.65}}",False,0.445,not light responsive,0.933,Not statistically significant (p=0.7962 >= 0.05); No positive modulation (mod_ratio=0.84 <= 1.0)
721123822,707296982,760213145,950908150,DG,45,13.333,11.111,0.775,5.502,1.81,1.681,0.089,0.044,0.932,0.376,0.61339,-0.056,-2.7778,"{""1.0"": {""evoked_rate_hz"": 16.67, ""baseline_rate_hz"": 8.89, ""reliability"": 0.133, ""modulation_ratio"": 1.69, ""median_latency_ms"": 5.5}, ""2.5"": {""evoked_rate_hz"": 8.33, ""baseline_rate_hz"": 13.33, ""reliability"": 0.067, ""modulation_ratio"": 0.58, ""median_latency_ms"": 2.2}, ""4.0"": {""evoked_rate_hz"": 8.33, ""baseline_rate_hz"": 17.78, ""reliability"": 0.067, ""modulation_ratio"": 0.44, ""median_latency_ms"": 6.07}}",False,0.201,not light responsive,0.911,Not statistically significant (p=0.6134 >= 0.05); No positive modulation (mod_ratio=0.78 <= 1.0)
721123822,707296982,760213145,950908146,DG,45,25.185,19.444,0.743,4.87,2.299,3.192,0.156,0.267,0.864,0.451,0.44256,-0.107,5.5556,"{""1.0"": {""evoked_rate_hz"": 8.33, ""baseline_rate_hz"": 22.22, ""reliability"": 0.067, ""modulation_ratio"": 0.36, ""median_latency_ms"": 4.05}, ""2.5"": {""evoked_rate_hz"": 25.0, ""baseline_rate_hz"": 17.78, ""reliability"": 0.2, ""modulation_ratio"": 1.33, ""median_latency_ms"": 7.25}, ""4.0"": {""evoked_rate_hz"": 25.0, ""baseline_rate_hz"": 35.56, ""reliability"": 0.2, ""modulation_ratio"": 0.68, ""median_latency_ms"": 4.87}}",False,0.539,not light responsive,0.844,Not statistically significant (p=0.4426 >= 0.05); No positive modulation (mod_ratio=0.74 <= 1.0)
721123822,707296982,760213145,950908142,DG,45,11.852,5.556,0.432,6.585,0.102,0.072,0.044,0.067,0.977,0.015,0.30869,-0.138,2.7778,"{""1.0"": {""evoked_rate_hz"": 0.0, ""baseline_rate_hz"": 26.67, ""reliability"": 0.0, ""modulation_ratio"": 0.0, ""median_latency_ms"": null}, ""2.5"": {""evoked_rate_hz"": 8.33, ""baseline_rate_hz"": 4.44, ""reliability"": 0.067, ""modulation_ratio"": 1.53, ""median_latency_ms"": 6.66}, ""4.0"": {""evoked_rate_hz"": 8.33, ""baseline_rate_hz"": 4.44, ""reliability"": 0.067, ""modulation_ratio"": 1.53, ""median_latency_ms"": 6.51}}",False,-0.997,not light responsive,0.95,Not statistically significant (p=0.3087 >= 0.05); No positive modulation (mod_ratio=0.43 <= 1.0); Very low reliability (0.04 < 0.05)
721123822,707296982,760213145,950908158,DG,45,1.481,2.778,1.119,4.118,0.0,0.0,0.022,0.022,1.0,0.0,1.0,0.061,0.0,"{""1.0"": {""evoked_rate_hz"": 0.0, ""baseline_rate_hz"": 0.0, ""reliability"": 0.0, ""modulation_ratio"": 0.0, ""median_latency_ms"": null}, ""2.5"": {""evoked_rate_hz"": 8.33, ""baseline_rate_hz"": 0.0, ""reliability"": 0.067, ""modulation_ratio"": 8.33, ""median_latency_ms"": 4.12}, ""4.0"": {""evoked_rate_hz"": 0.0, ""baseline_rate_hz"": 4.44, ""reliability"": 0.0, ""modulation_ratio"": 0.0, ""median_latency_ms"": null}}",False,-221.222,not light responsive,0.95,Not statistically significant (p=1.0000 >= 0.05); Very low reliability (0.02 < 0.05)
721123822,707296982,760213145,950908164,DG,45,13.333,11.111,0.775,5.62,2.123,2.122,0.089,0.067,0.932,0.384,0.68032,-0.046,2.7778,"{""1.0"": {""evoked_rate_hz"": 0.0, ""baseline_rate_hz"": 22.22, ""reliability"": 0.0, ""modulation_ratio"": 0.0, ""median_latency_ms"": null}, ""2.5"": {""evoked_rate_hz"": 25.0, ""baseline_rate_hz"": 13.33, ""reliability"": 0.2, ""modulation_ratio"": 1.74, ""median_latency_ms"": 5.05}, ""4.0"": {""evoked_rate_hz"": 8.33, ""baseline_rate_hz"": 4.44, ""reliability"": 0.067, ""modulation_ratio"": 1.53, ""median_latency_ms"": 7.98}}",False,0.001,not light responsive,0.911,Not statistically significant (p=0.6803 >= 0.05); No positive modulation (mod_ratio=0.78 <= 1.0)
721123822,707296982,760213145,950908154,DG,45,4.444,11.111,2.041,5.544,2.169,3.045,0.089,0.022,0.932,0.403,0.30669,0.185,-5.5556,"{""1.0"": {""evoked_rate_hz"": 16.67, ""baseline_rate_hz"": 13.33, ""reliability"": 0.133, ""modulation_ratio"": 1.16, ""median_latency_ms"": 7.17}, ""2.5"": {""evoked_rate_hz"": 16.67, ""baseline_rate_hz"": 0.0, ""reliability"": 0.133, ""modulation_ratio"": 16.67, ""median_latency_ms"": 3.59}, ""4.0"": {""evoked_rate_hz"": 0.0, ""baseline_rate_hz"": 0.0, ""reliability"": 0.0, ""modulation_ratio"": 0.0, ""median_latency_ms"": null}}",False,0.251,not light responsive,0.911,Not statistically significant (p=0.3067 >= 0.05)
721123822,707296982,760213145,950908168,DG,45,0.0,0.0,0.0,,,,0.0,0.0,0.0,,1.0,0.0,0.0,"{""1.0"": {""evoked_rate_hz"": 0.0, ""baseline_rate_hz"": 0.0, ""reliability"": 0.0, ""modulation_ratio"": 0.0, ""median_latency_ms"": null}, ""2.5"": {""evoked_rate_hz"": 0.0, ""baseline_rate_hz"": 0.0, ""reliability"": 0.0, ""modulation_ratio"": 0.0, ""median_latency_ms"": null}, ""4.0"": {""evoked_rate_hz"": 0.0, ""baseline_rate_hz"": 0.0, ""reliability"": 0.0, ""modulation_ratio"": 0.0, ""median_latency_ms"": null}}",False,1.0,insufficient evidence,0.0,Insufficient trial count (<10) or zero spikes recorded
721123822,707296982,760213145,950908184,DG,45,7.407,11.111,1.322,3.187,1.744,1.742,0.067,0.044,1.443,0.534,0.73427,0.081,-5.5556,"{""1.0"": {""evoked_rate_hz"": 16.67, ""baseline_rate_hz"": 8.89, ""reliability"": 0.067, ""modulation_ratio"": 1.69, ""median_latency_ms"": 1.56}, ""2.5"": {""evoked_rate_hz"": 16.67, ""baseline_rate_hz"": 13.33, ""reliability"": 0.133, ""modulation_ratio"": 1.16, ""median_latency_ms"": 4.12}, ""4.0"": {""evoked_rate_hz"": 0.0, ""baseline_rate_hz"": 0.0, ""reliability"": 0.0, ""modulation_ratio"": 0.0, ""median_latency_ms"": null}}",False,-221.222,not light responsive,0.933,Not statistically significant (p=0.7343 >= 0.05)
721123822,707296982,760213145,950908182,DG,45,4.444,2.778,0.51,1.914,0.0,0.0,0.022,0.044,1.0,0.0,0.62038,-0.065,-2.7778,"{""1.0"": {""evoked_rate_hz"": 8.33, ""baseline_rate_hz"": 0.0, ""reliability"": 0.067, ""modulation_ratio"": 8.33, ""median_latency_ms"": 1.91}, ""2.5"": {""evoked_rate_hz"": 0.0, ""baseline_rate_hz"": 4.44, ""reliability"": 0.0, ""modulation_ratio"": 0.0, ""median_latency_ms"": null}, ""4.0"": {""evoked_rate_hz"": 0.0, ""baseline_rate_hz"": 8.89, ""reliability"": 0.0, ""modulation_ratio"": 0.0, ""median_latency_ms"": null}}",False,1.0,not light responsive,0.95,Not statistically significant (p=0.6204 >= 0.05); No positive modulation (mod_ratio=0.51 <= 1.0); Very low reliability (0.02 < 0.05)
721123822,707296982,760213145,950908180,DG,45,10.37,11.111,0.977,3.097,1.273,1.197,0.067,0.044,1.443,0.49,1.0,0.018,-2.7778,"{""1.0"": {""evoked_rate_hz"": 8.33, ""baseline_rate_hz"": 13.33, ""reliability"": 0.067, ""modulation_ratio"": 0.58, ""median_latency_ms"": 3.1}, ""2.5"": {""evoked_rate_hz"": 25.0, ""baseline_rate_hz"": 17.78, ""reliability"": 0.133, ""modulation_ratio"": 1.33, ""median_latency_ms"": 2.35}, ""4.0"": {""evoked_rate_hz"": 0.0, ""baseline_rate_hz"": 0.0, ""reliability"": 0.0, ""modulation_ratio"": 0.0, ""median_latency_ms"": null}}",False,0.667,not light responsive,0.933,Not statistically significant (p=1.0000 >= 0.05); No positive modulation (mod_ratio=0.98 <= 1.0)
721123822,707296982,760213145,950908190,DG,45,5.926,8.333,1.203,4.361,1.724,1.716,0.067,0.022,0.955,0.414,0.78721,0.073,-2.7778,"{""1.0"": {""evoked_rate_hz"": 8.33, ""baseline_rate_hz"": 0.0, ""reliability"": 0.067, ""modulation_ratio"": 8.33, ""median_latency_ms"": 4.36}, ""2.5"": {""evoked_rate_hz"": 16.67, ""baseline_rate_hz"": 13.33, ""reliability"": 0.133, ""modulation_ratio"": 1.16, ""median_latency_ms"": 4.07}, ""4.0"": {""evoked_rate_hz"": 0.0, ""baseline_rate_hz"": 4.44, ""reliability"": 0.0, ""modulation_ratio"": 0.0, ""median_latency_ms"": null}}",False,1.0,not light responsive,0.933,Not statistically significant (p=0.7872 >= 0.05)
721123822,707296982,760213145,950908188,DG,45,7.407,0.0,0.0,,,,0.0,0.067,0.0,,0.06094,-0.35,0.0,"{""1.0"": {""evoked_rate_hz"": 0.0, ""baseline_rate_hz"": 8.89, ""reliability"": 0.0, ""modulation_ratio"": 0.0, ""median_latency_ms"": null}, ""2.5"": {""evoked_rate_hz"": 0.0, ""baseline_rate_hz"": 13.33, ""reliability"": 0.0, ""modulation_ratio"": 0.0, ""median_latency_ms"": null}, ""4.0"": {""evoked_rate_hz"": 0.0, ""baseline_rate_hz"": 0.0, ""reliability"": 0.0, ""modulation_ratio"": 0.0, ""median_latency_ms"": null}}",False,1.0,not light responsive,0.95,Not statistically significant (p=0.0609 >= 0.05); No positive modulation (mod_ratio=0.00 <= 1.0); Very low reliability (0.00 < 0.05)
721123822,707296982,760213145,950908196,DG,45,23.704,22.222,0.9,5.184,1.661,1.478,0.178,0.244,0.841,0.327,0.8961,-0.022,0.0,"{""1.0"": {""evoked_rate_hz"": 16.67, ""baseline_rate_hz"": 35.56, ""reliability"": 0.133, ""modulation_ratio"": 0.46, ""median_latency_ms"": 5.28}, ""2.5"": {""evoked_rate_hz"": 33.33, ""baseline_rate_hz"": 22.22, ""reliability"": 0.267, ""modulation_ratio"": 1.44, ""median_latency_ms"": 5.51}, ""4.0"": {""evoked_rate_hz"": 16.67, ""baseline_rate_hz"": 13.33, ""reliability"": 0.133, ""modulation_ratio"": 1.16, ""median_latency_ms"": 3.91}}",False,-0.997,not light responsive,0.822,Not statistically significant (p=0.8961 >= 0.05); No positive modulation (mod_ratio=0.90 <= 1.0)
721123822,707296982,760213145,950908192,DG,45,10.37,5.556,0.489,2.996,2.193,1.551,0.044,0.089,0.977,0.732,0.31069,-0.138,0.0,"{""1.0"": {""evoked_rate_hz"": 0.0, ""baseline_rate_hz"": 13.33, ""reliability"": 0.0, ""modulation_ratio"": 0.0, ""median_latency_ms"": null}, ""2.5"": {""evoked_rate_hz"": 16.67, ""baseline_rate_hz"": 8.89, ""reliability"": 0.133, ""modulation_ratio"": 1.69, ""median_latency_ms"": 3.0}, ""4.0"": {""evoked_rate_hz"": 0.0, ""baseline_rate_hz"": 8.89, ""reliability"": 0.0, ""modulation_ratio"": 0.0, ""median_latency_ms"": null}}",False,0.334,not light responsive,0.95,Not statistically significant (p=0.3107 >= 0.05); No positive modulation (mod_ratio=0.49 <= 1.0); Very low reliability (0.04 < 0.05)
721123822,707296982,760213145,950908204,DG,45,35.556,22.222,0.608,4.117,2.181,3.001,0.178,0.289,0.841,0.53,0.09191,-0.278,8.3333,"{""1.0"": {""evoked_rate_hz"": 8.33, ""baseline_rate_hz"": 26.67, ""reliability"": 0.067, ""modulation_ratio"": 0.3, ""median_latency_ms"": 4.43}, ""2.5"": {""evoked_rate_hz"": 25.0, ""baseline_rate_hz"": 40.0, ""reliability"": 0.2, ""modulation_ratio"": 0.61, ""median_latency_ms"": 5.85}, ""4.0"": {""evoked_rate_hz"": 33.33, ""baseline_rate_hz"": 40.0, ""reliability"": 0.267, ""modulation_ratio"": 0.81, ""median_latency_ms"": 3.11}}",False,0.188,not light responsive,0.822,Not statistically significant (p=0.0919 >= 0.05); No positive modulation (mod_ratio=0.61 <= 1.0)
721123822,707296982,760213145,950908209,DG,45,51.852,47.222,0.893,5.004,2.337,4.078,0.378,0.333,0.636,0.419,0.64935,-0.064,-2.7778,"{""1.0"": {""evoked_rate_hz"": 41.67, ""baseline_rate_hz"": 48.89, ""reliability"": 0.333, ""modulation_ratio"": 0.84, ""median_latency_ms"": 6.89}, ""2.5"": {""evoked_rate_hz"": 66.67, ""baseline_rate_hz"": 44.44, ""reliability"": 0.533, ""modulation_ratio"": 1.47, ""median_latency_ms"": 4.39}, ""4.0"": {""evoked_rate_hz"": 33.33, ""baseline_rate_hz"": 62.22, ""reliability"": 0.267, ""modulation_ratio"": 0.53, ""median_latency_ms"": 6.13}}",False,0.4,not light responsive,0.622,Not statistically significant (p=0.6493 >= 0.05); No positive modulation (mod_ratio=0.89 <= 1.0)
721123822,707296982,760213145,950908227,DG,45,8.889,8.333,0.843,2.511,3.927,3.672,0.067,0.067,0.955,0.953,0.8002,-0.014,-2.7778,"{""1.0"": {""evoked_rate_hz"": 16.67, ""baseline_rate_hz"": 4.44, ""reliability"": 0.133, ""modulation_ratio"": 3.06, ""median_latency_ms"": 5.55}, ""2.5"": {""evoked_rate_hz"": 0.0, ""baseline_rate_hz"": 4.44, ""reliability"": 0.0, ""modulation_ratio"": 0.0, ""median_latency_ms"": null}, ""4.0"": {""evoked_rate_hz"": 8.33, ""baseline_rate_hz"": 17.78, ""reliability"": 0.067, ""modulation_ratio"": 0.44, ""median_latency_ms"": 1.25}}",False,-1.494,not light responsive,0.933,Not statistically significant (p=0.8002 >= 0.05); No positive modulation (mod_ratio=0.84 <= 1.0)
721123822,707296982,760213145,950908229,CA1,45,2.963,2.778,0.701,4.15,0.0,0.0,0.022,0.044,1.0,0.0,1.0,-0.008,2.7778,"{""1.0"": {""evoked_rate_hz"": 0.0, ""baseline_rate_hz"": 0.0, ""reliability"": 0.0, ""modulation_ratio"": 0.0, ""median_latency_ms"": null}, ""2.5"": {""evoked_rate_hz"": 0.0, ""baseline_rate_hz"": 4.44, ""reliability"": 0.0, ""modulation_ratio"": 0.0, ""median_latency_ms"": null}, ""4.0"": {""evoked_rate_hz"": 8.33, ""baseline_rate_hz"": 4.44, ""reliability"": 0.067, ""modulation_ratio"": 1.53, ""median_latency_ms"": 4.15}}",False,1.0,not light responsive,0.95,Not statistically significant (p=1.0000 >= 0.05); No positive modulation (mod_ratio=0.70 <= 1.0); Very low reliability (0.02 < 0.05)
721123822,707296982,760213145,950908237,CA1,45,19.259,27.778,1.371,3.859,2.041,3.314,0.222,0.178,0.795,0.443,0.38961,0.137,-11.1111,"{""1.0"": {""evoked_rate_hz"": 50.0, ""baseline_rate_hz"": 26.67, ""reliability"": 0.4, ""modulation_ratio"": 1.81, ""median_latency_ms"": 3.86}, ""2.5"": {""evoked_rate_hz"": 16.67, ""baseline_rate_hz"": 4.44, ""reliability"": 0.133, ""modulation_ratio"": 3.06, ""median_latency_ms"": 2.53}, ""4.0"": {""evoked_rate_hz"": 16.67, ""baseline_rate_hz"": 26.67, ""reliability"": 0.133, ""modulation_ratio"": 0.6, ""median_latency_ms"": 7.16}}",False,-0.299,not light responsive,0.778,Not statistically significant (p=0.3896 >= 0.05)
721123822,707296982,760213145,950908259,CA1,45,17.778,16.667,0.888,4.05,1.864,1.793,0.111,0.111,1.227,0.481,0.87013,-0.018,11.1111,"{""1.0"": {""evoked_rate_hz"": 0.0, ""baseline_rate_hz"": 13.33, ""reliability"": 0.0, ""modulation_ratio"": 0.0, ""median_latency_ms"": null}, ""2.5"": {""evoked_rate_hz"": 16.67, ""baseline_rate_hz"": 17.78, ""reliability"": 0.133, ""modulation_ratio"": 0.89, ""median_latency_ms"": 2.17}, ""4.0"": {""evoked_rate_hz"": 33.33, ""baseline_rate_hz"": 22.22, ""reliability"": 0.2, ""modulation_ratio"": 1.44, ""median_latency_ms"": 4.37}}",False,0.001,not light responsive,0.889,Not statistically significant (p=0.8701 >= 0.05); No positive modulation (mod_ratio=0.89 <= 1.0)
721123822,707296982,760213145,950908267,CA1,45,0.0,0.0,0.0,,,,0.0,0.0,0.0,,1.0,0.0,0.0,"{""1.0"": {""evoked_rate_hz"": 0.0, ""baseline_rate_hz"": 0.0, ""reliability"": 0.0, ""modulation_ratio"": 0.0, ""median_latency_ms"": null}, ""2.5"": {""evoked_rate_hz"": 0.0, ""baseline_rate_hz"": 0.0, ""reliability"": 0.0, ""modulation_ratio"": 0.0, ""median_latency_ms"": null}, ""4.0"": {""evoked_rate_hz"": 0.0, ""baseline_rate_hz"": 0.0, ""reliability"": 0.0, ""modulation_ratio"": 0.0, ""median_latency_ms"": null}}",False,1.0,insufficient evidence,0.0,Insufficient trial count (<10) or zero spikes recorded
721123822,707296982,760213145,950908277,CA1,45,4.444,0.0,0.0,,,,0.0,0.022,0.0,,0.24775,-0.264,0.0,"{""1.0"": {""evoked_rate_hz"": 0.0, ""baseline_rate_hz"": 4.44, ""reliability"": 0.0, ""modulation_ratio"": 0.0, ""median_latency_ms"": null}, ""2.5"": {""evoked_rate_hz"": 0.0, ""baseline_rate_hz"": 0.0, ""reliability"": 0.0, ""modulation_ratio"": 0.0, ""median_latency_ms"": null}, ""4.0"": {""evoked_rate_hz"": 0.0, ""baseline_rate_hz"": 8.89, ""reliability"": 0.0, ""modulation_ratio"": 0.0, ""median_latency_ms"": null}}",False,1.0,not light responsive,0.95,Not statistically significant (p=0.2477 >= 0.05); No positive modulation (mod_ratio=0.00 <= 1.0); Very low reliability (0.00 < 0.05)
721123822,707296982,760213145,950908275,CA1,45,10.37,13.889,1.221,4.08,1.646,1.95,0.111,0.044,0.909,0.332,0.69231,0.077,-5.5556,"{""1.0"": {""evoked_rate_hz"": 25.0, ""baseline_rate_hz"": 4.44, ""reliability"": 0.2, ""modulation_ratio"": 4.59, ""median_latency_ms"": 3.8}, ""2.5"": {""evoked_rate_hz"": 8.33, ""baseline_rate_hz"": 17.78, ""reliability"": 0.067, ""modulation_ratio"": 0.44, ""median_latency_ms"": 4.08}, ""4.0"": {""evoked_rate_hz"": 8.33, ""baseline_rate_hz"": 8.89, ""reliability"": 0.067, ""modulation_ratio"": 0.84, ""median_latency_ms"": 7.5}}",False,-0.331,not light responsive,0.889,Not statistically significant (p=0.6923 >= 0.05)
721123822,707296982,760213145,950908760,CA1,45,4.444,0.0,0.0,,,,0.0,0.022,0.0,,0.51948,-0.202,0.0,"{""1.0"": {""evoked_rate_hz"": 0.0, ""baseline_rate_hz"": 0.0, ""reliability"": 0.0, ""modulation_ratio"": 0.0, ""median_latency_ms"": null}, ""2.5"": {""evoked_rate_hz"": 0.0, ""baseline_rate_hz"": 0.0, ""reliability"": 0.0, ""modulation_ratio"": 0.0, ""median_latency_ms"": null}, ""4.0"": {""evoked_rate_hz"": 0.0, ""baseline_rate_hz"": 13.33, ""reliability"": 0.0, ""modulation_ratio"": 0.0, ""median_latency_ms"": null}}",False,-221.222,not light responsive,0.95,Not statistically significant (p=0.5195 >= 0.05); No positive modulation (mod_ratio=0.00 <= 1.0); Very low reliability (0.00 < 0.05)
721123822,707296982,760213145,950908291,CA1,45,0.0,0.0,0.0,,,,0.0,0.0,0.0,,1.0,0.0,0.0,"{""1.0"": {""evoked_rate_hz"": 0.0, ""baseline_rate_hz"": 0.0, ""reliability"": 0.0, ""modulation_ratio"": 0.0, ""median_latency_ms"": null}, ""2.5"": {""evoked_rate_hz"": 0.0, ""baseline_rate_hz"": 0.0, ""reliability"": 0.0, ""modulation_ratio"": 0.0, ""median_latency_ms"": null}, ""4.0"": {""evoked_rate_hz"": 0.0, ""baseline_rate_hz"": 0.0, ""reliability"": 0.0, ""modulation_ratio"": 0.0, ""median_latency_ms"": null}}",False,1.0,insufficient evidence,0.0,Insufficient trial count (<10) or zero spikes recorded
721123822,707296982,760213145,950908289,CA1,45,22.222,11.111,0.478,4.06,3.097,4.159,0.089,0.156,0.932,0.711,0.14885,-0.217,5.5556,"{""1.0"": {""evoked_rate_hz"": 0.0, ""baseline_rate_hz"": 17.78, ""reliability"": 0.0, ""modulation_ratio"": 0.0, ""median_latency_ms"": null}, ""2.5"": {""evoked_rate_hz"": 16.67, ""baseline_rate_hz"": 22.22, ""reliability"": 0.133, ""modulation_ratio"": 0.72, ""median_latency_ms"": 4.66}, ""4.0"": {""evoked_rate_hz"": 16.67, ""baseline_rate_hz"": 26.67, ""reliability"": 0.133, ""modulation_ratio"": 0.6, ""median_latency_ms"": 4.06}}",False,0.501,not light responsive,0.911,Not statistically significant (p=0.1489 >= 0.05); No positive modulation (mod_ratio=0.48 <= 1.0)
721123822,707296982,760213145,950908894,CA1,45,8.889,13.889,1.404,2.364,2.336,2.141,0.111,0.111,0.909,0.783,0.56943,0.103,-2.7778,"{""1.0"": {""evoked_rate_hz"": 16.67, ""baseline_rate_hz"": 8.89, ""reliability"": 0.133, ""modulation_ratio"": 1.69, ""median_latency_ms"": 1.73}, ""2.5"": {""evoked_rate_hz"": 16.67, ""baseline_rate_hz"": 8.89, ""reliability"": 0.133, ""modulation_ratio"": 1.69, ""median_latency_ms"": 5.1}, ""4.0"": {""evoked_rate_hz"": 8.33, ""baseline_rate_hz"": 8.89, ""reliability"": 0.067, ""modulation_ratio"": 0.84, ""median_latency_ms"": 1.25}}",False,0.401,not light responsive,0.889,Not statistically significant (p=0.5694 >= 0.05)
721123822,707296982,760213145,950908287,CA1,45,0.0,0.0,0.0,,,,0.0,0.0,0.0,,1.0,0.0,0.0,"{""1.0"": {""evoked_rate_hz"": 0.0, ""baseline_rate_hz"": 0.0, ""reliability"": 0.0, ""modulation_ratio"": 0.0, ""median_latency_ms"": null}, ""2.5"": {""evoked_rate_hz"": 0.0, ""baseline_rate_hz"": 0.0, ""reliability"": 0.0, ""modulation_ratio"": 0.0, ""median_latency_ms"": null}, ""4.0"": {""evoked_rate_hz"": 0.0, ""baseline_rate_hz"": 0.0, ""reliability"": 0.0, ""modulation_ratio"": 0.0, ""median_latency_ms"": null}}",False,1.0,insufficient evidence,0.0,Insufficient trial count (<10) or zero spikes recorded
721123822,707296982,760213145,950908890,CA1,45,5.926,8.333,1.203,6.108,2.468,2.456,0.067,0.089,0.955,0.423,0.80519,0.063,0.0,"{""1.0"": {""evoked_rate_hz"": 8.33, ""baseline_rate_hz"": 8.89, ""reliability"": 0.067, ""modulation_ratio"": 0.84, ""median_latency_ms"": 6.11}, ""2.5"": {""evoked_rate_hz"": 8.33, ""baseline_rate_hz"": 0.0, ""reliability"": 0.067, ""modulation_ratio"": 8.33, ""median_latency_ms"": 3.23}, ""4.0"": {""evoked_rate_hz"": 8.33, ""baseline_rate_hz"": 8.89, ""reliability"": 0.067, ""modulation_ratio"": 0.84, ""median_latency_ms"": 8.15}}",False,0.667,not light responsive,0.933,Not statistically significant (p=0.8052 >= 0.05)
721123822,707296982,760213145,950908299,CA1,45,29.63,16.667,0.544,5.118,2.943,4.388,0.133,0.2,0.886,0.578,0.15584,-0.228,-11.1111,"{""1.0"": {""evoked_rate_hz"": 33.33, ""baseline_rate_hz"": 22.22, ""reliability"": 0.267, ""modulation_ratio"": 1.44, ""median_latency_ms"": 5.12}, ""2.5"": {""evoked_rate_hz"": 16.67, ""baseline_rate_hz"": 17.78, ""reliability"": 0.133, ""modulation_ratio"": 0.89, ""median_latency_ms"": 4.81}, ""4.0"": {""evoked_rate_hz"": 0.0, ""baseline_rate_hz"": 48.89, ""reliability"": 0.0, ""modulation_ratio"": 0.0, ""median_latency_ms"": null}}",False,0.334,not light responsive,0.867,Not statistically significant (p=0.1558 >= 0.05); No positive modulation (mod_ratio=0.54 <= 1.0)
721123822,707296982,760213145,950908297,CA1,45,7.407,13.889,1.652,2.83,3.07,4.022,0.111,0.089,0.909,0.784,0.41259,0.137,0.0,"{""1.0"": {""evoked_rate_hz"": 8.33, ""baseline_rate_hz"": 4.44, ""reliability"": 0.067, ""modulation_ratio"": 1.53, ""median_latency_ms"": 2.83}, ""2.5"": {""evoked_rate_hz"": 25.0, ""baseline_rate_hz"": 4.44, ""reliability"": 0.2, ""modulation_ratio"": 4.59, ""median_latency_ms"": 1.51}, ""4.0"": {""evoked_rate_hz"": 8.33, ""baseline_rate_hz"": 13.33, ""reliability"": 0.067, ""modulation_ratio"": 0.58, ""median_latency_ms"": 5.54}}",False,0.334,not light responsive,0.889,Not statistically significant (p=0.4126 >= 0.05)
721123822,707296982,760213145,950908323,CA1,45,20.741,13.889,0.639,5.847,2.692,0.754,0.111,0.178,0.909,0.498,0.4036,-0.126,2.7778,"{""1.0"": {""evoked_rate_hz"": 8.33, ""baseline_rate_hz"": 22.22, ""reliability"": 0.067, ""modulation_ratio"": 0.36, ""median_latency_ms"": 8.83}, ""2.5"": {""evoked_rate_hz"": 16.67, ""baseline_rate_hz"": 8.89, ""reliability"": 0.133, ""modulation_ratio"": 1.69, ""median_latency_ms"": 5.88}, ""4.0"": {""evoked_rate_hz"": 16.67, ""baseline_rate_hz"": 31.11, ""reliability"": 0.133, ""modulation_ratio"": 0.52, ""median_latency_ms"": 3.23}}",False,-0.57,not light responsive,0.889,Not statistically significant (p=0.4036 >= 0.05); No positive modulation (mod_ratio=0.64 <= 1.0)
721123822,707296982,760213145,950908315,CA1,45,19.259,11.111,0.548,6.595,1.283,0.883,0.089,0.178,0.932,0.21,0.27772,-0.158,2.7778,"{""1.0"": {""evoked_rate_hz"": 8.33, ""baseline_rate_hz"": 8.89, ""reliability"": 0.067, ""modulation_ratio"": 0.84, ""median_latency_ms"": 4.23}, ""2.5"": {""evoked_rate_hz"": 8.33, ""baseline_rate_hz"": 35.56, ""reliability"": 0.067, ""modulation_ratio"": 0.23, ""median_latency_ms"": 6.48}, ""4.0"": {""evoked_rate_hz"": 16.67, ""baseline_rate_hz"": 13.33, ""reliability"": 0.133, ""modulation_ratio"": 1.16, ""median_latency_ms"": 6.89}}",False,-1.198,not light responsive,0.911,Not statistically significant (p=0.2777 >= 0.05); No positive modulation (mod_ratio=0.55 <= 1.0)
721123822,707296982,760213145,950908313,CA1,45,7.407,8.333,0.991,3.837,0.145,0.103,0.044,0.022,1.636,0.038,1.0,0.021,8.3333,"{""1.0"": {""evoked_rate_hz"": 0.0, ""baseline_rate_hz"": 8.89, ""reliability"": 0.0, ""modulation_ratio"": 0.0, ""median_latency_ms"": null}, ""2.5"": {""evoked_rate_hz"": 0.0, ""baseline_rate_hz"": 8.89, ""reliability"": 0.0, ""modulation_ratio"": 0.0, ""median_latency_ms"": null}, ""4.0"": {""evoked_rate_hz"": 25.0, ""baseline_rate_hz"": 4.44, ""reliability"": 0.133, ""modulation_ratio"": 4.59, ""median_latency_ms"": 3.84}}",False,-443.444,not light responsive,0.95,Not statistically significant (p=1.0000 >= 0.05); No positive modulation (mod_ratio=0.99 <= 1.0); Very low reliability (0.04 < 0.05)
721123822,707296982,760213145,950908311,CA1,45,19.259,11.111,0.548,6.272,1.459,0.964,0.089,0.178,0.932,0.259,0.25774,-0.17,-2.7778,"{""1.0"": {""evoked_rate_hz"": 16.67, ""baseline_rate_hz"": 22.22, ""reliability"": 0.133, ""modulation_ratio"": 0.72, ""median_latency_ms"": 6.35}, ""2.5"": {""evoked_rate_hz"": 8.33, ""baseline_rate_hz"": 17.78, ""reliability"": 0.067, ""modulation_ratio"": 0.44, ""median_latency_ms"": 6.4}, ""4.0"": {""evoked_rate_hz"": 8.33, ""baseline_rate_hz"": 17.78, ""reliability"": 0.067, ""modulation_ratio"": 0.44, ""median_latency_ms"": 3.47}}",False,0.001,not light responsive,0.911,Not statistically significant (p=0.2577 >= 0.05); No positive modulation (mod_ratio=0.55 <= 1.0)
721123822,707296982,760213145,950908307,CA1,45,10.37,13.889,1.221,4.781,1.996,3.348,0.111,0.044,0.909,0.432,0.72228,0.071,0.0,"{""1.0"": {""evoked_rate_hz"": 8.33, ""baseline_rate_hz"": 13.33, ""reliability"": 0.067, ""modulation_ratio"": 0.58, ""median_latency_ms"": 4.78}, ""2.5"": {""evoked_rate_hz"": 25.0, ""baseline_rate_hz"": 8.89, ""reliability"": 0.2, ""modulation_ratio"": 2.53, ""median_latency_ms"": 2.8}, ""4.0"": {""evoked_rate_hz"": 8.33, ""baseline_rate_hz"": 8.89, ""reliability"": 0.067, ""modulation_ratio"": 0.84, ""median_latency_ms"": 6.15}}",False,-2.661,not light responsive,0.889,Not statistically significant (p=0.7223 >= 0.05)
721123822,707296982,760213145,950908319,CA1,45,10.37,8.333,0.733,5.413,2.646,2.526,0.067,0.111,0.955,0.588,0.6024,-0.055,-2.7778,"{""1.0"": {""evoked_rate_hz"": 16.67, ""baseline_rate_hz"": 4.44, ""reliability"": 0.133, ""modulation_ratio"": 3.06, ""median_latency_ms"": 4.05}, ""2.5"": {""evoked_rate_hz"": 0.0, ""baseline_rate_hz"": 0.0, ""reliability"": 0.0, ""modulation_ratio"": 0.0, ""median_latency_ms"": null}, ""4.0"": {""evoked_rate_hz"": 8.33, ""baseline_rate_hz"": 26.67, ""reliability"": 0.067, ""modulation_ratio"": 0.3, ""median_latency_ms"": 5.41}}",False,0.667,not light responsive,0.933,Not statistically significant (p=0.6024 >= 0.05); No positive modulation (mod_ratio=0.73 <= 1.0)
721123822,707296982,760213145,950908317,CA1,45,14.815,5.556,0.351,4.904,3.653,2.583,0.044,0.111,0.977,0.745,0.08791,-0.229,0.0,"{""1.0"": {""evoked_rate_hz"": 8.33, ""baseline_rate_hz"": 8.89, ""reliability"": 0.067, ""modulation_ratio"": 0.84, ""median_latency_ms"": 7.49}, ""2.5"": {""evoked_rate_hz"": 0.0, ""baseline_rate_hz"": 17.78, ""reliability"": 0.0, ""modulation_ratio"": 0.0, ""median_latency_ms"": null}, ""4.0"": {""evoked_rate_hz"": 8.33, ""baseline_rate_hz"": 17.78, ""reliability"": 0.067, ""modulation_ratio"": 0.44, ""median_latency_ms"": 2.32}}",False,0.251,not light responsive,0.95,Not statistically significant (p=0.0879 >= 0.05); No positive modulation (mod_ratio=0.35 <= 1.0); Very low reliability (0.04 < 0.05)
721123822,707296982,760213145,950908329,CA1,45,31.111,36.111,1.125,4.348,2.605,5.354,0.289,0.178,0.727,0.573,0.62138,0.065,11.1111,"{""1.0"": {""evoked_rate_hz"": 16.67, ""baseline_rate_hz"": 35.56, ""reliability"": 0.133, ""modulation_ratio"": 0.46, ""median_latency_ms"": 6.2}, ""2.5"": {""evoked_rate_hz"": 41.67, ""baseline_rate_hz"": 22.22, ""reliability"": 0.333, ""modulation_ratio"": 1.79, ""median_latency_ms"": 5.78}, ""4.0"": {""evoked_rate_hz"": 50.0, ""baseline_rate_hz"": 35.56, ""reliability"": 0.4, ""modulation_ratio"": 1.37, ""median_latency_ms"": 2.22}}",False,-0.142,not light responsive,0.711,Not statistically significant (p=0.6214 >= 0.05)
721123822,707296982,760213145,950908343,CA1,45,31.111,27.778,0.865,4.157,2.703,4.179,0.222,0.178,0.795,0.532,0.77423,-0.052,0.0,"{""1.0"": {""evoked_rate_hz"": 25.0, ""baseline_rate_hz"": 17.78, ""reliability"": 0.2, ""modulation_ratio"": 1.33, ""median_latency_ms"": 4.13}, ""2.5"": {""evoked_rate_hz"": 33.33, ""baseline_rate_hz"": 44.44, ""reliability"": 0.267, ""modulation_ratio"": 0.73, ""median_latency_ms"": 5.97}, ""4.0"": {""evoked_rate_hz"": 25.0, ""baseline_rate_hz"": 31.11, ""reliability"": 0.2, ""modulation_ratio"": 0.78, ""median_latency_ms"": 1.81}}",False,-0.09,not light responsive,0.778,Not statistically significant (p=0.7742 >= 0.05); No positive modulation (mod_ratio=0.86 <= 1.0)
721123822,707296982,760213145,950908327,CA1,45,25.185,16.667,0.636,5.455,2.525,3.135,0.133,0.156,0.886,0.46,0.25075,-0.172,-5.5556,"{""1.0"": {""evoked_rate_hz"": 25.0, ""baseline_rate_hz"": 26.67, ""reliability"": 0.2, ""modulation_ratio"": 0.9, ""median_latency_ms"": 5.63}, ""2.5"": {""evoked_rate_hz"": 16.67, ""baseline_rate_hz"": 26.67, ""reliability"": 0.133, ""modulation_ratio"": 0.6, ""median_latency_ms"": 6.19}, ""4.0"": {""evoked_rate_hz"": 8.33, ""baseline_rate_hz"": 22.22, ""reliability"": 0.067, ""modulation_ratio"": 0.36, ""median_latency_ms"": 5.28}}",False,0.084,not light responsive,0.867,Not statistically significant (p=0.2507 >= 0.05); No positive modulation (mod_ratio=0.64 <= 1.0)
721123822,707296982,760213145,950908345,CA1,45,1.481,8.333,3.358,7.987,3.164,2.848,0.067,0.022,0.955,0.495,0.25475,0.205,-5.5556,"{""1.0"": {""evoked_rate_hz"": 16.67, ""baseline_rate_hz"": 0.0, ""reliability"": 0.133, ""modulation_ratio"": 16.67, ""median_latency_ms"": 5.37}, ""2.5"": {""evoked_rate_hz"": 8.33, ""baseline_rate_hz"": 0.0, ""reliability"": 0.067, ""modulation_ratio"": 8.33, ""median_latency_ms"": 8.45}, ""4.0"": {""evoked_rate_hz"": 0.0, ""baseline_rate_hz"": 4.44, ""reliability"": 0.0, ""modulation_ratio"": 0.0, ""median_latency_ms"": null}}",False,0.501,not light responsive,0.933,Not statistically significant (p=0.2547 >= 0.05)
721123822,707296982,760213145,950908341,CA1,45,20.741,27.778,1.278,5.749,1.974,2.18,0.222,0.133,0.795,0.374,0.3996,0.121,-2.7778,"{""1.0"": {""evoked_rate_hz"": 33.33, ""baseline_rate_hz"": 8.89, ""reliability"": 0.267, ""modulation_ratio"": 3.37, ""median_latency_ms"": 6.01}, ""2.5"": {""evoked_rate_hz"": 25.0, ""baseline_rate_hz"": 31.11, ""reliability"": 0.2, ""modulation_ratio"": 0.78, ""median_latency_ms"": 3.52}, ""4.0"": {""evoked_rate_hz"": 25.0, ""baseline_rate_hz"": 22.22, ""reliability"": 0.2, ""modulation_ratio"": 1.08, ""median_latency_ms"": 6.01}}",False,-0.124,not light responsive,0.778,Not statistically significant (p=0.3996 >= 0.05)
721123822,707296982,760213145,950908337,CA1,45,11.852,2.778,0.216,7.941,0.0,0.0,0.022,0.111,1.0,0.0,0.03996,-0.276,-2.7778,"{""1.0"": {""evoked_rate_hz"": 8.33, ""baseline_rate_hz"": 4.44, ""reliability"": 0.067, ""modulation_ratio"": 1.53, ""median_latency_ms"": 7.94}, ""2.5"": {""evoked_rate_hz"": 0.0, ""baseline_rate_hz"": 22.22, ""reliability"": 0.0, ""modulation_ratio"": 0.0, ""median_latency_ms"": null}, ""4.0"": {""evoked_rate_hz"": 0.0, ""baseline_rate_hz"": 8.89, ""reliability"": 0.0, ""modulation_ratio"": 0.0, ""median_latency_ms"": null}}",False,-1.494,not light responsive,0.95,Not statistically significant (p=0.0400 >= 0.05); No positive modulation (mod_ratio=0.22 <= 1.0); Very low reliability (0.02 < 0.05)
721123822,707296982,760213145,950908353,CA1,45,13.333,0.0,0.0,,,,0.0,0.089,0.0,,0.00699,-0.494,0.0,"{""1.0"": {""evoked_rate_hz"": 0.0, ""baseline_rate_hz"": 0.0, ""reliability"": 0.0, ""modulation_ratio"": 0.0, ""median_latency_ms"": null}, ""2.5"": {""evoked_rate_hz"": 0.0, ""baseline_rate_hz"": 13.33, ""reliability"": 0.0, ""modulation_ratio"": 0.0, ""median_latency_ms"": null}, ""4.0"": {""evoked_rate_hz"": 0.0, ""baseline_rate_hz"": 26.67, ""reliability"": 0.0, ""modulation_ratio"": 0.0, ""median_latency_ms"": null}}",False,0.5,not light responsive,0.95,Not statistically significant (p=0.0070 >= 0.05); No positive modulation (mod_ratio=0.00 <= 1.0); Very low reliability (0.00 < 0.05)
721123822,707296982,760213145,950908351,CA1,45,13.333,8.333,0.581,6.87,2.577,2.275,0.067,0.044,0.955,0.471,0.38861,-0.108,2.7778,"{""1.0"": {""evoked_rate_hz"": 8.33, ""baseline_rate_hz"": 17.78, ""reliability"": 0.067, ""modulation_ratio"": 0.44, ""median_latency_ms"": 2.5}, ""2.5"": {""evoked_rate_hz"": 0.0, ""baseline_rate_hz"": 13.33, ""reliability"": 0.0, ""modulation_ratio"": 0.0, ""median_latency_ms"": null}, ""4.0"": {""evoked_rate_hz"": 16.67, ""baseline_rate_hz"": 8.89, ""reliability"": 0.133, ""modulation_ratio"": 1.69, ""median_latency_ms"": 6.96}}",False,-0.331,not light responsive,0.933,Not statistically significant (p=0.3886 >= 0.05); No positive modulation (mod_ratio=0.58 <= 1.0)
721123822,707296982,760213145,950908349,CA1,45,32.593,25.0,0.744,4.993,1.898,2.529,0.2,0.2,0.818,0.396,0.52947,-0.11,2.7778,"{""1.0"": {""evoked_rate_hz"": 25.0, ""baseline_rate_hz"": 35.56, ""reliability"": 0.2, ""modulation_ratio"": 0.68, ""median_latency_ms"": 6.64}, ""2.5"": {""evoked_rate_hz"": 16.67, ""baseline_rate_hz"": 26.67, ""reliability"": 0.133, ""modulation_ratio"": 0.6, ""median_latency_ms"": 2.83}, ""4.0"": {""evoked_rate_hz"": 33.33, ""baseline_rate_hz"": 35.56, ""reliability"": 0.267, ""modulation_ratio"": 0.91, ""median_latency_ms"": 4.45}}",False,0.0,not light responsive,0.8,Not statistically significant (p=0.5295 >= 0.05); No positive modulation (mod_ratio=0.74 <= 1.0)
721123822,707296982,760213145,950908363,CA1,45,29.63,27.778,0.907,4.165,2.362,4.046,0.178,0.222,1.205,0.57,0.89411,-0.024,2.7778,"{""1.0"": {""evoked_rate_hz"": 16.67, ""baseline_rate_hz"": 26.67, ""reliability"": 0.133, ""modulation_ratio"": 0.6, ""median_latency_ms"": 6.72}, ""2.5"": {""evoked_rate_hz"": 41.67, ""baseline_rate_hz"": 44.44, ""reliability"": 0.2, ""modulation_ratio"": 0.92, ""median_latency_ms"": 1.89}, ""4.0"": {""evoked_rate_hz"": 25.0, ""baseline_rate_hz"": 17.78, ""reliability"": 0.2, ""modulation_ratio"": 1.33, ""median_latency_ms"": 5.12}}",False,-0.599,not light responsive,0.822,Not statistically significant (p=0.8941 >= 0.05); No positive modulation (mod_ratio=0.91 <= 1.0)
721123822,707296982,760213145,950908361,CA1,45,10.37,22.222,1.954,5.347,1.638,2.536,0.178,0.044,0.841,0.346,0.18581,0.209,-5.5556,"{""1.0"": {""evoked_rate_hz"": 33.33, ""baseline_rate_hz"": 13.33, ""reliability"": 0.267, ""modulation_ratio"": 2.33, ""median_latency_ms"": 5.35}, ""2.5"": {""evoked_rate_hz"": 16.67, ""baseline_rate_hz"": 8.89, ""reliability"": 0.133, ""modulation_ratio"": 1.69, ""median_latency_ms"": 6.09}, ""4.0"": {""evoked_rate_hz"": 16.67, ""baseline_rate_hz"": 8.89, ""reliability"": 0.133, ""modulation_ratio"": 1.69, ""median_latency_ms"": 3.23}}",False,-2.328,not light responsive,0.822,Not statistically significant (p=0.1858 >= 0.05)
721123822,707296982,760213145,950908365,CA1,45,11.852,11.111,0.865,3.938,2.49,4.174,0.089,0.044,0.932,0.617,0.85315,-0.016,0.0,"{""1.0"": {""evoked_rate_hz"": 8.33, ""baseline_rate_hz"": 4.44, ""reliability"": 0.067, ""modulation_ratio"": 1.53, ""median_latency_ms"": 5.96}, ""2.5"": {""evoked_rate_hz"": 16.67, ""baseline_rate_hz"": 8.89, ""reliability"": 0.133, ""modulation_ratio"": 1.69, ""median_latency_ms"": 4.16}, ""4.0"": {""evoked_rate_hz"": 8.33, ""baseline_rate_hz"": 22.22, ""reliability"": 0.067, ""modulation_ratio"": 0.36, ""median_latency_ms"": 1.86}}",False,-0.748,not light responsive,0.911,Not statistically significant (p=0.8531 >= 0.05); No positive modulation (mod_ratio=0.86 <= 1.0)
721123822,707296982,760213145,950908375,CA1,45,1.481,5.556,2.239,7.341,1.124,0.795,0.044,0.0,0.977,0.153,0.49151,0.145,5.5556,"{""1.0"": {""evoked_rate_hz"": 0.0, ""baseline_rate_hz"": 0.0, ""reliability"": 0.0, ""modulation_ratio"": 0.0, ""median_latency_ms"": null}, ""2.5"": {""evoked_rate_hz"": 0.0, ""baseline_rate_hz"": 0.0, ""reliability"": 0.0, ""modulation_ratio"": 0.0, ""median_latency_ms"": null}, ""4.0"": {""evoked_rate_hz"": 16.67, ""baseline_rate_hz"": 4.44, ""reliability"": 0.133, ""modulation_ratio"": 3.06, ""median_latency_ms"": 7.34}}",False,0.501,not light responsive,0.95,Not statistically significant (p=0.4915 >= 0.05); Very low reliability (0.04 < 0.05)
721123822,707296982,760213145,950908795,VISp,45,0.0,0.0,0.0,,,,0.0,0.0,0.0,,1.0,0.0,0.0,"{""1.0"": {""evoked_rate_hz"": 0.0, ""baseline_rate_hz"": 0.0, ""reliability"": 0.0, ""modulation_ratio"": 0.0, ""median_latency_ms"": null}, ""2.5"": {""evoked_rate_hz"": 0.0, ""baseline_rate_hz"": 0.0, ""reliability"": 0.0, ""modulation_ratio"": 0.0, ""median_latency_ms"": null}, ""4.0"": {""evoked_rate_hz"": 0.0, ""baseline_rate_hz"": 0.0, ""reliability"": 0.0, ""modulation_ratio"": 0.0, ""median_latency_ms"": null}}",False,1.0,insufficient evidence,0.0,Insufficient trial count (<10) or zero spikes recorded
721123822,707296982,760213145,950908404,VISp,45,0.0,0.0,0.0,,,,0.0,0.0,0.0,,1.0,0.0,0.0,"{""1.0"": {""evoked_rate_hz"": 0.0, ""baseline_rate_hz"": 0.0, ""reliability"": 0.0, ""modulation_ratio"": 0.0, ""median_latency_ms"": null}, ""2.5"": {""evoked_rate_hz"": 0.0, ""baseline_rate_hz"": 0.0, ""reliability"": 0.0, ""modulation_ratio"": 0.0, ""median_latency_ms"": null}, ""4.0"": {""evoked_rate_hz"": 0.0, ""baseline_rate_hz"": 0.0, ""reliability"": 0.0, ""modulation_ratio"": 0.0, ""median_latency_ms"": null}}",False,-221.222,insufficient evidence,0.0,Insufficient trial count (<10) or zero spikes recorded
721123822,707296982,760213145,950908410,VISp,45,19.259,38.889,1.92,6.512,1.645,2.239,0.311,0.111,0.705,0.266,0.00999,0.394,5.5556,"{""1.0"": {""evoked_rate_hz"": 25.0, ""baseline_rate_hz"": 4.44, ""reliability"": 0.2, ""modulation_ratio"": 4.59, ""median_latency_ms"": 7.44}, ""2.5"": {""evoked_rate_hz"": 50.0, ""baseline_rate_hz"": 22.22, ""reliability"": 0.4, ""modulation_ratio"": 2.15, ""median_latency_ms"": 6.13}, ""4.0"": {""evoked_rate_hz"": 41.67, ""baseline_rate_hz"": 31.11, ""reliability"": 0.333, ""modulation_ratio"": 1.3, ""median_latency_ms"": 5.65}}",False,-0.199,light-responsive / indirect or uncertain,0.65,Sub-threshold modulation (1.92 <= 2.0)
721123822,707296982,760213145,950908418,VISp,45,4.444,0.0,0.0,,,,0.0,0.022,0.0,,0.24176,-0.264,0.0,"{""1.0"": {""evoked_rate_hz"": 0.0, ""baseline_rate_hz"": 4.44, ""reliability"": 0.0, ""modulation_ratio"": 0.0, ""median_latency_ms"": null}, ""2.5"": {""evoked_rate_hz"": 0.0, ""baseline_rate_hz"": 0.0, ""reliability"": 0.0, ""modulation_ratio"": 0.0, ""median_latency_ms"": null}, ""4.0"": {""evoked_rate_hz"": 0.0, ""baseline_rate_hz"": 8.89, ""reliability"": 0.0, ""modulation_ratio"": 0.0, ""median_latency_ms"": null}}",False,-443.444,not light responsive,0.95,Not statistically significant (p=0.2418 >= 0.05); No positive modulation (mod_ratio=0.00 <= 1.0); Very low reliability (0.00 < 0.05)
721123822,707296982,760213145,950908416,VISp,45,4.444,0.0,0.0,,,,0.0,0.067,0.0,,0.23976,-0.264,0.0,"{""1.0"": {""evoked_rate_hz"": 0.0, ""baseline_rate_hz"": 13.33, ""reliability"": 0.0, ""modulation_ratio"": 0.0, ""median_latency_ms"": null}, ""2.5"": {""evoked_rate_hz"": 0.0, ""baseline_rate_hz"": 0.0, ""reliability"": 0.0, ""modulation_ratio"": 0.0, ""median_latency_ms"": null}, ""4.0"": {""evoked_rate_hz"": 0.0, ""baseline_rate_hz"": 0.0, ""reliability"": 0.0, ""modulation_ratio"": 0.0, ""median_latency_ms"": null}}",False,0.004,not light responsive,0.95,Not statistically significant (p=0.2398 >= 0.05); No positive modulation (mod_ratio=0.00 <= 1.0); Very low reliability (0.00 < 0.05)
721123822,707296982,760213145,950908414,VISp,45,5.926,5.556,0.802,3.852,1.209,0.855,0.044,0.044,0.977,0.314,0.8012,-0.011,-5.5556,"{""1.0"": {""evoked_rate_hz"": 16.67, ""baseline_rate_hz"": 0.0, ""reliability"": 0.133, ""modulation_ratio"": 16.67, ""median_latency_ms"": 3.85}, ""2.5"": {""evoked_rate_hz"": 0.0, ""baseline_rate_hz"": 13.33, ""reliability"": 0.0, ""modulation_ratio"": 0.0, ""median_latency_ms"": null}, ""4.0"": {""evoked_rate_hz"": 0.0, ""baseline_rate_hz"": 4.44, ""reliability"": 0.0, ""modulation_ratio"": 0.0, ""median_latency_ms"": null}}",False,0.501,not light responsive,0.95,Not statistically significant (p=0.8012 >= 0.05); No positive modulation (mod_ratio=0.80 <= 1.0); Very low reliability (0.04 < 0.05)
721123822,707296982,760213145,950908420,VISp,45,11.852,8.333,0.648,1.782,2.192,1.985,0.067,0.089,0.955,0.768,0.41059,-0.106,-2.7778,"{""1.0"": {""evoked_rate_hz"": 8.33, ""baseline_rate_hz"": 4.44, ""reliability"": 0.067, ""modulation_ratio"": 1.53, ""median_latency_ms"": 1.41}, ""2.5"": {""evoked_rate_hz"": 16.67, ""baseline_rate_hz"": 31.11, ""reliability"": 0.133, ""modulation_ratio"": 0.52, ""median_latency_ms"": 3.58}, ""4.0"": {""evoked_rate_hz"": 0.0, ""baseline_rate_hz"": 0.0, ""reliability"": 0.0, ""modulation_ratio"": 0.0, ""median_latency_ms"": null}}",False,0.167,not light responsive,0.933,Not statistically significant (p=0.4106 >= 0.05); No positive modulation (mod_ratio=0.65 <= 1.0)
721123822,707296982,760213145,950908426,VISp,45,16.296,2.778,0.161,5.868,0.0,0.0,0.022,0.178,1.0,0.0,0.005,-0.378,2.7778,"{""1.0"": {""evoked_rate_hz"": 0.0, ""baseline_rate_hz"": 17.78, ""reliability"": 0.0, ""modulation_ratio"": 0.0, ""median_latency_ms"": null}, ""2.5"": {""evoked_rate_hz"": 0.0, ""baseline_rate_hz"": 13.33, ""reliability"": 0.0, ""modulation_ratio"": 0.0, ""median_latency_ms"": null}, ""4.0"": {""evoked_rate_hz"": 8.33, ""baseline_rate_hz"": 17.78, ""reliability"": 0.067, ""modulation_ratio"": 0.44, ""median_latency_ms"": 5.87}}",False,-0.991,not light responsive,0.95,Not statistically significant (p=0.0050 >= 0.05); No positive modulation (mod_ratio=0.16 <= 1.0); Very low reliability (0.02 < 0.05)
721123822,707296982,760213145,950908424,VISp,45,5.926,38.889,5.615,5.466,2.007,2.691,0.311,0.0,0.705,0.386,0.005,0.493,16.6667,"{""1.0"": {""evoked_rate_hz"": 16.67, ""baseline_rate_hz"": 8.89, ""reliability"": 0.133, ""modulation_ratio"": 1.69, ""median_latency_ms"": 6.27}, ""2.5"": {""evoked_rate_hz"": 33.33, ""baseline_rate_hz"": 4.44, ""reliability"": 0.267, ""modulation_ratio"": 6.12, ""median_latency_ms"": 2.6}, ""4.0"": {""evoked_rate_hz"": 66.67, ""baseline_rate_hz"": 4.44, ""reliability"": 0.533, ""modulation_ratio"": 12.24, ""median_latency_ms"": 5.81}}",False,0.001,putatively directly optotagged,0.639,Passes direct criteria: mod=5.62>2.0; rel=0.31>=0.3; lat=5.47<8.0ms; p=0.0050<0.05
721123822,707296982,760213145,950908422,VISp,45,8.889,8.333,0.843,2.004,1.046,1.013,0.067,0.089,0.955,0.454,0.83716,-0.014,-2.7778,"{""1.0"": {""evoked_rate_hz"": 16.67, ""baseline_rate_hz"": 8.89, ""reliability"": 0.133, ""modulation_ratio"": 1.69, ""median_latency_ms"": 1.72}, ""2.5"": {""evoked_rate_hz"": 0.0, ""baseline_rate_hz"": 8.89, ""reliability"": 0.0, ""modulation_ratio"": 0.0, ""median_latency_ms"": null}, ""4.0"": {""evoked_rate_hz"": 8.33, ""baseline_rate_hz"": 8.89, ""reliability"": 0.067, ""modulation_ratio"": 0.84, ""median_latency_ms"": 3.47}}",False,-0.331,not light responsive,0.933,Not statistically significant (p=0.8372 >= 0.05); No positive modulation (mod_ratio=0.84 <= 1.0)
721123822,707296982,760213145,950908442,VISp,45,0.0,0.0,0.0,,,,0.0,0.0,0.0,,1.0,0.0,0.0,"{""1.0"": {""evoked_rate_hz"": 0.0, ""baseline_rate_hz"": 0.0, ""reliability"": 0.0, ""modulation_ratio"": 0.0, ""median_latency_ms"": null}, ""2.5"": {""evoked_rate_hz"": 0.0, ""baseline_rate_hz"": 0.0, ""reliability"": 0.0, ""modulation_ratio"": 0.0, ""median_latency_ms"": null}, ""4.0"": {""evoked_rate_hz"": 0.0, ""baseline_rate_hz"": 0.0, ""reliability"": 0.0, ""modulation_ratio"": 0.0, ""median_latency_ms"": null}}",False,1.0,insufficient evidence,0.0,Insufficient trial count (<10) or zero spikes recorded
721123822,707296982,760213145,950908438,VISp,45,1.481,0.0,0.0,,,,0.0,0.022,0.0,,1.0,-0.149,0.0,"{""1.0"": {""evoked_rate_hz"": 0.0, ""baseline_rate_hz"": 4.44, ""reliability"": 0.0, ""modulation_ratio"": 0.0, ""median_latency_ms"": null}, ""2.5"": {""evoked_rate_hz"": 0.0, ""baseline_rate_hz"": 0.0, ""reliability"": 0.0, ""modulation_ratio"": 0.0, ""median_latency_ms"": null}, ""4.0"": {""evoked_rate_hz"": 0.0, ""baseline_rate_hz"": 0.0, ""reliability"": 0.0, ""modulation_ratio"": 0.0, ""median_latency_ms"": null}}",False,1.0,not light responsive,0.95,Not statistically significant (p=1.0000 >= 0.05); No positive modulation (mod_ratio=0.00 <= 1.0); Very low reliability (0.00 < 0.05)
721123822,707296982,760213145,950908432,VISp,45,0.0,2.778,2.778,6.488,0.0,0.0,0.022,0.0,1.0,0.0,1.0,0.149,-2.7778,"{""1.0"": {""evoked_rate_hz"": 8.33, ""baseline_rate_hz"": 0.0, ""reliability"": 0.067, ""modulation_ratio"": 8.33, ""median_latency_ms"": 6.49}, ""2.5"": {""evoked_rate_hz"": 0.0, ""baseline_rate_hz"": 0.0, ""reliability"": 0.0, ""modulation_ratio"": 0.0, ""median_latency_ms"": null}, ""4.0"": {""evoked_rate_hz"": 0.0, ""baseline_rate_hz"": 0.0, ""reliability"": 0.0, ""modulation_ratio"": 0.0, ""median_latency_ms"": null}}",False,1.0,not light responsive,0.95,Not statistically significant (p=1.0000 >= 0.05); Very low reliability (0.02 < 0.05)
721123822,707296982,760213145,950908448,VISp,45,2.963,5.556,1.402,5.384,2.917,2.063,0.044,0.044,0.977,0.542,0.77323,0.086,0.0,"{""1.0"": {""evoked_rate_hz"": 8.33, ""baseline_rate_hz"": 0.0, ""reliability"": 0.067, ""modulation_ratio"": 8.33, ""median_latency_ms"": 3.32}, ""2.5"": {""evoked_rate_hz"": 0.0, ""baseline_rate_hz"": 4.44, ""reliability"": 0.0, ""modulation_ratio"": 0.0, ""median_latency_ms"": null}, ""4.0"": {""evoked_rate_hz"": 8.33, ""baseline_rate_hz"": 4.44, ""reliability"": 0.067, ""modulation_ratio"": 1.53, ""median_latency_ms"": 7.45}}",False,-0.991,not light responsive,0.95,Not statistically significant (p=0.7732 >= 0.05); Very low reliability (0.04 < 0.05)
721123822,707296982,760213145,950908446,VISp,45,0.0,0.0,0.0,,,,0.0,0.0,0.0,,1.0,0.0,0.0,"{""1.0"": {""evoked_rate_hz"": 0.0, ""baseline_rate_hz"": 0.0, ""reliability"": 0.0, ""modulation_ratio"": 0.0, ""median_latency_ms"": null}, ""2.5"": {""evoked_rate_hz"": 0.0, ""baseline_rate_hz"": 0.0, ""reliability"": 0.0, ""modulation_ratio"": 0.0, ""median_latency_ms"": null}, ""4.0"": {""evoked_rate_hz"": 0.0, ""baseline_rate_hz"": 0.0, ""reliability"": 0.0, ""modulation_ratio"": 0.0, ""median_latency_ms"": null}}",False,-0.991,insufficient evidence,0.0,Insufficient trial count (<10) or zero spikes recorded
721123822,707296982,760213145,950908444,VISp,45,0.0,0.0,0.0,,,,0.0,0.0,0.0,,1.0,0.0,0.0,"{""1.0"": {""evoked_rate_hz"": 0.0, ""baseline_rate_hz"": 0.0, ""reliability"": 0.0, ""modulation_ratio"": 0.0, ""median_latency_ms"": null}, ""2.5"": {""evoked_rate_hz"": 0.0, ""baseline_rate_hz"": 0.0, ""reliability"": 0.0, ""modulation_ratio"": 0.0, ""median_latency_ms"": null}, ""4.0"": {""evoked_rate_hz"": 0.0, ""baseline_rate_hz"": 0.0, ""reliability"": 0.0, ""modulation_ratio"": 0.0, ""median_latency_ms"": null}}",False,1.0,insufficient evidence,0.0,Insufficient trial count (<10) or zero spikes recorded
721123822,707296982,760213145,950908452,VISp,45,4.444,2.778,0.51,2.561,0.0,0.0,0.022,0.044,1.0,0.0,0.62238,-0.065,-2.7778,"{""1.0"": {""evoked_rate_hz"": 8.33, ""baseline_rate_hz"": 4.44, ""reliability"": 0.067, ""modulation_ratio"": 1.53, ""median_latency_ms"": 2.56}, ""2.5"": {""evoked_rate_hz"": 0.0, ""baseline_rate_hz"": 0.0, ""reliability"": 0.0, ""modulation_ratio"": 0.0, ""median_latency_ms"": null}, ""4.0"": {""evoked_rate_hz"": 0.0, ""baseline_rate_hz"": 8.89, ""reliability"": 0.0, ""modulation_ratio"": 0.0, ""median_latency_ms"": null}}",False,0.004,not light responsive,0.95,Not statistically significant (p=0.6224 >= 0.05); No positive modulation (mod_ratio=0.51 <= 1.0); Very low reliability (0.02 < 0.05)
721123822,707296982,760213145,950908466,VISp,45,4.444,2.778,0.51,4.563,0.0,0.0,0.022,0.022,1.0,0.0,0.64136,-0.065,0.0,"{""1.0"": {""evoked_rate_hz"": 0.0, ""baseline_rate_hz"": 4.44, ""reliability"": 0.0, ""modulation_ratio"": 0.0, ""median_latency_ms"": null}, ""2.5"": {""evoked_rate_hz"": 8.33, ""baseline_rate_hz"": 8.89, ""reliability"": 0.067, ""modulation_ratio"": 0.84, ""median_latency_ms"": 4.56}, ""4.0"": {""evoked_rate_hz"": 0.0, ""baseline_rate_hz"": 0.0, ""reliability"": 0.0, ""modulation_ratio"": 0.0, ""median_latency_ms"": null}}",False,-4.973,not light responsive,0.95,Not statistically significant (p=0.6414 >= 0.05); No positive modulation (mod_ratio=0.51 <= 1.0); Very low reliability (0.02 < 0.05)
721123822,707296982,760213145,950908460,VISp,45,1.481,0.0,0.0,,,,0.0,0.022,0.0,,1.0,-0.149,0.0,"{""1.0"": {""evoked_rate_hz"": 0.0, ""baseline_rate_hz"": 4.44, ""reliability"": 0.0, ""modulation_ratio"": 0.0, ""median_latency_ms"": null}, ""2.5"": {""evoked_rate_hz"": 0.0, ""baseline_rate_hz"": 0.0, ""reliability"": 0.0, ""modulation_ratio"": 0.0, ""median_latency_ms"": null}, ""4.0"": {""evoked_rate_hz"": 0.0, ""baseline_rate_hz"": 0.0, ""reliability"": 0.0, ""modulation_ratio"": 0.0, ""median_latency_ms"": null}}",False,-221.222,not light responsive,0.95,Not statistically significant (p=1.0000 >= 0.05); No positive modulation (mod_ratio=0.00 <= 1.0); Very low reliability (0.00 < 0.05)
721123822,707296982,760213145,950908475,VISp,45,13.333,5.556,0.388,3.09,0.711,0.503,0.044,0.089,0.977,0.23,0.16983,-0.197,0.0,"{""1.0"": {""evoked_rate_hz"": 8.33, ""baseline_rate_hz"": 4.44, ""reliability"": 0.067, ""modulation_ratio"": 1.53, ""median_latency_ms"": 2.59}, ""2.5"": {""evoked_rate_hz"": 0.0, ""baseline_rate_hz"": 22.22, ""reliability"": 0.0, ""modulation_ratio"": 0.0, ""median_latency_ms"": null}, ""4.0"": {""evoked_rate_hz"": 8.33, ""baseline_rate_hz"": 13.33, ""reliability"": 0.067, ""modulation_ratio"": 0.58, ""median_latency_ms"": 3.59}}",False,-0.996,not light responsive,0.95,Not statistically significant (p=0.1698 >= 0.05); No positive modulation (mod_ratio=0.39 <= 1.0); Very low reliability (0.04 < 0.05)
721123822,707296982,760213145,950908802,VISp,45,1.481,2.778,1.119,2.304,0.0,0.0,0.022,0.0,1.0,0.0,1.0,0.061,-2.7778,"{""1.0"": {""evoked_rate_hz"": 8.33, ""baseline_rate_hz"": 4.44, ""reliability"": 0.067, ""modulation_ratio"": 1.53, ""median_latency_ms"": 2.3}, ""2.5"": {""evoked_rate_hz"": 0.0, ""baseline_rate_hz"": 0.0, ""reliability"": 0.0, ""modulation_ratio"": 0.0, ""median_latency_ms"": null}, ""4.0"": {""evoked_rate_hz"": 0.0, ""baseline_rate_hz"": 0.0, ""reliability"": 0.0, ""modulation_ratio"": 0.0, ""median_latency_ms"": null}}",False,0.004,not light responsive,0.95,Not statistically significant (p=1.0000 >= 0.05); Very low reliability (0.02 < 0.05)
721123822,707296982,760213145,950908501,VISp,45,17.778,11.111,0.592,3.581,2.218,2.305,0.089,0.111,0.932,0.514,0.35465,-0.131,-2.7778,"{""1.0"": {""evoked_rate_hz"": 8.33, ""baseline_rate_hz"": 13.33, ""reliability"": 0.067, ""modulation_ratio"": 0.58, ""median_latency_ms"": 2.65}, ""2.5"": {""evoked_rate_hz"": 25.0, ""baseline_rate_hz"": 17.78, ""reliability"": 0.2, ""modulation_ratio"": 1.33, ""median_latency_ms"": 4.32}, ""4.0"": {""evoked_rate_hz"": 0.0, ""baseline_rate_hz"": 22.22, ""reliability"": 0.0, ""modulation_ratio"": 0.0, ""median_latency_ms"": null}}",False,0.251,not light responsive,0.911,Not statistically significant (p=0.3547 >= 0.05); No positive modulation (mod_ratio=0.59 <= 1.0)
721123822,707296982,760213145,950908496,VISp,45,5.926,13.889,2.005,6.548,2.08,3.347,0.111,0.022,0.909,0.357,0.3047,0.173,-5.5556,"{""1.0"": {""evoked_rate_hz"": 25.0, ""baseline_rate_hz"": 0.0, ""reliability"": 0.2, ""modulation_ratio"": 25.0, ""median_latency_ms"": 6.55}, ""2.5"": {""evoked_rate_hz"": 8.33, ""baseline_rate_hz"": 8.89, ""reliability"": 0.067, ""modulation_ratio"": 0.84, ""median_latency_ms"": 7.72}, ""4.0"": {""evoked_rate_hz"": 8.33, ""baseline_rate_hz"": 8.89, ""reliability"": 0.067, ""modulation_ratio"": 0.84, ""median_latency_ms"": 3.07}}",False,0.286,not light responsive,0.889,Not statistically significant (p=0.3047 >= 0.05)
721123822,707296982,760213145,950908489,VISp,45,28.148,5.556,0.191,5.407,3.263,2.307,0.044,0.178,0.977,0.603,0.004,-0.47,-2.7778,"{""1.0"": {""evoked_rate_hz"": 8.33, ""baseline_rate_hz"": 31.11, ""reliability"": 0.067, ""modulation_ratio"": 0.26, ""median_latency_ms"": 7.71}, ""2.5"": {""evoked_rate_hz"": 8.33, ""baseline_rate_hz"": 22.22, ""reliability"": 0.067, ""modulation_ratio"": 0.36, ""median_latency_ms"": 3.1}, ""4.0"": {""evoked_rate_hz"": 0.0, ""baseline_rate_hz"": 31.11, ""reliability"": 0.0, ""modulation_ratio"": 0.0, ""median_latency_ms"": null}}",False,-0.199,not light responsive,0.95,Not statistically significant (p=0.0040 >= 0.05); No positive modulation (mod_ratio=0.19 <= 1.0); Very low reliability (0.04 < 0.05)
721123822,707296982,760213145,950908479,VISp,45,23.704,5.556,0.225,3.54,1.56,1.103,0.044,0.178,0.977,0.441,0.00599,-0.452,5.5556,"{""1.0"": {""evoked_rate_hz"": 0.0, ""baseline_rate_hz"": 17.78, ""reliability"": 0.0, ""modulation_ratio"": 0.0, ""median_latency_ms"": null}, ""2.5"": {""evoked_rate_hz"": 0.0, ""baseline_rate_hz"": 22.22, ""reliability"": 0.0, ""modulation_ratio"": 0.0, ""median_latency_ms"": null}, ""4.0"": {""evoked_rate_hz"": 16.67, ""baseline_rate_hz"": 31.11, ""reliability"": 0.133, ""modulation_ratio"": 0.52, ""median_latency_ms"": 3.54}}",False,-0.249,not light responsive,0.95,Not statistically significant (p=0.0060 >= 0.05); No positive modulation (mod_ratio=0.23 <= 1.0); Very low reliability (0.04 < 0.05)
721123822,707296982,760213145,950908485,VISp,45,2.963,0.0,0.0,,,,0.0,0.022,0.0,,0.50949,-0.213,0.0,"{""1.0"": {""evoked_rate_hz"": 0.0, ""baseline_rate_hz"": 4.44, ""reliability"": 0.0, ""modulation_ratio"": 0.0, ""median_latency_ms"": null}, ""2.5"": {""evoked_rate_hz"": 0.0, ""baseline_rate_hz"": 0.0, ""reliability"": 0.0, ""modulation_ratio"": 0.0, ""median_latency_ms"": null}, ""4.0"": {""evoked_rate_hz"": 0.0, ""baseline_rate_hz"": 4.44, ""reliability"": 0.0, ""modulation_ratio"": 0.0, ""median_latency_ms"": null}}",False,1.0,not light responsive,0.95,Not statistically significant (p=0.5095 >= 0.05); No positive modulation (mod_ratio=0.00 <= 1.0); Very low reliability (0.00 < 0.05)
721123822,707296982,760213145,950908482,VISp,45,19.259,11.111,0.548,2.387,0.623,0.67,0.089,0.133,0.932,0.243,0.31269,-0.158,2.7778,"{""1.0"": {""evoked_rate_hz"": 8.33, ""baseline_rate_hz"": 26.67, ""reliability"": 0.067, ""modulation_ratio"": 0.3, ""median_latency_ms"": 2.6}, ""2.5"": {""evoked_rate_hz"": 8.33, ""baseline_rate_hz"": 22.22, ""reliability"": 0.067, ""modulation_ratio"": 0.36, ""median_latency_ms"": 3.42}, ""4.0"": {""evoked_rate_hz"": 16.67, ""baseline_rate_hz"": 8.89, ""reliability"": 0.133, ""modulation_ratio"": 1.69, ""median_latency_ms"": 2.11}}",False,-0.498,not light responsive,0.911,Not statistically significant (p=0.3127 >= 0.05); No positive modulation (mod_ratio=0.55 <= 1.0)
721123822,707296982,760213145,950908511,VISp,45,11.852,5.556,0.432,2.517,1.099,0.777,0.044,0.044,0.977,0.437,0.21479,-0.164,5.5556,"{""1.0"": {""evoked_rate_hz"": 0.0, ""baseline_rate_hz"": 13.33, ""reliability"": 0.0, ""modulation_ratio"": 0.0, ""median_latency_ms"": null}, ""2.5"": {""evoked_rate_hz"": 0.0, ""baseline_rate_hz"": 13.33, ""reliability"": 0.0, ""modulation_ratio"": 0.0, ""median_latency_ms"": null}, ""4.0"": {""evoked_rate_hz"": 16.67, ""baseline_rate_hz"": 8.89, ""reliability"": 0.133, ""modulation_ratio"": 1.69, ""median_latency_ms"": 2.52}}",False,0.001,not light responsive,0.95,Not statistically significant (p=0.2148 >= 0.05); No positive modulation (mod_ratio=0.43 <= 1.0); Very low reliability (0.04 < 0.05)
721123822,707296982,760213145,950908507,VISp,45,14.815,11.111,0.703,2.274,1.214,1.892,0.089,0.156,0.932,0.536,0.56244,-0.075,2.7778,"{""1.0"": {""evoked_rate_hz"": 8.33, ""baseline_rate_hz"": 17.78, ""reliability"": 0.067, ""modulation_ratio"": 0.44, ""median_latency_ms"": 3.13}, ""2.5"": {""evoked_rate_hz"": 8.33, ""baseline_rate_hz"": 13.33, ""reliability"": 0.067, ""modulation_ratio"": 0.58, ""median_latency_ms"": 1.42}, ""4.0"": {""evoked_rate_hz"": 16.67, ""baseline_rate_hz"": 13.33, ""reliability"": 0.133, ""modulation_ratio"": 1.16, ""median_latency_ms"": 2.25}}",False,-0.399,not light responsive,0.911,Not statistically significant (p=0.5624 >= 0.05); No positive modulation (mod_ratio=0.70 <= 1.0)
721123822,707296982,760213145,950908504,VISp,45,16.296,13.889,0.803,2.811,2.993,3.004,0.111,0.133,0.909,0.722,0.72328,-0.045,-5.5556,"{""1.0"": {""evoked_rate_hz"": 25.0, ""baseline_rate_hz"": 4.44, ""reliability"": 0.2, ""modulation_ratio"": 4.59, ""median_latency_ms"": 2.81}, ""2.5"": {""evoked_rate_hz"": 8.33, ""baseline_rate_hz"": 22.22, ""reliability"": 0.067, ""modulation_ratio"": 0.36, ""median_latency_ms"": 2.48}, ""4.0"": {""evoked_rate_hz"": 8.33, ""baseline_rate_hz"": 22.22, ""reliability"": 0.067, ""modulation_ratio"": 0.36, ""median_latency_ms"": 5.48}}",False,-0.991,not light responsive,0.889,Not statistically significant (p=0.7233 >= 0.05); No positive modulation (mod_ratio=0.80 <= 1.0)
721123822,707296982,760213145,950908525,VISp,45,11.852,5.556,0.432,4.429,3.384,2.393,0.044,0.067,0.977,0.764,0.16683,-0.19,0.0,"{""1.0"": {""evoked_rate_hz"": 8.33, ""baseline_rate_hz"": 4.44, ""reliability"": 0.067, ""modulation_ratio"": 1.53, ""median_latency_ms"": 6.82}, ""2.5"": {""evoked_rate_hz"": 0.0, ""baseline_rate_hz"": 13.33, ""reliability"": 0.0, ""modulation_ratio"": 0.0, ""median_latency_ms"": null}, ""4.0"": {""evoked_rate_hz"": 8.33, ""baseline_rate_hz"": 17.78, ""reliability"": 0.067, ""modulation_ratio"": 0.44, ""median_latency_ms"": 2.04}}",False,1.0,not light responsive,0.95,Not statistically significant (p=0.1668 >= 0.05); No positive modulation (mod_ratio=0.43 <= 1.0); Very low reliability (0.04 < 0.05)
721123822,707296982,760213145,950908518,VISp,45,10.37,8.333,0.733,2.59,0.667,0.63,0.067,0.089,0.955,0.234,0.64436,-0.048,-2.7778,"{""1.0"": {""evoked_rate_hz"": 8.33, ""baseline_rate_hz"": 4.44, ""reliability"": 0.067, ""modulation_ratio"": 1.53, ""median_latency_ms"": 2.34}, ""2.5"": {""evoked_rate_hz"": 16.67, ""baseline_rate_hz"": 22.22, ""reliability"": 0.133, ""modulation_ratio"": 0.72, ""median_latency_ms"": 3.1}, ""4.0"": {""evoked_rate_hz"": 0.0, ""baseline_rate_hz"": 4.44, ""reliability"": 0.0, ""modulation_ratio"": 0.0, ""median_latency_ms"": null}}",False,0.5,not light responsive,0.933,Not statistically significant (p=0.6444 >= 0.05); No positive modulation (mod_ratio=0.73 <= 1.0)
721123822,707296982,760213145,950908547,VISp,45,17.778,66.667,3.55,5.964,1.699,2.946,0.511,0.111,0.562,0.298,0.001,0.72,22.2222,"{""1.0"": {""evoked_rate_hz"": 25.0, ""baseline_rate_hz"": 17.78, ""reliability"": 0.2, ""modulation_ratio"": 1.33, ""median_latency_ms"": 5.96}, ""2.5"": {""evoked_rate_hz"": 83.33, ""baseline_rate_hz"": 8.89, ""reliability"": 0.667, ""modulation_ratio"": 8.43, ""median_latency_ms"": 5.23}, ""4.0"": {""evoked_rate_hz"": 91.67, ""baseline_rate_hz"": 26.67, ""reliability"": 0.667, ""modulation_ratio"": 3.31, ""median_latency_ms"": 6.5}}",False,-0.998,putatively directly optotagged,0.718,Passes direct criteria: mod=3.55>2.0; rel=0.51>=0.3; lat=5.96<8.0ms; p=0.0010<0.05
721123822,707296982,760213145,950908544,VISp,45,16.296,5.556,0.321,1.603,0.454,0.321,0.044,0.133,0.977,0.283,0.06394,-0.26,2.7778,"{""1.0"": {""evoked_rate_hz"": 0.0, ""baseline_rate_hz"": 17.78, ""reliability"": 0.0, ""modulation_ratio"": 0.0, ""median_latency_ms"": null}, ""2.5"": {""evoked_rate_hz"": 8.33, ""baseline_rate_hz"": 4.44, ""reliability"": 0.067, ""modulation_ratio"": 1.53, ""median_latency_ms"": 1.92}, ""4.0"": {""evoked_rate_hz"": 8.33, ""baseline_rate_hz"": 26.67, ""reliability"": 0.067, ""modulation_ratio"": 0.3, ""median_latency_ms"": 1.28}}",False,0.667,not light responsive,0.95,Not statistically significant (p=0.0639 >= 0.05); No positive modulation (mod_ratio=0.32 <= 1.0); Very low reliability (0.04 < 0.05)
721123822,707296982,760213145,950908583,VISp,45,1.481,0.0,0.0,,,,0.0,0.0,0.0,,1.0,-0.149,0.0,"{""1.0"": {""evoked_rate_hz"": 0.0, ""baseline_rate_hz"": 0.0, ""reliability"": 0.0, ""modulation_ratio"": 0.0, ""median_latency_ms"": null}, ""2.5"": {""evoked_rate_hz"": 0.0, ""baseline_rate_hz"": 0.0, ""reliability"": 0.0, ""modulation_ratio"": 0.0, ""median_latency_ms"": null}, ""4.0"": {""evoked_rate_hz"": 0.0, ""baseline_rate_hz"": 4.44, ""reliability"": 0.0, ""modulation_ratio"": 0.0, ""median_latency_ms"": null}}",False,-443.444,not light responsive,0.95,Not statistically significant (p=1.0000 >= 0.05); No positive modulation (mod_ratio=0.00 <= 1.0); Very low reliability (0.00 < 0.05)
721123822,707296982,760213145,950908555,VISp,45,14.815,2.778,0.176,2.881,0.0,0.0,0.022,0.089,1.0,0.0,0.02298,-0.345,-2.7778,"{""1.0"": {""evoked_rate_hz"": 8.33, ""baseline_rate_hz"": 13.33, ""reliability"": 0.067, ""modulation_ratio"": 0.58, ""median_latency_ms"": 2.88}, ""2.5"": {""evoked_rate_hz"": 0.0, ""baseline_rate_hz"": 26.67, ""reliability"": 0.0, ""modulation_ratio"": 0.0, ""median_latency_ms"": null}, ""4.0"": {""evoked_rate_hz"": 0.0, ""baseline_rate_hz"": 4.44, ""reliability"": 0.0, ""modulation_ratio"": 0.0, ""median_latency_ms"": null}}",False,0.002,not light responsive,0.95,Not statistically significant (p=0.0230 >= 0.05); No positive modulation (mod_ratio=0.18 <= 1.0); Very low reliability (0.02 < 0.05)
721123822,707296982,760213145,950908551,VISp,45,13.333,8.333,0.581,4.654,2.38,2.371,0.067,0.111,0.955,0.487,0.39361,-0.113,-5.5556,"{""1.0"": {""evoked_rate_hz"": 16.67, ""baseline_rate_hz"": 17.78, ""reliability"": 0.133, ""modulation_ratio"": 0.89, ""median_latency_ms"": 6.01}, ""2.5"": {""evoked_rate_hz"": 8.33, ""baseline_rate_hz"": 13.33, ""reliability"": 0.067, ""modulation_ratio"": 0.58, ""median_latency_ms"": 2.63}, ""4.0"": {""evoked_rate_hz"": 0.0, ""baseline_rate_hz"": 8.89, ""reliability"": 0.0, ""modulation_ratio"": 0.0, ""median_latency_ms"": null}}",False,-0.996,not light responsive,0.933,Not statistically significant (p=0.3936 >= 0.05); No positive modulation (mod_ratio=0.58 <= 1.0)
721123822,707296982,760213145,950908591,VISp,45,1.481,11.111,4.478,5.078,1.228,1.982,0.089,0.022,0.932,0.243,0.13387,0.255,5.5556,"{""1.0"": {""evoked_rate_hz"": 0.0, ""baseline_rate_hz"": 0.0, ""reliability"": 0.0, ""modulation_ratio"": 0.0, ""median_latency_ms"": null}, ""2.5"": {""evoked_rate_hz"": 16.67, ""baseline_rate_hz"": 0.0, ""reliability"": 0.133, ""modulation_ratio"": 16.67, ""median_latency_ms"": 5.19}, ""4.0"": {""evoked_rate_hz"": 16.67, ""baseline_rate_hz"": 4.44, ""reliability"": 0.133, ""modulation_ratio"": 3.06, ""median_latency_ms"": 4.93}}",False,1.0,not light responsive,0.911,Not statistically significant (p=0.1339 >= 0.05)
721123822,707296982,760213145,950908621,VISp,45,7.407,0.0,0.0,,,,0.0,0.111,0.0,,0.06593,-0.35,0.0,"{""1.0"": {""evoked_rate_hz"": 0.0, ""baseline_rate_hz"": 13.33, ""reliability"": 0.0, ""modulation_ratio"": 0.0, ""median_latency_ms"": null}, ""2.5"": {""evoked_rate_hz"": 0.0, ""baseline_rate_hz"": 4.44, ""reliability"": 0.0, ""modulation_ratio"": 0.0, ""median_latency_ms"": null}, ""4.0"": {""evoked_rate_hz"": 0.0, ""baseline_rate_hz"": 4.44, ""reliability"": 0.0, ""modulation_ratio"": 0.0, ""median_latency_ms"": null}}",False,-665.667,not light responsive,0.95,Not statistically significant (p=0.0659 >= 0.05); No positive modulation (mod_ratio=0.00 <= 1.0); Very low reliability (0.00 < 0.05)
721123822,707296982,760213145,950908657,VISp,45,8.889,0.0,0.0,,,,0.0,0.044,0.0,,0.07892,-0.33,0.0,"{""1.0"": {""evoked_rate_hz"": 0.0, ""baseline_rate_hz"": 4.44, ""reliability"": 0.0, ""modulation_ratio"": 0.0, ""median_latency_ms"": null}, ""2.5"": {""evoked_rate_hz"": 0.0, ""baseline_rate_hz"": 13.33, ""reliability"": 0.0, ""modulation_ratio"": 0.0, ""median_latency_ms"": null}, ""4.0"": {""evoked_rate_hz"": 0.0, ""baseline_rate_hz"": 8.89, ""reliability"": 0.0, ""modulation_ratio"": 0.0, ""median_latency_ms"": null}}",False,0.501,not light responsive,0.95,Not statistically significant (p=0.0789 >= 0.05); No positive modulation (mod_ratio=0.00 <= 1.0); Very low reliability (0.00 < 0.05)
721123822,707296982,760213145,950908653,VISp,45,0.0,0.0,0.0,,,,0.0,0.0,0.0,,1.0,0.0,0.0,"{""1.0"": {""evoked_rate_hz"": 0.0, ""baseline_rate_hz"": 0.0, ""reliability"": 0.0, ""modulation_ratio"": 0.0, ""median_latency_ms"": null}, ""2.5"": {""evoked_rate_hz"": 0.0, ""baseline_rate_hz"": 0.0, ""reliability"": 0.0, ""modulation_ratio"": 0.0, ""median_latency_ms"": null}, ""4.0"": {""evoked_rate_hz"": 0.0, ""baseline_rate_hz"": 0.0, ""reliability"": 0.0, ""modulation_ratio"": 0.0, ""median_latency_ms"": null}}",False,1.0,insufficient evidence,0.0,Insufficient trial count (<10) or zero spikes recorded
721123822,707296982,760213147,950908977,LGv,45,0.0,0.0,0.0,,,,0.0,0.0,0.0,,1.0,0.0,0.0,"{""1.0"": {""evoked_rate_hz"": 0.0, ""baseline_rate_hz"": 0.0, ""reliability"": 0.0, ""modulation_ratio"": 0.0, ""median_latency_ms"": null}, ""2.5"": {""evoked_rate_hz"": 0.0, ""baseline_rate_hz"": 0.0, ""reliability"": 0.0, ""modulation_ratio"": 0.0, ""median_latency_ms"": null}, ""4.0"": {""evoked_rate_hz"": 0.0, ""baseline_rate_hz"": 0.0, ""reliability"": 0.0, ""modulation_ratio"": 0.0, ""median_latency_ms"": null}}",False,0.501,insufficient evidence,0.0,Insufficient trial count (<10) or zero spikes recorded
721123822,707296982,760213147,950909020,LGv,45,32.593,38.889,1.158,6.348,2.41,4.52,0.311,0.311,0.705,0.418,0.47752,0.098,11.1111,"{""1.0"": {""evoked_rate_hz"": 16.67, ""baseline_rate_hz"": 31.11, ""reliability"": 0.133, ""modulation_ratio"": 0.52, ""median_latency_ms"": 5.71}, ""2.5"": {""evoked_rate_hz"": 50.0, ""baseline_rate_hz"": 26.67, ""reliability"": 0.4, ""modulation_ratio"": 1.81, ""median_latency_ms"": 5.18}, ""4.0"": {""evoked_rate_hz"": 50.0, ""baseline_rate_hz"": 40.0, ""reliability"": 0.4, ""modulation_ratio"": 1.22, ""median_latency_ms"": 6.65}}",False,0.177,not light responsive,0.689,Not statistically significant (p=0.4775 >= 0.05)
721123822,707296982,760213147,950909024,LGv,45,0.0,0.0,0.0,,,,0.0,0.0,0.0,,1.0,0.0,0.0,"{""1.0"": {""evoked_rate_hz"": 0.0, ""baseline_rate_hz"": 0.0, ""reliability"": 0.0, ""modulation_ratio"": 0.0, ""median_latency_ms"": null}, ""2.5"": {""evoked_rate_hz"": 0.0, ""baseline_rate_hz"": 0.0, ""reliability"": 0.0, ""modulation_ratio"": 0.0, ""median_latency_ms"": null}, ""4.0"": {""evoked_rate_hz"": 0.0, ""baseline_rate_hz"": 0.0, ""reliability"": 0.0, ""modulation_ratio"": 0.0, ""median_latency_ms"": null}}",False,1.0,insufficient evidence,0.0,Insufficient trial count (<10) or zero spikes recorded
721123822,707296982,760213147,950909049,LGv,45,20.741,13.889,0.639,4.02,2.213,1.824,0.111,0.111,0.909,0.562,0.39061,-0.13,0.0,"{""1.0"": {""evoked_rate_hz"": 8.33, ""baseline_rate_hz"": 22.22, ""reliability"": 0.067, ""modulation_ratio"": 0.36, ""median_latency_ms"": 4.02}, ""2.5"": {""evoked_rate_hz"": 25.0, ""baseline_rate_hz"": 22.22, ""reliability"": 0.2, ""modulation_ratio"": 1.08, ""median_latency_ms"": 2.24}, ""4.0"": {""evoked_rate_hz"": 8.33, ""baseline_rate_hz"": 17.78, ""reliability"": 0.067, ""modulation_ratio"": 0.44, ""median_latency_ms"": 7.47}}",False,0.501,not light responsive,0.889,Not statistically significant (p=0.3906 >= 0.05); No positive modulation (mod_ratio=0.64 <= 1.0)
721123822,707296982,760213147,950909636,LGv,45,7.407,2.778,0.33,1.293,0.0,0.0,0.022,0.022,1.0,0.0,0.13187,-0.216,2.7778,"{""1.0"": {""evoked_rate_hz"": 0.0, ""baseline_rate_hz"": 4.44, ""reliability"": 0.0, ""modulation_ratio"": 0.0, ""median_latency_ms"": null}, ""2.5"": {""evoked_rate_hz"": 0.0, ""baseline_rate_hz"": 8.89, ""reliability"": 0.0, ""modulation_ratio"": 0.0, ""median_latency_ms"": null}, ""4.0"": {""evoked_rate_hz"": 8.33, ""baseline_rate_hz"": 8.89, ""reliability"": 0.067, ""modulation_ratio"": 0.84, ""median_latency_ms"": 1.29}}",False,0.004,not light responsive,0.95,Not statistically significant (p=0.1319 >= 0.05); No positive modulation (mod_ratio=0.33 <= 1.0); Very low reliability (0.02 < 0.05)
721123822,707296982,760213147,950909070,LGv,45,47.407,44.444,0.918,4.295,2.354,4.013,0.333,0.378,0.787,0.48,0.82118,-0.039,5.5556,"{""1.0"": {""evoked_rate_hz"": 41.67, ""baseline_rate_hz"": 53.33, ""reliability"": 0.333, ""modulation_ratio"": 0.77, ""median_latency_ms"": 7.08}, ""2.5"": {""evoked_rate_hz"": 33.33, ""baseline_rate_hz"": 53.33, ""reliability"": 0.267, ""modulation_ratio"": 0.61, ""median_latency_ms"": 5.05}, ""4.0"": {""evoked_rate_hz"": 58.33, ""baseline_rate_hz"": 35.56, ""reliability"": 0.4, ""modulation_ratio"": 1.6, ""median_latency_ms"": 3.06}}",False,-0.142,not light responsive,0.667,Not statistically significant (p=0.8212 >= 0.05); No positive modulation (mod_ratio=0.92 <= 1.0)
721123822,707296982,760213147,950909077,LGv,45,8.889,8.333,0.843,3.987,2.786,2.713,0.067,0.089,0.955,0.591,0.81718,-0.015,-5.5556,"{""1.0"": {""evoked_rate_hz"": 16.67, ""baseline_rate_hz"": 8.89, ""reliability"": 0.133, ""modulation_ratio"": 1.69, ""median_latency_ms"": 3.18}, ""2.5"": {""evoked_rate_hz"": 8.33, ""baseline_rate_hz"": 8.89, ""reliability"": 0.067, ""modulation_ratio"": 0.84, ""median_latency_ms"": 7.79}, ""4.0"": {""evoked_rate_hz"": 0.0, ""baseline_rate_hz"": 8.89, ""reliability"": 0.0, ""modulation_ratio"": 0.0, ""median_latency_ms"": null}}",False,1.0,not light responsive,0.933,Not statistically significant (p=0.8172 >= 0.05); No positive modulation (mod_ratio=0.84 <= 1.0)
721123822,707296982,760213147,950909091,LGv,45,34.074,27.778,0.792,5.458,2.29,3.636,0.178,0.178,1.205,0.447,0.63836,-0.082,-11.1111,"{""1.0"": {""evoked_rate_hz"": 50.0, ""baseline_rate_hz"": 26.67, ""reliability"": 0.333, ""modulation_ratio"": 1.81, ""median_latency_ms"": 4.61}, ""2.5"": {""evoked_rate_hz"": 16.67, ""baseline_rate_hz"": 22.22, ""reliability"": 0.067, ""modulation_ratio"": 0.72, ""median_latency_ms"": 1.81}, ""4.0"": {""evoked_rate_hz"": 16.67, ""baseline_rate_hz"": 53.33, ""reliability"": 0.133, ""modulation_ratio"": 0.31, ""median_latency_ms"": 7.16}}",False,0.084,not light responsive,0.822,Not statistically significant (p=0.6384 >= 0.05); No positive modulation (mod_ratio=0.79 <= 1.0)
721123822,707296982,760213147,950909574,LGv,45,2.963,5.556,1.402,3.131,0.804,0.568,0.044,0.044,0.977,0.257,0.73726,0.086,0.0,"{""1.0"": {""evoked_rate_hz"": 8.33, ""baseline_rate_hz"": 4.44, ""reliability"": 0.067, ""modulation_ratio"": 1.53, ""median_latency_ms"": 3.7}, ""2.5"": {""evoked_rate_hz"": 0.0, ""baseline_rate_hz"": 4.44, ""reliability"": 0.0, ""modulation_ratio"": 0.0, ""median_latency_ms"": null}, ""4.0"": {""evoked_rate_hz"": 8.33, ""baseline_rate_hz"": 0.0, ""reliability"": 0.067, ""modulation_ratio"": 8.33, ""median_latency_ms"": 2.56}}",False,0.667,not light responsive,0.95,Not statistically significant (p=0.7373 >= 0.05); Very low reliability (0.04 < 0.05)
721123822,707296982,760213147,950909103,LGv,45,0.0,0.0,0.0,,,,0.0,0.0,0.0,,1.0,0.0,0.0,"{""1.0"": {""evoked_rate_hz"": 0.0, ""baseline_rate_hz"": 0.0, ""reliability"": 0.0, ""modulation_ratio"": 0.0, ""median_latency_ms"": null}, ""2.5"": {""evoked_rate_hz"": 0.0, ""baseline_rate_hz"": 0.0, ""reliability"": 0.0, ""modulation_ratio"": 0.0, ""median_latency_ms"": null}, ""4.0"": {""evoked_rate_hz"": 0.0, ""baseline_rate_hz"": 0.0, ""reliability"": 0.0, ""modulation_ratio"": 0.0, ""median_latency_ms"": null}}",False,1.0,insufficient evidence,0.0,Insufficient trial count (<10) or zero spikes recorded
721123822,707296982,760213147,950909121,LGv,45,32.593,13.889,0.413,5.16,3.442,5.794,0.111,0.244,0.909,0.637,0.01898,-0.372,2.7778,"{""1.0"": {""evoked_rate_hz"": 8.33, ""baseline_rate_hz"": 13.33, ""reliability"": 0.067, ""modulation_ratio"": 0.58, ""median_latency_ms"": 1.19}, ""2.5"": {""evoked_rate_hz"": 16.67, ""baseline_rate_hz"": 53.33, ""reliability"": 0.133, ""modulation_ratio"": 0.31, ""median_latency_ms"": 4.06}, ""4.0"": {""evoked_rate_hz"": 16.67, ""baseline_rate_hz"": 31.11, ""reliability"": 0.133, ""modulation_ratio"": 0.52, ""median_latency_ms"": 8.84}}",False,0.182,not light responsive,0.889,Not statistically significant (p=0.0190 >= 0.05); No positive modulation (mod_ratio=0.41 <= 1.0)
721123822,707296982,760213147,950909583,CA3,45,17.778,16.667,0.888,5.376,1.904,2.079,0.133,0.133,0.886,0.332,0.86513,-0.019,8.3333,"{""1.0"": {""evoked_rate_hz"": 8.33, ""baseline_rate_hz"": 17.78, ""reliability"": 0.067, ""modulation_ratio"": 0.44, ""median_latency_ms"": 7.5}, ""2.5"": {""evoked_rate_hz"": 8.33, ""baseline_rate_hz"": 22.22, ""reliability"": 0.067, ""modulation_ratio"": 0.36, ""median_latency_ms"": 8.29}, ""4.0"": {""evoked_rate_hz"": 33.33, ""baseline_rate_hz"": 13.33, ""reliability"": 0.267, ""modulation_ratio"": 2.33, ""median_latency_ms"": 5.02}}",False,0.6,not light responsive,0.867,Not statistically significant (p=0.8651 >= 0.05); No positive modulation (mod_ratio=0.89 <= 1.0)
721123822,707296982,760213147,950909164,CA3,45,35.556,13.889,0.38,4.538,2.291,3.599,0.111,0.2,0.909,0.567,0.005,-0.439,0.0,"{""1.0"": {""evoked_rate_hz"": 16.67, ""baseline_rate_hz"": 35.56, ""reliability"": 0.133, ""modulation_ratio"": 0.46, ""median_latency_ms"": 5.08}, ""2.5"": {""evoked_rate_hz"": 8.33, ""baseline_rate_hz"": 22.22, ""reliability"": 0.067, ""modulation_ratio"": 0.36, ""median_latency_ms"": 1.34}, ""4.0"": {""evoked_rate_hz"": 16.67, ""baseline_rate_hz"": 48.89, ""reliability"": 0.133, ""modulation_ratio"": 0.33, ""median_latency_ms"": 4.35}}",False,0.25,not light responsive,0.889,Not statistically significant (p=0.0050 >= 0.05); No positive modulation (mod_ratio=0.38 <= 1.0)
721123822,707296982,760213147,950909160,CA3,45,8.889,5.556,0.562,1.15,0.212,0.15,0.044,0.044,0.977,0.184,0.37762,-0.11,2.7778,"{""1.0"": {""evoked_rate_hz"": 0.0, ""baseline_rate_hz"": 4.44, ""reliability"": 0.0, ""modulation_ratio"": 0.0, ""median_latency_ms"": null}, ""2.5"": {""evoked_rate_hz"": 8.33, ""baseline_rate_hz"": 4.44, ""reliability"": 0.067, ""modulation_ratio"": 1.53, ""median_latency_ms"": 1.0}, ""4.0"": {""evoked_rate_hz"": 8.33, ""baseline_rate_hz"": 17.78, ""reliability"": 0.067, ""modulation_ratio"": 0.44, ""median_latency_ms"": 1.3}}",False,0.501,not light responsive,0.95,Not statistically significant (p=0.3776 >= 0.05); No positive modulation (mod_ratio=0.56 <= 1.0); Very low reliability (0.04 < 0.05)
721123822,707296982,760213147,950909206,CA1,45,0.0,11.111,11.111,5.295,0.77,0.617,0.089,0.0,0.932,0.151,0.11389,0.309,0.0,"{""1.0"": {""evoked_rate_hz"": 8.33, ""baseline_rate_hz"": 0.0, ""reliability"": 0.067, ""modulation_ratio"": 8.33, ""median_latency_ms"": 5.8}, ""2.5"": {""evoked_rate_hz"": 16.67, ""baseline_rate_hz"": 0.0, ""reliability"": 0.133, ""modulation_ratio"": 16.67, ""median_latency_ms"": 4.71}, ""4.0"": {""evoked_rate_hz"": 8.33, ""baseline_rate_hz"": 0.0, ""reliability"": 0.067, ""modulation_ratio"": 8.33, ""median_latency_ms"": 5.18}}",False,0.6,not light responsive,0.911,Not statistically significant (p=0.1139 >= 0.05)
721123822,707296982,760213147,950909224,CA1,45,2.963,5.556,1.402,3.489,1.63,1.152,0.044,0.022,0.977,0.467,0.72627,0.086,2.7778,"{""1.0"": {""evoked_rate_hz"": 0.0, ""baseline_rate_hz"": 4.44, ""reliability"": 0.0, ""modulation_ratio"": 0.0, ""median_latency_ms"": null}, ""2.5"": {""evoked_rate_hz"": 8.33, ""baseline_rate_hz"": 0.0, ""reliability"": 0.067, ""modulation_ratio"": 8.33, ""median_latency_ms"": 4.64}, ""4.0"": {""evoked_rate_hz"": 8.33, ""baseline_rate_hz"": 4.44, ""reliability"": 0.067, ""modulation_ratio"": 1.53, ""median_latency_ms"": 2.34}}",False,0.572,not light responsive,0.95,Not statistically significant (p=0.7263 >= 0.05); Very low reliability (0.04 < 0.05)
721123822,707296982,760213147,950909222,CA1,45,4.444,2.778,0.51,8.011,0.0,0.0,0.022,0.044,1.0,0.0,0.75425,-0.057,-2.7778,"{""1.0"": {""evoked_rate_hz"": 8.33, ""baseline_rate_hz"": 8.89, ""reliability"": 0.067, ""modulation_ratio"": 0.84, ""median_latency_ms"": 8.01}, ""2.5"": {""evoked_rate_hz"": 0.0, ""baseline_rate_hz"": 4.44, ""reliability"": 0.0, ""modulation_ratio"": 0.0, ""median_latency_ms"": null}, ""4.0"": {""evoked_rate_hz"": 0.0, ""baseline_rate_hz"": 0.0, ""reliability"": 0.0, ""modulation_ratio"": 0.0, ""median_latency_ms"": null}}",False,-0.991,not light responsive,0.95,Not statistically significant (p=0.7542 >= 0.05); No positive modulation (mod_ratio=0.51 <= 1.0); Very low reliability (0.02 < 0.05)
721123822,707296982,760213147,950909232,CA1,45,17.778,16.667,0.888,4.877,1.633,1.658,0.133,0.156,0.886,0.376,0.83516,-0.021,5.5556,"{""1.0"": {""evoked_rate_hz"": 8.33, ""baseline_rate_hz"": 26.67, ""reliability"": 0.067, ""modulation_ratio"": 0.3, ""median_latency_ms"": 4.89}, ""2.5"": {""evoked_rate_hz"": 16.67, ""baseline_rate_hz"": 13.33, ""reliability"": 0.133, ""modulation_ratio"": 1.16, ""median_latency_ms"": 3.54}, ""4.0"": {""evoked_rate_hz"": 25.0, ""baseline_rate_hz"": 13.33, ""reliability"": 0.2, ""modulation_ratio"": 1.74, ""median_latency_ms"": 4.87}}",False,-0.199,not light responsive,0.867,Not statistically significant (p=0.8352 >= 0.05); No positive modulation (mod_ratio=0.89 <= 1.0)
721123822,707296982,760213147,950909230,CA1,45,22.222,19.444,0.837,5.978,2.171,2.895,0.156,0.2,0.864,0.365,0.73327,-0.052,8.3333,"{""1.0"": {""evoked_rate_hz"": 8.33, ""baseline_rate_hz"": 13.33, ""reliability"": 0.067, ""modulation_ratio"": 0.58, ""median_latency_ms"": 7.48}, ""2.5"": {""evoked_rate_hz"": 16.67, ""baseline_rate_hz"": 40.0, ""reliability"": 0.133, ""modulation_ratio"": 0.41, ""median_latency_ms"": 5.71}, ""4.0"": {""evoked_rate_hz"": 33.33, ""baseline_rate_hz"": 13.33, ""reliability"": 0.267, ""modulation_ratio"": 2.33, ""median_latency_ms"": 5.65}}",False,0.167,not light responsive,0.844,Not statistically significant (p=0.7333 >= 0.05); No positive modulation (mod_ratio=0.84 <= 1.0)
721123822,707296982,760213147,950909248,CA1,45,7.407,5.556,0.661,3.449,0.262,0.185,0.044,0.044,0.977,0.076,0.67133,-0.049,0.0,"{""1.0"": {""evoked_rate_hz"": 8.33, ""baseline_rate_hz"": 4.44, ""reliability"": 0.067, ""modulation_ratio"": 1.53, ""median_latency_ms"": 3.63}, ""2.5"": {""evoked_rate_hz"": 0.0, ""baseline_rate_hz"": 4.44, ""reliability"": 0.0, ""modulation_ratio"": 0.0, ""median_latency_ms"": null}, ""4.0"": {""evoked_rate_hz"": 8.33, ""baseline_rate_hz"": 13.33, ""reliability"": 0.067, ""modulation_ratio"": 0.58, ""median_latency_ms"": 3.26}}",False,0.251,not light responsive,0.95,Not statistically significant (p=0.6713 >= 0.05); No positive modulation (mod_ratio=0.66 <= 1.0); Very low reliability (0.04 < 0.05)
721123822,707296982,760213147,950909254,CA1,45,22.222,25.0,1.077,5.177,2.4,3.72,0.178,0.067,1.045,0.539,0.75624,0.043,0.0,"{""1.0"": {""evoked_rate_hz"": 16.67, ""baseline_rate_hz"": 26.67, ""reliability"": 0.133, ""modulation_ratio"": 0.6, ""median_latency_ms"": 5.18}, ""2.5"": {""evoked_rate_hz"": 41.67, ""baseline_rate_hz"": 22.22, ""reliability"": 0.267, ""modulation_ratio"": 1.79, ""median_latency_ms"": 1.98}, ""4.0"": {""evoked_rate_hz"": 16.67, ""baseline_rate_hz"": 17.78, ""reliability"": 0.133, ""modulation_ratio"": 0.89, ""median_latency_ms"": 7.04}}",False,-3.66,not light responsive,0.822,Not statistically significant (p=0.7562 >= 0.05)
721123822,707296982,760213147,950909262,CA1,45,25.185,38.889,1.485,4.768,1.837,2.601,0.289,0.2,0.851,0.427,0.08691,0.254,-5.5556,"{""1.0"": {""evoked_rate_hz"": 50.0, ""baseline_rate_hz"": 17.78, ""reliability"": 0.333, ""modulation_ratio"": 2.66, ""median_latency_ms"": 4.77}, ""2.5"": {""evoked_rate_hz"": 33.33, ""baseline_rate_hz"": 26.67, ""reliability"": 0.267, ""modulation_ratio"": 1.2, ""median_latency_ms"": 3.06}, ""4.0"": {""evoked_rate_hz"": 33.33, ""baseline_rate_hz"": 31.11, ""reliability"": 0.267, ""modulation_ratio"": 1.04, ""median_latency_ms"": 6.33}}",False,0.081,not light responsive,0.711,Not statistically significant (p=0.0869 >= 0.05)
721123822,707296982,760213147,950909297,VISl,45,4.444,0.0,0.0,,,,0.0,0.044,0.0,,0.25275,-0.264,0.0,"{""1.0"": {""evoked_rate_hz"": 0.0, ""baseline_rate_hz"": 4.44, ""reliability"": 0.0, ""modulation_ratio"": 0.0, ""median_latency_ms"": null}, ""2.5"": {""evoked_rate_hz"": 0.0, ""baseline_rate_hz"": 4.44, ""reliability"": 0.0, ""modulation_ratio"": 0.0, ""median_latency_ms"": null}, ""4.0"": {""evoked_rate_hz"": 0.0, ""baseline_rate_hz"": 4.44, ""reliability"": 0.0, ""modulation_ratio"": 0.0, ""median_latency_ms"": null}}",False,0.667,not light responsive,0.95,Not statistically significant (p=0.2527 >= 0.05); No positive modulation (mod_ratio=0.00 <= 1.0); Very low reliability (0.00 < 0.05)
721123822,707296982,760213147,950909294,VISl,45,11.852,13.889,1.081,3.656,2.327,3.64,0.111,0.111,0.909,0.548,0.84216,0.042,5.5556,"{""1.0"": {""evoked_rate_hz"": 0.0, ""baseline_rate_hz"": 8.89, ""reliability"": 0.0, ""modulation_ratio"": 0.0, ""median_latency_ms"": null}, ""2.5"": {""evoked_rate_hz"": 25.0, ""baseline_rate_hz"": 13.33, ""reliability"": 0.2, ""modulation_ratio"": 1.74, ""median_latency_ms"": 3.66}, ""4.0"": {""evoked_rate_hz"": 16.67, ""baseline_rate_hz"": 13.33, ""reliability"": 0.133, ""modulation_ratio"": 1.16, ""median_latency_ms"": 4.18}}",False,1.0,not light responsive,0.889,Not statistically significant (p=0.8422 >= 0.05)
721123822,707296982,760213147,950909307,VISl,45,11.852,13.889,1.081,8.127,3.141,1.622,0.089,0.089,1.318,0.472,0.88212,0.035,2.7778,"{""1.0"": {""evoked_rate_hz"": 8.33, ""baseline_rate_hz"": 4.44, ""reliability"": 0.067, ""modulation_ratio"": 1.53, ""median_latency_ms"": 8.13}, ""2.5"": {""evoked_rate_hz"": 16.67, ""baseline_rate_hz"": 17.78, ""reliability"": 0.133, ""modulation_ratio"": 0.89, ""median_latency_ms"": 8.28}, ""4.0"": {""evoked_rate_hz"": 16.67, ""baseline_rate_hz"": 13.33, ""reliability"": 0.067, ""modulation_ratio"": 1.16, ""median_latency_ms"": 1.95}}",False,1.0,not light responsive,0.911,Not statistically significant (p=0.8821 >= 0.05)
721123822,707296982,760213147,950909331,VISl,45,1.481,0.0,0.0,,,,0.0,0.022,0.0,,1.0,-0.149,0.0,"{""1.0"": {""evoked_rate_hz"": 0.0, ""baseline_rate_hz"": 0.0, ""reliability"": 0.0, ""modulation_ratio"": 0.0, ""median_latency_ms"": null}, ""2.5"": {""evoked_rate_hz"": 0.0, ""baseline_rate_hz"": 0.0, ""reliability"": 0.0, ""modulation_ratio"": 0.0, ""median_latency_ms"": null}, ""4.0"": {""evoked_rate_hz"": 0.0, ""baseline_rate_hz"": 4.44, ""reliability"": 0.0, ""modulation_ratio"": 0.0, ""median_latency_ms"": null}}",False,1.0,not light responsive,0.95,Not statistically significant (p=1.0000 >= 0.05); No positive modulation (mod_ratio=0.00 <= 1.0); Very low reliability (0.00 < 0.05)
721123822,707296982,760213147,950909604,VISl,45,0.0,0.0,0.0,,,,0.0,0.0,0.0,,1.0,0.0,0.0,"{""1.0"": {""evoked_rate_hz"": 0.0, ""baseline_rate_hz"": 0.0, ""reliability"": 0.0, ""modulation_ratio"": 0.0, ""median_latency_ms"": null}, ""2.5"": {""evoked_rate_hz"": 0.0, ""baseline_rate_hz"": 0.0, ""reliability"": 0.0, ""modulation_ratio"": 0.0, ""median_latency_ms"": null}, ""4.0"": {""evoked_rate_hz"": 0.0, ""baseline_rate_hz"": 0.0, ""reliability"": 0.0, ""modulation_ratio"": 0.0, ""median_latency_ms"": null}}",False,1.0,insufficient evidence,0.0,Insufficient trial count (<10) or zero spikes recorded
721123822,707296982,760213147,950909345,VISl,45,1.481,0.0,0.0,,,,0.0,0.0,0.0,,1.0,-0.149,0.0,"{""1.0"": {""evoked_rate_hz"": 0.0, ""baseline_rate_hz"": 0.0, ""reliability"": 0.0, ""modulation_ratio"": 0.0, ""median_latency_ms"": null}, ""2.5"": {""evoked_rate_hz"": 0.0, ""baseline_rate_hz"": 0.0, ""reliability"": 0.0, ""modulation_ratio"": 0.0, ""median_latency_ms"": null}, ""4.0"": {""evoked_rate_hz"": 0.0, ""baseline_rate_hz"": 4.44, ""reliability"": 0.0, ""modulation_ratio"": 0.0, ""median_latency_ms"": null}}",False,1.0,not light responsive,0.95,Not statistically significant (p=1.0000 >= 0.05); No positive modulation (mod_ratio=0.00 <= 1.0); Very low reliability (0.00 < 0.05)
721123822,707296982,760213147,950909343,VISl,45,7.407,11.111,1.322,6.583,1.206,1.373,0.089,0.111,0.932,0.187,0.61339,0.095,-5.5556,"{""1.0"": {""evoked_rate_hz"": 16.67, ""baseline_rate_hz"": 8.89, ""reliability"": 0.133, ""modulation_ratio"": 1.69, ""median_latency_ms"": 7.39}, ""2.5"": {""evoked_rate_hz"": 16.67, ""baseline_rate_hz"": 8.89, ""reliability"": 0.133, ""modulation_ratio"": 1.69, ""median_latency_ms"": 5.54}, ""4.0"": {""evoked_rate_hz"": 0.0, ""baseline_rate_hz"": 4.44, ""reliability"": 0.0, ""modulation_ratio"": 0.0, ""median_latency_ms"": null}}",False,-1.993,not light responsive,0.911,Not statistically significant (p=0.6134 >= 0.05)
721123822,707296982,760213147,950909351,VISl,45,8.889,8.333,0.843,3.278,2.48,2.335,0.067,0.022,0.955,0.585,0.82018,-0.014,2.7778,"{""1.0"": {""evoked_rate_hz"": 0.0, ""baseline_rate_hz"": 4.44, ""reliability"": 0.0, ""modulation_ratio"": 0.0, ""median_latency_ms"": null}, ""2.5"": {""evoked_rate_hz"": 16.67, ""baseline_rate_hz"": 13.33, ""reliability"": 0.133, ""modulation_ratio"": 1.16, ""median_latency_ms"": 2.83}, ""4.0"": {""evoked_rate_hz"": 8.33, ""baseline_rate_hz"": 8.89, ""reliability"": 0.067, ""modulation_ratio"": 0.84, ""median_latency_ms"": 7.06}}",False,-1.993,not light responsive,0.933,Not statistically significant (p=0.8202 >= 0.05); No positive modulation (mod_ratio=0.84 <= 1.0)
721123822,707296982,760213147,950909381,VISl,45,22.222,33.333,1.435,4.691,1.672,2.311,0.267,0.156,0.75,0.332,0.23477,0.181,5.5556,"{""1.0"": {""evoked_rate_hz"": 25.0, ""baseline_rate_hz"": 8.89, ""reliability"": 0.2, ""modulation_ratio"": 2.53, ""median_latency_ms"": 6.33}, ""2.5"": {""evoked_rate_hz"": 33.33, ""baseline_rate_hz"": 26.67, ""reliability"": 0.267, ""modulation_ratio"": 1.2, ""median_latency_ms"": 5.18}, ""4.0"": {""evoked_rate_hz"": 41.67, ""baseline_rate_hz"": 31.11, ""reliability"": 0.333, ""modulation_ratio"": 1.3, ""median_latency_ms"": 4.64}}",False,-0.331,not light responsive,0.733,Not statistically significant (p=0.2348 >= 0.05)
721123822,707296982,760213147,950909387,VISl,45,7.407,5.556,0.661,4.402,1.529,1.082,0.044,0.044,0.977,0.347,0.60839,-0.053,-2.7778,"{""1.0"": {""evoked_rate_hz"": 8.33, ""baseline_rate_hz"": 8.89, ""reliability"": 0.067, ""modulation_ratio"": 0.84, ""median_latency_ms"": 3.32}, ""2.5"": {""evoked_rate_hz"": 8.33, ""baseline_rate_hz"": 13.33, ""reliability"": 0.067, ""modulation_ratio"": 0.58, ""median_latency_ms"": 5.48}, ""4.0"": {""evoked_rate_hz"": 0.0, ""baseline_rate_hz"": 0.0, ""reliability"": 0.0, ""modulation_ratio"": 0.0, ""median_latency_ms"": null}}",False,-0.991,not light responsive,0.95,Not statistically significant (p=0.6084 >= 0.05); No positive modulation (mod_ratio=0.66 <= 1.0); Very low reliability (0.04 < 0.05)
721123822,707296982,760213147,950909409,VISl,45,16.296,5.556,0.321,2.249,0.774,0.547,0.044,0.133,0.977,0.344,0.05894,-0.258,0.0,"{""1.0"": {""evoked_rate_hz"": 8.33, ""baseline_rate_hz"": 22.22, ""reliability"": 0.067, ""modulation_ratio"": 0.36, ""median_latency_ms"": 1.7}, ""2.5"": {""evoked_rate_hz"": 0.0, ""baseline_rate_hz"": 8.89, ""reliability"": 0.0, ""modulation_ratio"": 0.0, ""median_latency_ms"": null}, ""4.0"": {""evoked_rate_hz"": 8.33, ""baseline_rate_hz"": 17.78, ""reliability"": 0.067, ""modulation_ratio"": 0.44, ""median_latency_ms"": 2.8}}",False,1.0,not light responsive,0.95,Not statistically significant (p=0.0589 >= 0.05); No positive modulation (mod_ratio=0.32 <= 1.0); Very low reliability (0.04 < 0.05)
721123822,707296982,760213147,950909407,VISl,45,2.963,0.0,0.0,,,,0.0,0.0,0.0,,0.51748,-0.213,0.0,"{""1.0"": {""evoked_rate_hz"": 0.0, ""baseline_rate_hz"": 4.44, ""reliability"": 0.0, ""modulation_ratio"": 0.0, ""median_latency_ms"": null}, ""2.5"": {""evoked_rate_hz"": 0.0, ""baseline_rate_hz"": 0.0, ""reliability"": 0.0, ""modulation_ratio"": 0.0, ""median_latency_ms"": null}, ""4.0"": {""evoked_rate_hz"": 0.0, ""baseline_rate_hz"": 4.44, ""reliability"": 0.0, ""modulation_ratio"": 0.0, ""median_latency_ms"": null}}",False,-221.222,not light responsive,0.95,Not statistically significant (p=0.5175 >= 0.05); No positive modulation (mod_ratio=0.00 <= 1.0); Very low reliability (0.00 < 0.05)
721123822,707296982,760213147,950909423,VISl,45,0.0,0.0,0.0,,,,0.0,0.0,0.0,,1.0,0.0,0.0,"{""1.0"": {""evoked_rate_hz"": 0.0, ""baseline_rate_hz"": 0.0, ""reliability"": 0.0, ""modulation_ratio"": 0.0, ""median_latency_ms"": null}, ""2.5"": {""evoked_rate_hz"": 0.0, ""baseline_rate_hz"": 0.0, ""reliability"": 0.0, ""modulation_ratio"": 0.0, ""median_latency_ms"": null}, ""4.0"": {""evoked_rate_hz"": 0.0, ""baseline_rate_hz"": 0.0, ""reliability"": 0.0, ""modulation_ratio"": 0.0, ""median_latency_ms"": null}}",False,1.0,insufficient evidence,0.0,Insufficient trial count (<10) or zero spikes recorded
721123822,707296982,760213147,950909435,VISl,45,13.333,11.111,0.775,3.146,1.695,1.986,0.089,0.133,0.932,0.467,0.67033,-0.05,-2.7778,"{""1.0"": {""evoked_rate_hz"": 16.67, ""baseline_rate_hz"": 8.89, ""reliability"": 0.133, ""modulation_ratio"": 1.69, ""median_latency_ms"": 4.1}, ""2.5"": {""evoked_rate_hz"": 8.33, ""baseline_rate_hz"": 13.33, ""reliability"": 0.067, ""modulation_ratio"": 0.58, ""median_latency_ms"": 3.86}, ""4.0"": {""evoked_rate_hz"": 8.33, ""baseline_rate_hz"": 17.78, ""reliability"": 0.067, ""modulation_ratio"": 0.44, ""median_latency_ms"": 2.43}}",False,-0.997,not light responsive,0.911,Not statistically significant (p=0.6703 >= 0.05); No positive modulation (mod_ratio=0.78 <= 1.0)
721123822,707296982,760213147,950909431,VISl,45,17.778,5.556,0.296,3.974,1.962,1.388,0.044,0.156,0.977,0.494,0.07493,-0.262,-2.7778,"{""1.0"": {""evoked_rate_hz"": 8.33, ""baseline_rate_hz"": 26.67, ""reliability"": 0.067, ""modulation_ratio"": 0.3, ""median_latency_ms"": 2.59}, ""2.5"": {""evoked_rate_hz"": 8.33, ""baseline_rate_hz"": 8.89, ""reliability"": 0.067, ""modulation_ratio"": 0.84, ""median_latency_ms"": 5.36}, ""4.0"": {""evoked_rate_hz"": 0.0, ""baseline_rate_hz"": 17.78, ""reliability"": 0.0, ""modulation_ratio"": 0.0, ""median_latency_ms"": null}}",False,0.167,not light responsive,0.95,Not statistically significant (p=0.0749 >= 0.05); No positive modulation (mod_ratio=0.30 <= 1.0); Very low reliability (0.04 < 0.05)
721123822,707296982,760213147,950909429,VISl,45,7.407,2.778,0.33,4.966,0.0,0.0,0.022,0.044,1.0,0.0,0.14785,-0.216,-2.7778,"{""1.0"": {""evoked_rate_hz"": 8.33, ""baseline_rate_hz"": 8.89, ""reliability"": 0.067, ""modulation_ratio"": 0.84, ""median_latency_ms"": 4.97}, ""2.5"": {""evoked_rate_hz"": 0.0, ""baseline_rate_hz"": 4.44, ""reliability"": 0.0, ""modulation_ratio"": 0.0, ""median_latency_ms"": null}, ""4.0"": {""evoked_rate_hz"": 0.0, ""baseline_rate_hz"": 8.89, ""reliability"": 0.0, ""modulation_ratio"": 0.0, ""median_latency_ms"": null}}",False,0.334,not light responsive,0.95,Not statistically significant (p=0.1479 >= 0.05); No positive modulation (mod_ratio=0.33 <= 1.0); Very low reliability (0.02 < 0.05)
721123822,707296982,760213147,950909445,VISl,45,13.333,2.778,0.194,4.665,0.0,0.0,0.022,0.156,1.0,0.0,0.02498,-0.311,2.7778,"{""1.0"": {""evoked_rate_hz"": 0.0, ""baseline_rate_hz"": 17.78, ""reliability"": 0.0, ""modulation_ratio"": 0.0, ""median_latency_ms"": null}, ""2.5"": {""evoked_rate_hz"": 0.0, ""baseline_rate_hz"": 22.22, ""reliability"": 0.0, ""modulation_ratio"": 0.0, ""median_latency_ms"": null}, ""4.0"": {""evoked_rate_hz"": 8.33, ""baseline_rate_hz"": 0.0, ""reliability"": 0.067, ""modulation_ratio"": 8.33, ""median_latency_ms"": 4.66}}",False,0.201,not light responsive,0.95,Not statistically significant (p=0.0250 >= 0.05); No positive modulation (mod_ratio=0.19 <= 1.0); Very low reliability (0.02 < 0.05)
721123822,707296982,760213147,950909443,VISl,45,2.963,0.0,0.0,,,,0.0,0.044,0.0,,0.51249,-0.213,0.0,"{""1.0"": {""evoked_rate_hz"": 0.0, ""baseline_rate_hz"": 0.0, ""reliability"": 0.0, ""modulation_ratio"": 0.0, ""median_latency_ms"": null}, ""2.5"": {""evoked_rate_hz"": 0.0, ""baseline_rate_hz"": 0.0, ""reliability"": 0.0, ""modulation_ratio"": 0.0, ""median_latency_ms"": null}, ""4.0"": {""evoked_rate_hz"": 0.0, ""baseline_rate_hz"": 8.89, ""reliability"": 0.0, ""modulation_ratio"": 0.0, ""median_latency_ms"": null}}",False,-0.991,not light responsive,0.95,Not statistically significant (p=0.5125 >= 0.05); No positive modulation (mod_ratio=0.00 <= 1.0); Very low reliability (0.00 < 0.05)
721123822,707296982,760213147,950909441,VISl,45,11.852,8.333,0.648,2.287,3.317,3.106,0.067,0.022,0.955,0.914,0.49351,-0.086,5.5556,"{""1.0"": {""evoked_rate_hz"": 0.0, ""baseline_rate_hz"": 4.44, ""reliability"": 0.0, ""modulation_ratio"": 0.0, ""median_latency_ms"": null}, ""2.5"": {""evoked_rate_hz"": 8.33, ""baseline_rate_hz"": 4.44, ""reliability"": 0.067, ""modulation_ratio"": 1.53, ""median_latency_ms"": 7.41}, ""4.0"": {""evoked_rate_hz"": 16.67, ""baseline_rate_hz"": 26.67, ""reliability"": 0.133, ""modulation_ratio"": 0.6, ""median_latency_ms"": 1.74}}",False,-0.664,not light responsive,0.933,Not statistically significant (p=0.4935 >= 0.05); No positive modulation (mod_ratio=0.65 <= 1.0)
721123822,707296982,760213147,950909439,VISl,45,16.296,8.333,0.482,2.448,0.788,0.716,0.067,0.089,0.955,0.381,0.21978,-0.173,0.0,"{""1.0"": {""evoked_rate_hz"": 8.33, ""baseline_rate_hz"": 26.67, ""reliability"": 0.067, ""modulation_ratio"": 0.3, ""median_latency_ms"": 1.16}, ""2.5"": {""evoked_rate_hz"": 8.33, ""baseline_rate_hz"": 4.44, ""reliability"": 0.067, ""modulation_ratio"": 1.53, ""median_latency_ms"": 2.45}, ""4.0"": {""evoked_rate_hz"": 8.33, ""baseline_rate_hz"": 17.78, ""reliability"": 0.067, ""modulation_ratio"": 0.44, ""median_latency_ms"": 2.6}}",False,0.667,not light responsive,0.933,Not statistically significant (p=0.2198 >= 0.05); No positive modulation (mod_ratio=0.48 <= 1.0)
721123822,707296982,760213147,950909437,VISl,45,7.407,11.111,1.322,2.106,1.371,1.333,0.089,0.022,0.932,0.57,0.65634,0.085,2.7778,"{""1.0"": {""evoked_rate_hz"": 8.33, ""baseline_rate_hz"": 0.0, ""reliability"": 0.067, ""modulation_ratio"": 8.33, ""median_latency_ms"": 1.12}, ""2.5"": {""evoked_rate_hz"": 8.33, ""baseline_rate_hz"": 8.89, ""reliability"": 0.067, ""modulation_ratio"": 0.84, ""median_latency_ms"": 4.29}, ""4.0"": {""evoked_rate_hz"": 16.67, ""baseline_rate_hz"": 13.33, ""reliability"": 0.133, ""modulation_ratio"": 1.16, ""median_latency_ms"": 2.11}}",False,-1.987,not light responsive,0.911,Not statistically significant (p=0.6563 >= 0.05)
721123822,707296982,760213147,950909447,VISl,45,7.407,5.556,0.661,6.126,1.801,1.274,0.044,0.044,0.977,0.294,0.6004,-0.053,-5.5556,"{""1.0"": {""evoked_rate_hz"": 16.67, ""baseline_rate_hz"": 8.89, ""reliability"": 0.133, ""modulation_ratio"": 1.69, ""median_latency_ms"": 6.13}, ""2.5"": {""evoked_rate_hz"": 0.0, ""baseline_rate_hz"": 4.44, ""reliability"": 0.0, ""modulation_ratio"": 0.0, ""median_latency_ms"": null}, ""4.0"": {""evoked_rate_hz"": 0.0, ""baseline_rate_hz"": 8.89, ""reliability"": 0.0, ""modulation_ratio"": 0.0, ""median_latency_ms"": null}}",False,0.002,not light responsive,0.95,Not statistically significant (p=0.6004 >= 0.05); No positive modulation (mod_ratio=0.66 <= 1.0); Very low reliability (0.04 < 0.05)
721123822,707296982,760213147,950909467,VISl,45,16.296,11.111,0.642,4.25,0.971,1.393,0.089,0.111,0.932,0.233,0.44655,-0.104,5.5556,"{""1.0"": {""evoked_rate_hz"": 8.33, ""baseline_rate_hz"": 17.78, ""reliability"": 0.067, ""modulation_ratio"": 0.44, ""median_latency_ms"": 5.1}, ""2.5"": {""evoked_rate_hz"": 0.0, ""baseline_rate_hz"": 22.22, ""reliability"": 0.0, ""modulation_ratio"": 0.0, ""median_latency_ms"": null}, ""4.0"": {""evoked_rate_hz"": 25.0, ""baseline_rate_hz"": 8.89, ""reliability"": 0.2, ""modulation_ratio"": 2.53, ""median_latency_ms"": 3.66}}",False,-0.997,not light responsive,0.911,Not statistically significant (p=0.4466 >= 0.05); No positive modulation (mod_ratio=0.64 <= 1.0)
721123822,707296982,760213147,950909469,VISl,45,20.741,8.333,0.383,7.135,1.962,1.829,0.067,0.133,0.955,0.311,0.09191,-0.247,-5.5556,"{""1.0"": {""evoked_rate_hz"": 16.67, ""baseline_rate_hz"": 22.22, ""reliability"": 0.133, ""modulation_ratio"": 0.72, ""median_latency_ms"": 7.43}, ""2.5"": {""evoked_rate_hz"": 8.33, ""baseline_rate_hz"": 13.33, ""reliability"": 0.067, ""modulation_ratio"": 0.58, ""median_latency_ms"": 4.07}, ""4.0"": {""evoked_rate_hz"": 0.0, ""baseline_rate_hz"": 26.67, ""reliability"": 0.0, ""modulation_ratio"": 0.0, ""median_latency_ms"": null}}",False,-221.222,not light responsive,0.933,Not statistically significant (p=0.0919 >= 0.05); No positive modulation (mod_ratio=0.38 <= 1.0)
721123822,707296982,760213147,950909477,VISl,45,5.926,2.778,0.401,1.022,0.0,0.0,0.022,0.044,1.0,0.0,0.35365,-0.115,0.0,"{""1.0"": {""evoked_rate_hz"": 0.0, ""baseline_rate_hz"": 8.89, ""reliability"": 0.0, ""modulation_ratio"": 0.0, ""median_latency_ms"": null}, ""2.5"": {""evoked_rate_hz"": 8.33, ""baseline_rate_hz"": 4.44, ""reliability"": 0.067, ""modulation_ratio"": 1.53, ""median_latency_ms"": 1.02}, ""4.0"": {""evoked_rate_hz"": 0.0, ""baseline_rate_hz"": 4.44, ""reliability"": 0.0, ""modulation_ratio"": 0.0, ""median_latency_ms"": null}}",False,0.334,not light responsive,0.95,Not statistically significant (p=0.3537 >= 0.05); No positive modulation (mod_ratio=0.40 <= 1.0); Very low reliability (0.02 < 0.05)
721123822,707296982,760213147,950909494,VISl,45,0.0,0.0,0.0,,,,0.0,0.0,0.0,,1.0,0.0,0.0,"{""1.0"": {""evoked_rate_hz"": 0.0, ""baseline_rate_hz"": 0.0, ""reliability"": 0.0, ""modulation_ratio"": 0.0, ""median_latency_ms"": null}, ""2.5"": {""evoked_rate_hz"": 0.0, ""baseline_rate_hz"": 0.0, ""reliability"": 0.0, ""modulation_ratio"": 0.0, ""median_latency_ms"": null}, ""4.0"": {""evoked_rate_hz"": 0.0, ""baseline_rate_hz"": 0.0, ""reliability"": 0.0, ""modulation_ratio"": 0.0, ""median_latency_ms"": null}}",False,0.004,insufficient evidence,0.0,Insufficient trial count (<10) or zero spikes recorded
721123822,707296982,760213147,950909518,VISl,45,7.407,5.556,0.661,5.557,2.757,1.95,0.044,0.067,0.977,0.496,0.55145,-0.064,2.7778,"{""1.0"": {""evoked_rate_hz"": 0.0, ""baseline_rate_hz"": 13.33, ""reliability"": 0.0, ""modulation_ratio"": 0.0, ""median_latency_ms"": null}, ""2.5"": {""evoked_rate_hz"": 8.33, ""baseline_rate_hz"": 8.89, ""reliability"": 0.067, ""modulation_ratio"": 0.84, ""median_latency_ms"": 3.61}, ""4.0"": {""evoked_rate_hz"": 8.33, ""baseline_rate_hz"": 0.0, ""reliability"": 0.067, ""modulation_ratio"": 8.33, ""median_latency_ms"": 7.51}}",False,0.401,not light responsive,0.95,Not statistically significant (p=0.5514 >= 0.05); No positive modulation (mod_ratio=0.66 <= 1.0); Very low reliability (0.04 < 0.05)
721123822,707296982,760213150,950910968,APN,45,2.963,0.0,0.0,,,,0.0,0.022,0.0,,0.51648,-0.213,0.0,"{""1.0"": {""evoked_rate_hz"": 0.0, ""baseline_rate_hz"": 0.0, ""reliability"": 0.0, ""modulation_ratio"": 0.0, ""median_latency_ms"": null}, ""2.5"": {""evoked_rate_hz"": 0.0, ""baseline_rate_hz"": 4.44, ""reliability"": 0.0, ""modulation_ratio"": 0.0, ""median_latency_ms"": null}, ""4.0"": {""evoked_rate_hz"": 0.0, ""baseline_rate_hz"": 4.44, ""reliability"": 0.0, ""modulation_ratio"": 0.0, ""median_latency_ms"": null}}",False,-0.055,not light responsive,0.95,Not statistically significant (p=0.5165 >= 0.05); No positive modulation (mod_ratio=0.00 <= 1.0); Very low reliability (0.00 < 0.05)
721123822,707296982,760213150,950909681,APN,45,13.333,13.889,0.969,4.675,1.902,0.448,0.111,0.156,0.909,0.397,1.0,0.012,8.3333,"{""1.0"": {""evoked_rate_hz"": 8.33, ""baseline_rate_hz"": 17.78, ""reliability"": 0.067, ""modulation_ratio"": 0.44, ""median_latency_ms"": 4.68}, ""2.5"": {""evoked_rate_hz"": 0.0, ""baseline_rate_hz"": 13.33, ""reliability"": 0.0, ""modulation_ratio"": 0.0, ""median_latency_ms"": null}, ""4.0"": {""evoked_rate_hz"": 33.33, ""baseline_rate_hz"": 8.89, ""reliability"": 0.267, ""modulation_ratio"": 3.37, ""median_latency_ms"": 4.79}}",False,-0.664,not light responsive,0.889,Not statistically significant (p=1.0000 >= 0.05); No positive modulation (mod_ratio=0.97 <= 1.0)
721123822,707296982,760213150,950909685,APN,45,2.963,0.0,0.0,,,,0.0,0.022,0.0,,0.49351,-0.213,0.0,"{""1.0"": {""evoked_rate_hz"": 0.0, ""baseline_rate_hz"": 4.44, ""reliability"": 0.0, ""modulation_ratio"": 0.0, ""median_latency_ms"": null}, ""2.5"": {""evoked_rate_hz"": 0.0, ""baseline_rate_hz"": 0.0, ""reliability"": 0.0, ""modulation_ratio"": 0.0, ""median_latency_ms"": null}, ""4.0"": {""evoked_rate_hz"": 0.0, ""baseline_rate_hz"": 4.44, ""reliability"": 0.0, ""modulation_ratio"": 0.0, ""median_latency_ms"": null}}",False,0.002,not light responsive,0.95,Not statistically significant (p=0.4935 >= 0.05); No positive modulation (mod_ratio=0.00 <= 1.0); Very low reliability (0.00 < 0.05)
721123822,707296982,760213150,950909704,APN,45,17.778,19.444,1.036,3.605,2.089,3.476,0.156,0.133,0.864,0.515,0.86913,0.027,0.0,"{""1.0"": {""evoked_rate_hz"": 16.67, ""baseline_rate_hz"": 17.78, ""reliability"": 0.133, ""modulation_ratio"": 0.89, ""median_latency_ms"": 2.57}, ""2.5"": {""evoked_rate_hz"": 25.0, ""baseline_rate_hz"": 13.33, ""reliability"": 0.2, ""modulation_ratio"": 1.74, ""median_latency_ms"": 3.03}, ""4.0"": {""evoked_rate_hz"": 16.67, ""baseline_rate_hz"": 22.22, ""reliability"": 0.133, ""modulation_ratio"": 0.72, ""median_latency_ms"": 6.35}}",False,-0.498,not light responsive,0.844,Not statistically significant (p=0.8691 >= 0.05)
721123822,707296982,760213150,950909715,APN,45,0.0,0.0,0.0,,,,0.0,0.0,0.0,,1.0,0.0,0.0,"{""1.0"": {""evoked_rate_hz"": 0.0, ""baseline_rate_hz"": 0.0, ""reliability"": 0.0, ""modulation_ratio"": 0.0, ""median_latency_ms"": null}, ""2.5"": {""evoked_rate_hz"": 0.0, ""baseline_rate_hz"": 0.0, ""reliability"": 0.0, ""modulation_ratio"": 0.0, ""median_latency_ms"": null}, ""4.0"": {""evoked_rate_hz"": 0.0, ""baseline_rate_hz"": 0.0, ""reliability"": 0.0, ""modulation_ratio"": 0.0, ""median_latency_ms"": null}}",False,1.0,insufficient evidence,0.0,Insufficient trial count (<10) or zero spikes recorded
721123822,707296982,760213150,950909708,APN,45,5.926,8.333,1.203,6.62,2.159,1.969,0.067,0.067,0.955,0.386,0.81618,0.063,8.3333,"{""1.0"": {""evoked_rate_hz"": 0.0, ""baseline_rate_hz"": 4.44, ""reliability"": 0.0, ""modulation_ratio"": 0.0, ""median_latency_ms"": null}, ""2.5"": {""evoked_rate_hz"": 0.0, ""baseline_rate_hz"": 4.44, ""reliability"": 0.0, ""modulation_ratio"": 0.0, ""median_latency_ms"": null}, ""4.0"": {""evoked_rate_hz"": 25.0, ""baseline_rate_hz"": 8.89, ""reliability"": 0.2, ""modulation_ratio"": 2.53, ""median_latency_ms"": 6.62}}",False,0.001,not light responsive,0.933,Not statistically significant (p=0.8162 >= 0.05)
721123822,707296982,760213150,950910978,APN,45,1.481,2.778,1.119,8.654,0.0,0.0,0.022,0.0,1.0,0.0,1.0,0.061,2.7778,"{""1.0"": {""evoked_rate_hz"": 0.0, ""baseline_rate_hz"": 0.0, ""reliability"": 0.0, ""modulation_ratio"": 0.0, ""median_latency_ms"": null}, ""2.5"": {""evoked_rate_hz"": 0.0, ""baseline_rate_hz"": 4.44, ""reliability"": 0.0, ""modulation_ratio"": 0.0, ""median_latency_ms"": null}, ""4.0"": {""evoked_rate_hz"": 8.33, ""baseline_rate_hz"": 0.0, ""reliability"": 0.067, ""modulation_ratio"": 8.33, ""median_latency_ms"": 8.65}}",False,1.0,not light responsive,0.95,Not statistically significant (p=1.0000 >= 0.05); Very low reliability (0.02 < 0.05)
721123822,707296982,760213150,950909722,APN,45,56.296,44.444,0.776,5.343,2.118,4.152,0.356,0.489,0.659,0.435,0.2018,-0.189,5.5556,"{""1.0"": {""evoked_rate_hz"": 25.0, ""baseline_rate_hz"": 53.33, ""reliability"": 0.2, ""modulation_ratio"": 0.46, ""median_latency_ms"": 5.25}, ""2.5"": {""evoked_rate_hz"": 66.67, ""baseline_rate_hz"": 62.22, ""reliability"": 0.533, ""modulation_ratio"": 1.05, ""median_latency_ms"": 4.46}, ""4.0"": {""evoked_rate_hz"": 41.67, ""baseline_rate_hz"": 53.33, ""reliability"": 0.333, ""modulation_ratio"": 0.77, ""median_latency_ms"": 6.62}}",False,0.231,not light responsive,0.644,Not statistically significant (p=0.2018 >= 0.05); No positive modulation (mod_ratio=0.78 <= 1.0)
721123822,707296982,760213150,950909719,APN,45,2.963,8.333,2.103,4.65,2.134,1.965,0.067,0.044,0.955,0.38,0.43756,0.153,2.7778,"{""1.0"": {""evoked_rate_hz"": 0.0, ""baseline_rate_hz"": 4.44, ""reliability"": 0.0, ""modulation_ratio"": 0.0, ""median_latency_ms"": null}, ""2.5"": {""evoked_rate_hz"": 16.67, ""baseline_rate_hz"": 4.44, ""reliability"": 0.133, ""modulation_ratio"": 3.06, ""median_latency_ms"": 6.09}, ""4.0"": {""evoked_rate_hz"": 8.33, ""baseline_rate_hz"": 0.0, ""reliability"": 0.067, ""modulation_ratio"": 8.33, ""median_latency_ms"": 4.65}}",False,-665.667,not light responsive,0.933,Not statistically significant (p=0.4376 >= 0.05)
721123822,707296982,760213150,950909745,APN,45,20.741,5.556,0.256,3.979,2.521,1.782,0.044,0.133,0.977,0.634,0.02597,-0.317,-2.7778,"{""1.0"": {""evoked_rate_hz"": 8.33, ""baseline_rate_hz"": 31.11, ""reliability"": 0.067, ""modulation_ratio"": 0.26, ""median_latency_ms"": 2.2}, ""2.5"": {""evoked_rate_hz"": 8.33, ""baseline_rate_hz"": 8.89, ""reliability"": 0.067, ""modulation_ratio"": 0.84, ""median_latency_ms"": 5.76}, ""4.0"": {""evoked_rate_hz"": 0.0, ""baseline_rate_hz"": 22.22, ""reliability"": 0.0, ""modulation_ratio"": 0.0, ""median_latency_ms"": null}}",False,-2.982,not light responsive,0.95,Not statistically significant (p=0.0260 >= 0.05); No positive modulation (mod_ratio=0.26 <= 1.0); Very low reliability (0.04 < 0.05)
721123822,707296982,760213150,950909749,POL,45,19.259,22.222,1.097,4.507,2.853,3.877,0.178,0.178,0.841,0.58,0.67433,0.062,-5.5556,"{""1.0"": {""evoked_rate_hz"": 33.33, ""baseline_rate_hz"": 22.22, ""reliability"": 0.267, ""modulation_ratio"": 1.44, ""median_latency_ms"": 4.9}, ""2.5"": {""evoked_rate_hz"": 16.67, ""baseline_rate_hz"": 17.78, ""reliability"": 0.133, ""modulation_ratio"": 0.89, ""median_latency_ms"": 4.51}, ""4.0"": {""evoked_rate_hz"": 16.67, ""baseline_rate_hz"": 17.78, ""reliability"": 0.133, ""modulation_ratio"": 0.89, ""median_latency_ms"": 5.24}}",False,0.167,not light responsive,0.822,Not statistically significant (p=0.6743 >= 0.05)
721123822,707296982,760213150,950909760,POL,45,29.63,27.778,0.907,3.864,2.09,2.999,0.222,0.267,0.795,0.534,0.85814,-0.032,0.0,"{""1.0"": {""evoked_rate_hz"": 25.0, ""baseline_rate_hz"": 35.56, ""reliability"": 0.2, ""modulation_ratio"": 0.68, ""median_latency_ms"": 4.95}, ""2.5"": {""evoked_rate_hz"": 33.33, ""baseline_rate_hz"": 26.67, ""reliability"": 0.267, ""modulation_ratio"": 1.2, ""median_latency_ms"": 2.65}, ""4.0"": {""evoked_rate_hz"": 25.0, ""baseline_rate_hz"": 26.67, ""reliability"": 0.2, ""modulation_ratio"": 0.9, ""median_latency_ms"": 3.96}}",False,-1.165,not light responsive,0.778,Not statistically significant (p=0.8581 >= 0.05); No positive modulation (mod_ratio=0.91 <= 1.0)
721123822,707296982,760213150,950909787,POL,45,29.63,33.333,1.088,5.632,2.154,2.663,0.267,0.178,0.75,0.417,0.68931,0.054,2.7778,"{""1.0"": {""evoked_rate_hz"": 33.33, ""baseline_rate_hz"": 26.67, ""reliability"": 0.267, ""modulation_ratio"": 1.2, ""median_latency_ms"": 2.42}, ""2.5"": {""evoked_rate_hz"": 25.0, ""baseline_rate_hz"": 31.11, ""reliability"": 0.2, ""modulation_ratio"": 0.78, ""median_latency_ms"": 5.79}, ""4.0"": {""evoked_rate_hz"": 41.67, ""baseline_rate_hz"": 31.11, ""reliability"": 0.333, ""modulation_ratio"": 1.3, ""median_latency_ms"": 6.32}}",False,0.3,not light responsive,0.733,Not statistically significant (p=0.6893 >= 0.05)
721123822,707296982,760213150,950909832,LP,45,7.407,0.0,0.0,,,,0.0,0.067,0.0,,0.06094,-0.35,0.0,"{""1.0"": {""evoked_rate_hz"": 0.0, ""baseline_rate_hz"": 4.44, ""reliability"": 0.0, ""modulation_ratio"": 0.0, ""median_latency_ms"": null}, ""2.5"": {""evoked_rate_hz"": 0.0, ""baseline_rate_hz"": 17.78, ""reliability"": 0.0, ""modulation_ratio"": 0.0, ""median_latency_ms"": null}, ""4.0"": {""evoked_rate_hz"": 0.0, ""baseline_rate_hz"": 0.0, ""reliability"": 0.0, ""modulation_ratio"": 0.0, ""median_latency_ms"": null}}",False,-221.222,not light responsive,0.95,Not statistically significant (p=0.0609 >= 0.05); No positive modulation (mod_ratio=0.00 <= 1.0); Very low reliability (0.00 < 0.05)
721123822,707296982,760213150,950909816,LP,45,8.889,13.889,1.404,3.789,1.761,2.309,0.111,0.067,0.909,0.46,0.53447,0.112,2.7778,"{""1.0"": {""evoked_rate_hz"": 8.33, ""baseline_rate_hz"": 8.89, ""reliability"": 0.067, ""modulation_ratio"": 0.84, ""median_latency_ms"": 5.59}, ""2.5"": {""evoked_rate_hz"": 16.67, ""baseline_rate_hz"": 0.0, ""reliability"": 0.133, ""modulation_ratio"": 16.67, ""median_latency_ms"": 3.43}, ""4.0"": {""evoked_rate_hz"": 16.67, ""baseline_rate_hz"": 17.78, ""reliability"": 0.133, ""modulation_ratio"": 0.89, ""median_latency_ms"": 3.35}}",False,0.001,not light responsive,0.889,Not statistically significant (p=0.5345 >= 0.05)
721123822,707296982,760213150,950909838,LP,45,8.889,5.556,0.562,6.199,3.883,2.746,0.044,0.022,0.977,0.626,0.43057,-0.092,2.7778,"{""1.0"": {""evoked_rate_hz"": 0.0, ""baseline_rate_hz"": 8.89, ""reliability"": 0.0, ""modulation_ratio"": 0.0, ""median_latency_ms"": null}, ""2.5"": {""evoked_rate_hz"": 8.33, ""baseline_rate_hz"": 4.44, ""reliability"": 0.067, ""modulation_ratio"": 1.53, ""median_latency_ms"": 8.95}, ""4.0"": {""evoked_rate_hz"": 8.33, ""baseline_rate_hz"": 13.33, ""reliability"": 0.067, ""modulation_ratio"": 0.58, ""median_latency_ms"": 3.45}}",False,0.501,not light responsive,0.95,Not statistically significant (p=0.4306 >= 0.05); No positive modulation (mod_ratio=0.56 <= 1.0); Very low reliability (0.04 < 0.05)
721123822,707296982,760213150,950911151,CA3,45,4.444,5.556,1.02,2.996,0.0,0.0,0.022,0.022,2.0,0.0,1.0,0.149,-5.5556,"{""1.0"": {""evoked_rate_hz"": 16.67, ""baseline_rate_hz"": 13.33, ""reliability"": 0.067, ""modulation_ratio"": 1.16, ""median_latency_ms"": 3.0}, ""2.5"": {""evoked_rate_hz"": 0.0, ""baseline_rate_hz"": 0.0, ""reliability"": 0.0, ""modulation_ratio"": 0.0, ""median_latency_ms"": null}, ""4.0"": {""evoked_rate_hz"": 0.0, ""baseline_rate_hz"": 0.0, ""reliability"": 0.0, ""modulation_ratio"": 0.0, ""median_latency_ms"": null}}",False,1.0,not light responsive,0.95,Not statistically significant (p=1.0000 >= 0.05); Very low reliability (0.02 < 0.05)
721123822,707296982,760213150,950910006,CA3,45,4.444,2.778,0.51,2.116,0.0,0.0,0.022,0.022,1.0,0.0,0.64635,-0.065,2.7778,"{""1.0"": {""evoked_rate_hz"": 0.0, ""baseline_rate_hz"": 8.89, ""reliability"": 0.0, ""modulation_ratio"": 0.0, ""median_latency_ms"": null}, ""2.5"": {""evoked_rate_hz"": 0.0, ""baseline_rate_hz"": 4.44, ""reliability"": 0.0, ""modulation_ratio"": 0.0, ""median_latency_ms"": null}, ""4.0"": {""evoked_rate_hz"": 8.33, ""baseline_rate_hz"": 0.0, ""reliability"": 0.067, ""modulation_ratio"": 8.33, ""median_latency_ms"": 2.12}}",False,0.002,not light responsive,0.95,Not statistically significant (p=0.6463 >= 0.05); No positive modulation (mod_ratio=0.51 <= 1.0); Very low reliability (0.02 < 0.05)
721123822,707296982,760213150,950909997,CA3,45,11.852,27.778,2.161,3.655,2.392,4.052,0.222,0.067,0.795,0.577,0.04096,0.302,-8.3333,"{""1.0"": {""evoked_rate_hz"": 50.0, ""baseline_rate_hz"": 13.33, ""reliability"": 0.4, ""modulation_ratio"": 3.49, ""median_latency_ms"": 5.21}, ""2.5"": {""evoked_rate_hz"": 8.33, ""baseline_rate_hz"": 8.89, ""reliability"": 0.067, ""modulation_ratio"": 0.84, ""median_latency_ms"": 6.03}, ""4.0"": {""evoked_rate_hz"": 25.0, ""baseline_rate_hz"": 13.33, ""reliability"": 0.2, ""modulation_ratio"": 1.74, ""median_latency_ms"": 1.62}}",False,0.308,light-responsive / indirect or uncertain,0.65,Sub-threshold reliability (0.22 < 0.3)
721123822,707296982,760213150,950909993,CA3,45,1.481,0.0,0.0,,,,0.0,0.022,0.0,,1.0,-0.149,0.0,"{""1.0"": {""evoked_rate_hz"": 0.0, ""baseline_rate_hz"": 4.44, ""reliability"": 0.0, ""modulation_ratio"": 0.0, ""median_latency_ms"": null}, ""2.5"": {""evoked_rate_hz"": 0.0, ""baseline_rate_hz"": 0.0, ""reliability"": 0.0, ""modulation_ratio"": 0.0, ""median_latency_ms"": null}, ""4.0"": {""evoked_rate_hz"": 0.0, ""baseline_rate_hz"": 0.0, ""reliability"": 0.0, ""modulation_ratio"": 0.0, ""median_latency_ms"": null}}",False,0.004,not light responsive,0.95,Not statistically significant (p=1.0000 >= 0.05); No positive modulation (mod_ratio=0.00 <= 1.0); Very low reliability (0.00 < 0.05)
721123822,707296982,760213150,950910002,CA3,45,0.0,0.0,0.0,,,,0.0,0.0,0.0,,1.0,0.0,0.0,"{""1.0"": {""evoked_rate_hz"": 0.0, ""baseline_rate_hz"": 0.0, ""reliability"": 0.0, ""modulation_ratio"": 0.0, ""median_latency_ms"": null}, ""2.5"": {""evoked_rate_hz"": 0.0, ""baseline_rate_hz"": 0.0, ""reliability"": 0.0, ""modulation_ratio"": 0.0, ""median_latency_ms"": null}, ""4.0"": {""evoked_rate_hz"": 0.0, ""baseline_rate_hz"": 0.0, ""reliability"": 0.0, ""modulation_ratio"": 0.0, ""median_latency_ms"": null}}",False,1.0,insufficient evidence,0.0,Insufficient trial count (<10) or zero spikes recorded
721123822,707296982,760213150,950910009,CA3,45,8.889,5.556,0.562,4.446,0.713,0.504,0.044,0.067,0.977,0.16,0.44356,-0.092,-5.5556,"{""1.0"": {""evoked_rate_hz"": 16.67, ""baseline_rate_hz"": 8.89, ""reliability"": 0.133, ""modulation_ratio"": 1.69, ""median_latency_ms"": 4.45}, ""2.5"": {""evoked_rate_hz"": 0.0, ""baseline_rate_hz"": 13.33, ""reliability"": 0.0, ""modulation_ratio"": 0.0, ""median_latency_ms"": null}, ""4.0"": {""evoked_rate_hz"": 0.0, ""baseline_rate_hz"": 4.44, ""reliability"": 0.0, ""modulation_ratio"": 0.0, ""median_latency_ms"": null}}",False,0.501,not light responsive,0.95,Not statistically significant (p=0.4436 >= 0.05); No positive modulation (mod_ratio=0.56 <= 1.0); Very low reliability (0.04 < 0.05)
721123822,707296982,760213150,950910025,CA3,45,20.741,16.667,0.767,3.355,2.141,1.207,0.133,0.178,0.886,0.546,0.62038,-0.075,-8.3333,"{""1.0"": {""evoked_rate_hz"": 33.33, ""baseline_rate_hz"": 26.67, ""reliability"": 0.267, ""modulation_ratio"": 1.2, ""median_latency_ms"": 3.2}, ""2.5"": {""evoked_rate_hz"": 8.33, ""baseline_rate_hz"": 17.78, ""reliability"": 0.067, ""modulation_ratio"": 0.44, ""median_latency_ms"": 7.73}, ""4.0"": {""evoked_rate_hz"": 8.33, ""baseline_rate_hz"": 17.78, ""reliability"": 0.067, ""modulation_ratio"": 0.44, ""median_latency_ms"": 3.38}}",False,0.1,not light responsive,0.867,Not statistically significant (p=0.6204 >= 0.05); No positive modulation (mod_ratio=0.77 <= 1.0)
721123822,707296982,760213150,950910042,CA1,45,19.259,11.111,0.548,4.561,2.347,3.348,0.089,0.156,0.932,0.469,0.24975,-0.17,2.7778,"{""1.0"": {""evoked_rate_hz"": 8.33, ""baseline_rate_hz"": 13.33, ""reliability"": 0.067, ""modulation_ratio"": 0.58, ""median_latency_ms"": 3.04}, ""2.5"": {""evoked_rate_hz"": 8.33, ""baseline_rate_hz"": 13.33, ""reliability"": 0.067, ""modulation_ratio"": 0.58, ""median_latency_ms"": 7.86}, ""4.0"": {""evoked_rate_hz"": 16.67, ""baseline_rate_hz"": 31.11, ""reliability"": 0.133, ""modulation_ratio"": 0.52, ""median_latency_ms"": 4.56}}",False,0.001,not light responsive,0.911,Not statistically significant (p=0.2497 >= 0.05); No positive modulation (mod_ratio=0.55 <= 1.0)
721123822,707296982,760213150,950910047,CA1,45,19.259,16.667,0.823,5.435,2.414,3.667,0.133,0.133,0.886,0.428,0.72727,-0.047,0.0,"{""1.0"": {""evoked_rate_hz"": 25.0, ""baseline_rate_hz"": 22.22, ""reliability"": 0.2, ""modulation_ratio"": 1.08, ""median_latency_ms"": 3.87}, ""2.5"": {""evoked_rate_hz"": 0.0, ""baseline_rate_hz"": 26.67, ""reliability"": 0.0, ""modulation_ratio"": 0.0, ""median_latency_ms"": null}, ""4.0"": {""evoked_rate_hz"": 25.0, ""baseline_rate_hz"": 8.89, ""reliability"": 0.2, ""modulation_ratio"": 2.53, ""median_latency_ms"": 7.0}}",False,0.625,not light responsive,0.867,Not statistically significant (p=0.7273 >= 0.05); No positive modulation (mod_ratio=0.82 <= 1.0)
721123822,707296982,760213150,950910061,CA1,45,4.444,2.778,0.51,1.971,0.0,0.0,0.022,0.044,1.0,0.0,0.61638,-0.065,2.7778,"{""1.0"": {""evoked_rate_hz"": 0.0, ""baseline_rate_hz"": 4.44, ""reliability"": 0.0, ""modulation_ratio"": 0.0, ""median_latency_ms"": null}, ""2.5"": {""evoked_rate_hz"": 0.0, ""baseline_rate_hz"": 0.0, ""reliability"": 0.0, ""modulation_ratio"": 0.0, ""median_latency_ms"": null}, ""4.0"": {""evoked_rate_hz"": 8.33, ""baseline_rate_hz"": 8.89, ""reliability"": 0.067, ""modulation_ratio"": 0.84, ""median_latency_ms"": 1.97}}",False,-0.075,not light responsive,0.95,Not statistically significant (p=0.6164 >= 0.05); No positive modulation (mod_ratio=0.51 <= 1.0); Very low reliability (0.02 < 0.05)
721123822,707296982,760213150,950910079,CA1,45,1.481,0.0,0.0,,,,0.0,0.022,0.0,,1.0,-0.149,0.0,"{""1.0"": {""evoked_rate_hz"": 0.0, ""baseline_rate_hz"": 4.44, ""reliability"": 0.0, ""modulation_ratio"": 0.0, ""median_latency_ms"": null}, ""2.5"": {""evoked_rate_hz"": 0.0, ""baseline_rate_hz"": 0.0, ""reliability"": 0.0, ""modulation_ratio"": 0.0, ""median_latency_ms"": null}, ""4.0"": {""evoked_rate_hz"": 0.0, ""baseline_rate_hz"": 0.0, ""reliability"": 0.0, ""modulation_ratio"": 0.0, ""median_latency_ms"": null}}",False,-221.222,not light responsive,0.95,Not statistically significant (p=1.0000 >= 0.05); No positive modulation (mod_ratio=0.00 <= 1.0); Very low reliability (0.00 < 0.05)
721123822,707296982,760213150,950910089,CA1,45,2.963,2.778,0.701,6.228,0.0,0.0,0.022,0.022,1.0,0.0,1.0,-0.014,0.0,"{""1.0"": {""evoked_rate_hz"": 0.0, ""baseline_rate_hz"": 4.44, ""reliability"": 0.0, ""modulation_ratio"": 0.0, ""median_latency_ms"": null}, ""2.5"": {""evoked_rate_hz"": 8.33, ""baseline_rate_hz"": 4.44, ""reliability"": 0.067, ""modulation_ratio"": 1.53, ""median_latency_ms"": 6.23}, ""4.0"": {""evoked_rate_hz"": 0.0, ""baseline_rate_hz"": 0.0, ""reliability"": 0.0, ""modulation_ratio"": 0.0, ""median_latency_ms"": null}}",False,-221.222,not light responsive,0.95,Not statistically significant (p=1.0000 >= 0.05); No positive modulation (mod_ratio=0.70 <= 1.0); Very low reliability (0.02 < 0.05)
721123822,707296982,760213150,950910085,CA1,45,8.889,8.333,0.843,8.592,1.483,1.285,0.067,0.067,0.955,0.192,0.82617,-0.014,2.7778,"{""1.0"": {""evoked_rate_hz"": 0.0, ""baseline_rate_hz"": 8.89, ""reliability"": 0.0, ""modulation_ratio"": 0.0, ""median_latency_ms"": null}, ""2.5"": {""evoked_rate_hz"": 16.67, ""baseline_rate_hz"": 8.89, ""reliability"": 0.133, ""modulation_ratio"": 1.69, ""median_latency_ms"": 8.59}, ""4.0"": {""evoked_rate_hz"": 8.33, ""baseline_rate_hz"": 8.89, ""reliability"": 0.067, ""modulation_ratio"": 0.84, ""median_latency_ms"": 6.02}}",False,-0.497,not light responsive,0.933,Not statistically significant (p=0.8262 >= 0.05); No positive modulation (mod_ratio=0.84 <= 1.0)
721123822,707296982,760213150,950910109,CA1,45,7.407,8.333,0.991,1.44,3.7,3.297,0.067,0.044,0.955,1.095,1.0,0.023,2.7778,"{""1.0"": {""evoked_rate_hz"": 8.33, ""baseline_rate_hz"": 4.44, ""reliability"": 0.067, ""modulation_ratio"": 1.53, ""median_latency_ms"": 1.44}, ""2.5"": {""evoked_rate_hz"": 0.0, ""baseline_rate_hz"": 13.33, ""reliability"": 0.0, ""modulation_ratio"": 0.0, ""median_latency_ms"": null}, ""4.0"": {""evoked_rate_hz"": 16.67, ""baseline_rate_hz"": 4.44, ""reliability"": 0.133, ""modulation_ratio"": 3.06, ""median_latency_ms"": 4.35}}",False,1.0,not light responsive,0.933,Not statistically significant (p=1.0000 >= 0.05); No positive modulation (mod_ratio=0.99 <= 1.0)
721123822,707296982,760213150,950911035,CA1,45,0.0,2.778,2.778,7.544,0.0,0.0,0.022,0.0,1.0,0.0,1.0,0.149,2.7778,"{""1.0"": {""evoked_rate_hz"": 0.0, ""baseline_rate_hz"": 0.0, ""reliability"": 0.0, ""modulation_ratio"": 0.0, ""median_latency_ms"": null}, ""2.5"": {""evoked_rate_hz"": 0.0, ""baseline_rate_hz"": 0.0, ""reliability"": 0.0, ""modulation_ratio"": 0.0, ""median_latency_ms"": null}, ""4.0"": {""evoked_rate_hz"": 8.33, ""baseline_rate_hz"": 0.0, ""reliability"": 0.067, ""modulation_ratio"": 8.33, ""median_latency_ms"": 7.54}}",False,-0.497,not light responsive,0.95,Not statistically significant (p=1.0000 >= 0.05); Very low reliability (0.02 < 0.05)
721123822,707296982,760213150,950910147,CA1,45,1.481,2.778,1.119,6.442,0.0,0.0,0.022,0.022,1.0,0.0,1.0,0.149,-2.7778,"{""1.0"": {""evoked_rate_hz"": 8.33, ""baseline_rate_hz"": 4.44, ""reliability"": 0.067, ""modulation_ratio"": 1.53, ""median_latency_ms"": 6.44}, ""2.5"": {""evoked_rate_hz"": 0.0, ""baseline_rate_hz"": 0.0, ""reliability"": 0.0, ""modulation_ratio"": 0.0, ""median_latency_ms"": null}, ""4.0"": {""evoked_rate_hz"": 0.0, ""baseline_rate_hz"": 0.0, ""reliability"": 0.0, ""modulation_ratio"": 0.0, ""median_latency_ms"": null}}",False,0.001,not light responsive,0.95,Not statistically significant (p=1.0000 >= 0.05); Very low reliability (0.02 < 0.05)
721123822,707296982,760213150,950910140,CA1,45,28.148,8.333,0.286,8.51,3.461,3.052,0.067,0.222,0.955,0.522,0.01099,-0.42,5.5556,"{""1.0"": {""evoked_rate_hz"": 0.0, ""baseline_rate_hz"": 31.11, ""reliability"": 0.0, ""modulation_ratio"": 0.0, ""median_latency_ms"": null}, ""2.5"": {""evoked_rate_hz"": 8.33, ""baseline_rate_hz"": 35.56, ""reliability"": 0.067, ""modulation_ratio"": 0.23, ""median_latency_ms"": 8.51}, ""4.0"": {""evoked_rate_hz"": 16.67, ""baseline_rate_hz"": 17.78, ""reliability"": 0.133, ""modulation_ratio"": 0.89, ""median_latency_ms"": 5.69}}",False,-0.399,not light responsive,0.933,Not statistically significant (p=0.0110 >= 0.05); No positive modulation (mod_ratio=0.29 <= 1.0)
721123822,707296982,760213150,950910245,VISal,45,1.481,0.0,0.0,,,,0.0,0.022,0.0,,1.0,-0.149,0.0,"{""1.0"": {""evoked_rate_hz"": 0.0, ""baseline_rate_hz"": 0.0, ""reliability"": 0.0, ""modulation_ratio"": 0.0, ""median_latency_ms"": null}, ""2.5"": {""evoked_rate_hz"": 0.0, ""baseline_rate_hz"": 4.44, ""reliability"": 0.0, ""modulation_ratio"": 0.0, ""median_latency_ms"": null}, ""4.0"": {""evoked_rate_hz"": 0.0, ""baseline_rate_hz"": 0.0, ""reliability"": 0.0, ""modulation_ratio"": 0.0, ""median_latency_ms"": null}}",False,-0.991,not light responsive,0.95,Not statistically significant (p=1.0000 >= 0.05); No positive modulation (mod_ratio=0.00 <= 1.0); Very low reliability (0.00 < 0.05)
721123822,707296982,760213150,950910249,VISal,45,0.0,8.333,8.333,5.574,1.514,1.358,0.067,0.0,0.955,0.315,0.26274,0.264,-5.5556,"{""1.0"": {""evoked_rate_hz"": 16.67, ""baseline_rate_hz"": 0.0, ""reliability"": 0.133, ""modulation_ratio"": 16.67, ""median_latency_ms"": 5.67}, ""2.5"": {""evoked_rate_hz"": 8.33, ""baseline_rate_hz"": 0.0, ""reliability"": 0.067, ""modulation_ratio"": 8.33, ""median_latency_ms"": 3.06}, ""4.0"": {""evoked_rate_hz"": 0.0, ""baseline_rate_hz"": 0.0, ""reliability"": 0.0, ""modulation_ratio"": 0.0, ""median_latency_ms"": null}}",False,-221.222,not light responsive,0.933,Not statistically significant (p=0.2627 >= 0.05)
721123822,707296982,760213150,950911068,VISal,45,0.0,0.0,0.0,,,,0.0,0.0,0.0,,1.0,0.0,0.0,"{""1.0"": {""evoked_rate_hz"": 0.0, ""baseline_rate_hz"": 0.0, ""reliability"": 0.0, ""modulation_ratio"": 0.0, ""median_latency_ms"": null}, ""2.5"": {""evoked_rate_hz"": 0.0, ""baseline_rate_hz"": 0.0, ""reliability"": 0.0, ""modulation_ratio"": 0.0, ""median_latency_ms"": null}, ""4.0"": {""evoked_rate_hz"": 0.0, ""baseline_rate_hz"": 0.0, ""reliability"": 0.0, ""modulation_ratio"": 0.0, ""median_latency_ms"": null}}",False,-443.444,insufficient evidence,0.0,Insufficient trial count (<10) or zero spikes recorded
721123822,707296982,760213150,950910310,VISal,45,4.444,2.778,0.51,2.945,0.0,0.0,0.022,0.022,1.0,0.0,0.61938,-0.065,0.0,"{""1.0"": {""evoked_rate_hz"": 0.0, ""baseline_rate_hz"": 8.89, ""reliability"": 0.0, ""modulation_ratio"": 0.0, ""median_latency_ms"": null}, ""2.5"": {""evoked_rate_hz"": 8.33, ""baseline_rate_hz"": 4.44, ""reliability"": 0.067, ""modulation_ratio"": 1.53, ""median_latency_ms"": 2.95}, ""4.0"": {""evoked_rate_hz"": 0.0, ""baseline_rate_hz"": 0.0, ""reliability"": 0.0, ""modulation_ratio"": 0.0, ""median_latency_ms"": null}}",False,0.004,not light responsive,0.95,Not statistically significant (p=0.6194 >= 0.05); No positive modulation (mod_ratio=0.51 <= 1.0); Very low reliability (0.02 < 0.05)
721123822,707296982,760213150,950910320,VISal,45,20.741,22.222,1.022,6.855,1.206,1.725,0.178,0.133,0.841,0.18,0.85714,0.025,5.5556,"{""1.0"": {""evoked_rate_hz"": 8.33, ""baseline_rate_hz"": 31.11, ""reliability"": 0.067, ""modulation_ratio"": 0.26, ""median_latency_ms"": 8.48}, ""2.5"": {""evoked_rate_hz"": 33.33, ""baseline_rate_hz"": 13.33, ""reliability"": 0.267, ""modulation_ratio"": 2.33, ""median_latency_ms"": 6.92}, ""4.0"": {""evoked_rate_hz"": 25.0, ""baseline_rate_hz"": 17.78, ""reliability"": 0.2, ""modulation_ratio"": 1.33, ""median_latency_ms"": 5.89}}",False,0.125,not light responsive,0.822,Not statistically significant (p=0.8571 >= 0.05)
721123822,707296982,760213150,950910336,VISal,45,2.963,8.333,2.103,1.812,0.164,0.153,0.067,0.0,0.955,0.087,0.42258,0.153,-2.7778,"{""1.0"": {""evoked_rate_hz"": 8.33, ""baseline_rate_hz"": 8.89, ""reliability"": 0.067, ""modulation_ratio"": 0.84, ""median_latency_ms"": 2.07}, ""2.5"": {""evoked_rate_hz"": 16.67, ""baseline_rate_hz"": 0.0, ""reliability"": 0.133, ""modulation_ratio"": 16.67, ""median_latency_ms"": 1.79}, ""4.0"": {""evoked_rate_hz"": 0.0, ""baseline_rate_hz"": 0.0, ""reliability"": 0.0, ""modulation_ratio"": 0.0, ""median_latency_ms"": null}}",False,0.004,not light responsive,0.933,Not statistically significant (p=0.4226 >= 0.05)
721123822,707296982,760213150,950910393,VISal,45,1.481,2.778,1.119,1.311,0.0,0.0,0.022,0.0,1.0,0.0,1.0,0.149,2.7778,"{""1.0"": {""evoked_rate_hz"": 0.0, ""baseline_rate_hz"": 0.0, ""reliability"": 0.0, ""modulation_ratio"": 0.0, ""median_latency_ms"": null}, ""2.5"": {""evoked_rate_hz"": 0.0, ""baseline_rate_hz"": 0.0, ""reliability"": 0.0, ""modulation_ratio"": 0.0, ""median_latency_ms"": null}, ""4.0"": {""evoked_rate_hz"": 8.33, ""baseline_rate_hz"": 4.44, ""reliability"": 0.067, ""modulation_ratio"": 1.53, ""median_latency_ms"": 1.31}}",False,1.0,not light responsive,0.95,Not statistically significant (p=1.0000 >= 0.05); Very low reliability (0.02 < 0.05)
721123822,707296982,760213150,950910375,VISal,45,4.444,0.0,0.0,,,,0.0,0.0,0.0,,0.24975,-0.264,0.0,"{""1.0"": {""evoked_rate_hz"": 0.0, ""baseline_rate_hz"": 4.44, ""reliability"": 0.0, ""modulation_ratio"": 0.0, ""median_latency_ms"": null}, ""2.5"": {""evoked_rate_hz"": 0.0, ""baseline_rate_hz"": 0.0, ""reliability"": 0.0, ""modulation_ratio"": 0.0, ""median_latency_ms"": null}, ""4.0"": {""evoked_rate_hz"": 0.0, ""baseline_rate_hz"": 8.89, ""reliability"": 0.0, ""modulation_ratio"": 0.0, ""median_latency_ms"": null}}",False,1.0,not light responsive,0.95,Not statistically significant (p=0.2497 >= 0.05); No positive modulation (mod_ratio=0.00 <= 1.0); Very low reliability (0.00 < 0.05)
721123822,707296982,760213150,950910412,VISal,45,1.481,0.0,0.0,,,,0.0,0.022,0.0,,1.0,-0.149,0.0,"{""1.0"": {""evoked_rate_hz"": 0.0, ""baseline_rate_hz"": 0.0, ""reliability"": 0.0, ""modulation_ratio"": 0.0, ""median_latency_ms"": null}, ""2.5"": {""evoked_rate_hz"": 0.0, ""baseline_rate_hz"": 4.44, ""reliability"": 0.0, ""modulation_ratio"": 0.0, ""median_latency_ms"": null}, ""4.0"": {""evoked_rate_hz"": 0.0, ""baseline_rate_hz"": 0.0, ""reliability"": 0.0, ""modulation_ratio"": 0.0, ""median_latency_ms"": null}}",False,0.334,not light responsive,0.95,Not statistically significant (p=1.0000 >= 0.05); No positive modulation (mod_ratio=0.00 <= 1.0); Very low reliability (0.00 < 0.05)
721123822,707296982,760213150,950910465,VISal,45,11.852,2.778,0.216,3.378,0.0,0.0,0.022,0.089,1.0,0.0,0.04695,-0.276,0.0,"{""1.0"": {""evoked_rate_hz"": 0.0, ""baseline_rate_hz"": 4.44, ""reliability"": 0.0, ""modulation_ratio"": 0.0, ""median_latency_ms"": null}, ""2.5"": {""evoked_rate_hz"": 8.33, ""baseline_rate_hz"": 17.78, ""reliability"": 0.067, ""modulation_ratio"": 0.44, ""median_latency_ms"": 3.38}, ""4.0"": {""evoked_rate_hz"": 0.0, ""baseline_rate_hz"": 13.33, ""reliability"": 0.0, ""modulation_ratio"": 0.0, ""median_latency_ms"": null}}",False,1.0,not light responsive,0.95,Not statistically significant (p=0.0469 >= 0.05); No positive modulation (mod_ratio=0.22 <= 1.0); Very low reliability (0.02 < 0.05)
721123822,707296982,760213150,950910456,VISal,45,14.815,11.111,0.703,5.054,2.298,2.81,0.089,0.044,0.932,0.456,0.59141,-0.075,8.3333,"{""1.0"": {""evoked_rate_hz"": 0.0, ""baseline_rate_hz"": 17.78, ""reliability"": 0.0, ""modulation_ratio"": 0.0, ""median_latency_ms"": null}, ""2.5"": {""evoked_rate_hz"": 8.33, ""baseline_rate_hz"": 17.78, ""reliability"": 0.067, ""modulation_ratio"": 0.44, ""median_latency_ms"": 4.06}, ""4.0"": {""evoked_rate_hz"": 25.0, ""baseline_rate_hz"": 8.89, ""reliability"": 0.2, ""modulation_ratio"": 2.53, ""median_latency_ms"": 6.05}}",False,0.001,not light responsive,0.911,Not statistically significant (p=0.5914 >= 0.05); No positive modulation (mod_ratio=0.70 <= 1.0)
721123822,707296982,760213150,950910442,VISal,45,10.37,0.0,0.0,,,,0.0,0.089,0.0,,0.01798,-0.424,0.0,"{""1.0"": {""evoked_rate_hz"": 0.0, ""baseline_rate_hz"": 13.33, ""reliability"": 0.0, ""modulation_ratio"": 0.0, ""median_latency_ms"": null}, ""2.5"": {""evoked_rate_hz"": 0.0, ""baseline_rate_hz"": 8.89, ""reliability"": 0.0, ""modulation_ratio"": 0.0, ""median_latency_ms"": null}, ""4.0"": {""evoked_rate_hz"": 0.0, ""baseline_rate_hz"": 8.89, ""reliability"": 0.0, ""modulation_ratio"": 0.0, ""median_latency_ms"": null}}",False,-1.494,not light responsive,0.95,Not statistically significant (p=0.0180 >= 0.05); No positive modulation (mod_ratio=0.00 <= 1.0); Very low reliability (0.00 < 0.05)
721123822,707296982,760213150,950910487,VISal,45,2.963,0.0,0.0,,,,0.0,0.022,0.0,,0.52448,-0.213,0.0,"{""1.0"": {""evoked_rate_hz"": 0.0, ""baseline_rate_hz"": 0.0, ""reliability"": 0.0, ""modulation_ratio"": 0.0, ""median_latency_ms"": null}, ""2.5"": {""evoked_rate_hz"": 0.0, ""baseline_rate_hz"": 0.0, ""reliability"": 0.0, ""modulation_ratio"": 0.0, ""median_latency_ms"": null}, ""4.0"": {""evoked_rate_hz"": 0.0, ""baseline_rate_hz"": 8.89, ""reliability"": 0.0, ""modulation_ratio"": 0.0, ""median_latency_ms"": null}}",False,1.0,not light responsive,0.95,Not statistically significant (p=0.5245 >= 0.05); No positive modulation (mod_ratio=0.00 <= 1.0); Very low reliability (0.00 < 0.05)
721123822,707296982,760213150,950910470,VISal,45,10.37,0.0,0.0,,,,0.0,0.067,0.0,,0.02098,-0.424,0.0,"{""1.0"": {""evoked_rate_hz"": 0.0, ""baseline_rate_hz"": 13.33, ""reliability"": 0.0, ""modulation_ratio"": 0.0, ""median_latency_ms"": null}, ""2.5"": {""evoked_rate_hz"": 0.0, ""baseline_rate_hz"": 8.89, ""reliability"": 0.0, ""modulation_ratio"": 0.0, ""median_latency_ms"": null}, ""4.0"": {""evoked_rate_hz"": 0.0, ""baseline_rate_hz"": 8.89, ""reliability"": 0.0, ""modulation_ratio"": 0.0, ""median_latency_ms"": null}}",False,0.334,not light responsive,0.95,Not statistically significant (p=0.0210 >= 0.05); No positive modulation (mod_ratio=0.00 <= 1.0); Very low reliability (0.00 < 0.05)
721123822,707296982,760213150,950910522,VISal,45,7.407,2.778,0.33,3.516,0.0,0.0,0.022,0.044,1.0,0.0,0.22777,-0.16,2.7778,"{""1.0"": {""evoked_rate_hz"": 0.0, ""baseline_rate_hz"": 13.33, ""reliability"": 0.0, ""modulation_ratio"": 0.0, ""median_latency_ms"": null}, ""2.5"": {""evoked_rate_hz"": 0.0, ""baseline_rate_hz"": 4.44, ""reliability"": 0.0, ""modulation_ratio"": 0.0, ""median_latency_ms"": null}, ""4.0"": {""evoked_rate_hz"": 8.33, ""baseline_rate_hz"": 4.44, ""reliability"": 0.067, ""modulation_ratio"": 1.53, ""median_latency_ms"": 3.52}}",False,-0.497,not light responsive,0.95,Not statistically significant (p=0.2278 >= 0.05); No positive modulation (mod_ratio=0.33 <= 1.0); Very low reliability (0.02 < 0.05)
721123822,707296982,760213150,950910517,VISal,45,13.333,13.889,0.969,2.762,3.008,4.003,0.111,0.111,0.909,0.756,1.0,0.011,-11.1111,"{""1.0"": {""evoked_rate_hz"": 33.33, ""baseline_rate_hz"": 8.89, ""reliability"": 0.267, ""modulation_ratio"": 3.37, ""median_latency_ms"": 3.67}, ""2.5"": {""evoked_rate_hz"": 8.33, ""baseline_rate_hz"": 22.22, ""reliability"": 0.067, ""modulation_ratio"": 0.36, ""median_latency_ms"": 2.76}, ""4.0"": {""evoked_rate_hz"": 0.0, ""baseline_rate_hz"": 8.89, ""reliability"": 0.0, ""modulation_ratio"": 0.0, ""median_latency_ms"": null}}",False,-0.331,not light responsive,0.889,Not statistically significant (p=1.0000 >= 0.05); No positive modulation (mod_ratio=0.97 <= 1.0)
721123822,707296982,760213150,950910513,VISal,45,7.407,2.778,0.33,3.283,0.0,0.0,0.022,0.067,1.0,0.0,0.22178,-0.16,0.0,"{""1.0"": {""evoked_rate_hz"": 0.0, ""baseline_rate_hz"": 4.44, ""reliability"": 0.0, ""modulation_ratio"": 0.0, ""median_latency_ms"": null}, ""2.5"": {""evoked_rate_hz"": 8.33, ""baseline_rate_hz"": 4.44, ""reliability"": 0.067, ""modulation_ratio"": 1.53, ""median_latency_ms"": 3.28}, ""4.0"": {""evoked_rate_hz"": 0.0, ""baseline_rate_hz"": 13.33, ""reliability"": 0.0, ""modulation_ratio"": 0.0, ""median_latency_ms"": null}}",False,-0.991,not light responsive,0.95,Not statistically significant (p=0.2218 >= 0.05); No positive modulation (mod_ratio=0.33 <= 1.0); Very low reliability (0.02 < 0.05)
721123822,707296982,760213150,950910569,VISal,45,0.0,0.0,0.0,,,,0.0,0.0,0.0,,1.0,0.0,0.0,"{""1.0"": {""evoked_rate_hz"": 0.0, ""baseline_rate_hz"": 0.0, ""reliability"": 0.0, ""modulation_ratio"": 0.0, ""median_latency_ms"": null}, ""2.5"": {""evoked_rate_hz"": 0.0, ""baseline_rate_hz"": 0.0, ""reliability"": 0.0, ""modulation_ratio"": 0.0, ""median_latency_ms"": null}, ""4.0"": {""evoked_rate_hz"": 0.0, ""baseline_rate_hz"": 0.0, ""reliability"": 0.0, ""modulation_ratio"": 0.0, ""median_latency_ms"": null}}",False,1.0,insufficient evidence,0.0,Insufficient trial count (<10) or zero spikes recorded
721123822,707296982,760213150,950910541,VISal,45,5.926,5.556,0.802,2.939,1.116,0.789,0.044,0.044,0.977,0.38,0.8042,-0.011,0.0,"{""1.0"": {""evoked_rate_hz"": 0.0, ""baseline_rate_hz"": 8.89, ""reliability"": 0.0, ""modulation_ratio"": 0.0, ""median_latency_ms"": null}, ""2.5"": {""evoked_rate_hz"": 16.67, ""baseline_rate_hz"": 0.0, ""reliability"": 0.133, ""modulation_ratio"": 16.67, ""median_latency_ms"": 2.94}, ""4.0"": {""evoked_rate_hz"": 0.0, ""baseline_rate_hz"": 8.89, ""reliability"": 0.0, ""modulation_ratio"": 0.0, ""median_latency_ms"": null}}",False,1.0,not light responsive,0.95,Not statistically significant (p=0.8042 >= 0.05); No positive modulation (mod_ratio=0.80 <= 1.0); Very low reliability (0.04 < 0.05)
721123822,707296982,760213150,950910532,VISal,45,7.407,0.0,0.0,,,,0.0,0.067,0.0,,0.06094,-0.35,0.0,"{""1.0"": {""evoked_rate_hz"": 0.0, ""baseline_rate_hz"": 0.0, ""reliability"": 0.0, ""modulation_ratio"": 0.0, ""median_latency_ms"": null}, ""2.5"": {""evoked_rate_hz"": 0.0, ""baseline_rate_hz"": 8.89, ""reliability"": 0.0, ""modulation_ratio"": 0.0, ""median_latency_ms"": null}, ""4.0"": {""evoked_rate_hz"": 0.0, ""baseline_rate_hz"": 13.33, ""reliability"": 0.0, ""modulation_ratio"": 0.0, ""median_latency_ms"": null}}",False,1.0,not light responsive,0.95,Not statistically significant (p=0.0609 >= 0.05); No positive modulation (mod_ratio=0.00 <= 1.0); Very low reliability (0.00 < 0.05)
721123822,707296982,760213150,950910527,VISal,45,5.926,0.0,0.0,,,,0.0,0.067,0.0,,0.15584,-0.309,0.0,"{""1.0"": {""evoked_rate_hz"": 0.0, ""baseline_rate_hz"": 4.44, ""reliability"": 0.0, ""modulation_ratio"": 0.0, ""median_latency_ms"": null}, ""2.5"": {""evoked_rate_hz"": 0.0, ""baseline_rate_hz"": 8.89, ""reliability"": 0.0, ""modulation_ratio"": 0.0, ""median_latency_ms"": null}, ""4.0"": {""evoked_rate_hz"": 0.0, ""baseline_rate_hz"": 4.44, ""reliability"": 0.0, ""modulation_ratio"": 0.0, ""median_latency_ms"": null}}",False,-443.444,not light responsive,0.95,Not statistically significant (p=0.1558 >= 0.05); No positive modulation (mod_ratio=0.00 <= 1.0); Very low reliability (0.00 < 0.05)
721123822,707296982,760213150,950910640,VISal,45,4.444,2.778,0.51,6.525,0.0,0.0,0.022,0.044,1.0,0.0,0.65834,-0.065,0.0,"{""1.0"": {""evoked_rate_hz"": 0.0, ""baseline_rate_hz"": 4.44, ""reliability"": 0.0, ""modulation_ratio"": 0.0, ""median_latency_ms"": null}, ""2.5"": {""evoked_rate_hz"": 8.33, ""baseline_rate_hz"": 0.0, ""reliability"": 0.067, ""modulation_ratio"": 8.33, ""median_latency_ms"": 6.52}, ""4.0"": {""evoked_rate_hz"": 0.0, ""baseline_rate_hz"": 8.89, ""reliability"": 0.0, ""modulation_ratio"": 0.0, ""median_latency_ms"": null}}",False,-0.664,not light responsive,0.95,Not statistically significant (p=0.6583 >= 0.05); No positive modulation (mod_ratio=0.51 <= 1.0); Very low reliability (0.02 < 0.05)
721123822,707296982,760213150,950910617,VISal,45,14.815,2.778,0.176,2.655,0.0,0.0,0.022,0.133,1.0,0.0,0.00699,-0.416,2.7778,"{""1.0"": {""evoked_rate_hz"": 0.0, ""baseline_rate_hz"": 17.78, ""reliability"": 0.0, ""modulation_ratio"": 0.0, ""median_latency_ms"": null}, ""2.5"": {""evoked_rate_hz"": 0.0, ""baseline_rate_hz"": 13.33, ""reliability"": 0.0, ""modulation_ratio"": 0.0, ""median_latency_ms"": null}, ""4.0"": {""evoked_rate_hz"": 8.33, ""baseline_rate_hz"": 13.33, ""reliability"": 0.067, ""modulation_ratio"": 0.58, ""median_latency_ms"": 2.66}}",False,-0.497,not light responsive,0.95,Not statistically significant (p=0.0070 >= 0.05); No positive modulation (mod_ratio=0.18 <= 1.0); Very low reliability (0.02 < 0.05)
721123822,707296982,760213150,950910612,VISal,45,2.963,5.556,1.402,4.889,2.588,1.83,0.044,0.044,0.977,0.529,0.75325,0.086,-2.7778,"{""1.0"": {""evoked_rate_hz"": 8.33, ""baseline_rate_hz"": 4.44, ""reliability"": 0.067, ""modulation_ratio"": 1.53, ""median_latency_ms"": 6.72}, ""2.5"": {""evoked_rate_hz"": 8.33, ""baseline_rate_hz"": 0.0, ""reliability"": 0.067, ""modulation_ratio"": 8.33, ""median_latency_ms"": 3.06}, ""4.0"": {""evoked_rate_hz"": 0.0, ""baseline_rate_hz"": 4.44, ""reliability"": 0.0, ""modulation_ratio"": 0.0, ""median_latency_ms"": null}}",False,-221.222,not light responsive,0.95,Not statistically significant (p=0.7532 >= 0.05); Very low reliability (0.04 < 0.05)
721123822,707296982,760213150,950910602,VISal,45,10.37,5.556,0.489,1.978,0.6,0.424,0.044,0.089,0.977,0.303,0.2977,-0.129,0.0,"{""1.0"": {""evoked_rate_hz"": 8.33, ""baseline_rate_hz"": 8.89, ""reliability"": 0.067, ""modulation_ratio"": 0.84, ""median_latency_ms"": 2.4}, ""2.5"": {""evoked_rate_hz"": 0.0, ""baseline_rate_hz"": 8.89, ""reliability"": 0.0, ""modulation_ratio"": 0.0, ""median_latency_ms"": null}, ""4.0"": {""evoked_rate_hz"": 8.33, ""baseline_rate_hz"": 13.33, ""reliability"": 0.067, ""modulation_ratio"": 0.58, ""median_latency_ms"": 1.55}}",False,-1.987,not light responsive,0.95,Not statistically significant (p=0.2977 >= 0.05); No positive modulation (mod_ratio=0.49 <= 1.0); Very low reliability (0.04 < 0.05)
721123822,707296982,760213150,950910590,VISal,45,2.963,5.556,1.402,4.147,1.917,1.356,0.044,0.0,0.977,0.462,0.76024,0.086,2.7778,"{""1.0"": {""evoked_rate_hz"": 0.0, ""baseline_rate_hz"": 4.44, ""reliability"": 0.0, ""modulation_ratio"": 0.0, ""median_latency_ms"": null}, ""2.5"": {""evoked_rate_hz"": 8.33, ""baseline_rate_hz"": 0.0, ""reliability"": 0.067, ""modulation_ratio"": 8.33, ""median_latency_ms"": 5.5}, ""4.0"": {""evoked_rate_hz"": 8.33, ""baseline_rate_hz"": 4.44, ""reliability"": 0.067, ""modulation_ratio"": 1.53, ""median_latency_ms"": 2.79}}",False,0.001,not light responsive,0.95,Not statistically significant (p=0.7602 >= 0.05); Very low reliability (0.04 < 0.05)
721123822,707296982,760213150,950910586,VISal,45,0.0,2.778,2.778,1.077,0.0,0.0,0.022,0.0,1.0,0.0,1.0,0.149,2.7778,"{""1.0"": {""evoked_rate_hz"": 0.0, ""baseline_rate_hz"": 0.0, ""reliability"": 0.0, ""modulation_ratio"": 0.0, ""median_latency_ms"": null}, ""2.5"": {""evoked_rate_hz"": 0.0, ""baseline_rate_hz"": 0.0, ""reliability"": 0.0, ""modulation_ratio"": 0.0, ""median_latency_ms"": null}, ""4.0"": {""evoked_rate_hz"": 8.33, ""baseline_rate_hz"": 0.0, ""reliability"": 0.067, ""modulation_ratio"": 8.33, ""median_latency_ms"": 1.08}}",False,1.0,not light responsive,0.95,Not statistically significant (p=1.0000 >= 0.05); Very low reliability (0.02 < 0.05)
721123822,707296982,760213150,950910646,VISal,45,0.0,0.0,0.0,,,,0.0,0.0,0.0,,1.0,0.0,0.0,"{""1.0"": {""evoked_rate_hz"": 0.0, ""baseline_rate_hz"": 0.0, ""reliability"": 0.0, ""modulation_ratio"": 0.0, ""median_latency_ms"": null}, ""2.5"": {""evoked_rate_hz"": 0.0, ""baseline_rate_hz"": 0.0, ""reliability"": 0.0, ""modulation_ratio"": 0.0, ""median_latency_ms"": null}, ""4.0"": {""evoked_rate_hz"": 0.0, ""baseline_rate_hz"": 0.0, ""reliability"": 0.0, ""modulation_ratio"": 0.0, ""median_latency_ms"": null}}",False,1.0,insufficient evidence,0.0,Insufficient trial count (<10) or zero spikes recorded
721123822,707296982,760213150,950910660,VISal,45,4.444,2.778,0.51,3.155,0.0,0.0,0.022,0.022,1.0,0.0,0.59241,-0.065,2.7778,"{""1.0"": {""evoked_rate_hz"": 0.0, ""baseline_rate_hz"": 8.89, ""reliability"": 0.0, ""modulation_ratio"": 0.0, ""median_latency_ms"": null}, ""2.5"": {""evoked_rate_hz"": 0.0, ""baseline_rate_hz"": 4.44, ""reliability"": 0.0, ""modulation_ratio"": 0.0, ""median_latency_ms"": null}, ""4.0"": {""evoked_rate_hz"": 8.33, ""baseline_rate_hz"": 0.0, ""reliability"": 0.067, ""modulation_ratio"": 8.33, ""median_latency_ms"": 3.16}}",False,-0.1,not light responsive,0.95,Not statistically significant (p=0.5924 >= 0.05); No positive modulation (mod_ratio=0.51 <= 1.0); Very low reliability (0.02 < 0.05)
721123822,707296982,760213150,950910656,VISal,45,0.0,2.778,2.778,3.231,0.0,0.0,0.022,0.0,1.0,0.0,1.0,0.149,0.0,"{""1.0"": {""evoked_rate_hz"": 0.0, ""baseline_rate_hz"": 0.0, ""reliability"": 0.0, ""modulation_ratio"": 0.0, ""median_latency_ms"": null}, ""2.5"": {""evoked_rate_hz"": 8.33, ""baseline_rate_hz"": 0.0, ""reliability"": 0.067, ""modulation_ratio"": 8.33, ""median_latency_ms"": 3.23}, ""4.0"": {""evoked_rate_hz"": 0.0, ""baseline_rate_hz"": 0.0, ""reliability"": 0.0, ""modulation_ratio"": 0.0, ""median_latency_ms"": null}}",False,-221.222,not light responsive,0.95,Not statistically significant (p=1.0000 >= 0.05); Very low reliability (0.02 < 0.05)
721123822,707296982,760213150,950910688,VISal,45,1.481,0.0,0.0,,,,0.0,0.022,0.0,,1.0,-0.149,0.0,"{""1.0"": {""evoked_rate_hz"": 0.0, ""baseline_rate_hz"": 0.0, ""reliability"": 0.0, ""modulation_ratio"": 0.0, ""median_latency_ms"": null}, ""2.5"": {""evoked_rate_hz"": 0.0, ""baseline_rate_hz"": 0.0, ""reliability"": 0.0, ""modulation_ratio"": 0.0, ""median_latency_ms"": null}, ""4.0"": {""evoked_rate_hz"": 0.0, ""baseline_rate_hz"": 4.44, ""reliability"": 0.0, ""modulation_ratio"": 0.0, ""median_latency_ms"": null}}",False,1.0,not light responsive,0.95,Not statistically significant (p=1.0000 >= 0.05); No positive modulation (mod_ratio=0.00 <= 1.0); Very low reliability (0.00 < 0.05)
721123822,707296982,760213150,950910732,VISal,45,4.444,0.0,0.0,,,,0.0,0.044,0.0,,0.24176,-0.264,0.0,"{""1.0"": {""evoked_rate_hz"": 0.0, ""baseline_rate_hz"": 4.44, ""reliability"": 0.0, ""modulation_ratio"": 0.0, ""median_latency_ms"": null}, ""2.5"": {""evoked_rate_hz"": 0.0, ""baseline_rate_hz"": 4.44, ""reliability"": 0.0, ""modulation_ratio"": 0.0, ""median_latency_ms"": null}, ""4.0"": {""evoked_rate_hz"": 0.0, ""baseline_rate_hz"": 4.44, ""reliability"": 0.0, ""modulation_ratio"": 0.0, ""median_latency_ms"": null}}",False,1.0,not light responsive,0.95,Not statistically significant (p=0.2418 >= 0.05); No positive modulation (mod_ratio=0.00 <= 1.0); Very low reliability (0.00 < 0.05)
721123822,707296982,760213150,950910784,VISal,45,7.407,27.778,3.304,5.646,2.336,3.186,0.222,0.067,0.795,0.424,0.01499,0.392,0.0,"{""1.0"": {""evoked_rate_hz"": 25.0, ""baseline_rate_hz"": 4.44, ""reliability"": 0.2, ""modulation_ratio"": 4.59, ""median_latency_ms"": 6.87}, ""2.5"": {""evoked_rate_hz"": 33.33, ""baseline_rate_hz"": 4.44, ""reliability"": 0.267, ""modulation_ratio"": 6.12, ""median_latency_ms"": 3.99}, ""4.0"": {""evoked_rate_hz"": 25.0, ""baseline_rate_hz"": 13.33, ""reliability"": 0.2, ""modulation_ratio"": 1.74, ""median_latency_ms"": 6.92}}",False,-0.991,light-responsive / indirect or uncertain,0.65,Sub-threshold reliability (0.22 < 0.3)
721123822,707296982,760213150,950910780,VISal,45,1.481,0.0,0.0,,,,0.0,0.0,0.0,,1.0,-0.149,0.0,"{""1.0"": {""evoked_rate_hz"": 0.0, ""baseline_rate_hz"": 4.44, ""reliability"": 0.0, ""modulation_ratio"": 0.0, ""median_latency_ms"": null}, ""2.5"": {""evoked_rate_hz"": 0.0, ""baseline_rate_hz"": 0.0, ""reliability"": 0.0, ""modulation_ratio"": 0.0, ""median_latency_ms"": null}, ""4.0"": {""evoked_rate_hz"": 0.0, ""baseline_rate_hz"": 0.0, ""reliability"": 0.0, ""modulation_ratio"": 0.0, ""median_latency_ms"": null}}",False,1.0,not light responsive,0.95,Not statistically significant (p=1.0000 >= 0.05); No positive modulation (mod_ratio=0.00 <= 1.0); Very low reliability (0.00 < 0.05)
721123822,707296982,760213150,950910802,VISal,45,2.963,2.778,0.701,6.972,0.0,0.0,0.022,0.022,1.0,0.0,1.0,-0.014,-2.7778,"{""1.0"": {""evoked_rate_hz"": 8.33, ""baseline_rate_hz"": 4.44, ""reliability"": 0.067, ""modulation_ratio"": 1.53, ""median_latency_ms"": 6.97}, ""2.5"": {""evoked_rate_hz"": 0.0, ""baseline_rate_hz"": 0.0, ""reliability"": 0.0, ""modulation_ratio"": 0.0, ""median_latency_ms"": null}, ""4.0"": {""evoked_rate_hz"": 0.0, ""baseline_rate_hz"": 4.44, ""reliability"": 0.0, ""modulation_ratio"": 0.0, ""median_latency_ms"": null}}",False,-0.991,not light responsive,0.95,Not statistically significant (p=1.0000 >= 0.05); No positive modulation (mod_ratio=0.70 <= 1.0); Very low reliability (0.02 < 0.05)
721123822,707296982,760213150,950910805,VISal,45,2.963,5.556,1.402,3.012,0.607,0.429,0.044,0.022,0.977,0.201,0.73926,0.086,0.0,"{""1.0"": {""evoked_rate_hz"": 8.33, ""baseline_rate_hz"": 4.44, ""reliability"": 0.067, ""modulation_ratio"": 1.53, ""median_latency_ms"": 3.44}, ""2.5"": {""evoked_rate_hz"": 0.0, ""baseline_rate_hz"": 0.0, ""reliability"": 0.0, ""modulation_ratio"": 0.0, ""median_latency_ms"": null}, ""4.0"": {""evoked_rate_hz"": 8.33, ""baseline_rate_hz"": 4.44, ""reliability"": 0.067, ""modulation_ratio"": 1.53, ""median_latency_ms"": 2.58}}",False,-6.964,not light responsive,0.95,Not statistically significant (p=0.7393 >= 0.05); Very low reliability (0.04 < 0.05)
721123822,707296982,760213150,950910856,VISal,45,0.0,0.0,0.0,,,,0.0,0.0,0.0,,1.0,0.0,0.0,"{""1.0"": {""evoked_rate_hz"": 0.0, ""baseline_rate_hz"": 0.0, ""reliability"": 0.0, ""modulation_ratio"": 0.0, ""median_latency_ms"": null}, ""2.5"": {""evoked_rate_hz"": 0.0, ""baseline_rate_hz"": 0.0, ""reliability"": 0.0, ""modulation_ratio"": 0.0, ""median_latency_ms"": null}, ""4.0"": {""evoked_rate_hz"": 0.0, ""baseline_rate_hz"": 0.0, ""reliability"": 0.0, ""modulation_ratio"": 0.0, ""median_latency_ms"": null}}",False,1.0,insufficient evidence,0.0,Insufficient trial count (<10) or zero spikes recorded
721123822,707296982,760213153,950911274,LP,45,10.37,5.556,0.489,7.648,0.871,0.616,0.044,0.044,0.977,0.114,0.21978,-0.166,-2.7778,"{""1.0"": {""evoked_rate_hz"": 8.33, ""baseline_rate_hz"": 4.44, ""reliability"": 0.067, ""modulation_ratio"": 1.53, ""median_latency_ms"": 8.26}, ""2.5"": {""evoked_rate_hz"": 8.33, ""baseline_rate_hz"": 22.22, ""reliability"": 0.067, ""modulation_ratio"": 0.36, ""median_latency_ms"": 7.03}, ""4.0"": {""evoked_rate_hz"": 0.0, ""baseline_rate_hz"": 4.44, ""reliability"": 0.0, ""modulation_ratio"": 0.0, ""median_latency_ms"": null}}",False,0.25,not light responsive,0.95,Not statistically significant (p=0.2198 >= 0.05); No positive modulation (mod_ratio=0.49 <= 1.0); Very low reliability (0.04 < 0.05)
721123822,707296982,760213153,950911304,LP,45,8.889,8.333,0.843,5.134,1.813,1.747,0.067,0.067,0.955,0.397,0.7962,-0.02,-2.7778,"{""1.0"": {""evoked_rate_hz"": 8.33, ""baseline_rate_hz"": 8.89, ""reliability"": 0.067, ""modulation_ratio"": 0.84, ""median_latency_ms"": 2.54}, ""2.5"": {""evoked_rate_hz"": 16.67, ""baseline_rate_hz"": 17.78, ""reliability"": 0.133, ""modulation_ratio"": 0.89, ""median_latency_ms"": 5.59}, ""4.0"": {""evoked_rate_hz"": 0.0, ""baseline_rate_hz"": 0.0, ""reliability"": 0.0, ""modulation_ratio"": 0.0, ""median_latency_ms"": null}}",False,-0.497,not light responsive,0.933,Not statistically significant (p=0.7962 >= 0.05); No positive modulation (mod_ratio=0.84 <= 1.0)
721123822,707296982,760213153,950911295,LP,45,11.852,5.556,0.432,1.347,0.164,0.116,0.044,0.089,0.977,0.122,0.26074,-0.154,-5.5556,"{""1.0"": {""evoked_rate_hz"": 16.67, ""baseline_rate_hz"": 4.44, ""reliability"": 0.133, ""modulation_ratio"": 3.06, ""median_latency_ms"": 1.35}, ""2.5"": {""evoked_rate_hz"": 0.0, ""baseline_rate_hz"": 13.33, ""reliability"": 0.0, ""modulation_ratio"": 0.0, ""median_latency_ms"": null}, ""4.0"": {""evoked_rate_hz"": 0.0, ""baseline_rate_hz"": 17.78, ""reliability"": 0.0, ""modulation_ratio"": 0.0, ""median_latency_ms"": null}}",False,-221.222,not light responsive,0.95,Not statistically significant (p=0.2607 >= 0.05); No positive modulation (mod_ratio=0.43 <= 1.0); Very low reliability (0.04 < 0.05)
721123822,707296982,760213153,950911312,LP,45,5.926,5.556,0.802,2.086,0.076,0.054,0.044,0.044,0.977,0.037,0.8032,-0.011,0.0,"{""1.0"": {""evoked_rate_hz"": 0.0, ""baseline_rate_hz"": 4.44, ""reliability"": 0.0, ""modulation_ratio"": 0.0, ""median_latency_ms"": null}, ""2.5"": {""evoked_rate_hz"": 16.67, ""baseline_rate_hz"": 4.44, ""reliability"": 0.133, ""modulation_ratio"": 3.06, ""median_latency_ms"": 2.09}, ""4.0"": {""evoked_rate_hz"": 0.0, ""baseline_rate_hz"": 8.89, ""reliability"": 0.0, ""modulation_ratio"": 0.0, ""median_latency_ms"": null}}",False,0.223,not light responsive,0.95,Not statistically significant (p=0.8032 >= 0.05); No positive modulation (mod_ratio=0.80 <= 1.0); Very low reliability (0.04 < 0.05)
721123822,707296982,760213153,950911369,LP,45,11.852,0.0,0.0,,,,0.0,0.111,0.0,,0.00899,-0.46,0.0,"{""1.0"": {""evoked_rate_hz"": 0.0, ""baseline_rate_hz"": 8.89, ""reliability"": 0.0, ""modulation_ratio"": 0.0, ""median_latency_ms"": null}, ""2.5"": {""evoked_rate_hz"": 0.0, ""baseline_rate_hz"": 17.78, ""reliability"": 0.0, ""modulation_ratio"": 0.0, ""median_latency_ms"": null}, ""4.0"": {""evoked_rate_hz"": 0.0, ""baseline_rate_hz"": 8.89, ""reliability"": 0.0, ""modulation_ratio"": 0.0, ""median_latency_ms"": null}}",False,-0.996,not light responsive,0.95,Not statistically significant (p=0.0090 >= 0.05); No positive modulation (mod_ratio=0.00 <= 1.0); Very low reliability (0.00 < 0.05)
721123822,707296982,760213153,950911430,LP,45,4.444,8.333,1.531,4.58,2.321,2.062,0.067,0.022,0.955,0.399,0.56643,0.125,5.5556,"{""1.0"": {""evoked_rate_hz"": 0.0, ""baseline_rate_hz"": 8.89, ""reliability"": 0.0, ""modulation_ratio"": 0.0, ""median_latency_ms"": null}, ""2.5"": {""evoked_rate_hz"": 8.33, ""baseline_rate_hz"": 0.0, ""reliability"": 0.067, ""modulation_ratio"": 8.33, ""median_latency_ms"": 4.37}, ""4.0"": {""evoked_rate_hz"": 16.67, ""baseline_rate_hz"": 4.44, ""reliability"": 0.133, ""modulation_ratio"": 3.06, ""median_latency_ms"": 6.53}}",False,0.004,not light responsive,0.933,Not statistically significant (p=0.5664 >= 0.05)
721123822,707296982,760213153,950911412,LP,45,2.963,2.778,0.701,2.867,0.0,0.0,0.022,0.044,1.0,0.0,1.0,-0.014,0.0,"{""1.0"": {""evoked_rate_hz"": 0.0, ""baseline_rate_hz"": 4.44, ""reliability"": 0.0, ""modulation_ratio"": 0.0, ""median_latency_ms"": null}, ""2.5"": {""evoked_rate_hz"": 8.33, ""baseline_rate_hz"": 4.44, ""reliability"": 0.067, ""modulation_ratio"": 1.53, ""median_latency_ms"": 2.87}, ""4.0"": {""evoked_rate_hz"": 0.0, ""baseline_rate_hz"": 0.0, ""reliability"": 0.0, ""modulation_ratio"": 0.0, ""median_latency_ms"": null}}",False,-221.222,not light responsive,0.95,Not statistically significant (p=1.0000 >= 0.05); No positive modulation (mod_ratio=0.70 <= 1.0); Very low reliability (0.02 < 0.05)
721123822,707296982,760213153,950911447,LP,45,10.37,5.556,0.489,5.007,0.791,0.56,0.044,0.067,0.977,0.158,0.34865,-0.121,2.7778,"{""1.0"": {""evoked_rate_hz"": 0.0, ""baseline_rate_hz"": 0.0, ""reliability"": 0.0, ""modulation_ratio"": 0.0, ""median_latency_ms"": null}, ""2.5"": {""evoked_rate_hz"": 8.33, ""baseline_rate_hz"": 22.22, ""reliability"": 0.067, ""modulation_ratio"": 0.36, ""median_latency_ms"": 5.57}, ""4.0"": {""evoked_rate_hz"": 8.33, ""baseline_rate_hz"": 8.89, ""reliability"": 0.067, ""modulation_ratio"": 0.84, ""median_latency_ms"": 4.45}}",False,0.004,not light responsive,0.95,Not statistically significant (p=0.3487 >= 0.05); No positive modulation (mod_ratio=0.49 <= 1.0); Very low reliability (0.04 < 0.05)
721123822,707296982,760213153,950911438,LP,45,2.963,0.0,0.0,,,,0.0,0.044,0.0,,0.49051,-0.213,0.0,"{""1.0"": {""evoked_rate_hz"": 0.0, ""baseline_rate_hz"": 0.0, ""reliability"": 0.0, ""modulation_ratio"": 0.0, ""median_latency_ms"": null}, ""2.5"": {""evoked_rate_hz"": 0.0, ""baseline_rate_hz"": 4.44, ""reliability"": 0.0, ""modulation_ratio"": 0.0, ""median_latency_ms"": null}, ""4.0"": {""evoked_rate_hz"": 0.0, ""baseline_rate_hz"": 4.44, ""reliability"": 0.0, ""modulation_ratio"": 0.0, ""median_latency_ms"": null}}",False,0.501,not light responsive,0.95,Not statistically significant (p=0.4905 >= 0.05); No positive modulation (mod_ratio=0.00 <= 1.0); Very low reliability (0.00 < 0.05)
721123822,707296982,760213153,950911568,LP,45,1.481,5.556,2.239,5.675,2.552,1.804,0.044,0.022,0.977,0.45,0.4955,0.2,2.7778,"{""1.0"": {""evoked_rate_hz"": 0.0, ""baseline_rate_hz"": 0.0, ""reliability"": 0.0, ""modulation_ratio"": 0.0, ""median_latency_ms"": null}, ""2.5"": {""evoked_rate_hz"": 8.33, ""baseline_rate_hz"": 4.44, ""reliability"": 0.067, ""modulation_ratio"": 1.53, ""median_latency_ms"": 3.87}, ""4.0"": {""evoked_rate_hz"": 8.33, ""baseline_rate_hz"": 0.0, ""reliability"": 0.067, ""modulation_ratio"": 8.33, ""median_latency_ms"": 7.48}}",False,-1110.111,not light responsive,0.95,Not statistically significant (p=0.4955 >= 0.05); Very low reliability (0.04 < 0.05)
721123822,707296982,760213153,950911533,LP,45,8.889,5.556,0.562,3.876,3.24,2.291,0.044,0.044,0.977,0.836,0.45455,-0.092,-2.7778,"{""1.0"": {""evoked_rate_hz"": 8.33, ""baseline_rate_hz"": 4.44, ""reliability"": 0.067, ""modulation_ratio"": 1.53, ""median_latency_ms"": 1.59}, ""2.5"": {""evoked_rate_hz"": 8.33, ""baseline_rate_hz"": 0.0, ""reliability"": 0.067, ""modulation_ratio"": 8.33, ""median_latency_ms"": 6.17}, ""4.0"": {""evoked_rate_hz"": 0.0, ""baseline_rate_hz"": 22.22, ""reliability"": 0.0, ""modulation_ratio"": 0.0, ""median_latency_ms"": null}}",False,0.004,not light responsive,0.95,Not statistically significant (p=0.4546 >= 0.05); No positive modulation (mod_ratio=0.56 <= 1.0); Very low reliability (0.04 < 0.05)
721123822,707296982,760213153,950911525,LP,45,8.889,5.556,0.562,5.586,2.181,1.542,0.044,0.089,0.977,0.39,0.46953,-0.092,-5.5556,"{""1.0"": {""evoked_rate_hz"": 16.67, ""baseline_rate_hz"": 0.0, ""reliability"": 0.133, ""modulation_ratio"": 16.67, ""median_latency_ms"": 5.59}, ""2.5"": {""evoked_rate_hz"": 0.0, ""baseline_rate_hz"": 13.33, ""reliability"": 0.0, ""modulation_ratio"": 0.0, ""median_latency_ms"": null}, ""4.0"": {""evoked_rate_hz"": 0.0, ""baseline_rate_hz"": 13.33, ""reliability"": 0.0, ""modulation_ratio"": 0.0, ""median_latency_ms"": null}}",False,-1.198,not light responsive,0.95,Not statistically significant (p=0.4695 >= 0.05); No positive modulation (mod_ratio=0.56 <= 1.0); Very low reliability (0.04 < 0.05)
721123822,707296982,760213153,950911516,LP,45,0.0,2.778,2.778,1.7,0.0,0.0,0.022,0.0,1.0,0.0,1.0,0.149,0.0,"{""1.0"": {""evoked_rate_hz"": 0.0, ""baseline_rate_hz"": 0.0, ""reliability"": 0.0, ""modulation_ratio"": 0.0, ""median_latency_ms"": null}, ""2.5"": {""evoked_rate_hz"": 8.33, ""baseline_rate_hz"": 0.0, ""reliability"": 0.067, ""modulation_ratio"": 8.33, ""median_latency_ms"": 1.7}, ""4.0"": {""evoked_rate_hz"": 0.0, ""baseline_rate_hz"": 0.0, ""reliability"": 0.0, ""modulation_ratio"": 0.0, ""median_latency_ms"": null}}",False,1.0,not light responsive,0.95,Not statistically significant (p=1.0000 >= 0.05); Very low reliability (0.02 < 0.05)
721123822,707296982,760213153,950911587,LP,45,2.963,2.778,0.701,4.904,0.0,0.0,0.022,0.0,1.0,0.0,1.0,-0.008,0.0,"{""1.0"": {""evoked_rate_hz"": 0.0, ""baseline_rate_hz"": 0.0, ""reliability"": 0.0, ""modulation_ratio"": 0.0, ""median_latency_ms"": null}, ""2.5"": {""evoked_rate_hz"": 8.33, ""baseline_rate_hz"": 8.89, ""reliability"": 0.067, ""modulation_ratio"": 0.84, ""median_latency_ms"": 4.9}, ""4.0"": {""evoked_rate_hz"": 0.0, ""baseline_rate_hz"": 0.0, ""reliability"": 0.0, ""modulation_ratio"": 0.0, ""median_latency_ms"": null}}",False,0.001,not light responsive,0.95,Not statistically significant (p=1.0000 >= 0.05); No positive modulation (mod_ratio=0.70 <= 1.0); Very low reliability (0.02 < 0.05)
721123822,707296982,760213153,950911581,LP,45,11.852,0.0,0.0,,,,0.0,0.067,0.0,,0.00699,-0.46,0.0,"{""1.0"": {""evoked_rate_hz"": 0.0, ""baseline_rate_hz"": 4.44, ""reliability"": 0.0, ""modulation_ratio"": 0.0, ""median_latency_ms"": null}, ""2.5"": {""evoked_rate_hz"": 0.0, ""baseline_rate_hz"": 13.33, ""reliability"": 0.0, ""modulation_ratio"": 0.0, ""median_latency_ms"": null}, ""4.0"": {""evoked_rate_hz"": 0.0, ""baseline_rate_hz"": 17.78, ""reliability"": 0.0, ""modulation_ratio"": 0.0, ""median_latency_ms"": null}}",False,-443.444,not light responsive,0.95,Not statistically significant (p=0.0070 >= 0.05); No positive modulation (mod_ratio=0.00 <= 1.0); Very low reliability (0.00 < 0.05)
721123822,707296982,760213153,950911623,LP,45,1.481,2.778,1.119,3.118,0.0,0.0,0.022,0.022,1.0,0.0,1.0,0.061,0.0,"{""1.0"": {""evoked_rate_hz"": 0.0, ""baseline_rate_hz"": 0.0, ""reliability"": 0.0, ""modulation_ratio"": 0.0, ""median_latency_ms"": null}, ""2.5"": {""evoked_rate_hz"": 8.33, ""baseline_rate_hz"": 4.44, ""reliability"": 0.067, ""modulation_ratio"": 1.53, ""median_latency_ms"": 3.12}, ""4.0"": {""evoked_rate_hz"": 0.0, ""baseline_rate_hz"": 0.0, ""reliability"": 0.0, ""modulation_ratio"": 0.0, ""median_latency_ms"": null}}",False,-0.991,not light responsive,0.95,Not statistically significant (p=1.0000 >= 0.05); Very low reliability (0.02 < 0.05)
721123822,707296982,760213153,950911616,LP,45,5.926,0.0,0.0,,,,0.0,0.044,0.0,,0.23876,-0.248,0.0,"{""1.0"": {""evoked_rate_hz"": 0.0, ""baseline_rate_hz"": 8.89, ""reliability"": 0.0, ""modulation_ratio"": 0.0, ""median_latency_ms"": null}, ""2.5"": {""evoked_rate_hz"": 0.0, ""baseline_rate_hz"": 4.44, ""reliability"": 0.0, ""modulation_ratio"": 0.0, ""median_latency_ms"": null}, ""4.0"": {""evoked_rate_hz"": 0.0, ""baseline_rate_hz"": 4.44, ""reliability"": 0.0, ""modulation_ratio"": 0.0, ""median_latency_ms"": null}}",False,-1.987,not light responsive,0.95,Not statistically significant (p=0.2388 >= 0.05); No positive modulation (mod_ratio=0.00 <= 1.0); Very low reliability (0.00 < 0.05)
721123822,707296982,760213153,950911631,LP,45,2.963,2.778,0.701,5.472,0.0,0.0,0.022,0.0,1.0,0.0,1.0,-0.008,-2.7778,"{""1.0"": {""evoked_rate_hz"": 8.33, ""baseline_rate_hz"": 0.0, ""reliability"": 0.067, ""modulation_ratio"": 8.33, ""median_latency_ms"": 5.47}, ""2.5"": {""evoked_rate_hz"": 0.0, ""baseline_rate_hz"": 8.89, ""reliability"": 0.0, ""modulation_ratio"": 0.0, ""median_latency_ms"": null}, ""4.0"": {""evoked_rate_hz"": 0.0, ""baseline_rate_hz"": 0.0, ""reliability"": 0.0, ""modulation_ratio"": 0.0, ""median_latency_ms"": null}}",False,1.0,not light responsive,0.95,Not statistically significant (p=1.0000 >= 0.05); No positive modulation (mod_ratio=0.70 <= 1.0); Very low reliability (0.02 < 0.05)
721123822,707296982,760213153,950911661,LP,45,5.926,8.333,1.203,6.605,2.491,2.426,0.067,0.044,0.955,0.419,0.75724,0.073,2.7778,"{""1.0"": {""evoked_rate_hz"": 8.33, ""baseline_rate_hz"": 4.44, ""reliability"": 0.067, ""modulation_ratio"": 1.53, ""median_latency_ms"": 3.2}, ""2.5"": {""evoked_rate_hz"": 0.0, ""baseline_rate_hz"": 0.0, ""reliability"": 0.0, ""modulation_ratio"": 0.0, ""median_latency_ms"": null}, ""4.0"": {""evoked_rate_hz"": 16.67, ""baseline_rate_hz"": 13.33, ""reliability"": 0.133, ""modulation_ratio"": 1.16, ""median_latency_ms"": 7.33}}",False,0.251,not light responsive,0.933,Not statistically significant (p=0.7572 >= 0.05)
721123822,707296982,760213153,950911685,LP,45,0.0,0.0,0.0,,,,0.0,0.0,0.0,,1.0,0.0,0.0,"{""1.0"": {""evoked_rate_hz"": 0.0, ""baseline_rate_hz"": 0.0, ""reliability"": 0.0, ""modulation_ratio"": 0.0, ""median_latency_ms"": null}, ""2.5"": {""evoked_rate_hz"": 0.0, ""baseline_rate_hz"": 0.0, ""reliability"": 0.0, ""modulation_ratio"": 0.0, ""median_latency_ms"": null}, ""4.0"": {""evoked_rate_hz"": 0.0, ""baseline_rate_hz"": 0.0, ""reliability"": 0.0, ""modulation_ratio"": 0.0, ""median_latency_ms"": null}}",False,0.004,insufficient evidence,0.0,Insufficient trial count (<10) or zero spikes recorded
721123822,707296982,760213153,950911723,LP,45,7.407,13.889,1.652,5.142,1.843,3.077,0.111,0.022,0.909,0.374,0.44855,0.131,0.0,"{""1.0"": {""evoked_rate_hz"": 16.67, ""baseline_rate_hz"": 4.44, ""reliability"": 0.133, ""modulation_ratio"": 3.06, ""median_latency_ms"": 6.7}, ""2.5"": {""evoked_rate_hz"": 8.33, ""baseline_rate_hz"": 13.33, ""reliability"": 0.067, ""modulation_ratio"": 0.58, ""median_latency_ms"": 2.77}, ""4.0"": {""evoked_rate_hz"": 16.67, ""baseline_rate_hz"": 4.44, ""reliability"": 0.133, ""modulation_ratio"": 3.06, ""median_latency_ms"": 4.25}}",False,-221.222,not light responsive,0.889,Not statistically significant (p=0.4486 >= 0.05)
721123822,707296982,760213153,950911705,LP,45,2.963,8.333,2.103,7.206,0.533,0.489,0.067,0.044,0.955,0.077,0.42458,0.153,-5.5556,"{""1.0"": {""evoked_rate_hz"": 16.67, ""baseline_rate_hz"": 4.44, ""reliability"": 0.133, ""modulation_ratio"": 3.06, ""median_latency_ms"": 6.84}, ""2.5"": {""evoked_rate_hz"": 8.33, ""baseline_rate_hz"": 0.0, ""reliability"": 0.067, ""modulation_ratio"": 8.33, ""median_latency_ms"": 7.21}, ""4.0"": {""evoked_rate_hz"": 0.0, ""baseline_rate_hz"": 4.44, ""reliability"": 0.0, ""modulation_ratio"": 0.0, ""median_latency_ms"": null}}",False,-0.991,not light responsive,0.933,Not statistically significant (p=0.4246 >= 0.05)
721123822,707296982,760213153,950913628,LP,45,0.0,0.0,0.0,,,,0.0,0.0,0.0,,1.0,0.0,0.0,"{""1.0"": {""evoked_rate_hz"": 0.0, ""baseline_rate_hz"": 0.0, ""reliability"": 0.0, ""modulation_ratio"": 0.0, ""median_latency_ms"": null}, ""2.5"": {""evoked_rate_hz"": 0.0, ""baseline_rate_hz"": 0.0, ""reliability"": 0.0, ""modulation_ratio"": 0.0, ""median_latency_ms"": null}, ""4.0"": {""evoked_rate_hz"": 0.0, ""baseline_rate_hz"": 0.0, ""reliability"": 0.0, ""modulation_ratio"": 0.0, ""median_latency_ms"": null}}",False,1.0,insufficient evidence,0.0,Insufficient trial count (<10) or zero spikes recorded
721123822,707296982,760213153,950911716,LP,45,8.889,8.333,0.843,6.754,2.064,1.845,0.067,0.044,0.955,0.363,0.7982,-0.015,5.5556,"{""1.0"": {""evoked_rate_hz"": 0.0, ""baseline_rate_hz"": 8.89, ""reliability"": 0.0, ""modulation_ratio"": 0.0, ""median_latency_ms"": null}, ""2.5"": {""evoked_rate_hz"": 8.33, ""baseline_rate_hz"": 8.89, ""reliability"": 0.067, ""modulation_ratio"": 0.84, ""median_latency_ms"": 3.31}, ""4.0"": {""evoked_rate_hz"": 16.67, ""baseline_rate_hz"": 8.89, ""reliability"": 0.133, ""modulation_ratio"": 1.69, ""median_latency_ms"": 6.88}}",False,0.002,not light responsive,0.933,Not statistically significant (p=0.7982 >= 0.05); No positive modulation (mod_ratio=0.84 <= 1.0)
721123822,707296982,760213153,950911729,LP,45,5.926,2.778,0.401,5.655,0.0,0.0,0.022,0.067,1.0,0.0,0.26474,-0.164,2.7778,"{""1.0"": {""evoked_rate_hz"": 0.0, ""baseline_rate_hz"": 4.44, ""reliability"": 0.0, ""modulation_ratio"": 0.0, ""median_latency_ms"": null}, ""2.5"": {""evoked_rate_hz"": 0.0, ""baseline_rate_hz"": 0.0, ""reliability"": 0.0, ""modulation_ratio"": 0.0, ""median_latency_ms"": null}, ""4.0"": {""evoked_rate_hz"": 8.33, ""baseline_rate_hz"": 13.33, ""reliability"": 0.067, ""modulation_ratio"": 0.58, ""median_latency_ms"": 5.65}}",False,-0.095,not light responsive,0.95,Not statistically significant (p=0.2647 >= 0.05); No positive modulation (mod_ratio=0.40 <= 1.0); Very low reliability (0.02 < 0.05)
721123822,707296982,760213153,950911758,LP,45,4.444,2.778,0.51,6.913,0.0,0.0,0.022,0.022,1.0,0.0,0.63736,-0.065,2.7778,"{""1.0"": {""evoked_rate_hz"": 0.0, ""baseline_rate_hz"": 4.44, ""reliability"": 0.0, ""modulation_ratio"": 0.0, ""median_latency_ms"": null}, ""2.5"": {""evoked_rate_hz"": 0.0, ""baseline_rate_hz"": 0.0, ""reliability"": 0.0, ""modulation_ratio"": 0.0, ""median_latency_ms"": null}, ""4.0"": {""evoked_rate_hz"": 8.33, ""baseline_rate_hz"": 8.89, ""reliability"": 0.067, ""modulation_ratio"": 0.84, ""median_latency_ms"": 6.91}}",False,0.004,not light responsive,0.95,Not statistically significant (p=0.6374 >= 0.05); No positive modulation (mod_ratio=0.51 <= 1.0); Very low reliability (0.02 < 0.05)
721123822,707296982,760213153,950911744,LP,45,7.407,5.556,0.661,3.626,2.171,1.535,0.044,0.0,0.977,0.599,0.62038,-0.053,0.0,"{""1.0"": {""evoked_rate_hz"": 8.33, ""baseline_rate_hz"": 4.44, ""reliability"": 0.067, ""modulation_ratio"": 1.53, ""median_latency_ms"": 2.09}, ""2.5"": {""evoked_rate_hz"": 0.0, ""baseline_rate_hz"": 4.44, ""reliability"": 0.0, ""modulation_ratio"": 0.0, ""median_latency_ms"": null}, ""4.0"": {""evoked_rate_hz"": 8.33, ""baseline_rate_hz"": 13.33, ""reliability"": 0.067, ""modulation_ratio"": 0.58, ""median_latency_ms"": 5.16}}",False,1.0,not light responsive,0.95,Not statistically significant (p=0.6204 >= 0.05); No positive modulation (mod_ratio=0.66 <= 1.0); Very low reliability (0.04 < 0.05)
721123822,707296982,760213153,950911772,LP,45,19.259,11.111,0.548,4.116,1.347,2.099,0.089,0.156,0.932,0.327,0.27073,-0.163,2.7778,"{""1.0"": {""evoked_rate_hz"": 8.33, ""baseline_rate_hz"": 22.22, ""reliability"": 0.067, ""modulation_ratio"": 0.36, ""median_latency_ms"": 3.17}, ""2.5"": {""evoked_rate_hz"": 8.33, ""baseline_rate_hz"": 13.33, ""reliability"": 0.067, ""modulation_ratio"": 0.58, ""median_latency_ms"": 5.06}, ""4.0"": {""evoked_rate_hz"": 16.67, ""baseline_rate_hz"": 22.22, ""reliability"": 0.133, ""modulation_ratio"": 0.72, ""median_latency_ms"": 4.13}}",False,0.286,not light responsive,0.911,Not statistically significant (p=0.2707 >= 0.05); No positive modulation (mod_ratio=0.55 <= 1.0)
721123822,707296982,760213153,950911765,LP,45,2.963,0.0,0.0,,,,0.0,0.044,0.0,,0.5035,-0.213,0.0,"{""1.0"": {""evoked_rate_hz"": 0.0, ""baseline_rate_hz"": 0.0, ""reliability"": 0.0, ""modulation_ratio"": 0.0, ""median_latency_ms"": null}, ""2.5"": {""evoked_rate_hz"": 0.0, ""baseline_rate_hz"": 0.0, ""reliability"": 0.0, ""modulation_ratio"": 0.0, ""median_latency_ms"": null}, ""4.0"": {""evoked_rate_hz"": 0.0, ""baseline_rate_hz"": 8.89, ""reliability"": 0.0, ""modulation_ratio"": 0.0, ""median_latency_ms"": null}}",False,-1.987,not light responsive,0.95,Not statistically significant (p=0.5035 >= 0.05); No positive modulation (mod_ratio=0.00 <= 1.0); Very low reliability (0.00 < 0.05)
721123822,707296982,760213153,950911786,LP,45,4.444,5.556,1.02,6.632,0.946,0.669,0.044,0.044,0.977,0.143,1.0,0.035,-2.7778,"{""1.0"": {""evoked_rate_hz"": 8.33, ""baseline_rate_hz"": 0.0, ""reliability"": 0.067, ""modulation_ratio"": 8.33, ""median_latency_ms"": 5.96}, ""2.5"": {""evoked_rate_hz"": 8.33, ""baseline_rate_hz"": 0.0, ""reliability"": 0.067, ""modulation_ratio"": 8.33, ""median_latency_ms"": 7.3}, ""4.0"": {""evoked_rate_hz"": 0.0, ""baseline_rate_hz"": 13.33, ""reliability"": 0.0, ""modulation_ratio"": 0.0, ""median_latency_ms"": null}}",False,-443.444,not light responsive,0.95,Not statistically significant (p=1.0000 >= 0.05); Very low reliability (0.04 < 0.05)
721123822,707296982,760213153,950911854,LP,45,2.963,0.0,0.0,,,,0.0,0.044,0.0,,0.49351,-0.213,0.0,"{""1.0"": {""evoked_rate_hz"": 0.0, ""baseline_rate_hz"": 8.89, ""reliability"": 0.0, ""modulation_ratio"": 0.0, ""median_latency_ms"": null}, ""2.5"": {""evoked_rate_hz"": 0.0, ""baseline_rate_hz"": 0.0, ""reliability"": 0.0, ""modulation_ratio"": 0.0, ""median_latency_ms"": null}, ""4.0"": {""evoked_rate_hz"": 0.0, ""baseline_rate_hz"": 0.0, ""reliability"": 0.0, ""modulation_ratio"": 0.0, ""median_latency_ms"": null}}",False,0.334,not light responsive,0.95,Not statistically significant (p=0.4935 >= 0.05); No positive modulation (mod_ratio=0.00 <= 1.0); Very low reliability (0.00 < 0.05)
721123822,707296982,760213153,950911910,DG,45,23.704,27.778,1.124,4.916,2.175,2.626,0.222,0.156,0.795,0.443,0.54446,0.085,5.5556,"{""1.0"": {""evoked_rate_hz"": 16.67, ""baseline_rate_hz"": 26.67, ""reliability"": 0.133, ""modulation_ratio"": 0.6, ""median_latency_ms"": 4.91}, ""2.5"": {""evoked_rate_hz"": 33.33, ""baseline_rate_hz"": 26.67, ""reliability"": 0.267, ""modulation_ratio"": 1.2, ""median_latency_ms"": 5.92}, ""4.0"": {""evoked_rate_hz"": 33.33, ""baseline_rate_hz"": 17.78, ""reliability"": 0.267, ""modulation_ratio"": 1.78, ""median_latency_ms"": 4.21}}",False,0.125,not light responsive,0.778,Not statistically significant (p=0.5445 >= 0.05)
721123822,707296982,760213153,950911970,DG,45,23.704,13.889,0.562,2.972,2.858,2.195,0.111,0.2,0.909,0.665,0.1998,-0.195,-2.7778,"{""1.0"": {""evoked_rate_hz"": 16.67, ""baseline_rate_hz"": 26.67, ""reliability"": 0.133, ""modulation_ratio"": 0.6, ""median_latency_ms"": 2.36}, ""2.5"": {""evoked_rate_hz"": 16.67, ""baseline_rate_hz"": 26.67, ""reliability"": 0.133, ""modulation_ratio"": 0.6, ""median_latency_ms"": 6.98}, ""4.0"": {""evoked_rate_hz"": 8.33, ""baseline_rate_hz"": 17.78, ""reliability"": 0.067, ""modulation_ratio"": 0.44, ""median_latency_ms"": 2.81}}",False,-0.996,not light responsive,0.889,Not statistically significant (p=0.1998 >= 0.05); No positive modulation (mod_ratio=0.56 <= 1.0)
721123822,707296982,760213153,950912000,DG,45,0.0,5.556,5.556,4.559,0.23,0.163,0.044,0.0,0.977,0.05,0.50949,0.213,0.0,"{""1.0"": {""evoked_rate_hz"": 8.33, ""baseline_rate_hz"": 0.0, ""reliability"": 0.067, ""modulation_ratio"": 8.33, ""median_latency_ms"": 4.4}, ""2.5"": {""evoked_rate_hz"": 0.0, ""baseline_rate_hz"": 0.0, ""reliability"": 0.0, ""modulation_ratio"": 0.0, ""median_latency_ms"": null}, ""4.0"": {""evoked_rate_hz"": 8.33, ""baseline_rate_hz"": 0.0, ""reliability"": 0.067, ""modulation_ratio"": 8.33, ""median_latency_ms"": 4.72}}",False,-221.222,not light responsive,0.95,Not statistically significant (p=0.5095 >= 0.05); Very low reliability (0.04 < 0.05)
721123822,707296982,760213153,950912051,DG,45,1.481,2.778,1.119,1.24,0.0,0.0,0.022,0.0,1.0,0.0,1.0,0.061,0.0,"{""1.0"": {""evoked_rate_hz"": 0.0, ""baseline_rate_hz"": 0.0, ""reliability"": 0.0, ""modulation_ratio"": 0.0, ""median_latency_ms"": null}, ""2.5"": {""evoked_rate_hz"": 8.33, ""baseline_rate_hz"": 4.44, ""reliability"": 0.067, ""modulation_ratio"": 1.53, ""median_latency_ms"": 1.24}, ""4.0"": {""evoked_rate_hz"": 0.0, ""baseline_rate_hz"": 0.0, ""reliability"": 0.0, ""modulation_ratio"": 0.0, ""median_latency_ms"": null}}",False,0.002,not light responsive,0.95,Not statistically significant (p=1.0000 >= 0.05); Very low reliability (0.02 < 0.05)
721123822,707296982,760213153,950912097,DG,45,2.963,2.778,0.701,1.962,0.0,0.0,0.022,0.022,1.0,0.0,1.0,-0.014,-2.7778,"{""1.0"": {""evoked_rate_hz"": 8.33, ""baseline_rate_hz"": 4.44, ""reliability"": 0.067, ""modulation_ratio"": 1.53, ""median_latency_ms"": 1.96}, ""2.5"": {""evoked_rate_hz"": 0.0, ""baseline_rate_hz"": 0.0, ""reliability"": 0.0, ""modulation_ratio"": 0.0, ""median_latency_ms"": null}, ""4.0"": {""evoked_rate_hz"": 0.0, ""baseline_rate_hz"": 4.44, ""reliability"": 0.0, ""modulation_ratio"": 0.0, ""median_latency_ms"": null}}",False,-0.991,not light responsive,0.95,Not statistically significant (p=1.0000 >= 0.05); No positive modulation (mod_ratio=0.70 <= 1.0); Very low reliability (0.02 < 0.05)
721123822,707296982,760213153,950912160,DG,45,5.926,5.556,0.802,4.154,2.136,1.51,0.044,0.044,0.977,0.514,0.80819,-0.014,-2.7778,"{""1.0"": {""evoked_rate_hz"": 8.33, ""baseline_rate_hz"": 8.89, ""reliability"": 0.067, ""modulation_ratio"": 0.84, ""median_latency_ms"": 2.64}, ""2.5"": {""evoked_rate_hz"": 8.33, ""baseline_rate_hz"": 4.44, ""reliability"": 0.067, ""modulation_ratio"": 1.53, ""median_latency_ms"": 5.66}, ""4.0"": {""evoked_rate_hz"": 0.0, ""baseline_rate_hz"": 4.44, ""reliability"": 0.0, ""modulation_ratio"": 0.0, ""median_latency_ms"": null}}",False,-221.222,not light responsive,0.95,Not statistically significant (p=0.8082 >= 0.05); No positive modulation (mod_ratio=0.80 <= 1.0); Very low reliability (0.04 < 0.05)
721123822,707296982,760213153,950912106,DG,45,5.926,5.556,0.802,7.526,1.752,1.239,0.044,0.022,0.977,0.233,0.8032,-0.011,2.7778,"{""1.0"": {""evoked_rate_hz"": 0.0, ""baseline_rate_hz"": 8.89, ""reliability"": 0.0, ""modulation_ratio"": 0.0, ""median_latency_ms"": null}, ""2.5"": {""evoked_rate_hz"": 8.33, ""baseline_rate_hz"": 4.44, ""reliability"": 0.067, ""modulation_ratio"": 1.53, ""median_latency_ms"": 8.76}, ""4.0"": {""evoked_rate_hz"": 8.33, ""baseline_rate_hz"": 4.44, ""reliability"": 0.067, ""modulation_ratio"": 1.53, ""median_latency_ms"": 6.29}}",False,-221.222,not light responsive,0.95,Not statistically significant (p=0.8032 >= 0.05); No positive modulation (mod_ratio=0.80 <= 1.0); Very low reliability (0.04 < 0.05)
721123822,707296982,760213153,950912136,DG,45,11.852,8.333,0.648,4.889,4.679,3.308,0.044,0.089,1.636,0.957,0.65934,-0.075,5.5556,"{""1.0"": {""evoked_rate_hz"": 0.0, ""baseline_rate_hz"": 8.89, ""reliability"": 0.0, ""modulation_ratio"": 0.0, ""median_latency_ms"": null}, ""2.5"": {""evoked_rate_hz"": 8.33, ""baseline_rate_hz"": 13.33, ""reliability"": 0.067, ""modulation_ratio"": 0.58, ""median_latency_ms"": 8.2}, ""4.0"": {""evoked_rate_hz"": 16.67, ""baseline_rate_hz"": 13.33, ""reliability"": 0.067, ""modulation_ratio"": 1.16, ""median_latency_ms"": 1.58}}",False,-221.222,not light responsive,0.95,Not statistically significant (p=0.6593 >= 0.05); No positive modulation (mod_ratio=0.65 <= 1.0); Very low reliability (0.04 < 0.05)
721123822,707296982,760213153,950912125,DG,45,1.481,5.556,2.239,6.525,0.153,0.108,0.044,0.0,0.977,0.023,0.49351,0.145,0.0,"{""1.0"": {""evoked_rate_hz"": 0.0, ""baseline_rate_hz"": 0.0, ""reliability"": 0.0, ""modulation_ratio"": 0.0, ""median_latency_ms"": null}, ""2.5"": {""evoked_rate_hz"": 16.67, ""baseline_rate_hz"": 4.44, ""reliability"": 0.133, ""modulation_ratio"": 3.06, ""median_latency_ms"": 6.52}, ""4.0"": {""evoked_rate_hz"": 0.0, ""baseline_rate_hz"": 0.0, ""reliability"": 0.0, ""modulation_ratio"": 0.0, ""median_latency_ms"": null}}",False,-443.444,not light responsive,0.95,Not statistically significant (p=0.4935 >= 0.05); Very low reliability (0.04 < 0.05)
721123822,707296982,760213153,950912205,DG,45,4.444,2.778,0.51,3.049,0.0,0.0,0.022,0.0,1.0,0.0,0.61938,-0.065,2.7778,"{""1.0"": {""evoked_rate_hz"": 0.0, ""baseline_rate_hz"": 0.0, ""reliability"": 0.0, ""modulation_ratio"": 0.0, ""median_latency_ms"": null}, ""2.5"": {""evoked_rate_hz"": 0.0, ""baseline_rate_hz"": 4.44, ""reliability"": 0.0, ""modulation_ratio"": 0.0, ""median_latency_ms"": null}, ""4.0"": {""evoked_rate_hz"": 8.33, ""baseline_rate_hz"": 8.89, ""reliability"": 0.067, ""modulation_ratio"": 0.84, ""median_latency_ms"": 3.05}}",False,0.004,not light responsive,0.95,Not statistically significant (p=0.6194 >= 0.05); No positive modulation (mod_ratio=0.51 <= 1.0); Very low reliability (0.02 < 0.05)
721123822,707296982,760213153,950912227,DG,45,0.0,0.0,0.0,,,,0.0,0.0,0.0,,1.0,0.0,0.0,"{""1.0"": {""evoked_rate_hz"": 0.0, ""baseline_rate_hz"": 0.0, ""reliability"": 0.0, ""modulation_ratio"": 0.0, ""median_latency_ms"": null}, ""2.5"": {""evoked_rate_hz"": 0.0, ""baseline_rate_hz"": 0.0, ""reliability"": 0.0, ""modulation_ratio"": 0.0, ""median_latency_ms"": null}, ""4.0"": {""evoked_rate_hz"": 0.0, ""baseline_rate_hz"": 0.0, ""reliability"": 0.0, ""modulation_ratio"": 0.0, ""median_latency_ms"": null}}",False,1.0,insufficient evidence,0.0,Insufficient trial count (<10) or zero spikes recorded
721123822,707296982,760213153,950912316,CA1,45,13.333,13.889,0.969,4.165,1.663,3.165,0.111,0.133,0.909,0.39,1.0,0.013,-2.7778,"{""1.0"": {""evoked_rate_hz"": 16.67, ""baseline_rate_hz"": 13.33, ""reliability"": 0.133, ""modulation_ratio"": 1.16, ""median_latency_ms"": 4.37}, ""2.5"": {""evoked_rate_hz"": 16.67, ""baseline_rate_hz"": 13.33, ""reliability"": 0.133, ""modulation_ratio"": 1.16, ""median_latency_ms"": 5.04}, ""4.0"": {""evoked_rate_hz"": 8.33, ""baseline_rate_hz"": 13.33, ""reliability"": 0.067, ""modulation_ratio"": 0.58, ""median_latency_ms"": 2.52}}",False,0.625,not light responsive,0.889,Not statistically significant (p=1.0000 >= 0.05); No positive modulation (mod_ratio=0.97 <= 1.0)
721123822,707296982,760213153,950912413,CA1,45,1.481,2.778,1.119,6.299,0.0,0.0,0.022,0.022,1.0,0.0,1.0,0.061,0.0,"{""1.0"": {""evoked_rate_hz"": 0.0, ""baseline_rate_hz"": 0.0, ""reliability"": 0.0, ""modulation_ratio"": 0.0, ""median_latency_ms"": null}, ""2.5"": {""evoked_rate_hz"": 8.33, ""baseline_rate_hz"": 0.0, ""reliability"": 0.067, ""modulation_ratio"": 8.33, ""median_latency_ms"": 6.3}, ""4.0"": {""evoked_rate_hz"": 0.0, ""baseline_rate_hz"": 4.44, ""reliability"": 0.0, ""modulation_ratio"": 0.0, ""median_latency_ms"": null}}",False,0.004,not light responsive,0.95,Not statistically significant (p=1.0000 >= 0.05); Very low reliability (0.02 < 0.05)
721123822,707296982,760213153,950912478,CA1,45,1.481,2.778,1.119,5.0,0.0,0.0,0.022,0.022,1.0,0.0,1.0,0.061,0.0,"{""1.0"": {""evoked_rate_hz"": 0.0, ""baseline_rate_hz"": 0.0, ""reliability"": 0.0, ""modulation_ratio"": 0.0, ""median_latency_ms"": null}, ""2.5"": {""evoked_rate_hz"": 8.33, ""baseline_rate_hz"": 0.0, ""reliability"": 0.067, ""modulation_ratio"": 8.33, ""median_latency_ms"": 5.0}, ""4.0"": {""evoked_rate_hz"": 0.0, ""baseline_rate_hz"": 4.44, ""reliability"": 0.0, ""modulation_ratio"": 0.0, ""median_latency_ms"": null}}",False,-221.222,not light responsive,0.95,Not statistically significant (p=1.0000 >= 0.05); Very low reliability (0.02 < 0.05)
721123822,707296982,760213153,950913820,CA1,45,2.963,2.778,0.701,8.057,0.0,0.0,0.022,0.022,1.0,0.0,1.0,-0.014,0.0,"{""1.0"": {""evoked_rate_hz"": 0.0, ""baseline_rate_hz"": 4.44, ""reliability"": 0.0, ""modulation_ratio"": 0.0, ""median_latency_ms"": null}, ""2.5"": {""evoked_rate_hz"": 8.33, ""baseline_rate_hz"": 4.44, ""reliability"": 0.067, ""modulation_ratio"": 1.53, ""median_latency_ms"": 8.06}, ""4.0"": {""evoked_rate_hz"": 0.0, ""baseline_rate_hz"": 0.0, ""reliability"": 0.0, ""modulation_ratio"": 0.0, ""median_latency_ms"": null}}",False,0.501,not light responsive,0.95,Not statistically significant (p=1.0000 >= 0.05); No positive modulation (mod_ratio=0.70 <= 1.0); Very low reliability (0.02 < 0.05)
721123822,707296982,760213153,950912544,CA1,45,16.296,5.556,0.321,1.641,0.331,0.234,0.044,0.089,0.977,0.202,0.04995,-0.29,2.7778,"{""1.0"": {""evoked_rate_hz"": 0.0, ""baseline_rate_hz"": 13.33, ""reliability"": 0.0, ""modulation_ratio"": 0.0, ""median_latency_ms"": null}, ""2.5"": {""evoked_rate_hz"": 8.33, ""baseline_rate_hz"": 13.33, ""reliability"": 0.067, ""modulation_ratio"": 0.58, ""median_latency_ms"": 1.41}, ""4.0"": {""evoked_rate_hz"": 8.33, ""baseline_rate_hz"": 22.22, ""reliability"": 0.067, ""modulation_ratio"": 0.36, ""median_latency_ms"": 1.87}}",False,0.001,not light responsive,0.95,Not statistically significant (p=0.0500 >= 0.05); No positive modulation (mod_ratio=0.32 <= 1.0); Very low reliability (0.04 < 0.05)
721123822,707296982,760213153,950912491,CA1,45,11.852,2.778,0.216,8.563,0.0,0.0,0.022,0.133,1.0,0.0,0.03996,-0.276,-2.7778,"{""1.0"": {""evoked_rate_hz"": 8.33, ""baseline_rate_hz"": 4.44, ""reliability"": 0.067, ""modulation_ratio"": 1.53, ""median_latency_ms"": 8.56}, ""2.5"": {""evoked_rate_hz"": 0.0, ""baseline_rate_hz"": 4.44, ""reliability"": 0.0, ""modulation_ratio"": 0.0, ""median_latency_ms"": null}, ""4.0"": {""evoked_rate_hz"": 0.0, ""baseline_rate_hz"": 26.67, ""reliability"": 0.0, ""modulation_ratio"": 0.0, ""median_latency_ms"": null}}",False,-0.497,not light responsive,0.95,Not statistically significant (p=0.0400 >= 0.05); No positive modulation (mod_ratio=0.22 <= 1.0); Very low reliability (0.02 < 0.05)
721123822,707296982,760213153,950912621,CA1,45,4.444,8.333,1.531,4.498,2.431,2.161,0.067,0.022,0.955,0.42,0.62637,0.106,2.7778,"{""1.0"": {""evoked_rate_hz"": 0.0, ""baseline_rate_hz"": 0.0, ""reliability"": 0.0, ""modulation_ratio"": 0.0, ""median_latency_ms"": null}, ""2.5"": {""evoked_rate_hz"": 16.67, ""baseline_rate_hz"": 4.44, ""reliability"": 0.133, ""modulation_ratio"": 3.06, ""median_latency_ms"": 4.38}, ""4.0"": {""evoked_rate_hz"": 8.33, ""baseline_rate_hz"": 8.89, ""reliability"": 0.067, ""modulation_ratio"": 0.84, ""median_latency_ms"": 8.59}}",False,0.004,not light responsive,0.933,Not statistically significant (p=0.6264 >= 0.05)
721123822,707296982,760213153,950912574,CA1,45,5.926,2.778,0.401,2.711,0.0,0.0,0.022,0.044,1.0,0.0,0.24276,-0.226,-2.7778,"{""1.0"": {""evoked_rate_hz"": 8.33, ""baseline_rate_hz"": 13.33, ""reliability"": 0.067, ""modulation_ratio"": 0.58, ""median_latency_ms"": 2.71}, ""2.5"": {""evoked_rate_hz"": 0.0, ""baseline_rate_hz"": 0.0, ""reliability"": 0.0, ""modulation_ratio"": 0.0, ""median_latency_ms"": null}, ""4.0"": {""evoked_rate_hz"": 0.0, ""baseline_rate_hz"": 4.44, ""reliability"": 0.0, ""modulation_ratio"": 0.0, ""median_latency_ms"": null}}",False,0.004,not light responsive,0.95,Not statistically significant (p=0.2428 >= 0.05); No positive modulation (mod_ratio=0.40 <= 1.0); Very low reliability (0.02 < 0.05)
721123822,707296982,760213153,950912559,CA1,45,7.407,5.556,0.661,6.13,0.988,0.699,0.044,0.022,0.977,0.161,0.56244,-0.072,0.0,"{""1.0"": {""evoked_rate_hz"": 8.33, ""baseline_rate_hz"": 4.44, ""reliability"": 0.067, ""modulation_ratio"": 1.53, ""median_latency_ms"": 6.83}, ""2.5"": {""evoked_rate_hz"": 0.0, ""baseline_rate_hz"": 8.89, ""reliability"": 0.0, ""modulation_ratio"": 0.0, ""median_latency_ms"": null}, ""4.0"": {""evoked_rate_hz"": 8.33, ""baseline_rate_hz"": 8.89, ""reliability"": 0.067, ""modulation_ratio"": 0.84, ""median_latency_ms"": 5.43}}",False,0.75,not light responsive,0.95,Not statistically significant (p=0.5624 >= 0.05); No positive modulation (mod_ratio=0.66 <= 1.0); Very low reliability (0.04 < 0.05)
721123822,707296982,760213153,950912599,CA1,45,8.889,5.556,0.562,5.486,1.163,0.822,0.044,0.022,0.977,0.212,0.39261,-0.11,0.0,"{""1.0"": {""evoked_rate_hz"": 8.33, ""baseline_rate_hz"": 8.89, ""reliability"": 0.067, ""modulation_ratio"": 0.84, ""median_latency_ms"": 4.66}, ""2.5"": {""evoked_rate_hz"": 0.0, ""baseline_rate_hz"": 4.44, ""reliability"": 0.0, ""modulation_ratio"": 0.0, ""median_latency_ms"": null}, ""4.0"": {""evoked_rate_hz"": 8.33, ""baseline_rate_hz"": 13.33, ""reliability"": 0.067, ""modulation_ratio"": 0.58, ""median_latency_ms"": 6.31}}",False,0.5,not light responsive,0.95,Not statistically significant (p=0.3926 >= 0.05); No positive modulation (mod_ratio=0.56 <= 1.0); Very low reliability (0.04 < 0.05)
721123822,707296982,760213153,950912654,CA1,45,5.926,19.444,2.807,6.2,2.495,3.822,0.156,0.022,0.864,0.44,0.12188,0.26,0.0,"{""1.0"": {""evoked_rate_hz"": 16.67, ""baseline_rate_hz"": 0.0, ""reliability"": 0.133, ""modulation_ratio"": 16.67, ""median_latency_ms"": 5.21}, ""2.5"": {""evoked_rate_hz"": 25.0, ""baseline_rate_hz"": 4.44, ""reliability"": 0.2, ""modulation_ratio"": 4.59, ""median_latency_ms"": 6.2}, ""4.0"": {""evoked_rate_hz"": 16.67, ""baseline_rate_hz"": 13.33, ""reliability"": 0.133, ""modulation_ratio"": 1.16, ""median_latency_ms"": 4.82}}",False,0.334,not light responsive,0.844,Not statistically significant (p=0.1219 >= 0.05)
721123822,707296982,760213153,950912688,VISrl,45,1.481,0.0,0.0,,,,0.0,0.0,0.0,,1.0,-0.149,0.0,"{""1.0"": {""evoked_rate_hz"": 0.0, ""baseline_rate_hz"": 4.44, ""reliability"": 0.0, ""modulation_ratio"": 0.0, ""median_latency_ms"": null}, ""2.5"": {""evoked_rate_hz"": 0.0, ""baseline_rate_hz"": 0.0, ""reliability"": 0.0, ""modulation_ratio"": 0.0, ""median_latency_ms"": null}, ""4.0"": {""evoked_rate_hz"": 0.0, ""baseline_rate_hz"": 0.0, ""reliability"": 0.0, ""modulation_ratio"": 0.0, ""median_latency_ms"": null}}",False,-0.497,not light responsive,0.95,Not statistically significant (p=1.0000 >= 0.05); No positive modulation (mod_ratio=0.00 <= 1.0); Very low reliability (0.00 < 0.05)
721123822,707296982,760213153,950912680,VISrl,45,2.963,0.0,0.0,,,,0.0,0.044,0.0,,0.5025,-0.213,0.0,"{""1.0"": {""evoked_rate_hz"": 0.0, ""baseline_rate_hz"": 8.89, ""reliability"": 0.0, ""modulation_ratio"": 0.0, ""median_latency_ms"": null}, ""2.5"": {""evoked_rate_hz"": 0.0, ""baseline_rate_hz"": 0.0, ""reliability"": 0.0, ""modulation_ratio"": 0.0, ""median_latency_ms"": null}, ""4.0"": {""evoked_rate_hz"": 0.0, ""baseline_rate_hz"": 0.0, ""reliability"": 0.0, ""modulation_ratio"": 0.0, ""median_latency_ms"": null}}",False,-0.331,not light responsive,0.95,Not statistically significant (p=0.5025 >= 0.05); No positive modulation (mod_ratio=0.00 <= 1.0); Very low reliability (0.00 < 0.05)
721123822,707296982,760213153,950912718,VISrl,45,5.926,30.556,4.412,5.368,1.639,2.465,0.244,0.022,0.773,0.299,0.01199,0.428,2.7778,"{""1.0"": {""evoked_rate_hz"": 16.67, ""baseline_rate_hz"": 4.44, ""reliability"": 0.133, ""modulation_ratio"": 3.06, ""median_latency_ms"": 5.99}, ""2.5"": {""evoked_rate_hz"": 50.0, ""baseline_rate_hz"": 4.44, ""reliability"": 0.4, ""modulation_ratio"": 9.18, ""median_latency_ms"": 6.44}, ""4.0"": {""evoked_rate_hz"": 25.0, ""baseline_rate_hz"": 8.89, ""reliability"": 0.2, ""modulation_ratio"": 2.53, ""median_latency_ms"": 3.22}}",False,0.001,light-responsive / indirect or uncertain,0.65,Sub-threshold reliability (0.24 < 0.3)
721123822,707296982,760213153,950913689,VISrl,45,0.0,0.0,0.0,,,,0.0,0.0,0.0,,1.0,0.0,0.0,"{""1.0"": {""evoked_rate_hz"": 0.0, ""baseline_rate_hz"": 0.0, ""reliability"": 0.0, ""modulation_ratio"": 0.0, ""median_latency_ms"": null}, ""2.5"": {""evoked_rate_hz"": 0.0, ""baseline_rate_hz"": 0.0, ""reliability"": 0.0, ""modulation_ratio"": 0.0, ""median_latency_ms"": null}, ""4.0"": {""evoked_rate_hz"": 0.0, ""baseline_rate_hz"": 0.0, ""reliability"": 0.0, ""modulation_ratio"": 0.0, ""median_latency_ms"": null}}",False,1.0,insufficient evidence,0.0,Insufficient trial count (<10) or zero spikes recorded
721123822,707296982,760213153,950912786,VISrl,45,0.0,0.0,0.0,,,,0.0,0.0,0.0,,1.0,0.0,0.0,"{""1.0"": {""evoked_rate_hz"": 0.0, ""baseline_rate_hz"": 0.0, ""reliability"": 0.0, ""modulation_ratio"": 0.0, ""median_latency_ms"": null}, ""2.5"": {""evoked_rate_hz"": 0.0, ""baseline_rate_hz"": 0.0, ""reliability"": 0.0, ""modulation_ratio"": 0.0, ""median_latency_ms"": null}, ""4.0"": {""evoked_rate_hz"": 0.0, ""baseline_rate_hz"": 0.0, ""reliability"": 0.0, ""modulation_ratio"": 0.0, ""median_latency_ms"": null}}",False,1.0,insufficient evidence,0.0,Insufficient trial count (<10) or zero spikes recorded
721123822,707296982,760213153,950912775,VISrl,45,8.889,2.778,0.281,2.887,0.0,0.0,0.022,0.067,1.0,0.0,0.24975,-0.196,2.7778,"{""1.0"": {""evoked_rate_hz"": 0.0, ""baseline_rate_hz"": 4.44, ""reliability"": 0.0, ""modulation_ratio"": 0.0, ""median_latency_ms"": null}, ""2.5"": {""evoked_rate_hz"": 0.0, ""baseline_rate_hz"": 0.0, ""reliability"": 0.0, ""modulation_ratio"": 0.0, ""median_latency_ms"": null}, ""4.0"": {""evoked_rate_hz"": 8.33, ""baseline_rate_hz"": 22.22, ""reliability"": 0.067, ""modulation_ratio"": 0.36, ""median_latency_ms"": 2.89}}",False,0.501,not light responsive,0.95,Not statistically significant (p=0.2497 >= 0.05); No positive modulation (mod_ratio=0.28 <= 1.0); Very low reliability (0.02 < 0.05)
721123822,707296982,760213153,950912764,VISrl,45,8.889,13.889,1.404,1.546,2.104,0.802,0.111,0.089,0.909,0.903,0.53846,0.112,5.5556,"{""1.0"": {""evoked_rate_hz"": 8.33, ""baseline_rate_hz"": 4.44, ""reliability"": 0.067, ""modulation_ratio"": 1.53, ""median_latency_ms"": 1.9}, ""2.5"": {""evoked_rate_hz"": 8.33, ""baseline_rate_hz"": 13.33, ""reliability"": 0.067, ""modulation_ratio"": 0.58, ""median_latency_ms"": 1.06}, ""4.0"": {""evoked_rate_hz"": 25.0, ""baseline_rate_hz"": 8.89, ""reliability"": 0.2, ""modulation_ratio"": 2.53, ""median_latency_ms"": 1.55}}",False,-665.667,not light responsive,0.889,Not statistically significant (p=0.5385 >= 0.05)
721123822,707296982,760213153,950912816,VISrl,45,4.444,0.0,0.0,,,,0.0,0.067,0.0,,0.25674,-0.264,0.0,"{""1.0"": {""evoked_rate_hz"": 0.0, ""baseline_rate_hz"": 8.89, ""reliability"": 0.0, ""modulation_ratio"": 0.0, ""median_latency_ms"": null}, ""2.5"": {""evoked_rate_hz"": 0.0, ""baseline_rate_hz"": 4.44, ""reliability"": 0.0, ""modulation_ratio"": 0.0, ""median_latency_ms"": null}, ""4.0"": {""evoked_rate_hz"": 0.0, ""baseline_rate_hz"": 0.0, ""reliability"": 0.0, ""modulation_ratio"": 0.0, ""median_latency_ms"": null}}",False,-443.444,not light responsive,0.95,Not statistically significant (p=0.2567 >= 0.05); No positive modulation (mod_ratio=0.00 <= 1.0); Very low reliability (0.00 < 0.05)
721123822,707296982,760213153,950912848,VISrl,45,0.0,0.0,0.0,,,,0.0,0.0,0.0,,1.0,0.0,0.0,"{""1.0"": {""evoked_rate_hz"": 0.0, ""baseline_rate_hz"": 0.0, ""reliability"": 0.0, ""modulation_ratio"": 0.0, ""median_latency_ms"": null}, ""2.5"": {""evoked_rate_hz"": 0.0, ""baseline_rate_hz"": 0.0, ""reliability"": 0.0, ""modulation_ratio"": 0.0, ""median_latency_ms"": null}, ""4.0"": {""evoked_rate_hz"": 0.0, ""baseline_rate_hz"": 0.0, ""reliability"": 0.0, ""modulation_ratio"": 0.0, ""median_latency_ms"": null}}",False,1.0,insufficient evidence,0.0,Insufficient trial count (<10) or zero spikes recorded
721123822,707296982,760213153,950912835,VISrl,45,1.481,0.0,0.0,,,,0.0,0.0,0.0,,1.0,-0.149,0.0,"{""1.0"": {""evoked_rate_hz"": 0.0, ""baseline_rate_hz"": 4.44, ""reliability"": 0.0, ""modulation_ratio"": 0.0, ""median_latency_ms"": null}, ""2.5"": {""evoked_rate_hz"": 0.0, ""baseline_rate_hz"": 0.0, ""reliability"": 0.0, ""modulation_ratio"": 0.0, ""median_latency_ms"": null}, ""4.0"": {""evoked_rate_hz"": 0.0, ""baseline_rate_hz"": 0.0, ""reliability"": 0.0, ""modulation_ratio"": 0.0, ""median_latency_ms"": null}}",False,-221.222,not light responsive,0.95,Not statistically significant (p=1.0000 >= 0.05); No positive modulation (mod_ratio=0.00 <= 1.0); Very low reliability (0.00 < 0.05)
721123822,707296982,760213153,950912860,VISrl,45,2.963,0.0,0.0,,,,0.0,0.0,0.0,,0.5025,-0.213,0.0,"{""1.0"": {""evoked_rate_hz"": 0.0, ""baseline_rate_hz"": 4.44, ""reliability"": 0.0, ""modulation_ratio"": 0.0, ""median_latency_ms"": null}, ""2.5"": {""evoked_rate_hz"": 0.0, ""baseline_rate_hz"": 0.0, ""reliability"": 0.0, ""modulation_ratio"": 0.0, ""median_latency_ms"": null}, ""4.0"": {""evoked_rate_hz"": 0.0, ""baseline_rate_hz"": 4.44, ""reliability"": 0.0, ""modulation_ratio"": 0.0, ""median_latency_ms"": null}}",False,1.0,not light responsive,0.95,Not statistically significant (p=0.5025 >= 0.05); No positive modulation (mod_ratio=0.00 <= 1.0); Very low reliability (0.00 < 0.05)
721123822,707296982,760213153,950912938,VISrl,45,4.444,5.556,1.02,3.635,3.341,2.363,0.044,0.067,0.977,0.919,1.0,0.035,0.0,"{""1.0"": {""evoked_rate_hz"": 8.33, ""baseline_rate_hz"": 4.44, ""reliability"": 0.067, ""modulation_ratio"": 1.53, ""median_latency_ms"": 1.27}, ""2.5"": {""evoked_rate_hz"": 0.0, ""baseline_rate_hz"": 0.0, ""reliability"": 0.0, ""modulation_ratio"": 0.0, ""median_latency_ms"": null}, ""4.0"": {""evoked_rate_hz"": 8.33, ""baseline_rate_hz"": 8.89, ""reliability"": 0.067, ""modulation_ratio"": 0.84, ""median_latency_ms"": 6.0}}",False,0.004,not light responsive,0.95,Not statistically significant (p=1.0000 >= 0.05); Very low reliability (0.04 < 0.05)
721123822,707296982,760213153,950912930,VISrl,45,7.407,8.333,0.991,2.987,1.235,1.074,0.067,0.067,0.955,0.335,1.0,0.032,5.5556,"{""1.0"": {""evoked_rate_hz"": 0.0, ""baseline_rate_hz"": 8.89, ""reliability"": 0.0, ""modulation_ratio"": 0.0, ""median_latency_ms"": null}, ""2.5"": {""evoked_rate_hz"": 8.33, ""baseline_rate_hz"": 4.44, ""reliability"": 0.067, ""modulation_ratio"": 1.53, ""median_latency_ms"": 2.97}, ""4.0"": {""evoked_rate_hz"": 16.67, ""baseline_rate_hz"": 8.89, ""reliability"": 0.133, ""modulation_ratio"": 1.69, ""median_latency_ms"": 4.05}}",False,1.0,not light responsive,0.933,Not statistically significant (p=1.0000 >= 0.05); No positive modulation (mod_ratio=0.99 <= 1.0)
721123822,707296982,760213153,950912921,VISrl,45,7.407,0.0,0.0,,,,0.0,0.022,0.0,,0.12987,-0.29,0.0,"{""1.0"": {""evoked_rate_hz"": 0.0, ""baseline_rate_hz"": 17.78, ""reliability"": 0.0, ""modulation_ratio"": 0.0, ""median_latency_ms"": null}, ""2.5"": {""evoked_rate_hz"": 0.0, ""baseline_rate_hz"": 0.0, ""reliability"": 0.0, ""modulation_ratio"": 0.0, ""median_latency_ms"": null}, ""4.0"": {""evoked_rate_hz"": 0.0, ""baseline_rate_hz"": 4.44, ""reliability"": 0.0, ""modulation_ratio"": 0.0, ""median_latency_ms"": null}}",False,0.501,not light responsive,0.95,Not statistically significant (p=0.1299 >= 0.05); No positive modulation (mod_ratio=0.00 <= 1.0); Very low reliability (0.00 < 0.05)
721123822,707296982,760213153,950912882,VISrl,45,7.407,0.0,0.0,,,,0.0,0.022,0.0,,0.07393,-0.35,0.0,"{""1.0"": {""evoked_rate_hz"": 0.0, ""baseline_rate_hz"": 8.89, ""reliability"": 0.0, ""modulation_ratio"": 0.0, ""median_latency_ms"": null}, ""2.5"": {""evoked_rate_hz"": 0.0, ""baseline_rate_hz"": 8.89, ""reliability"": 0.0, ""modulation_ratio"": 0.0, ""median_latency_ms"": null}, ""4.0"": {""evoked_rate_hz"": 0.0, ""baseline_rate_hz"": 4.44, ""reliability"": 0.0, ""modulation_ratio"": 0.0, ""median_latency_ms"": null}}",False,-221.222,not light responsive,0.95,Not statistically significant (p=0.0739 >= 0.05); No positive modulation (mod_ratio=0.00 <= 1.0); Very low reliability (0.00 < 0.05)
721123822,707296982,760213153,950912946,VISrl,45,5.926,5.556,0.802,2.537,0.422,0.298,0.044,0.044,0.977,0.166,0.87612,-0.01,-2.7778,"{""1.0"": {""evoked_rate_hz"": 8.33, ""baseline_rate_hz"": 0.0, ""reliability"": 0.067, ""modulation_ratio"": 8.33, ""median_latency_ms"": 2.24}, ""2.5"": {""evoked_rate_hz"": 8.33, ""baseline_rate_hz"": 4.44, ""reliability"": 0.067, ""modulation_ratio"": 1.53, ""median_latency_ms"": 2.84}, ""4.0"": {""evoked_rate_hz"": 0.0, ""baseline_rate_hz"": 13.33, ""reliability"": 0.0, ""modulation_ratio"": 0.0, ""median_latency_ms"": null}}",False,1.0,not light responsive,0.95,Not statistically significant (p=0.8761 >= 0.05); No positive modulation (mod_ratio=0.80 <= 1.0); Very low reliability (0.04 < 0.05)
721123822,707296982,760213153,950913016,VISrl,45,10.37,2.778,0.244,1.833,0.0,0.0,0.022,0.111,1.0,0.0,0.07093,-0.24,-2.7778,"{""1.0"": {""evoked_rate_hz"": 8.33, ""baseline_rate_hz"": 0.0, ""reliability"": 0.067, ""modulation_ratio"": 8.33, ""median_latency_ms"": 1.83}, ""2.5"": {""evoked_rate_hz"": 0.0, ""baseline_rate_hz"": 17.78, ""reliability"": 0.0, ""modulation_ratio"": 0.0, ""median_latency_ms"": null}, ""4.0"": {""evoked_rate_hz"": 0.0, ""baseline_rate_hz"": 13.33, ""reliability"": 0.0, ""modulation_ratio"": 0.0, ""median_latency_ms"": null}}",False,0.75,not light responsive,0.95,Not statistically significant (p=0.0709 >= 0.05); No positive modulation (mod_ratio=0.24 <= 1.0); Very low reliability (0.02 < 0.05)
721123822,707296982,760213153,950913008,VISrl,45,2.963,2.778,0.701,4.991,0.0,0.0,0.022,0.044,1.0,0.0,1.0,-0.008,-2.7778,"{""1.0"": {""evoked_rate_hz"": 8.33, ""baseline_rate_hz"": 4.44, ""reliability"": 0.067, ""modulation_ratio"": 1.53, ""median_latency_ms"": 4.99}, ""2.5"": {""evoked_rate_hz"": 0.0, ""baseline_rate_hz"": 4.44, ""reliability"": 0.0, ""modulation_ratio"": 0.0, ""median_latency_ms"": null}, ""4.0"": {""evoked_rate_hz"": 0.0, ""baseline_rate_hz"": 0.0, ""reliability"": 0.0, ""modulation_ratio"": 0.0, ""median_latency_ms"": null}}",False,1.0,not light responsive,0.95,Not statistically significant (p=1.0000 >= 0.05); No positive modulation (mod_ratio=0.70 <= 1.0); Very low reliability (0.02 < 0.05)
721123822,707296982,760213153,950912968,VISrl,45,13.333,2.778,0.194,2.418,0.0,0.0,0.022,0.067,1.0,0.0,0.02597,-0.311,0.0,"{""1.0"": {""evoked_rate_hz"": 0.0, ""baseline_rate_hz"": 13.33, ""reliability"": 0.0, ""modulation_ratio"": 0.0, ""median_latency_ms"": null}, ""2.5"": {""evoked_rate_hz"": 8.33, ""baseline_rate_hz"": 17.78, ""reliability"": 0.067, ""modulation_ratio"": 0.44, ""median_latency_ms"": 2.42}, ""4.0"": {""evoked_rate_hz"": 0.0, ""baseline_rate_hz"": 8.89, ""reliability"": 0.0, ""modulation_ratio"": 0.0, ""median_latency_ms"": null}}",False,0.334,not light responsive,0.95,Not statistically significant (p=0.0260 >= 0.05); No positive modulation (mod_ratio=0.19 <= 1.0); Very low reliability (0.02 < 0.05)
721123822,707296982,760213153,950913700,VISrl,45,10.37,0.0,0.0,,,,0.0,0.089,0.0,,0.02597,-0.424,0.0,"{""1.0"": {""evoked_rate_hz"": 0.0, ""baseline_rate_hz"": 4.44, ""reliability"": 0.0, ""modulation_ratio"": 0.0, ""median_latency_ms"": null}, ""2.5"": {""evoked_rate_hz"": 0.0, ""baseline_rate_hz"": 17.78, ""reliability"": 0.0, ""modulation_ratio"": 0.0, ""median_latency_ms"": null}, ""4.0"": {""evoked_rate_hz"": 0.0, ""baseline_rate_hz"": 8.89, ""reliability"": 0.0, ""modulation_ratio"": 0.0, ""median_latency_ms"": null}}",False,1.0,not light responsive,0.95,Not statistically significant (p=0.0260 >= 0.05); No positive modulation (mod_ratio=0.00 <= 1.0); Very low reliability (0.00 < 0.05)
721123822,707296982,760213153,950913049,VISrl,45,17.778,102.778,5.473,4.147,2.146,2.405,0.622,0.067,0.679,0.48,0.001,1.008,44.4444,"{""1.0"": {""evoked_rate_hz"": 33.33, ""baseline_rate_hz"": 8.89, ""reliability"": 0.267, ""modulation_ratio"": 3.37, ""median_latency_ms"": 5.0}, ""2.5"": {""evoked_rate_hz"": 108.33, ""baseline_rate_hz"": 17.78, ""reliability"": 0.8, ""modulation_ratio"": 5.77, ""median_latency_ms"": 4.73}, ""4.0"": {""evoked_rate_hz"": 166.67, ""baseline_rate_hz"": 26.67, ""reliability"": 0.8, ""modulation_ratio"": 6.02, ""median_latency_ms"": 3.12}}",False,-0.461,putatively directly optotagged,0.782,Passes direct criteria: mod=5.47>2.0; rel=0.62>=0.3; lat=4.15<8.0ms; p=0.0010<0.05
721123822,707296982,760213153,950913115,VISrl,45,8.889,41.667,4.213,5.088,2.037,2.946,0.333,0.089,0.682,0.368,0.001,0.624,13.8889,"{""1.0"": {""evoked_rate_hz"": 16.67, ""baseline_rate_hz"": 8.89, ""reliability"": 0.133, ""modulation_ratio"": 1.69, ""median_latency_ms"": 6.92}, ""2.5"": {""evoked_rate_hz"": 50.0, ""baseline_rate_hz"": 4.44, ""reliability"": 0.4, ""modulation_ratio"": 9.18, ""median_latency_ms"": 4.47}, ""4.0"": {""evoked_rate_hz"": 58.33, ""baseline_rate_hz"": 13.33, ""reliability"": 0.467, ""modulation_ratio"": 4.07, ""median_latency_ms"": 5.09}}",False,0.5,putatively directly optotagged,0.661,Passes direct criteria: mod=4.21>2.0; rel=0.33>=0.3; lat=5.09<8.0ms; p=0.0010<0.05
721123822,707296982,760213153,950913097,VISrl,45,13.333,2.778,0.194,2.946,0.0,0.0,0.022,0.133,1.0,0.0,0.01998,-0.311,2.7778,"{""1.0"": {""evoked_rate_hz"": 0.0, ""baseline_rate_hz"": 13.33, ""reliability"": 0.0, ""modulation_ratio"": 0.0, ""median_latency_ms"": null}, ""2.5"": {""evoked_rate_hz"": 0.0, ""baseline_rate_hz"": 13.33, ""reliability"": 0.0, ""modulation_ratio"": 0.0, ""median_latency_ms"": null}, ""4.0"": {""evoked_rate_hz"": 8.33, ""baseline_rate_hz"": 13.33, ""reliability"": 0.067, ""modulation_ratio"": 0.58, ""median_latency_ms"": 2.95}}",False,0.6,not light responsive,0.95,Not statistically significant (p=0.0200 >= 0.05); No positive modulation (mod_ratio=0.19 <= 1.0); Very low reliability (0.02 < 0.05)
721123822,707296982,760213153,950913087,VISrl,45,8.889,2.778,0.281,1.8,0.0,0.0,0.022,0.111,1.0,0.0,0.11189,-0.201,0.0,"{""1.0"": {""evoked_rate_hz"": 0.0, ""baseline_rate_hz"": 8.89, ""reliability"": 0.0, ""modulation_ratio"": 0.0, ""median_latency_ms"": null}, ""2.5"": {""evoked_rate_hz"": 8.33, ""baseline_rate_hz"": 8.89, ""reliability"": 0.067, ""modulation_ratio"": 0.84, ""median_latency_ms"": 1.8}, ""4.0"": {""evoked_rate_hz"": 0.0, ""baseline_rate_hz"": 8.89, ""reliability"": 0.0, ""modulation_ratio"": 0.0, ""median_latency_ms"": null}}",False,0.334,not light responsive,0.95,Not statistically significant (p=0.1119 >= 0.05); No positive modulation (mod_ratio=0.28 <= 1.0); Very low reliability (0.02 < 0.05)
721123822,707296982,760213153,950913077,VISrl,45,19.259,2.778,0.137,2.312,0.0,0.0,0.022,0.133,1.0,0.0,0.005,-0.389,-2.7778,"{""1.0"": {""evoked_rate_hz"": 8.33, ""baseline_rate_hz"": 26.67, ""reliability"": 0.067, ""modulation_ratio"": 0.3, ""median_latency_ms"": 2.31}, ""2.5"": {""evoked_rate_hz"": 0.0, ""baseline_rate_hz"": 17.78, ""reliability"": 0.0, ""modulation_ratio"": 0.0, ""median_latency_ms"": null}, ""4.0"": {""evoked_rate_hz"": 0.0, ""baseline_rate_hz"": 13.33, ""reliability"": 0.0, ""modulation_ratio"": 0.0, ""median_latency_ms"": null}}",False,0.75,not light responsive,0.95,Not statistically significant (p=0.0050 >= 0.05); No positive modulation (mod_ratio=0.14 <= 1.0); Very low reliability (0.02 < 0.05)
721123822,707296982,760213153,950913133,VISrl,45,4.444,0.0,0.0,,,,0.0,0.022,0.0,,0.47552,-0.202,0.0,"{""1.0"": {""evoked_rate_hz"": 0.0, ""baseline_rate_hz"": 8.89, ""reliability"": 0.0, ""modulation_ratio"": 0.0, ""median_latency_ms"": null}, ""2.5"": {""evoked_rate_hz"": 0.0, ""baseline_rate_hz"": 0.0, ""reliability"": 0.0, ""modulation_ratio"": 0.0, ""median_latency_ms"": null}, ""4.0"": {""evoked_rate_hz"": 0.0, ""baseline_rate_hz"": 4.44, ""reliability"": 0.0, ""modulation_ratio"": 0.0, ""median_latency_ms"": null}}",False,1.0,not light responsive,0.95,Not statistically significant (p=0.4755 >= 0.05); No positive modulation (mod_ratio=0.00 <= 1.0); Very low reliability (0.00 < 0.05)
721123822,707296982,760213153,950913709,VISrl,45,0.0,0.0,0.0,,,,0.0,0.0,0.0,,1.0,0.0,0.0,"{""1.0"": {""evoked_rate_hz"": 0.0, ""baseline_rate_hz"": 0.0, ""reliability"": 0.0, ""modulation_ratio"": 0.0, ""median_latency_ms"": null}, ""2.5"": {""evoked_rate_hz"": 0.0, ""baseline_rate_hz"": 0.0, ""reliability"": 0.0, ""modulation_ratio"": 0.0, ""median_latency_ms"": null}, ""4.0"": {""evoked_rate_hz"": 0.0, ""baseline_rate_hz"": 0.0, ""reliability"": 0.0, ""modulation_ratio"": 0.0, ""median_latency_ms"": null}}",False,1.0,insufficient evidence,0.0,Insufficient trial count (<10) or zero spikes recorded
721123822,707296982,760213153,950913232,VISrl,45,8.889,0.0,0.0,,,,0.0,0.067,0.0,,0.03796,-0.388,0.0,"{""1.0"": {""evoked_rate_hz"": 0.0, ""baseline_rate_hz"": 13.33, ""reliability"": 0.0, ""modulation_ratio"": 0.0, ""median_latency_ms"": null}, ""2.5"": {""evoked_rate_hz"": 0.0, ""baseline_rate_hz"": 4.44, ""reliability"": 0.0, ""modulation_ratio"": 0.0, ""median_latency_ms"": null}, ""4.0"": {""evoked_rate_hz"": 0.0, ""baseline_rate_hz"": 8.89, ""reliability"": 0.0, ""modulation_ratio"": 0.0, ""median_latency_ms"": null}}",False,0.501,not light responsive,0.95,Not statistically significant (p=0.0380 >= 0.05); No positive modulation (mod_ratio=0.00 <= 1.0); Very low reliability (0.00 < 0.05)
721123822,707296982,760213153,950913196,VISrl,45,4.444,0.0,0.0,,,,0.0,0.022,0.0,,0.24975,-0.264,0.0,"{""1.0"": {""evoked_rate_hz"": 0.0, ""baseline_rate_hz"": 8.89, ""reliability"": 0.0, ""modulation_ratio"": 0.0, ""median_latency_ms"": null}, ""2.5"": {""evoked_rate_hz"": 0.0, ""baseline_rate_hz"": 4.44, ""reliability"": 0.0, ""modulation_ratio"": 0.0, ""median_latency_ms"": null}, ""4.0"": {""evoked_rate_hz"": 0.0, ""baseline_rate_hz"": 0.0, ""reliability"": 0.0, ""modulation_ratio"": 0.0, ""median_latency_ms"": null}}",False,0.004,not light responsive,0.95,Not statistically significant (p=0.2497 >= 0.05); No positive modulation (mod_ratio=0.00 <= 1.0); Very low reliability (0.00 < 0.05)
721123822,707296982,760213153,950913177,VISrl,45,5.926,2.778,0.401,2.585,0.0,0.0,0.022,0.067,1.0,0.0,0.37662,-0.115,0.0,"{""1.0"": {""evoked_rate_hz"": 0.0, ""baseline_rate_hz"": 0.0, ""reliability"": 0.0, ""modulation_ratio"": 0.0, ""median_latency_ms"": null}, ""2.5"": {""evoked_rate_hz"": 8.33, ""baseline_rate_hz"": 8.89, ""reliability"": 0.067, ""modulation_ratio"": 0.84, ""median_latency_ms"": 2.58}, ""4.0"": {""evoked_rate_hz"": 0.0, ""baseline_rate_hz"": 8.89, ""reliability"": 0.0, ""modulation_ratio"": 0.0, ""median_latency_ms"": null}}",False,-0.991,not light responsive,0.95,Not statistically significant (p=0.3766 >= 0.05); No positive modulation (mod_ratio=0.40 <= 1.0); Very low reliability (0.02 < 0.05)
721123822,707296982,760213153,950913724,VISrl,45,1.481,0.0,0.0,,,,0.0,0.0,0.0,,1.0,-0.149,0.0,"{""1.0"": {""evoked_rate_hz"": 0.0, ""baseline_rate_hz"": 4.44, ""reliability"": 0.0, ""modulation_ratio"": 0.0, ""median_latency_ms"": null}, ""2.5"": {""evoked_rate_hz"": 0.0, ""baseline_rate_hz"": 0.0, ""reliability"": 0.0, ""modulation_ratio"": 0.0, ""median_latency_ms"": null}, ""4.0"": {""evoked_rate_hz"": 0.0, ""baseline_rate_hz"": 0.0, ""reliability"": 0.0, ""modulation_ratio"": 0.0, ""median_latency_ms"": null}}",False,1.0,not light responsive,0.95,Not statistically significant (p=1.0000 >= 0.05); No positive modulation (mod_ratio=0.00 <= 1.0); Very low reliability (0.00 < 0.05)
721123822,707296982,760213153,950913168,VISrl,45,2.963,27.778,7.009,6.0,1.999,3.638,0.222,0.0,0.795,0.336,0.00799,0.444,13.8889,"{""1.0"": {""evoked_rate_hz"": 8.33, ""baseline_rate_hz"": 4.44, ""reliability"": 0.067, ""modulation_ratio"": 1.53, ""median_latency_ms"": 4.22}, ""2.5"": {""evoked_rate_hz"": 25.0, ""baseline_rate_hz"": 4.44, ""reliability"": 0.2, ""modulation_ratio"": 4.59, ""median_latency_ms"": 8.13}, ""4.0"": {""evoked_rate_hz"": 50.0, ""baseline_rate_hz"": 0.0, ""reliability"": 0.4, ""modulation_ratio"": 50.0, ""median_latency_ms"": 4.97}}",False,0.001,light-responsive / indirect or uncertain,0.65,Sub-threshold reliability (0.22 < 0.3)
721123822,707296982,760213153,950913159,VISrl,45,8.889,0.0,0.0,,,,0.0,0.067,0.0,,0.03297,-0.388,0.0,"{""1.0"": {""evoked_rate_hz"": 0.0, ""baseline_rate_hz"": 8.89, ""reliability"": 0.0, ""modulation_ratio"": 0.0, ""median_latency_ms"": null}, ""2.5"": {""evoked_rate_hz"": 0.0, ""baseline_rate_hz"": 8.89, ""reliability"": 0.0, ""modulation_ratio"": 0.0, ""median_latency_ms"": null}, ""4.0"": {""evoked_rate_hz"": 0.0, ""baseline_rate_hz"": 8.89, ""reliability"": 0.0, ""modulation_ratio"": 0.0, ""median_latency_ms"": null}}",False,1.0,not light responsive,0.95,Not statistically significant (p=0.0330 >= 0.05); No positive modulation (mod_ratio=0.00 <= 1.0); Very low reliability (0.00 < 0.05)
721123822,707296982,760213153,950913151,VISrl,45,4.444,5.556,1.02,2.69,1.54,1.089,0.044,0.022,0.977,0.573,1.0,0.035,-2.7778,"{""1.0"": {""evoked_rate_hz"": 8.33, ""baseline_rate_hz"": 0.0, ""reliability"": 0.067, ""modulation_ratio"": 8.33, ""median_latency_ms"": 3.78}, ""2.5"": {""evoked_rate_hz"": 8.33, ""baseline_rate_hz"": 8.89, ""reliability"": 0.067, ""modulation_ratio"": 0.84, ""median_latency_ms"": 1.6}, ""4.0"": {""evoked_rate_hz"": 0.0, ""baseline_rate_hz"": 4.44, ""reliability"": 0.0, ""modulation_ratio"": 0.0, ""median_latency_ms"": null}}",False,0.501,not light responsive,0.95,Not statistically significant (p=1.0000 >= 0.05); Very low reliability (0.04 < 0.05)
721123822,707296982,760213153,950913141,VISrl,45,13.333,0.0,0.0,,,,0.0,0.111,0.0,,0.00699,-0.437,0.0,"{""1.0"": {""evoked_rate_hz"": 0.0, ""baseline_rate_hz"": 13.33, ""reliability"": 0.0, ""modulation_ratio"": 0.0, ""median_latency_ms"": null}, ""2.5"": {""evoked_rate_hz"": 0.0, ""baseline_rate_hz"": 17.78, ""reliability"": 0.0, ""modulation_ratio"": 0.0, ""median_latency_ms"": null}, ""4.0"": {""evoked_rate_hz"": 0.0, ""baseline_rate_hz"": 8.89, ""reliability"": 0.0, ""modulation_ratio"": 0.0, ""median_latency_ms"": null}}",False,-0.991,not light responsive,0.95,Not statistically significant (p=0.0070 >= 0.05); No positive modulation (mod_ratio=0.00 <= 1.0); Very low reliability (0.00 < 0.05)
721123822,707296982,760213153,950913290,VISrl,45,7.407,0.0,0.0,,,,0.0,0.022,0.0,,0.05794,-0.35,0.0,"{""1.0"": {""evoked_rate_hz"": 0.0, ""baseline_rate_hz"": 4.44, ""reliability"": 0.0, ""modulation_ratio"": 0.0, ""median_latency_ms"": null}, ""2.5"": {""evoked_rate_hz"": 0.0, ""baseline_rate_hz"": 13.33, ""reliability"": 0.0, ""modulation_ratio"": 0.0, ""median_latency_ms"": null}, ""4.0"": {""evoked_rate_hz"": 0.0, ""baseline_rate_hz"": 4.44, ""reliability"": 0.0, ""modulation_ratio"": 0.0, ""median_latency_ms"": null}}",False,-221.222,not light responsive,0.95,Not statistically significant (p=0.0579 >= 0.05); No positive modulation (mod_ratio=0.00 <= 1.0); Very low reliability (0.00 < 0.05)
721123822,707296982,760213153,950913274,VISrl,45,2.963,0.0,0.0,,,,0.0,0.0,0.0,,1.0,-0.149,0.0,"{""1.0"": {""evoked_rate_hz"": 0.0, ""baseline_rate_hz"": 0.0, ""reliability"": 0.0, ""modulation_ratio"": 0.0, ""median_latency_ms"": null}, ""2.5"": {""evoked_rate_hz"": 0.0, ""baseline_rate_hz"": 0.0, ""reliability"": 0.0, ""modulation_ratio"": 0.0, ""median_latency_ms"": null}, ""4.0"": {""evoked_rate_hz"": 0.0, ""baseline_rate_hz"": 8.89, ""reliability"": 0.0, ""modulation_ratio"": 0.0, ""median_latency_ms"": null}}",False,1.0,not light responsive,0.95,Not statistically significant (p=1.0000 >= 0.05); No positive modulation (mod_ratio=0.00 <= 1.0); Very low reliability (0.00 < 0.05)
721123822,707296982,760213153,950913267,VISrl,45,10.37,2.778,0.244,1.967,0.0,0.0,0.022,0.089,1.0,0.0,0.06893,-0.24,0.0,"{""1.0"": {""evoked_rate_hz"": 0.0, ""baseline_rate_hz"": 8.89, ""reliability"": 0.0, ""modulation_ratio"": 0.0, ""median_latency_ms"": null}, ""2.5"": {""evoked_rate_hz"": 8.33, ""baseline_rate_hz"": 13.33, ""reliability"": 0.067, ""modulation_ratio"": 0.58, ""median_latency_ms"": 1.97}, ""4.0"": {""evoked_rate_hz"": 0.0, ""baseline_rate_hz"": 8.89, ""reliability"": 0.0, ""modulation_ratio"": 0.0, ""median_latency_ms"": null}}",False,-0.331,not light responsive,0.95,Not statistically significant (p=0.0689 >= 0.05); No positive modulation (mod_ratio=0.24 <= 1.0); Very low reliability (0.02 < 0.05)
721123822,707296982,760213153,950913733,VISrl,45,5.926,5.556,0.802,4.023,2.318,1.639,0.044,0.044,0.977,0.576,0.82917,-0.014,-2.7778,"{""1.0"": {""evoked_rate_hz"": 8.33, ""baseline_rate_hz"": 8.89, ""reliability"": 0.067, ""modulation_ratio"": 0.84, ""median_latency_ms"": 5.66}, ""2.5"": {""evoked_rate_hz"": 8.33, ""baseline_rate_hz"": 4.44, ""reliability"": 0.067, ""modulation_ratio"": 1.53, ""median_latency_ms"": 2.38}, ""4.0"": {""evoked_rate_hz"": 0.0, ""baseline_rate_hz"": 4.44, ""reliability"": 0.0, ""modulation_ratio"": 0.0, ""median_latency_ms"": null}}",False,1.0,not light responsive,0.95,Not statistically significant (p=0.8292 >= 0.05); No positive modulation (mod_ratio=0.80 <= 1.0); Very low reliability (0.04 < 0.05)
721123822,707296982,760213153,950913248,VISrl,45,7.407,0.0,0.0,,,,0.0,0.022,0.0,,0.06693,-0.35,0.0,"{""1.0"": {""evoked_rate_hz"": 0.0, ""baseline_rate_hz"": 8.89, ""reliability"": 0.0, ""modulation_ratio"": 0.0, ""median_latency_ms"": null}, ""2.5"": {""evoked_rate_hz"": 0.0, ""baseline_rate_hz"": 4.44, ""reliability"": 0.0, ""modulation_ratio"": 0.0, ""median_latency_ms"": null}, ""4.0"": {""evoked_rate_hz"": 0.0, ""baseline_rate_hz"": 8.89, ""reliability"": 0.0, ""modulation_ratio"": 0.0, ""median_latency_ms"": null}}",False,1.0,not light responsive,0.95,Not statistically significant (p=0.0669 >= 0.05); No positive modulation (mod_ratio=0.00 <= 1.0); Very low reliability (0.00 < 0.05)
721123822,707296982,760213153,950913742,VISrl,45,2.963,0.0,0.0,,,,0.0,0.022,0.0,,0.5005,-0.213,0.0,"{""1.0"": {""evoked_rate_hz"": 0.0, ""baseline_rate_hz"": 0.0, ""reliability"": 0.0, ""modulation_ratio"": 0.0, ""median_latency_ms"": null}, ""2.5"": {""evoked_rate_hz"": 0.0, ""baseline_rate_hz"": 0.0, ""reliability"": 0.0, ""modulation_ratio"": 0.0, ""median_latency_ms"": null}, ""4.0"": {""evoked_rate_hz"": 0.0, ""baseline_rate_hz"": 8.89, ""reliability"": 0.0, ""modulation_ratio"": 0.0, ""median_latency_ms"": null}}",False,1.0,not light responsive,0.95,Not statistically significant (p=0.5005 >= 0.05); No positive modulation (mod_ratio=0.00 <= 1.0); Very low reliability (0.00 < 0.05)
721123822,707296982,760213153,950913321,VISrl,45,0.0,2.778,2.778,7.379,0.0,0.0,0.022,0.0,1.0,0.0,1.0,0.149,-2.7778,"{""1.0"": {""evoked_rate_hz"": 8.33, ""baseline_rate_hz"": 0.0, ""reliability"": 0.067, ""modulation_ratio"": 8.33, ""median_latency_ms"": 7.38}, ""2.5"": {""evoked_rate_hz"": 0.0, ""baseline_rate_hz"": 0.0, ""reliability"": 0.0, ""modulation_ratio"": 0.0, ""median_latency_ms"": null}, ""4.0"": {""evoked_rate_hz"": 0.0, ""baseline_rate_hz"": 0.0, ""reliability"": 0.0, ""modulation_ratio"": 0.0, ""median_latency_ms"": null}}",False,1.0,not light responsive,0.95,Not statistically significant (p=1.0000 >= 0.05); Very low reliability (0.02 < 0.05)
721123822,707296982,760213153,950913752,VISrl,45,0.0,2.778,2.778,3.133,0.0,0.0,0.022,0.0,1.0,0.0,1.0,0.149,0.0,"{""1.0"": {""evoked_rate_hz"": 0.0, ""baseline_rate_hz"": 0.0, ""reliability"": 0.0, ""modulation_ratio"": 0.0, ""median_latency_ms"": null}, ""2.5"": {""evoked_rate_hz"": 8.33, ""baseline_rate_hz"": 0.0, ""reliability"": 0.067, ""modulation_ratio"": 8.33, ""median_latency_ms"": 3.13}, ""4.0"": {""evoked_rate_hz"": 0.0, ""baseline_rate_hz"": 0.0, ""reliability"": 0.0, ""modulation_ratio"": 0.0, ""median_latency_ms"": null}}",False,1.0,not light responsive,0.95,Not statistically significant (p=1.0000 >= 0.05); Very low reliability (0.02 < 0.05)
721123822,707296982,760213153,950913393,VISrl,45,0.0,0.0,0.0,,,,0.0,0.0,0.0,,1.0,0.0,0.0,"{""1.0"": {""evoked_rate_hz"": 0.0, ""baseline_rate_hz"": 0.0, ""reliability"": 0.0, ""modulation_ratio"": 0.0, ""median_latency_ms"": null}, ""2.5"": {""evoked_rate_hz"": 0.0, ""baseline_rate_hz"": 0.0, ""reliability"": 0.0, ""modulation_ratio"": 0.0, ""median_latency_ms"": null}, ""4.0"": {""evoked_rate_hz"": 0.0, ""baseline_rate_hz"": 0.0, ""reliability"": 0.0, ""modulation_ratio"": 0.0, ""median_latency_ms"": null}}",False,1.0,insufficient evidence,0.0,Insufficient trial count (<10) or zero spikes recorded
721123822,707296982,760213153,950913765,VISrl,45,0.0,0.0,0.0,,,,0.0,0.0,0.0,,1.0,0.0,0.0,"{""1.0"": {""evoked_rate_hz"": 0.0, ""baseline_rate_hz"": 0.0, ""reliability"": 0.0, ""modulation_ratio"": 0.0, ""median_latency_ms"": null}, ""2.5"": {""evoked_rate_hz"": 0.0, ""baseline_rate_hz"": 0.0, ""reliability"": 0.0, ""modulation_ratio"": 0.0, ""median_latency_ms"": null}, ""4.0"": {""evoked_rate_hz"": 0.0, ""baseline_rate_hz"": 0.0, ""reliability"": 0.0, ""modulation_ratio"": 0.0, ""median_latency_ms"": null}}",False,-221.222,insufficient evidence,0.0,Insufficient trial count (<10) or zero spikes recorded
721123822,707296982,760213153,950913839,VISrl,45,0.0,0.0,0.0,,,,0.0,0.0,0.0,,1.0,0.0,0.0,"{""1.0"": {""evoked_rate_hz"": 0.0, ""baseline_rate_hz"": 0.0, ""reliability"": 0.0, ""modulation_ratio"": 0.0, ""median_latency_ms"": null}, ""2.5"": {""evoked_rate_hz"": 0.0, ""baseline_rate_hz"": 0.0, ""reliability"": 0.0, ""modulation_ratio"": 0.0, ""median_latency_ms"": null}, ""4.0"": {""evoked_rate_hz"": 0.0, ""baseline_rate_hz"": 0.0, ""reliability"": 0.0, ""modulation_ratio"": 0.0, ""median_latency_ms"": null}}",False,1.0,insufficient evidence,0.0,Insufficient trial count (<10) or zero spikes recorded
760345702,739783171,810753195,951853372,DG,45,23.704,25.0,1.012,6.469,2.215,3.726,0.2,0.2,0.818,0.413,0.9041,0.019,-8.3333,"{""1.0"": {""evoked_rate_hz"": 41.67, ""baseline_rate_hz"": 26.67, ""reliability"": 0.333, ""modulation_ratio"": 1.51, ""median_latency_ms"": 6.54}, ""2.5"": {""evoked_rate_hz"": 16.67, ""baseline_rate_hz"": 22.22, ""reliability"": 0.133, ""modulation_ratio"": 0.72, ""median_latency_ms"": 6.09}, ""4.0"": {""evoked_rate_hz"": 16.67, ""baseline_rate_hz"": 22.22, ""reliability"": 0.133, ""modulation_ratio"": 0.72, ""median_latency_ms"": 4.65}}",False,-0.998,not light responsive,0.8,Not statistically significant (p=0.9041 >= 0.05)
760345702,739783171,810753195,951853379,DG,45,0.0,0.0,0.0,,,,0.0,0.0,0.0,,1.0,0.0,0.0,"{""1.0"": {""evoked_rate_hz"": 0.0, ""baseline_rate_hz"": 0.0, ""reliability"": 0.0, ""modulation_ratio"": 0.0, ""median_latency_ms"": null}, ""2.5"": {""evoked_rate_hz"": 0.0, ""baseline_rate_hz"": 0.0, ""reliability"": 0.0, ""modulation_ratio"": 0.0, ""median_latency_ms"": null}, ""4.0"": {""evoked_rate_hz"": 0.0, ""baseline_rate_hz"": 0.0, ""reliability"": 0.0, ""modulation_ratio"": 0.0, ""median_latency_ms"": null}}",False,1.0,insufficient evidence,0.0,Insufficient trial count (<10) or zero spikes recorded
760345702,739783171,810753195,951853388,DG,45,0.0,2.778,2.778,3.407,0.0,0.0,0.022,0.0,1.0,0.0,1.0,0.149,0.0,"{""1.0"": {""evoked_rate_hz"": 0.0, ""baseline_rate_hz"": 0.0, ""reliability"": 0.0, ""modulation_ratio"": 0.0, ""median_latency_ms"": null}, ""2.5"": {""evoked_rate_hz"": 8.33, ""baseline_rate_hz"": 0.0, ""reliability"": 0.067, ""modulation_ratio"": 8.33, ""median_latency_ms"": 3.41}, ""4.0"": {""evoked_rate_hz"": 0.0, ""baseline_rate_hz"": 0.0, ""reliability"": 0.0, ""modulation_ratio"": 0.0, ""median_latency_ms"": null}}",False,1.0,not light responsive,0.95,Not statistically significant (p=1.0000 >= 0.05); Very low reliability (0.02 < 0.05)
760345702,739783171,810753195,951853498,CA1,45,8.889,13.889,1.404,2.712,2.361,0.69,0.111,0.089,0.909,0.698,0.57942,0.099,-2.7778,"{""1.0"": {""evoked_rate_hz"": 25.0, ""baseline_rate_hz"": 4.44, ""reliability"": 0.2, ""modulation_ratio"": 4.59, ""median_latency_ms"": 3.23}, ""2.5"": {""evoked_rate_hz"": 0.0, ""baseline_rate_hz"": 8.89, ""reliability"": 0.0, ""modulation_ratio"": 0.0, ""median_latency_ms"": null}, ""4.0"": {""evoked_rate_hz"": 16.67, ""baseline_rate_hz"": 13.33, ""reliability"": 0.133, ""modulation_ratio"": 1.16, ""median_latency_ms"": 1.89}}",False,-0.249,not light responsive,0.889,Not statistically significant (p=0.5794 >= 0.05)
760345702,739783171,810753195,951853596,CA1,45,13.333,5.556,0.388,3.839,0.839,0.593,0.044,0.089,0.977,0.219,0.13886,-0.197,0.0,"{""1.0"": {""evoked_rate_hz"": 0.0, ""baseline_rate_hz"": 17.78, ""reliability"": 0.0, ""modulation_ratio"": 0.0, ""median_latency_ms"": null}, ""2.5"": {""evoked_rate_hz"": 16.67, ""baseline_rate_hz"": 17.78, ""reliability"": 0.133, ""modulation_ratio"": 0.89, ""median_latency_ms"": 3.84}, ""4.0"": {""evoked_rate_hz"": 0.0, ""baseline_rate_hz"": 4.44, ""reliability"": 0.0, ""modulation_ratio"": 0.0, ""median_latency_ms"": null}}",False,0.201,not light responsive,0.95,Not statistically significant (p=0.1389 >= 0.05); No positive modulation (mod_ratio=0.39 <= 1.0); Very low reliability (0.04 < 0.05)
760345702,739783171,810753195,951853628,CA1,45,19.259,16.667,0.823,4.956,1.932,2.76,0.133,0.133,0.886,0.387,0.68432,-0.059,-8.3333,"{""1.0"": {""evoked_rate_hz"": 33.33, ""baseline_rate_hz"": 31.11, ""reliability"": 0.267, ""modulation_ratio"": 1.04, ""median_latency_ms"": 4.96}, ""2.5"": {""evoked_rate_hz"": 8.33, ""baseline_rate_hz"": 8.89, ""reliability"": 0.067, ""modulation_ratio"": 0.84, ""median_latency_ms"": 2.87}, ""4.0"": {""evoked_rate_hz"": 8.33, ""baseline_rate_hz"": 17.78, ""reliability"": 0.067, ""modulation_ratio"": 0.44, ""median_latency_ms"": 7.66}}",False,-0.166,not light responsive,0.867,Not statistically significant (p=0.6843 >= 0.05); No positive modulation (mod_ratio=0.82 <= 1.0)
760345702,739783171,810753195,951853748,CA1,45,1.481,0.0,0.0,,,,0.0,0.0,0.0,,1.0,-0.149,0.0,"{""1.0"": {""evoked_rate_hz"": 0.0, ""baseline_rate_hz"": 0.0, ""reliability"": 0.0, ""modulation_ratio"": 0.0, ""median_latency_ms"": null}, ""2.5"": {""evoked_rate_hz"": 0.0, ""baseline_rate_hz"": 0.0, ""reliability"": 0.0, ""modulation_ratio"": 0.0, ""median_latency_ms"": null}, ""4.0"": {""evoked_rate_hz"": 0.0, ""baseline_rate_hz"": 4.44, ""reliability"": 0.0, ""modulation_ratio"": 0.0, ""median_latency_ms"": null}}",False,1.0,not light responsive,0.95,Not statistically significant (p=1.0000 >= 0.05); No positive modulation (mod_ratio=0.00 <= 1.0); Very low reliability (0.00 < 0.05)
760345702,739783171,810753195,951853773,CA1,45,8.889,11.111,1.124,5.718,2.244,2.442,0.089,0.089,0.932,0.371,0.73826,0.096,0.0,"{""1.0"": {""evoked_rate_hz"": 8.33, ""baseline_rate_hz"": 8.89, ""reliability"": 0.067, ""modulation_ratio"": 0.84, ""median_latency_ms"": 6.48}, ""2.5"": {""evoked_rate_hz"": 16.67, ""baseline_rate_hz"": 13.33, ""reliability"": 0.133, ""modulation_ratio"": 1.16, ""median_latency_ms"": 6.37}, ""4.0"": {""evoked_rate_hz"": 8.33, ""baseline_rate_hz"": 4.44, ""reliability"": 0.067, ""modulation_ratio"": 1.53, ""median_latency_ms"": 4.96}}",False,-221.222,not light responsive,0.911,Not statistically significant (p=0.7383 >= 0.05)
760345702,739783171,810753195,951853764,CA1,45,1.481,2.778,1.119,5.874,0.0,0.0,0.022,0.0,1.0,0.0,1.0,0.061,0.0,"{""1.0"": {""evoked_rate_hz"": 0.0, ""baseline_rate_hz"": 4.44, ""reliability"": 0.0, ""modulation_ratio"": 0.0, ""median_latency_ms"": null}, ""2.5"": {""evoked_rate_hz"": 8.33, ""baseline_rate_hz"": 0.0, ""reliability"": 0.067, ""modulation_ratio"": 8.33, ""median_latency_ms"": 5.87}, ""4.0"": {""evoked_rate_hz"": 0.0, ""baseline_rate_hz"": 0.0, ""reliability"": 0.0, ""modulation_ratio"": 0.0, ""median_latency_ms"": null}}",False,0.334,not light responsive,0.95,Not statistically significant (p=1.0000 >= 0.05); Very low reliability (0.02 < 0.05)
760345702,739783171,810753195,951853798,CA1,45,4.444,8.333,1.531,6.762,2.015,1.906,0.067,0.044,0.955,0.335,0.63836,0.106,8.3333,"{""1.0"": {""evoked_rate_hz"": 0.0, ""baseline_rate_hz"": 13.33, ""reliability"": 0.0, ""modulation_ratio"": 0.0, ""median_latency_ms"": null}, ""2.5"": {""evoked_rate_hz"": 0.0, ""baseline_rate_hz"": 0.0, ""reliability"": 0.0, ""modulation_ratio"": 0.0, ""median_latency_ms"": null}, ""4.0"": {""evoked_rate_hz"": 25.0, ""baseline_rate_hz"": 0.0, ""reliability"": 0.2, ""modulation_ratio"": 25.0, ""median_latency_ms"": 6.76}}",False,0.251,not light responsive,0.933,Not statistically significant (p=0.6384 >= 0.05)
760345702,739783171,810753195,951853888,CA1,45,10.37,5.556,0.489,2.516,1.3,0.919,0.044,0.067,0.977,0.517,0.32468,-0.128,-2.7778,"{""1.0"": {""evoked_rate_hz"": 8.33, ""baseline_rate_hz"": 13.33, ""reliability"": 0.067, ""modulation_ratio"": 0.58, ""median_latency_ms"": 1.6}, ""2.5"": {""evoked_rate_hz"": 8.33, ""baseline_rate_hz"": 0.0, ""reliability"": 0.067, ""modulation_ratio"": 8.33, ""median_latency_ms"": 3.44}, ""4.0"": {""evoked_rate_hz"": 0.0, ""baseline_rate_hz"": 17.78, ""reliability"": 0.0, ""modulation_ratio"": 0.0, ""median_latency_ms"": null}}",False,0.251,not light responsive,0.95,Not statistically significant (p=0.3247 >= 0.05); No positive modulation (mod_ratio=0.49 <= 1.0); Very low reliability (0.04 < 0.05)
760345702,739783171,810753195,951853841,CA1,45,17.778,22.222,1.183,4.517,2.321,2.813,0.178,0.089,0.841,0.55,0.63437,0.077,2.7778,"{""1.0"": {""evoked_rate_hz"": 16.67, ""baseline_rate_hz"": 13.33, ""reliability"": 0.133, ""modulation_ratio"": 1.16, ""median_latency_ms"": 4.13}, ""2.5"": {""evoked_rate_hz"": 25.0, ""baseline_rate_hz"": 13.33, ""reliability"": 0.2, ""modulation_ratio"": 1.74, ""median_latency_ms"": 4.63}, ""4.0"": {""evoked_rate_hz"": 25.0, ""baseline_rate_hz"": 26.67, ""reliability"": 0.2, ""modulation_ratio"": 0.9, ""median_latency_ms"": 4.4}}",False,-0.331,not light responsive,0.822,Not statistically significant (p=0.6344 >= 0.05)
760345702,739783171,810753195,951853939,CA1,45,1.481,2.778,1.119,2.749,0.0,0.0,0.022,0.0,1.0,0.0,1.0,0.061,0.0,"{""1.0"": {""evoked_rate_hz"": 0.0, ""baseline_rate_hz"": 0.0, ""reliability"": 0.0, ""modulation_ratio"": 0.0, ""median_latency_ms"": null}, ""2.5"": {""evoked_rate_hz"": 8.33, ""baseline_rate_hz"": 0.0, ""reliability"": 0.067, ""modulation_ratio"": 8.33, ""median_latency_ms"": 2.75}, ""4.0"": {""evoked_rate_hz"": 0.0, ""baseline_rate_hz"": 4.44, ""reliability"": 0.0, ""modulation_ratio"": 0.0, ""median_latency_ms"": null}}",False,-221.222,not light responsive,0.95,Not statistically significant (p=1.0000 >= 0.05); Very low reliability (0.02 < 0.05)
760345702,739783171,810753195,951853918,CA1,45,0.0,0.0,0.0,,,,0.0,0.0,0.0,,1.0,0.0,0.0,"{""1.0"": {""evoked_rate_hz"": 0.0, ""baseline_rate_hz"": 0.0, ""reliability"": 0.0, ""modulation_ratio"": 0.0, ""median_latency_ms"": null}, ""2.5"": {""evoked_rate_hz"": 0.0, ""baseline_rate_hz"": 0.0, ""reliability"": 0.0, ""modulation_ratio"": 0.0, ""median_latency_ms"": null}, ""4.0"": {""evoked_rate_hz"": 0.0, ""baseline_rate_hz"": 0.0, ""reliability"": 0.0, ""modulation_ratio"": 0.0, ""median_latency_ms"": null}}",False,1.0,insufficient evidence,0.0,Insufficient trial count (<10) or zero spikes recorded
760345702,739783171,810753195,951853929,CA1,45,1.481,2.778,1.119,5.135,0.0,0.0,0.022,0.0,1.0,0.0,1.0,0.061,0.0,"{""1.0"": {""evoked_rate_hz"": 0.0, ""baseline_rate_hz"": 0.0, ""reliability"": 0.0, ""modulation_ratio"": 0.0, ""median_latency_ms"": null}, ""2.5"": {""evoked_rate_hz"": 8.33, ""baseline_rate_hz"": 4.44, ""reliability"": 0.067, ""modulation_ratio"": 1.53, ""median_latency_ms"": 5.14}, ""4.0"": {""evoked_rate_hz"": 0.0, ""baseline_rate_hz"": 0.0, ""reliability"": 0.0, ""modulation_ratio"": 0.0, ""median_latency_ms"": null}}",False,1.0,not light responsive,0.95,Not statistically significant (p=1.0000 >= 0.05); Very low reliability (0.02 < 0.05)
760345702,739783171,810753195,951853910,CA1,45,5.926,8.333,1.203,2.102,2.083,1.882,0.067,0.044,0.955,0.665,0.8042,0.067,0.0,"{""1.0"": {""evoked_rate_hz"": 8.33, ""baseline_rate_hz"": 8.89, ""reliability"": 0.067, ""modulation_ratio"": 0.84, ""median_latency_ms"": 2.1}, ""2.5"": {""evoked_rate_hz"": 8.33, ""baseline_rate_hz"": 0.0, ""reliability"": 0.067, ""modulation_ratio"": 8.33, ""median_latency_ms"": 5.53}, ""4.0"": {""evoked_rate_hz"": 8.33, ""baseline_rate_hz"": 8.89, ""reliability"": 0.067, ""modulation_ratio"": 0.84, ""median_latency_ms"": 1.77}}",False,1.0,not light responsive,0.933,Not statistically significant (p=0.8042 >= 0.05)
760345702,739783171,810753195,951853899,CA1,45,13.333,25.0,1.744,5.467,1.957,3.251,0.2,0.089,0.818,0.319,0.22777,0.195,-5.5556,"{""1.0"": {""evoked_rate_hz"": 33.33, ""baseline_rate_hz"": 13.33, ""reliability"": 0.267, ""modulation_ratio"": 2.33, ""median_latency_ms"": 5.8}, ""2.5"": {""evoked_rate_hz"": 25.0, ""baseline_rate_hz"": 13.33, ""reliability"": 0.2, ""modulation_ratio"": 1.74, ""median_latency_ms"": 4.92}, ""4.0"": {""evoked_rate_hz"": 16.67, ""baseline_rate_hz"": 13.33, ""reliability"": 0.133, ""modulation_ratio"": 1.16, ""median_latency_ms"": 6.7}}",False,0.501,not light responsive,0.8,Not statistically significant (p=0.2278 >= 0.05)
760345702,739783171,810753195,951853807,CA1,45,10.37,19.444,1.71,4.672,2.675,4.062,0.156,0.067,0.864,0.533,0.28971,0.18,-5.5556,"{""1.0"": {""evoked_rate_hz"": 33.33, ""baseline_rate_hz"": 8.89, ""reliability"": 0.267, ""modulation_ratio"": 3.37, ""median_latency_ms"": 4.43}, ""2.5"": {""evoked_rate_hz"": 8.33, ""baseline_rate_hz"": 8.89, ""reliability"": 0.067, ""modulation_ratio"": 0.84, ""median_latency_ms"": 8.65}, ""4.0"": {""evoked_rate_hz"": 16.67, ""baseline_rate_hz"": 13.33, ""reliability"": 0.133, ""modulation_ratio"": 1.16, ""median_latency_ms"": 3.75}}",False,0.8,not light responsive,0.844,Not statistically significant (p=0.2897 >= 0.05)
760345702,739783171,810753195,951854052,CA1,45,37.037,27.778,0.73,7.469,1.832,2.03,0.222,0.244,0.795,0.28,0.45055,-0.122,-16.6667,"{""1.0"": {""evoked_rate_hz"": 58.33, ""baseline_rate_hz"": 40.0, ""reliability"": 0.467, ""modulation_ratio"": 1.42, ""median_latency_ms"": 7.43}, ""2.5"": {""evoked_rate_hz"": 16.67, ""baseline_rate_hz"": 53.33, ""reliability"": 0.133, ""modulation_ratio"": 0.31, ""median_latency_ms"": 7.87}, ""4.0"": {""evoked_rate_hz"": 8.33, ""baseline_rate_hz"": 17.78, ""reliability"": 0.067, ""modulation_ratio"": 0.44, ""median_latency_ms"": 3.9}}",False,-0.09,not light responsive,0.778,Not statistically significant (p=0.4506 >= 0.05); No positive modulation (mod_ratio=0.73 <= 1.0)
760345702,739783171,810753195,951854022,CA1,45,0.0,0.0,0.0,,,,0.0,0.0,0.0,,1.0,0.0,0.0,"{""1.0"": {""evoked_rate_hz"": 0.0, ""baseline_rate_hz"": 0.0, ""reliability"": 0.0, ""modulation_ratio"": 0.0, ""median_latency_ms"": null}, ""2.5"": {""evoked_rate_hz"": 0.0, ""baseline_rate_hz"": 0.0, ""reliability"": 0.0, ""modulation_ratio"": 0.0, ""median_latency_ms"": null}, ""4.0"": {""evoked_rate_hz"": 0.0, ""baseline_rate_hz"": 0.0, ""reliability"": 0.0, ""modulation_ratio"": 0.0, ""median_latency_ms"": null}}",False,1.0,insufficient evidence,0.0,Insufficient trial count (<10) or zero spikes recorded
760345702,739783171,810753195,951853958,CA1,45,5.926,5.556,0.802,4.291,0.661,0.468,0.044,0.089,0.977,0.154,0.82617,-0.014,5.5556,"{""1.0"": {""evoked_rate_hz"": 0.0, ""baseline_rate_hz"": 8.89, ""reliability"": 0.0, ""modulation_ratio"": 0.0, ""median_latency_ms"": null}, ""2.5"": {""evoked_rate_hz"": 0.0, ""baseline_rate_hz"": 4.44, ""reliability"": 0.0, ""modulation_ratio"": 0.0, ""median_latency_ms"": null}, ""4.0"": {""evoked_rate_hz"": 16.67, ""baseline_rate_hz"": 4.44, ""reliability"": 0.133, ""modulation_ratio"": 3.06, ""median_latency_ms"": 4.29}}",False,-0.497,not light responsive,0.95,Not statistically significant (p=0.8262 >= 0.05); No positive modulation (mod_ratio=0.80 <= 1.0); Very low reliability (0.04 < 0.05)
760345702,739783171,810753195,951853859,CA1,45,8.889,5.556,0.562,6.655,3.294,2.329,0.044,0.067,0.977,0.495,0.37263,-0.139,-2.7778,"{""1.0"": {""evoked_rate_hz"": 8.33, ""baseline_rate_hz"": 8.89, ""reliability"": 0.067, ""modulation_ratio"": 0.84, ""median_latency_ms"": 4.33}, ""2.5"": {""evoked_rate_hz"": 8.33, ""baseline_rate_hz"": 17.78, ""reliability"": 0.067, ""modulation_ratio"": 0.44, ""median_latency_ms"": 8.98}, ""4.0"": {""evoked_rate_hz"": 0.0, ""baseline_rate_hz"": 0.0, ""reliability"": 0.0, ""modulation_ratio"": 0.0, ""median_latency_ms"": null}}",False,0.501,not light responsive,0.95,Not statistically significant (p=0.3726 >= 0.05); No positive modulation (mod_ratio=0.56 <= 1.0); Very low reliability (0.04 < 0.05)
760345702,739783171,810753195,951854096,CA1,45,48.889,55.556,1.114,3.536,2.399,3.129,0.356,0.4,0.977,0.587,0.67632,0.069,0.0,"{""1.0"": {""evoked_rate_hz"": 50.0, ""baseline_rate_hz"": 53.33, ""reliability"": 0.333, ""modulation_ratio"": 0.92, ""median_latency_ms"": 2.06}, ""2.5"": {""evoked_rate_hz"": 66.67, ""baseline_rate_hz"": 53.33, ""reliability"": 0.4, ""modulation_ratio"": 1.23, ""median_latency_ms"": 3.54}, ""4.0"": {""evoked_rate_hz"": 50.0, ""baseline_rate_hz"": 40.0, ""reliability"": 0.333, ""modulation_ratio"": 1.22, ""median_latency_ms"": 5.1}}",False,-0.5,not light responsive,0.644,Not statistically significant (p=0.6763 >= 0.05)
760345702,739783171,810753195,951854254,VISam,45,1.481,0.0,0.0,,,,0.0,0.022,0.0,,1.0,-0.149,0.0,"{""1.0"": {""evoked_rate_hz"": 0.0, ""baseline_rate_hz"": 0.0, ""reliability"": 0.0, ""modulation_ratio"": 0.0, ""median_latency_ms"": null}, ""2.5"": {""evoked_rate_hz"": 0.0, ""baseline_rate_hz"": 0.0, ""reliability"": 0.0, ""modulation_ratio"": 0.0, ""median_latency_ms"": null}, ""4.0"": {""evoked_rate_hz"": 0.0, ""baseline_rate_hz"": 4.44, ""reliability"": 0.0, ""modulation_ratio"": 0.0, ""median_latency_ms"": null}}",False,0.004,not light responsive,0.95,Not statistically significant (p=1.0000 >= 0.05); No positive modulation (mod_ratio=0.00 <= 1.0); Very low reliability (0.00 < 0.05)
760345702,739783171,810753195,951854232,VISam,45,2.963,2.778,0.701,4.903,0.0,0.0,0.022,0.022,1.0,0.0,1.0,-0.008,0.0,"{""1.0"": {""evoked_rate_hz"": 0.0, ""baseline_rate_hz"": 4.44, ""reliability"": 0.0, ""modulation_ratio"": 0.0, ""median_latency_ms"": null}, ""2.5"": {""evoked_rate_hz"": 8.33, ""baseline_rate_hz"": 4.44, ""reliability"": 0.067, ""modulation_ratio"": 1.53, ""median_latency_ms"": 4.9}, ""4.0"": {""evoked_rate_hz"": 0.0, ""baseline_rate_hz"": 0.0, ""reliability"": 0.0, ""modulation_ratio"": 0.0, ""median_latency_ms"": null}}",False,-221.222,not light responsive,0.95,Not statistically significant (p=1.0000 >= 0.05); No positive modulation (mod_ratio=0.70 <= 1.0); Very low reliability (0.02 < 0.05)
760345702,739783171,810753195,951854297,VISam,45,1.481,0.0,0.0,,,,0.0,0.022,0.0,,1.0,-0.149,0.0,"{""1.0"": {""evoked_rate_hz"": 0.0, ""baseline_rate_hz"": 4.44, ""reliability"": 0.0, ""modulation_ratio"": 0.0, ""median_latency_ms"": null}, ""2.5"": {""evoked_rate_hz"": 0.0, ""baseline_rate_hz"": 0.0, ""reliability"": 0.0, ""modulation_ratio"": 0.0, ""median_latency_ms"": null}, ""4.0"": {""evoked_rate_hz"": 0.0, ""baseline_rate_hz"": 0.0, ""reliability"": 0.0, ""modulation_ratio"": 0.0, ""median_latency_ms"": null}}",False,1.0,not light responsive,0.95,Not statistically significant (p=1.0000 >= 0.05); No positive modulation (mod_ratio=0.00 <= 1.0); Very low reliability (0.00 < 0.05)
760345702,739783171,810753195,951854285,VISam,45,2.963,8.333,2.103,7.469,0.258,0.25,0.067,0.0,0.955,0.035,0.43556,0.153,-5.5556,"{""1.0"": {""evoked_rate_hz"": 16.67, ""baseline_rate_hz"": 4.44, ""reliability"": 0.133, ""modulation_ratio"": 3.06, ""median_latency_ms"": 7.29}, ""2.5"": {""evoked_rate_hz"": 8.33, ""baseline_rate_hz"": 4.44, ""reliability"": 0.067, ""modulation_ratio"": 1.53, ""median_latency_ms"": 7.6}, ""4.0"": {""evoked_rate_hz"": 0.0, ""baseline_rate_hz"": 0.0, ""reliability"": 0.0, ""modulation_ratio"": 0.0, ""median_latency_ms"": null}}",False,1.0,not light responsive,0.933,Not statistically significant (p=0.4356 >= 0.05)
760345702,739783171,810753195,951854308,VISam,45,0.0,0.0,0.0,,,,0.0,0.0,0.0,,1.0,0.0,0.0,"{""1.0"": {""evoked_rate_hz"": 0.0, ""baseline_rate_hz"": 0.0, ""reliability"": 0.0, ""modulation_ratio"": 0.0, ""median_latency_ms"": null}, ""2.5"": {""evoked_rate_hz"": 0.0, ""baseline_rate_hz"": 0.0, ""reliability"": 0.0, ""modulation_ratio"": 0.0, ""median_latency_ms"": null}, ""4.0"": {""evoked_rate_hz"": 0.0, ""baseline_rate_hz"": 0.0, ""reliability"": 0.0, ""modulation_ratio"": 0.0, ""median_latency_ms"": null}}",False,0.004,insufficient evidence,0.0,Insufficient trial count (<10) or zero spikes recorded
760345702,739783171,810753195,951854318,VISam,45,1.481,0.0,0.0,,,,0.0,0.022,0.0,,1.0,-0.149,0.0,"{""1.0"": {""evoked_rate_hz"": 0.0, ""baseline_rate_hz"": 4.44, ""reliability"": 0.0, ""modulation_ratio"": 0.0, ""median_latency_ms"": null}, ""2.5"": {""evoked_rate_hz"": 0.0, ""baseline_rate_hz"": 0.0, ""reliability"": 0.0, ""modulation_ratio"": 0.0, ""median_latency_ms"": null}, ""4.0"": {""evoked_rate_hz"": 0.0, ""baseline_rate_hz"": 0.0, ""reliability"": 0.0, ""modulation_ratio"": 0.0, ""median_latency_ms"": null}}",False,1.0,not light responsive,0.95,Not statistically significant (p=1.0000 >= 0.05); No positive modulation (mod_ratio=0.00 <= 1.0); Very low reliability (0.00 < 0.05)
760345702,739783171,810753195,951854338,VISam,45,5.926,5.556,0.802,3.043,0.906,0.64,0.044,0.089,0.977,0.298,0.81119,-0.011,0.0,"{""1.0"": {""evoked_rate_hz"": 8.33, ""baseline_rate_hz"": 13.33, ""reliability"": 0.067, ""modulation_ratio"": 0.58, ""median_latency_ms"": 2.4}, ""2.5"": {""evoked_rate_hz"": 0.0, ""baseline_rate_hz"": 4.44, ""reliability"": 0.0, ""modulation_ratio"": 0.0, ""median_latency_ms"": null}, ""4.0"": {""evoked_rate_hz"": 8.33, ""baseline_rate_hz"": 0.0, ""reliability"": 0.067, ""modulation_ratio"": 8.33, ""median_latency_ms"": 3.68}}",False,1.0,not light responsive,0.95,Not statistically significant (p=0.8112 >= 0.05); No positive modulation (mod_ratio=0.80 <= 1.0); Very low reliability (0.04 < 0.05)
760345702,739783171,810753195,951854371,VISam,45,2.963,5.556,1.402,3.509,2.367,1.674,0.044,0.022,0.977,0.675,0.75624,0.086,2.7778,"{""1.0"": {""evoked_rate_hz"": 0.0, ""baseline_rate_hz"": 4.44, ""reliability"": 0.0, ""modulation_ratio"": 0.0, ""median_latency_ms"": null}, ""2.5"": {""evoked_rate_hz"": 8.33, ""baseline_rate_hz"": 0.0, ""reliability"": 0.067, ""modulation_ratio"": 8.33, ""median_latency_ms"": 1.84}, ""4.0"": {""evoked_rate_hz"": 8.33, ""baseline_rate_hz"": 4.44, ""reliability"": 0.067, ""modulation_ratio"": 1.53, ""median_latency_ms"": 5.18}}",False,0.251,not light responsive,0.95,Not statistically significant (p=0.7562 >= 0.05); Very low reliability (0.04 < 0.05)
760345702,739783171,810753195,951855529,VISam,45,0.0,2.778,2.778,5.156,0.0,0.0,0.022,0.0,1.0,0.0,1.0,0.149,2.7778,"{""1.0"": {""evoked_rate_hz"": 0.0, ""baseline_rate_hz"": 0.0, ""reliability"": 0.0, ""modulation_ratio"": 0.0, ""median_latency_ms"": null}, ""2.5"": {""evoked_rate_hz"": 0.0, ""baseline_rate_hz"": 0.0, ""reliability"": 0.0, ""modulation_ratio"": 0.0, ""median_latency_ms"": null}, ""4.0"": {""evoked_rate_hz"": 8.33, ""baseline_rate_hz"": 0.0, ""reliability"": 0.067, ""modulation_ratio"": 8.33, ""median_latency_ms"": 5.16}}",False,1.0,not light responsive,0.95,Not statistically significant (p=1.0000 >= 0.05); Very low reliability (0.02 < 0.05)
760345702,739783171,810753195,951855516,VISam,45,1.481,0.0,0.0,,,,0.0,0.022,0.0,,1.0,-0.149,0.0,"{""1.0"": {""evoked_rate_hz"": 0.0, ""baseline_rate_hz"": 0.0, ""reliability"": 0.0, ""modulation_ratio"": 0.0, ""median_latency_ms"": null}, ""2.5"": {""evoked_rate_hz"": 0.0, ""baseline_rate_hz"": 4.44, ""reliability"": 0.0, ""modulation_ratio"": 0.0, ""median_latency_ms"": null}, ""4.0"": {""evoked_rate_hz"": 0.0, ""baseline_rate_hz"": 0.0, ""reliability"": 0.0, ""modulation_ratio"": 0.0, ""median_latency_ms"": null}}",False,-443.444,not light responsive,0.95,Not statistically significant (p=1.0000 >= 0.05); No positive modulation (mod_ratio=0.00 <= 1.0); Very low reliability (0.00 < 0.05)
760345702,739783171,810753195,951855505,VISam,45,1.481,0.0,0.0,,,,0.0,0.022,0.0,,1.0,-0.149,0.0,"{""1.0"": {""evoked_rate_hz"": 0.0, ""baseline_rate_hz"": 0.0, ""reliability"": 0.0, ""modulation_ratio"": 0.0, ""median_latency_ms"": null}, ""2.5"": {""evoked_rate_hz"": 0.0, ""baseline_rate_hz"": 4.44, ""reliability"": 0.0, ""modulation_ratio"": 0.0, ""median_latency_ms"": null}, ""4.0"": {""evoked_rate_hz"": 0.0, ""baseline_rate_hz"": 0.0, ""reliability"": 0.0, ""modulation_ratio"": 0.0, ""median_latency_ms"": null}}",False,1.0,not light responsive,0.95,Not statistically significant (p=1.0000 >= 0.05); No positive modulation (mod_ratio=0.00 <= 1.0); Very low reliability (0.00 < 0.05)
760345702,739783171,810753195,951854404,VISam,45,8.889,5.556,0.562,3.701,1.179,0.834,0.044,0.044,0.977,0.319,0.44755,-0.092,2.7778,"{""1.0"": {""evoked_rate_hz"": 0.0, ""baseline_rate_hz"": 8.89, ""reliability"": 0.0, ""modulation_ratio"": 0.0, ""median_latency_ms"": null}, ""2.5"": {""evoked_rate_hz"": 8.33, ""baseline_rate_hz"": 8.89, ""reliability"": 0.067, ""modulation_ratio"": 0.84, ""median_latency_ms"": 4.54}, ""4.0"": {""evoked_rate_hz"": 8.33, ""baseline_rate_hz"": 8.89, ""reliability"": 0.067, ""modulation_ratio"": 0.84, ""median_latency_ms"": 2.87}}",False,0.002,not light responsive,0.95,Not statistically significant (p=0.4476 >= 0.05); No positive modulation (mod_ratio=0.56 <= 1.0); Very low reliability (0.04 < 0.05)
760345702,739783171,810753195,951854443,VISam,45,2.963,0.0,0.0,,,,0.0,0.044,0.0,,0.5035,-0.213,0.0,"{""1.0"": {""evoked_rate_hz"": 0.0, ""baseline_rate_hz"": 4.44, ""reliability"": 0.0, ""modulation_ratio"": 0.0, ""median_latency_ms"": null}, ""2.5"": {""evoked_rate_hz"": 0.0, ""baseline_rate_hz"": 4.44, ""reliability"": 0.0, ""modulation_ratio"": 0.0, ""median_latency_ms"": null}, ""4.0"": {""evoked_rate_hz"": 0.0, ""baseline_rate_hz"": 0.0, ""reliability"": 0.0, ""modulation_ratio"": 0.0, ""median_latency_ms"": null}}",False,-221.222,not light responsive,0.95,Not statistically significant (p=0.5035 >= 0.05); No positive modulation (mod_ratio=0.00 <= 1.0); Very low reliability (0.00 < 0.05)
760345702,739783171,810753195,951854574,VISam,45,2.963,11.111,2.804,6.289,2.123,1.343,0.089,0.0,0.932,0.337,0.26274,0.207,5.5556,"{""1.0"": {""evoked_rate_hz"": 0.0, ""baseline_rate_hz"": 8.89, ""reliability"": 0.0, ""modulation_ratio"": 0.0, ""median_latency_ms"": null}, ""2.5"": {""evoked_rate_hz"": 16.67, ""baseline_rate_hz"": 0.0, ""reliability"": 0.133, ""modulation_ratio"": 16.67, ""median_latency_ms"": 7.61}, ""4.0"": {""evoked_rate_hz"": 16.67, ""baseline_rate_hz"": 0.0, ""reliability"": 0.133, ""modulation_ratio"": 16.67, ""median_latency_ms"": 4.98}}",False,-3.978,not light responsive,0.911,Not statistically significant (p=0.2627 >= 0.05)
760345702,739783171,810753195,951854647,VISam,45,1.481,0.0,0.0,,,,0.0,0.0,0.0,,1.0,-0.149,0.0,"{""1.0"": {""evoked_rate_hz"": 0.0, ""baseline_rate_hz"": 4.44, ""reliability"": 0.0, ""modulation_ratio"": 0.0, ""median_latency_ms"": null}, ""2.5"": {""evoked_rate_hz"": 0.0, ""baseline_rate_hz"": 0.0, ""reliability"": 0.0, ""modulation_ratio"": 0.0, ""median_latency_ms"": null}, ""4.0"": {""evoked_rate_hz"": 0.0, ""baseline_rate_hz"": 0.0, ""reliability"": 0.0, ""modulation_ratio"": 0.0, ""median_latency_ms"": null}}",False,1.0,not light responsive,0.95,Not statistically significant (p=1.0000 >= 0.05); No positive modulation (mod_ratio=0.00 <= 1.0); Very low reliability (0.00 < 0.05)
760345702,739783171,810753195,951854638,VISam,45,1.481,5.556,2.239,4.576,4.284,3.029,0.044,0.022,0.977,0.936,0.52248,0.145,0.0,"{""1.0"": {""evoked_rate_hz"": 8.33, ""baseline_rate_hz"": 0.0, ""reliability"": 0.067, ""modulation_ratio"": 8.33, ""median_latency_ms"": 7.61}, ""2.5"": {""evoked_rate_hz"": 0.0, ""baseline_rate_hz"": 4.44, ""reliability"": 0.0, ""modulation_ratio"": 0.0, ""median_latency_ms"": null}, ""4.0"": {""evoked_rate_hz"": 8.33, ""baseline_rate_hz"": 0.0, ""reliability"": 0.067, ""modulation_ratio"": 8.33, ""median_latency_ms"": 1.55}}",False,1.0,not light responsive,0.95,Not statistically significant (p=0.5225 >= 0.05); Very low reliability (0.04 < 0.05)
760345702,739783171,810753195,951854614,VISam,45,1.481,0.0,0.0,,,,0.0,0.0,0.0,,1.0,-0.149,0.0,"{""1.0"": {""evoked_rate_hz"": 0.0, ""baseline_rate_hz"": 4.44, ""reliability"": 0.0, ""modulation_ratio"": 0.0, ""median_latency_ms"": null}, ""2.5"": {""evoked_rate_hz"": 0.0, ""baseline_rate_hz"": 0.0, ""reliability"": 0.0, ""modulation_ratio"": 0.0, ""median_latency_ms"": null}, ""4.0"": {""evoked_rate_hz"": 0.0, ""baseline_rate_hz"": 0.0, ""reliability"": 0.0, ""modulation_ratio"": 0.0, ""median_latency_ms"": null}}",False,1.0,not light responsive,0.95,Not statistically significant (p=1.0000 >= 0.05); No positive modulation (mod_ratio=0.00 <= 1.0); Very low reliability (0.00 < 0.05)
760345702,739783171,810753195,951854685,VISam,45,16.296,2.778,0.161,6.301,0.0,0.0,0.022,0.111,1.0,0.0,0.005,-0.378,2.7778,"{""1.0"": {""evoked_rate_hz"": 0.0, ""baseline_rate_hz"": 13.33, ""reliability"": 0.0, ""modulation_ratio"": 0.0, ""median_latency_ms"": null}, ""2.5"": {""evoked_rate_hz"": 0.0, ""baseline_rate_hz"": 17.78, ""reliability"": 0.0, ""modulation_ratio"": 0.0, ""median_latency_ms"": null}, ""4.0"": {""evoked_rate_hz"": 8.33, ""baseline_rate_hz"": 17.78, ""reliability"": 0.067, ""modulation_ratio"": 0.44, ""median_latency_ms"": 6.3}}",False,-0.498,not light responsive,0.95,Not statistically significant (p=0.0050 >= 0.05); No positive modulation (mod_ratio=0.16 <= 1.0); Very low reliability (0.02 < 0.05)
760345702,739783171,810753195,951854676,VISam,45,4.444,0.0,0.0,,,,0.0,0.044,0.0,,0.25674,-0.264,0.0,"{""1.0"": {""evoked_rate_hz"": 0.0, ""baseline_rate_hz"": 4.44, ""reliability"": 0.0, ""modulation_ratio"": 0.0, ""median_latency_ms"": null}, ""2.5"": {""evoked_rate_hz"": 0.0, ""baseline_rate_hz"": 0.0, ""reliability"": 0.0, ""modulation_ratio"": 0.0, ""median_latency_ms"": null}, ""4.0"": {""evoked_rate_hz"": 0.0, ""baseline_rate_hz"": 8.89, ""reliability"": 0.0, ""modulation_ratio"": 0.0, ""median_latency_ms"": null}}",False,-221.222,not light responsive,0.95,Not statistically significant (p=0.2567 >= 0.05); No positive modulation (mod_ratio=0.00 <= 1.0); Very low reliability (0.00 < 0.05)
760345702,739783171,810753195,951854667,VISam,45,17.778,22.222,1.183,6.581,2.594,4.026,0.178,0.133,0.841,0.434,0.61838,0.075,0.0,"{""1.0"": {""evoked_rate_hz"": 25.0, ""baseline_rate_hz"": 22.22, ""reliability"": 0.2, ""modulation_ratio"": 1.08, ""median_latency_ms"": 6.6}, ""2.5"": {""evoked_rate_hz"": 16.67, ""baseline_rate_hz"": 8.89, ""reliability"": 0.133, ""modulation_ratio"": 1.69, ""median_latency_ms"": 6.65}, ""4.0"": {""evoked_rate_hz"": 25.0, ""baseline_rate_hz"": 22.22, ""reliability"": 0.2, ""modulation_ratio"": 1.08, ""median_latency_ms"": 6.56}}",False,-1.497,not light responsive,0.822,Not statistically significant (p=0.6184 >= 0.05)
760345702,739783171,810753195,951855551,VISam,45,0.0,0.0,0.0,,,,0.0,0.0,0.0,,1.0,0.0,0.0,"{""1.0"": {""evoked_rate_hz"": 0.0, ""baseline_rate_hz"": 0.0, ""reliability"": 0.0, ""modulation_ratio"": 0.0, ""median_latency_ms"": null}, ""2.5"": {""evoked_rate_hz"": 0.0, ""baseline_rate_hz"": 0.0, ""reliability"": 0.0, ""modulation_ratio"": 0.0, ""median_latency_ms"": null}, ""4.0"": {""evoked_rate_hz"": 0.0, ""baseline_rate_hz"": 0.0, ""reliability"": 0.0, ""modulation_ratio"": 0.0, ""median_latency_ms"": null}}",False,1.0,insufficient evidence,0.0,Insufficient trial count (<10) or zero spikes recorded
760345702,739783171,810753195,951854702,VISam,45,8.889,8.333,0.843,2.3,1.312,1.19,0.067,0.067,0.955,0.447,0.82617,-0.014,0.0,"{""1.0"": {""evoked_rate_hz"": 8.33, ""baseline_rate_hz"": 0.0, ""reliability"": 0.067, ""modulation_ratio"": 8.33, ""median_latency_ms"": 2.07}, ""2.5"": {""evoked_rate_hz"": 8.33, ""baseline_rate_hz"": 13.33, ""reliability"": 0.067, ""modulation_ratio"": 0.58, ""median_latency_ms"": 2.3}, ""4.0"": {""evoked_rate_hz"": 8.33, ""baseline_rate_hz"": 13.33, ""reliability"": 0.067, ""modulation_ratio"": 0.58, ""median_latency_ms"": 4.45}}",False,-221.222,not light responsive,0.933,Not statistically significant (p=0.8262 >= 0.05); No positive modulation (mod_ratio=0.84 <= 1.0)
760345702,739783171,810753195,951854655,VISam,45,14.815,19.444,1.23,5.763,2.625,3.093,0.156,0.133,0.864,0.44,0.61638,0.079,-2.7778,"{""1.0"": {""evoked_rate_hz"": 16.67, ""baseline_rate_hz"": 13.33, ""reliability"": 0.133, ""modulation_ratio"": 1.16, ""median_latency_ms"": 6.78}, ""2.5"": {""evoked_rate_hz"": 33.33, ""baseline_rate_hz"": 8.89, ""reliability"": 0.267, ""modulation_ratio"": 3.37, ""median_latency_ms"": 6.94}, ""4.0"": {""evoked_rate_hz"": 8.33, ""baseline_rate_hz"": 22.22, ""reliability"": 0.067, ""modulation_ratio"": 0.36, ""median_latency_ms"": 4.04}}",False,0.667,not light responsive,0.844,Not statistically significant (p=0.6164 >= 0.05)
760345702,739783171,810753195,951854630,VISam,45,11.852,8.333,0.648,3.97,0.37,0.338,0.067,0.111,0.955,0.097,0.51548,-0.082,0.0,"{""1.0"": {""evoked_rate_hz"": 8.33, ""baseline_rate_hz"": 8.89, ""reliability"": 0.067, ""modulation_ratio"": 0.84, ""median_latency_ms"": 3.37}, ""2.5"": {""evoked_rate_hz"": 8.33, ""baseline_rate_hz"": 4.44, ""reliability"": 0.067, ""modulation_ratio"": 1.53, ""median_latency_ms"": 3.97}, ""4.0"": {""evoked_rate_hz"": 8.33, ""baseline_rate_hz"": 22.22, ""reliability"": 0.067, ""modulation_ratio"": 0.36, ""median_latency_ms"": 4.05}}",False,0.6,not light responsive,0.933,Not statistically significant (p=0.5155 >= 0.05); No positive modulation (mod_ratio=0.65 <= 1.0)
760345702,739783171,810753195,951854761,VISam,45,11.852,5.556,0.432,2.624,1.727,1.221,0.044,0.111,0.977,0.658,0.21678,-0.164,-5.5556,"{""1.0"": {""evoked_rate_hz"": 16.67, ""baseline_rate_hz"": 0.0, ""reliability"": 0.133, ""modulation_ratio"": 16.67, ""median_latency_ms"": 2.62}, ""2.5"": {""evoked_rate_hz"": 0.0, ""baseline_rate_hz"": 8.89, ""reliability"": 0.0, ""modulation_ratio"": 0.0, ""median_latency_ms"": null}, ""4.0"": {""evoked_rate_hz"": 0.0, ""baseline_rate_hz"": 26.67, ""reliability"": 0.0, ""modulation_ratio"": 0.0, ""median_latency_ms"": null}}",False,0.401,not light responsive,0.95,Not statistically significant (p=0.2168 >= 0.05); No positive modulation (mod_ratio=0.43 <= 1.0); Very low reliability (0.04 < 0.05)
760345702,739783171,810753195,951854751,VISam,45,8.889,2.778,0.281,5.732,0.0,0.0,0.022,0.044,1.0,0.0,0.11189,-0.201,-2.7778,"{""1.0"": {""evoked_rate_hz"": 8.33, ""baseline_rate_hz"": 17.78, ""reliability"": 0.067, ""modulation_ratio"": 0.44, ""median_latency_ms"": 5.73}, ""2.5"": {""evoked_rate_hz"": 0.0, ""baseline_rate_hz"": 0.0, ""reliability"": 0.0, ""modulation_ratio"": 0.0, ""median_latency_ms"": null}, ""4.0"": {""evoked_rate_hz"": 0.0, ""baseline_rate_hz"": 8.89, ""reliability"": 0.0, ""modulation_ratio"": 0.0, ""median_latency_ms"": null}}",False,0.201,not light responsive,0.95,Not statistically significant (p=0.1119 >= 0.05); No positive modulation (mod_ratio=0.28 <= 1.0); Very low reliability (0.02 < 0.05)
760345702,739783171,810753195,951854741,VISam,45,23.704,16.667,0.675,4.171,2.696,2.313,0.133,0.178,0.886,0.572,0.4036,-0.122,-2.7778,"{""1.0"": {""evoked_rate_hz"": 25.0, ""baseline_rate_hz"": 22.22, ""reliability"": 0.2, ""modulation_ratio"": 1.08, ""median_latency_ms"": 6.41}, ""2.5"": {""evoked_rate_hz"": 8.33, ""baseline_rate_hz"": 26.67, ""reliability"": 0.067, ""modulation_ratio"": 0.3, ""median_latency_ms"": 3.75}, ""4.0"": {""evoked_rate_hz"": 16.67, ""baseline_rate_hz"": 22.22, ""reliability"": 0.133, ""modulation_ratio"": 0.72, ""median_latency_ms"": 2.8}}",False,0.001,not light responsive,0.867,Not statistically significant (p=0.4036 >= 0.05); No positive modulation (mod_ratio=0.68 <= 1.0)
760345702,739783171,810753195,951854802,VISam,45,10.37,13.889,1.221,7.16,1.978,0.401,0.111,0.111,0.909,0.303,0.6993,0.071,-5.5556,"{""1.0"": {""evoked_rate_hz"": 25.0, ""baseline_rate_hz"": 8.89, ""reliability"": 0.2, ""modulation_ratio"": 2.53, ""median_latency_ms"": 7.16}, ""2.5"": {""evoked_rate_hz"": 8.33, ""baseline_rate_hz"": 8.89, ""reliability"": 0.067, ""modulation_ratio"": 0.84, ""median_latency_ms"": 3.1}, ""4.0"": {""evoked_rate_hz"": 8.33, ""baseline_rate_hz"": 13.33, ""reliability"": 0.067, ""modulation_ratio"": 0.58, ""median_latency_ms"": 7.33}}",False,0.625,not light responsive,0.889,Not statistically significant (p=0.6993 >= 0.05)
760345702,739783171,810753195,951854723,VISam,45,0.0,0.0,0.0,,,,0.0,0.0,0.0,,1.0,0.0,0.0,"{""1.0"": {""evoked_rate_hz"": 0.0, ""baseline_rate_hz"": 0.0, ""reliability"": 0.0, ""modulation_ratio"": 0.0, ""median_latency_ms"": null}, ""2.5"": {""evoked_rate_hz"": 0.0, ""baseline_rate_hz"": 0.0, ""reliability"": 0.0, ""modulation_ratio"": 0.0, ""median_latency_ms"": null}, ""4.0"": {""evoked_rate_hz"": 0.0, ""baseline_rate_hz"": 0.0, ""reliability"": 0.0, ""modulation_ratio"": 0.0, ""median_latency_ms"": null}}",False,-665.667,insufficient evidence,0.0,Insufficient trial count (<10) or zero spikes recorded
760345702,739783171,810753195,951854788,VISam,45,13.333,25.0,1.744,3.335,1.804,2.372,0.2,0.089,0.818,0.461,0.21978,0.185,5.5556,"{""1.0"": {""evoked_rate_hz"": 25.0, ""baseline_rate_hz"": 4.44, ""reliability"": 0.2, ""modulation_ratio"": 4.59, ""median_latency_ms"": 5.24}, ""2.5"": {""evoked_rate_hz"": 8.33, ""baseline_rate_hz"": 31.11, ""reliability"": 0.067, ""modulation_ratio"": 0.26, ""median_latency_ms"": 3.34}, ""4.0"": {""evoked_rate_hz"": 41.67, ""baseline_rate_hz"": 4.44, ""reliability"": 0.333, ""modulation_ratio"": 7.65, ""median_latency_ms"": 3.16}}",False,0.167,not light responsive,0.8,Not statistically significant (p=0.2198 >= 0.05)
760345702,739783171,810753195,951854780,VISam,45,10.37,5.556,0.489,4.188,3.389,2.396,0.044,0.022,0.977,0.809,0.32168,-0.129,0.0,"{""1.0"": {""evoked_rate_hz"": 0.0, ""baseline_rate_hz"": 4.44, ""reliability"": 0.0, ""modulation_ratio"": 0.0, ""median_latency_ms"": null}, ""2.5"": {""evoked_rate_hz"": 16.67, ""baseline_rate_hz"": 13.33, ""reliability"": 0.133, ""modulation_ratio"": 1.16, ""median_latency_ms"": 4.19}, ""4.0"": {""evoked_rate_hz"": 0.0, ""baseline_rate_hz"": 13.33, ""reliability"": 0.0, ""modulation_ratio"": 0.0, ""median_latency_ms"": null}}",False,0.167,not light responsive,0.95,Not statistically significant (p=0.3217 >= 0.05); No positive modulation (mod_ratio=0.49 <= 1.0); Very low reliability (0.04 < 0.05)
760345702,739783171,810753195,951854816,VISam,45,2.963,8.333,2.103,2.892,2.503,2.318,0.067,0.022,0.955,0.628,0.43257,0.153,-2.7778,"{""1.0"": {""evoked_rate_hz"": 16.67, ""baseline_rate_hz"": 4.44, ""reliability"": 0.133, ""modulation_ratio"": 3.06, ""median_latency_ms"": 4.53}, ""2.5"": {""evoked_rate_hz"": 0.0, ""baseline_rate_hz"": 0.0, ""reliability"": 0.0, ""modulation_ratio"": 0.0, ""median_latency_ms"": null}, ""4.0"": {""evoked_rate_hz"": 8.33, ""baseline_rate_hz"": 4.44, ""reliability"": 0.067, ""modulation_ratio"": 1.53, ""median_latency_ms"": 2.89}}",False,-221.222,not light responsive,0.933,Not statistically significant (p=0.4326 >= 0.05)
760345702,739783171,810753195,951854887,VISam,45,13.333,11.111,0.775,4.215,1.037,1.642,0.089,0.067,0.932,0.245,0.68931,-0.048,2.7778,"{""1.0"": {""evoked_rate_hz"": 8.33, ""baseline_rate_hz"": 8.89, ""reliability"": 0.067, ""modulation_ratio"": 0.84, ""median_latency_ms"": 3.21}, ""2.5"": {""evoked_rate_hz"": 8.33, ""baseline_rate_hz"": 13.33, ""reliability"": 0.067, ""modulation_ratio"": 0.58, ""median_latency_ms"": 4.97}, ""4.0"": {""evoked_rate_hz"": 16.67, ""baseline_rate_hz"": 17.78, ""reliability"": 0.133, ""modulation_ratio"": 0.89, ""median_latency_ms"": 4.36}}",False,-0.399,not light responsive,0.911,Not statistically significant (p=0.6893 >= 0.05); No positive modulation (mod_ratio=0.78 <= 1.0)
760345702,739783171,810753195,951854809,VISam,45,13.333,5.556,0.388,5.514,1.115,0.789,0.044,0.111,0.977,0.202,0.15385,-0.197,0.0,"{""1.0"": {""evoked_rate_hz"": 8.33, ""baseline_rate_hz"": 26.67, ""reliability"": 0.067, ""modulation_ratio"": 0.3, ""median_latency_ms"": 4.73}, ""2.5"": {""evoked_rate_hz"": 0.0, ""baseline_rate_hz"": 13.33, ""reliability"": 0.0, ""modulation_ratio"": 0.0, ""median_latency_ms"": null}, ""4.0"": {""evoked_rate_hz"": 8.33, ""baseline_rate_hz"": 0.0, ""reliability"": 0.067, ""modulation_ratio"": 8.33, ""median_latency_ms"": 6.3}}",False,-0.664,not light responsive,0.95,Not statistically significant (p=0.1538 >= 0.05); No positive modulation (mod_ratio=0.39 <= 1.0); Very low reliability (0.04 < 0.05)
760345702,739783171,810753195,951854864,VISam,45,7.407,8.333,0.991,2.783,1.234,1.23,0.067,0.022,0.955,0.464,1.0,0.022,0.0,"{""1.0"": {""evoked_rate_hz"": 8.33, ""baseline_rate_hz"": 4.44, ""reliability"": 0.067, ""modulation_ratio"": 1.53, ""median_latency_ms"": 3.83}, ""2.5"": {""evoked_rate_hz"": 8.33, ""baseline_rate_hz"": 13.33, ""reliability"": 0.067, ""modulation_ratio"": 0.58, ""median_latency_ms"": 1.37}, ""4.0"": {""evoked_rate_hz"": 8.33, ""baseline_rate_hz"": 4.44, ""reliability"": 0.067, ""modulation_ratio"": 1.53, ""median_latency_ms"": 2.78}}",False,0.004,not light responsive,0.933,Not statistically significant (p=1.0000 >= 0.05); No positive modulation (mod_ratio=0.99 <= 1.0)
760345702,739783171,810753195,951854838,VISam,45,7.407,2.778,0.33,3.679,0.0,0.0,0.022,0.089,1.0,0.0,0.1958,-0.16,-2.7778,"{""1.0"": {""evoked_rate_hz"": 8.33, ""baseline_rate_hz"": 8.89, ""reliability"": 0.067, ""modulation_ratio"": 0.84, ""median_latency_ms"": 3.68}, ""2.5"": {""evoked_rate_hz"": 0.0, ""baseline_rate_hz"": 0.0, ""reliability"": 0.0, ""modulation_ratio"": 0.0, ""median_latency_ms"": null}, ""4.0"": {""evoked_rate_hz"": 0.0, ""baseline_rate_hz"": 13.33, ""reliability"": 0.0, ""modulation_ratio"": 0.0, ""median_latency_ms"": null}}",False,0.004,not light responsive,0.95,Not statistically significant (p=0.1958 >= 0.05); No positive modulation (mod_ratio=0.33 <= 1.0); Very low reliability (0.02 < 0.05)
760345702,739783171,810753195,951855628,VISam,45,0.0,0.0,0.0,,,,0.0,0.0,0.0,,1.0,0.0,0.0,"{""1.0"": {""evoked_rate_hz"": 0.0, ""baseline_rate_hz"": 0.0, ""reliability"": 0.0, ""modulation_ratio"": 0.0, ""median_latency_ms"": null}, ""2.5"": {""evoked_rate_hz"": 0.0, ""baseline_rate_hz"": 0.0, ""reliability"": 0.0, ""modulation_ratio"": 0.0, ""median_latency_ms"": null}, ""4.0"": {""evoked_rate_hz"": 0.0, ""baseline_rate_hz"": 0.0, ""reliability"": 0.0, ""modulation_ratio"": 0.0, ""median_latency_ms"": null}}",False,1.0,insufficient evidence,0.0,Insufficient trial count (<10) or zero spikes recorded
760345702,739783171,810753195,951854965,VISam,45,4.444,2.778,0.51,2.47,0.0,0.0,0.022,0.0,1.0,0.0,0.63337,-0.065,0.0,"{""1.0"": {""evoked_rate_hz"": 0.0, ""baseline_rate_hz"": 0.0, ""reliability"": 0.0, ""modulation_ratio"": 0.0, ""median_latency_ms"": null}, ""2.5"": {""evoked_rate_hz"": 8.33, ""baseline_rate_hz"": 8.89, ""reliability"": 0.067, ""modulation_ratio"": 0.84, ""median_latency_ms"": 2.47}, ""4.0"": {""evoked_rate_hz"": 0.0, ""baseline_rate_hz"": 4.44, ""reliability"": 0.0, ""modulation_ratio"": 0.0, ""median_latency_ms"": null}}",False,-1.494,not light responsive,0.95,Not statistically significant (p=0.6334 >= 0.05); No positive modulation (mod_ratio=0.51 <= 1.0); Very low reliability (0.02 < 0.05)
760345702,739783171,810753195,951854955,VISam,45,0.0,0.0,0.0,,,,0.0,0.0,0.0,,1.0,0.0,0.0,"{""1.0"": {""evoked_rate_hz"": 0.0, ""baseline_rate_hz"": 0.0, ""reliability"": 0.0, ""modulation_ratio"": 0.0, ""median_latency_ms"": null}, ""2.5"": {""evoked_rate_hz"": 0.0, ""baseline_rate_hz"": 0.0, ""reliability"": 0.0, ""modulation_ratio"": 0.0, ""median_latency_ms"": null}, ""4.0"": {""evoked_rate_hz"": 0.0, ""baseline_rate_hz"": 0.0, ""reliability"": 0.0, ""modulation_ratio"": 0.0, ""median_latency_ms"": null}}",False,1.0,insufficient evidence,0.0,Insufficient trial count (<10) or zero spikes recorded
760345702,739783171,810753195,951854933,VISam,45,2.963,19.444,4.907,7.059,2.253,2.558,0.156,0.044,0.864,0.373,0.01898,0.366,0.0,"{""1.0"": {""evoked_rate_hz"": 16.67, ""baseline_rate_hz"": 0.0, ""reliability"": 0.133, ""modulation_ratio"": 16.67, ""median_latency_ms"": 7.99}, ""2.5"": {""evoked_rate_hz"": 25.0, ""baseline_rate_hz"": 4.44, ""reliability"": 0.2, ""modulation_ratio"": 4.59, ""median_latency_ms"": 5.1}, ""4.0"": {""evoked_rate_hz"": 16.67, ""baseline_rate_hz"": 4.44, ""reliability"": 0.133, ""modulation_ratio"": 3.06, ""median_latency_ms"": 5.73}}",False,0.501,light-responsive / indirect or uncertain,0.65,Sub-threshold reliability (0.16 < 0.3)
760345702,739783171,810753195,951854921,VISam,45,2.963,5.556,1.402,4.462,1.032,0.73,0.044,0.022,0.977,0.231,0.76224,0.086,-2.7778,"{""1.0"": {""evoked_rate_hz"": 8.33, ""baseline_rate_hz"": 0.0, ""reliability"": 0.067, ""modulation_ratio"": 8.33, ""median_latency_ms"": 3.73}, ""2.5"": {""evoked_rate_hz"": 8.33, ""baseline_rate_hz"": 4.44, ""reliability"": 0.067, ""modulation_ratio"": 1.53, ""median_latency_ms"": 5.19}, ""4.0"": {""evoked_rate_hz"": 0.0, ""baseline_rate_hz"": 4.44, ""reliability"": 0.0, ""modulation_ratio"": 0.0, ""median_latency_ms"": null}}",False,-443.444,not light responsive,0.95,Not statistically significant (p=0.7622 >= 0.05); Very low reliability (0.04 < 0.05)
760345702,739783171,810753195,951855020,VISam,45,5.926,0.0,0.0,,,,0.0,0.044,0.0,,0.12488,-0.309,0.0,"{""1.0"": {""evoked_rate_hz"": 0.0, ""baseline_rate_hz"": 0.0, ""reliability"": 0.0, ""modulation_ratio"": 0.0, ""median_latency_ms"": null}, ""2.5"": {""evoked_rate_hz"": 0.0, ""baseline_rate_hz"": 4.44, ""reliability"": 0.0, ""modulation_ratio"": 0.0, ""median_latency_ms"": null}, ""4.0"": {""evoked_rate_hz"": 0.0, ""baseline_rate_hz"": 13.33, ""reliability"": 0.0, ""modulation_ratio"": 0.0, ""median_latency_ms"": null}}",False,1.0,not light responsive,0.95,Not statistically significant (p=0.1249 >= 0.05); No positive modulation (mod_ratio=0.00 <= 1.0); Very low reliability (0.00 < 0.05)
760345702,739783171,810753195,951855009,VISam,45,1.481,0.0,0.0,,,,0.0,0.022,0.0,,1.0,-0.149,0.0,"{""1.0"": {""evoked_rate_hz"": 0.0, ""baseline_rate_hz"": 0.0, ""reliability"": 0.0, ""modulation_ratio"": 0.0, ""median_latency_ms"": null}, ""2.5"": {""evoked_rate_hz"": 0.0, ""baseline_rate_hz"": 0.0, ""reliability"": 0.0, ""modulation_ratio"": 0.0, ""median_latency_ms"": null}, ""4.0"": {""evoked_rate_hz"": 0.0, ""baseline_rate_hz"": 4.44, ""reliability"": 0.0, ""modulation_ratio"": 0.0, ""median_latency_ms"": null}}",False,1.0,not light responsive,0.95,Not statistically significant (p=1.0000 >= 0.05); No positive modulation (mod_ratio=0.00 <= 1.0); Very low reliability (0.00 < 0.05)
760345702,739783171,810753195,951854976,VISam,45,5.926,5.556,0.802,3.349,1.493,1.056,0.044,0.067,0.977,0.446,0.8002,-0.011,0.0,"{""1.0"": {""evoked_rate_hz"": 8.33, ""baseline_rate_hz"": 4.44, ""reliability"": 0.067, ""modulation_ratio"": 1.53, ""median_latency_ms"": 4.41}, ""2.5"": {""evoked_rate_hz"": 0.0, ""baseline_rate_hz"": 4.44, ""reliability"": 0.0, ""modulation_ratio"": 0.0, ""median_latency_ms"": null}, ""4.0"": {""evoked_rate_hz"": 8.33, ""baseline_rate_hz"": 8.89, ""reliability"": 0.067, ""modulation_ratio"": 0.84, ""median_latency_ms"": 2.29}}",False,-0.497,not light responsive,0.95,Not statistically significant (p=0.8002 >= 0.05); No positive modulation (mod_ratio=0.80 <= 1.0); Very low reliability (0.04 < 0.05)
760345702,739783171,810753195,951855055,VISam,45,47.407,83.333,1.721,5.496,2.04,2.498,0.644,0.333,0.409,0.363,0.00699,0.432,19.4444,"{""1.0"": {""evoked_rate_hz"": 50.0, ""baseline_rate_hz"": 57.78, ""reliability"": 0.4, ""modulation_ratio"": 0.85, ""median_latency_ms"": 6.17}, ""2.5"": {""evoked_rate_hz"": 91.67, ""baseline_rate_hz"": 40.0, ""reliability"": 0.667, ""modulation_ratio"": 2.24, ""median_latency_ms"": 5.17}, ""4.0"": {""evoked_rate_hz"": 108.33, ""baseline_rate_hz"": 44.44, ""reliability"": 0.867, ""modulation_ratio"": 2.38, ""median_latency_ms"": 6.0}}",False,0.067,light-responsive / indirect or uncertain,0.65,Sub-threshold modulation (1.72 <= 2.0)
760345702,739783171,810753195,951855031,VISam,45,7.407,16.667,1.982,6.422,2.297,2.488,0.133,0.067,0.886,0.392,0.22078,0.199,0.0,"{""1.0"": {""evoked_rate_hz"": 16.67, ""baseline_rate_hz"": 8.89, ""reliability"": 0.133, ""modulation_ratio"": 1.69, ""median_latency_ms"": 6.31}, ""2.5"": {""evoked_rate_hz"": 16.67, ""baseline_rate_hz"": 0.0, ""reliability"": 0.133, ""modulation_ratio"": 16.67, ""median_latency_ms"": 4.58}, ""4.0"": {""evoked_rate_hz"": 16.67, ""baseline_rate_hz"": 13.33, ""reliability"": 0.133, ""modulation_ratio"": 1.16, ""median_latency_ms"": 6.68}}",False,0.8,not light responsive,0.867,Not statistically significant (p=0.2208 >= 0.05)
760345702,739783171,810753195,951855145,VISam,45,0.0,0.0,0.0,,,,0.0,0.0,0.0,,1.0,0.0,0.0,"{""1.0"": {""evoked_rate_hz"": 0.0, ""baseline_rate_hz"": 0.0, ""reliability"": 0.0, ""modulation_ratio"": 0.0, ""median_latency_ms"": null}, ""2.5"": {""evoked_rate_hz"": 0.0, ""baseline_rate_hz"": 0.0, ""reliability"": 0.0, ""modulation_ratio"": 0.0, ""median_latency_ms"": null}, ""4.0"": {""evoked_rate_hz"": 0.0, ""baseline_rate_hz"": 0.0, ""reliability"": 0.0, ""modulation_ratio"": 0.0, ""median_latency_ms"": null}}",False,1.0,insufficient evidence,0.0,Insufficient trial count (<10) or zero spikes recorded
760345702,739783171,810753195,951855198,VISam,45,5.926,0.0,0.0,,,,0.0,0.044,0.0,,0.12987,-0.309,0.0,"{""1.0"": {""evoked_rate_hz"": 0.0, ""baseline_rate_hz"": 8.89, ""reliability"": 0.0, ""modulation_ratio"": 0.0, ""median_latency_ms"": null}, ""2.5"": {""evoked_rate_hz"": 0.0, ""baseline_rate_hz"": 8.89, ""reliability"": 0.0, ""modulation_ratio"": 0.0, ""median_latency_ms"": null}, ""4.0"": {""evoked_rate_hz"": 0.0, ""baseline_rate_hz"": 0.0, ""reliability"": 0.0, ""modulation_ratio"": 0.0, ""median_latency_ms"": null}}",False,0.501,not light responsive,0.95,Not statistically significant (p=0.1299 >= 0.05); No positive modulation (mod_ratio=0.00 <= 1.0); Very low reliability (0.00 < 0.05)
760345702,739783171,810753195,951855123,VISam,45,4.444,11.111,2.041,5.652,1.888,2.662,0.089,0.044,0.932,0.349,0.36464,0.163,2.7778,"{""1.0"": {""evoked_rate_hz"": 8.33, ""baseline_rate_hz"": 4.44, ""reliability"": 0.067, ""modulation_ratio"": 1.53, ""median_latency_ms"": 7.18}, ""2.5"": {""evoked_rate_hz"": 8.33, ""baseline_rate_hz"": 4.44, ""reliability"": 0.067, ""modulation_ratio"": 1.53, ""median_latency_ms"": 3.17}, ""4.0"": {""evoked_rate_hz"": 16.67, ""baseline_rate_hz"": 4.44, ""reliability"": 0.133, ""modulation_ratio"": 3.06, ""median_latency_ms"": 5.65}}",False,0.001,not light responsive,0.911,Not statistically significant (p=0.3646 >= 0.05)
760345702,739783171,810753195,951855571,VISam,45,0.0,0.0,0.0,,,,0.0,0.0,0.0,,1.0,0.0,0.0,"{""1.0"": {""evoked_rate_hz"": 0.0, ""baseline_rate_hz"": 0.0, ""reliability"": 0.0, ""modulation_ratio"": 0.0, ""median_latency_ms"": null}, ""2.5"": {""evoked_rate_hz"": 0.0, ""baseline_rate_hz"": 0.0, ""reliability"": 0.0, ""modulation_ratio"": 0.0, ""median_latency_ms"": null}, ""4.0"": {""evoked_rate_hz"": 0.0, ""baseline_rate_hz"": 0.0, ""reliability"": 0.0, ""modulation_ratio"": 0.0, ""median_latency_ms"": null}}",False,1.0,insufficient evidence,0.0,Insufficient trial count (<10) or zero spikes recorded
760345702,739783171,810753195,951855210,VISam,45,10.37,19.444,1.71,5.927,2.43,2.671,0.156,0.089,0.864,0.435,0.23976,0.187,-5.5556,"{""1.0"": {""evoked_rate_hz"": 25.0, ""baseline_rate_hz"": 4.44, ""reliability"": 0.2, ""modulation_ratio"": 4.59, ""median_latency_ms"": 6.38}, ""2.5"": {""evoked_rate_hz"": 25.0, ""baseline_rate_hz"": 8.89, ""reliability"": 0.2, ""modulation_ratio"": 2.53, ""median_latency_ms"": 4.12}, ""4.0"": {""evoked_rate_hz"": 8.33, ""baseline_rate_hz"": 17.78, ""reliability"": 0.067, ""modulation_ratio"": 0.44, ""median_latency_ms"": 7.59}}",False,0.001,not light responsive,0.844,Not statistically significant (p=0.2398 >= 0.05)
760345702,739783171,810753195,951855246,VISam,45,4.444,0.0,0.0,,,,0.0,0.044,0.0,,0.23477,-0.264,0.0,"{""1.0"": {""evoked_rate_hz"": 0.0, ""baseline_rate_hz"": 4.44, ""reliability"": 0.0, ""modulation_ratio"": 0.0, ""median_latency_ms"": null}, ""2.5"": {""evoked_rate_hz"": 0.0, ""baseline_rate_hz"": 8.89, ""reliability"": 0.0, ""modulation_ratio"": 0.0, ""median_latency_ms"": null}, ""4.0"": {""evoked_rate_hz"": 0.0, ""baseline_rate_hz"": 0.0, ""reliability"": 0.0, ""modulation_ratio"": 0.0, ""median_latency_ms"": null}}",False,1.0,not light responsive,0.95,Not statistically significant (p=0.2348 >= 0.05); No positive modulation (mod_ratio=0.00 <= 1.0); Very low reliability (0.00 < 0.05)
760345702,739783171,810753195,951855309,VISam,45,28.148,55.556,1.906,6.265,1.706,2.395,0.444,0.311,0.568,0.286,0.00699,0.419,2.7778,"{""1.0"": {""evoked_rate_hz"": 50.0, ""baseline_rate_hz"": 17.78, ""reliability"": 0.4, ""modulation_ratio"": 2.66, ""median_latency_ms"": 6.33}, ""2.5"": {""evoked_rate_hz"": 58.33, ""baseline_rate_hz"": 31.11, ""reliability"": 0.467, ""modulation_ratio"": 1.82, ""median_latency_ms"": 6.52}, ""4.0"": {""evoked_rate_hz"": 58.33, ""baseline_rate_hz"": 35.56, ""reliability"": 0.467, ""modulation_ratio"": 1.6, ""median_latency_ms"": 5.92}}",False,0.167,light-responsive / indirect or uncertain,0.65,Sub-threshold modulation (1.91 <= 2.0)
760345702,739783171,810753195,951855321,VISam,45,0.0,0.0,0.0,,,,0.0,0.0,0.0,,1.0,0.0,0.0,"{""1.0"": {""evoked_rate_hz"": 0.0, ""baseline_rate_hz"": 0.0, ""reliability"": 0.0, ""modulation_ratio"": 0.0, ""median_latency_ms"": null}, ""2.5"": {""evoked_rate_hz"": 0.0, ""baseline_rate_hz"": 0.0, ""reliability"": 0.0, ""modulation_ratio"": 0.0, ""median_latency_ms"": null}, ""4.0"": {""evoked_rate_hz"": 0.0, ""baseline_rate_hz"": 0.0, ""reliability"": 0.0, ""modulation_ratio"": 0.0, ""median_latency_ms"": null}}",False,1.0,insufficient evidence,0.0,Insufficient trial count (<10) or zero spikes recorded
760345702,739783171,810753195,951855415,VISam,45,17.778,22.222,1.183,3.661,2.39,2.553,0.178,0.178,0.841,0.542,0.59141,0.083,-5.5556,"{""1.0"": {""evoked_rate_hz"": 33.33, ""baseline_rate_hz"": 17.78, ""reliability"": 0.267, ""modulation_ratio"": 1.78, ""median_latency_ms"": 3.4}, ""2.5"": {""evoked_rate_hz"": 16.67, ""baseline_rate_hz"": 17.78, ""reliability"": 0.133, ""modulation_ratio"": 0.89, ""median_latency_ms"": 5.75}, ""4.0"": {""evoked_rate_hz"": 16.67, ""baseline_rate_hz"": 17.78, ""reliability"": 0.133, ""modulation_ratio"": 0.89, ""median_latency_ms"": 3.22}}",False,0.5,not light responsive,0.822,Not statistically significant (p=0.5914 >= 0.05)
760345702,739783171,810753197,951841221,LP,45,19.259,16.667,0.823,5.829,1.971,2.567,0.133,0.156,0.886,0.315,0.74326,-0.047,2.7778,"{""1.0"": {""evoked_rate_hz"": 16.67, ""baseline_rate_hz"": 22.22, ""reliability"": 0.133, ""modulation_ratio"": 0.72, ""median_latency_ms"": 5.83}, ""2.5"": {""evoked_rate_hz"": 8.33, ""baseline_rate_hz"": 17.78, ""reliability"": 0.067, ""modulation_ratio"": 0.44, ""median_latency_ms"": 8.17}, ""4.0"": {""evoked_rate_hz"": 25.0, ""baseline_rate_hz"": 17.78, ""reliability"": 0.2, ""modulation_ratio"": 1.33, ""median_latency_ms"": 5.15}}",False,-0.856,not light responsive,0.867,Not statistically significant (p=0.7433 >= 0.05); No positive modulation (mod_ratio=0.82 <= 1.0)
760345702,739783171,810753197,951841213,LP,45,16.296,16.667,0.964,6.119,2.125,3.167,0.133,0.178,0.886,0.364,1.0,0.007,5.5556,"{""1.0"": {""evoked_rate_hz"": 0.0, ""baseline_rate_hz"": 4.44, ""reliability"": 0.0, ""modulation_ratio"": 0.0, ""median_latency_ms"": null}, ""2.5"": {""evoked_rate_hz"": 33.33, ""baseline_rate_hz"": 35.56, ""reliability"": 0.267, ""modulation_ratio"": 0.91, ""median_latency_ms"": 7.33}, ""4.0"": {""evoked_rate_hz"": 16.67, ""baseline_rate_hz"": 8.89, ""reliability"": 0.133, ""modulation_ratio"": 1.69, ""median_latency_ms"": 4.44}}",False,0.001,not light responsive,0.867,Not statistically significant (p=1.0000 >= 0.05); No positive modulation (mod_ratio=0.96 <= 1.0)
760345702,739783171,810753197,951841257,LP,45,17.778,16.667,0.888,4.694,3.015,3.199,0.111,0.178,1.227,0.587,0.87812,-0.021,0.0,"{""1.0"": {""evoked_rate_hz"": 16.67, ""baseline_rate_hz"": 17.78, ""reliability"": 0.133, ""modulation_ratio"": 0.89, ""median_latency_ms"": 6.84}, ""2.5"": {""evoked_rate_hz"": 16.67, ""baseline_rate_hz"": 13.33, ""reliability"": 0.133, ""modulation_ratio"": 1.16, ""median_latency_ms"": 4.09}, ""4.0"": {""evoked_rate_hz"": 16.67, ""baseline_rate_hz"": 22.22, ""reliability"": 0.067, ""modulation_ratio"": 0.72, ""median_latency_ms"": 3.84}}",False,0.501,not light responsive,0.889,Not statistically significant (p=0.8781 >= 0.05); No positive modulation (mod_ratio=0.89 <= 1.0)
760345702,739783171,810753197,951841243,LP,45,13.333,5.556,0.388,3.683,3.527,2.494,0.044,0.111,0.977,0.958,0.16284,-0.185,5.5556,"{""1.0"": {""evoked_rate_hz"": 0.0, ""baseline_rate_hz"": 8.89, ""reliability"": 0.0, ""modulation_ratio"": 0.0, ""median_latency_ms"": null}, ""2.5"": {""evoked_rate_hz"": 0.0, ""baseline_rate_hz"": 17.78, ""reliability"": 0.0, ""modulation_ratio"": 0.0, ""median_latency_ms"": null}, ""4.0"": {""evoked_rate_hz"": 16.67, ""baseline_rate_hz"": 13.33, ""reliability"": 0.133, ""modulation_ratio"": 1.16, ""median_latency_ms"": 3.68}}",False,0.501,not light responsive,0.95,Not statistically significant (p=0.1628 >= 0.05); No positive modulation (mod_ratio=0.39 <= 1.0); Very low reliability (0.04 < 0.05)
760345702,739783171,810753197,951841281,LP,45,14.815,16.667,1.054,3.165,2.242,2.346,0.133,0.111,0.886,0.588,0.85315,0.038,2.7778,"{""1.0"": {""evoked_rate_hz"": 16.67, ""baseline_rate_hz"": 22.22, ""reliability"": 0.133, ""modulation_ratio"": 0.72, ""median_latency_ms"": 2.12}, ""2.5"": {""evoked_rate_hz"": 8.33, ""baseline_rate_hz"": 13.33, ""reliability"": 0.067, ""modulation_ratio"": 0.58, ""median_latency_ms"": 4.74}, ""4.0"": {""evoked_rate_hz"": 25.0, ""baseline_rate_hz"": 8.89, ""reliability"": 0.2, ""modulation_ratio"": 2.53, ""median_latency_ms"": 3.98}}",False,0.334,not light responsive,0.867,Not statistically significant (p=0.8531 >= 0.05)
760345702,739783171,810753197,951841273,LP,45,22.222,19.444,0.837,4.581,2.393,3.693,0.156,0.2,0.864,0.538,0.75225,-0.047,0.0,"{""1.0"": {""evoked_rate_hz"": 25.0, ""baseline_rate_hz"": 40.0, ""reliability"": 0.2, ""modulation_ratio"": 0.61, ""median_latency_ms"": 2.59}, ""2.5"": {""evoked_rate_hz"": 8.33, ""baseline_rate_hz"": 13.33, ""reliability"": 0.067, ""modulation_ratio"": 0.58, ""median_latency_ms"": 7.84}, ""4.0"": {""evoked_rate_hz"": 25.0, ""baseline_rate_hz"": 13.33, ""reliability"": 0.2, ""modulation_ratio"": 1.74, ""median_latency_ms"": 4.58}}",False,-0.1,not light responsive,0.844,Not statistically significant (p=0.7522 >= 0.05); No positive modulation (mod_ratio=0.84 <= 1.0)
760345702,739783171,810753197,951841266,LP,45,7.407,0.0,0.0,,,,0.0,0.044,0.0,,0.06494,-0.35,0.0,"{""1.0"": {""evoked_rate_hz"": 0.0, ""baseline_rate_hz"": 13.33, ""reliability"": 0.0, ""modulation_ratio"": 0.0, ""median_latency_ms"": null}, ""2.5"": {""evoked_rate_hz"": 0.0, ""baseline_rate_hz"": 4.44, ""reliability"": 0.0, ""modulation_ratio"": 0.0, ""median_latency_ms"": null}, ""4.0"": {""evoked_rate_hz"": 0.0, ""baseline_rate_hz"": 4.44, ""reliability"": 0.0, ""modulation_ratio"": 0.0, ""median_latency_ms"": null}}",False,-0.996,not light responsive,0.95,Not statistically significant (p=0.0649 >= 0.05); No positive modulation (mod_ratio=0.00 <= 1.0); Very low reliability (0.00 < 0.05)
760345702,739783171,810753197,951843029,LP,45,13.333,25.0,1.744,6.153,1.946,3.197,0.2,0.067,0.818,0.322,0.22777,0.181,-2.7778,"{""1.0"": {""evoked_rate_hz"": 33.33, ""baseline_rate_hz"": 13.33, ""reliability"": 0.267, ""modulation_ratio"": 2.33, ""median_latency_ms"": 7.55}, ""2.5"": {""evoked_rate_hz"": 16.67, ""baseline_rate_hz"": 22.22, ""reliability"": 0.133, ""modulation_ratio"": 0.72, ""median_latency_ms"": 3.73}, ""4.0"": {""evoked_rate_hz"": 25.0, ""baseline_rate_hz"": 4.44, ""reliability"": 0.2, ""modulation_ratio"": 4.59, ""median_latency_ms"": 6.15}}",False,-1.993,not light responsive,0.8,Not statistically significant (p=0.2278 >= 0.05)
760345702,739783171,810753197,951841308,LP,45,17.778,19.444,1.036,4.432,2.045,2.402,0.156,0.156,0.864,0.466,0.88811,0.029,0.0,"{""1.0"": {""evoked_rate_hz"": 16.67, ""baseline_rate_hz"": 22.22, ""reliability"": 0.133, ""modulation_ratio"": 0.72, ""median_latency_ms"": 4.83}, ""2.5"": {""evoked_rate_hz"": 25.0, ""baseline_rate_hz"": 13.33, ""reliability"": 0.2, ""modulation_ratio"": 1.74, ""median_latency_ms"": 2.8}, ""4.0"": {""evoked_rate_hz"": 16.67, ""baseline_rate_hz"": 17.78, ""reliability"": 0.133, ""modulation_ratio"": 0.89, ""median_latency_ms"": 6.64}}",False,-0.996,not light responsive,0.844,Not statistically significant (p=0.8881 >= 0.05)
760345702,739783171,810753197,951841296,LP,45,0.0,2.778,2.778,7.029,0.0,0.0,0.022,0.0,1.0,0.0,1.0,0.149,0.0,"{""1.0"": {""evoked_rate_hz"": 0.0, ""baseline_rate_hz"": 0.0, ""reliability"": 0.0, ""modulation_ratio"": 0.0, ""median_latency_ms"": null}, ""2.5"": {""evoked_rate_hz"": 8.33, ""baseline_rate_hz"": 0.0, ""reliability"": 0.067, ""modulation_ratio"": 8.33, ""median_latency_ms"": 7.03}, ""4.0"": {""evoked_rate_hz"": 0.0, ""baseline_rate_hz"": 0.0, ""reliability"": 0.0, ""modulation_ratio"": 0.0, ""median_latency_ms"": null}}",False,1.0,not light responsive,0.95,Not statistically significant (p=1.0000 >= 0.05); Very low reliability (0.02 < 0.05)
760345702,739783171,810753197,951841322,LP,45,17.778,25.0,1.331,5.138,1.754,2.737,0.2,0.156,0.818,0.369,0.46953,0.117,-5.5556,"{""1.0"": {""evoked_rate_hz"": 41.67, ""baseline_rate_hz"": 4.44, ""reliability"": 0.333, ""modulation_ratio"": 7.65, ""median_latency_ms"": 4.58}, ""2.5"": {""evoked_rate_hz"": 8.33, ""baseline_rate_hz"": 22.22, ""reliability"": 0.067, ""modulation_ratio"": 0.36, ""median_latency_ms"": 6.02}, ""4.0"": {""evoked_rate_hz"": 25.0, ""baseline_rate_hz"": 26.67, ""reliability"": 0.2, ""modulation_ratio"": 0.9, ""median_latency_ms"": 5.14}}",False,-0.498,not light responsive,0.8,Not statistically significant (p=0.4695 >= 0.05)
760345702,739783171,810753197,951843033,LP,45,10.37,5.556,0.489,7.329,1.86,1.315,0.044,0.089,0.977,0.254,0.35365,-0.129,5.5556,"{""1.0"": {""evoked_rate_hz"": 0.0, ""baseline_rate_hz"": 4.44, ""reliability"": 0.0, ""modulation_ratio"": 0.0, ""median_latency_ms"": null}, ""2.5"": {""evoked_rate_hz"": 0.0, ""baseline_rate_hz"": 8.89, ""reliability"": 0.0, ""modulation_ratio"": 0.0, ""median_latency_ms"": null}, ""4.0"": {""evoked_rate_hz"": 16.67, ""baseline_rate_hz"": 17.78, ""reliability"": 0.133, ""modulation_ratio"": 0.89, ""median_latency_ms"": 7.33}}",False,0.004,not light responsive,0.95,Not statistically significant (p=0.3537 >= 0.05); No positive modulation (mod_ratio=0.49 <= 1.0); Very low reliability (0.04 < 0.05)
760345702,739783171,810753197,951841337,LP,45,11.852,16.667,1.297,5.129,2.513,3.216,0.133,0.089,0.886,0.493,0.58841,0.089,-2.7778,"{""1.0"": {""evoked_rate_hz"": 25.0, ""baseline_rate_hz"": 8.89, ""reliability"": 0.2, ""modulation_ratio"": 2.53, ""median_latency_ms"": 3.26}, ""2.5"": {""evoked_rate_hz"": 8.33, ""baseline_rate_hz"": 26.67, ""reliability"": 0.067, ""modulation_ratio"": 0.3, ""median_latency_ms"": 6.81}, ""4.0"": {""evoked_rate_hz"": 16.67, ""baseline_rate_hz"": 0.0, ""reliability"": 0.133, ""modulation_ratio"": 16.67, ""median_latency_ms"": 7.38}}",False,-1.33,not light responsive,0.867,Not statistically significant (p=0.5884 >= 0.05)
760345702,739783171,810753197,951841346,LP,45,13.333,5.556,0.388,5.315,5.038,3.563,0.044,0.133,0.977,0.948,0.15884,-0.197,0.0,"{""1.0"": {""evoked_rate_hz"": 8.33, ""baseline_rate_hz"": 13.33, ""reliability"": 0.067, ""modulation_ratio"": 0.58, ""median_latency_ms"": 8.88}, ""2.5"": {""evoked_rate_hz"": 0.0, ""baseline_rate_hz"": 4.44, ""reliability"": 0.0, ""modulation_ratio"": 0.0, ""median_latency_ms"": null}, ""4.0"": {""evoked_rate_hz"": 8.33, ""baseline_rate_hz"": 22.22, ""reliability"": 0.067, ""modulation_ratio"": 0.36, ""median_latency_ms"": 1.75}}",False,0.667,not light responsive,0.95,Not statistically significant (p=0.1588 >= 0.05); No positive modulation (mod_ratio=0.39 <= 1.0); Very low reliability (0.04 < 0.05)
760345702,739783171,810753197,951841353,LP,45,10.37,11.111,0.977,5.76,2.222,2.822,0.089,0.067,0.932,0.402,1.0,0.018,-8.3333,"{""1.0"": {""evoked_rate_hz"": 25.0, ""baseline_rate_hz"": 4.44, ""reliability"": 0.2, ""modulation_ratio"": 4.59, ""median_latency_ms"": 6.81}, ""2.5"": {""evoked_rate_hz"": 8.33, ""baseline_rate_hz"": 13.33, ""reliability"": 0.067, ""modulation_ratio"": 0.58, ""median_latency_ms"": 4.71}, ""4.0"": {""evoked_rate_hz"": 0.0, ""baseline_rate_hz"": 13.33, ""reliability"": 0.0, ""modulation_ratio"": 0.0, ""median_latency_ms"": null}}",False,0.501,not light responsive,0.911,Not statistically significant (p=1.0000 >= 0.05); No positive modulation (mod_ratio=0.98 <= 1.0)
760345702,739783171,810753197,951841386,LP,45,4.444,8.333,1.531,7.954,0.716,0.716,0.067,0.022,0.955,0.09,0.61239,0.106,0.0,"{""1.0"": {""evoked_rate_hz"": 8.33, ""baseline_rate_hz"": 0.0, ""reliability"": 0.067, ""modulation_ratio"": 8.33, ""median_latency_ms"": 7.95}, ""2.5"": {""evoked_rate_hz"": 8.33, ""baseline_rate_hz"": 8.89, ""reliability"": 0.067, ""modulation_ratio"": 0.84, ""median_latency_ms"": 8.64}, ""4.0"": {""evoked_rate_hz"": 8.33, ""baseline_rate_hz"": 4.44, ""reliability"": 0.067, ""modulation_ratio"": 1.53, ""median_latency_ms"": 7.21}}",False,0.004,not light responsive,0.933,Not statistically significant (p=0.6124 >= 0.05)
760345702,739783171,810753197,951841544,LP,45,14.815,13.889,0.878,3.567,1.149,0.173,0.111,0.111,0.909,0.359,0.83117,-0.021,-2.7778,"{""1.0"": {""evoked_rate_hz"": 16.67, ""baseline_rate_hz"": 4.44, ""reliability"": 0.133, ""modulation_ratio"": 3.06, ""median_latency_ms"": 3.65}, ""2.5"": {""evoked_rate_hz"": 16.67, ""baseline_rate_hz"": 26.67, ""reliability"": 0.133, ""modulation_ratio"": 0.6, ""median_latency_ms"": 2.58}, ""4.0"": {""evoked_rate_hz"": 8.33, ""baseline_rate_hz"": 13.33, ""reliability"": 0.067, ""modulation_ratio"": 0.58, ""median_latency_ms"": 3.56}}",False,0.201,not light responsive,0.889,Not statistically significant (p=0.8312 >= 0.05); No positive modulation (mod_ratio=0.88 <= 1.0)
760345702,739783171,810753197,951843139,DG,45,0.0,0.0,0.0,,,,0.0,0.0,0.0,,1.0,0.0,0.0,"{""1.0"": {""evoked_rate_hz"": 0.0, ""baseline_rate_hz"": 0.0, ""reliability"": 0.0, ""modulation_ratio"": 0.0, ""median_latency_ms"": null}, ""2.5"": {""evoked_rate_hz"": 0.0, ""baseline_rate_hz"": 0.0, ""reliability"": 0.0, ""modulation_ratio"": 0.0, ""median_latency_ms"": null}, ""4.0"": {""evoked_rate_hz"": 0.0, ""baseline_rate_hz"": 0.0, ""reliability"": 0.0, ""modulation_ratio"": 0.0, ""median_latency_ms"": null}}",False,1.0,insufficient evidence,0.0,Insufficient trial count (<10) or zero spikes recorded
760345702,739783171,810753197,951841584,DG,45,0.0,0.0,0.0,,,,0.0,0.0,0.0,,1.0,0.0,0.0,"{""1.0"": {""evoked_rate_hz"": 0.0, ""baseline_rate_hz"": 0.0, ""reliability"": 0.0, ""modulation_ratio"": 0.0, ""median_latency_ms"": null}, ""2.5"": {""evoked_rate_hz"": 0.0, ""baseline_rate_hz"": 0.0, ""reliability"": 0.0, ""modulation_ratio"": 0.0, ""median_latency_ms"": null}, ""4.0"": {""evoked_rate_hz"": 0.0, ""baseline_rate_hz"": 0.0, ""reliability"": 0.0, ""modulation_ratio"": 0.0, ""median_latency_ms"": null}}",False,1.0,insufficient evidence,0.0,Insufficient trial count (<10) or zero spikes recorded
760345702,739783171,810753197,951841614,DG,45,1.481,8.333,3.358,4.904,4.689,3.316,0.044,0.022,1.636,0.956,0.50749,0.16,5.5556,"{""1.0"": {""evoked_rate_hz"": 0.0, ""baseline_rate_hz"": 0.0, ""reliability"": 0.0, ""modulation_ratio"": 0.0, ""median_latency_ms"": null}, ""2.5"": {""evoked_rate_hz"": 8.33, ""baseline_rate_hz"": 4.44, ""reliability"": 0.067, ""modulation_ratio"": 1.53, ""median_latency_ms"": 8.22}, ""4.0"": {""evoked_rate_hz"": 16.67, ""baseline_rate_hz"": 0.0, ""reliability"": 0.067, ""modulation_ratio"": 16.67, ""median_latency_ms"": 1.59}}",False,1.0,not light responsive,0.95,Not statistically significant (p=0.5075 >= 0.05); Very low reliability (0.04 < 0.05)
760345702,739783171,810753197,951841608,DG,45,29.63,33.333,1.088,5.772,2.528,3.521,0.267,0.222,0.75,0.436,0.67233,0.058,2.7778,"{""1.0"": {""evoked_rate_hz"": 25.0, ""baseline_rate_hz"": 35.56, ""reliability"": 0.2, ""modulation_ratio"": 0.68, ""median_latency_ms"": 4.89}, ""2.5"": {""evoked_rate_hz"": 41.67, ""baseline_rate_hz"": 40.0, ""reliability"": 0.333, ""modulation_ratio"": 1.02, ""median_latency_ms"": 7.85}, ""4.0"": {""evoked_rate_hz"": 33.33, ""baseline_rate_hz"": 13.33, ""reliability"": 0.267, ""modulation_ratio"": 2.33, ""median_latency_ms"": 5.76}}",False,0.0,not light responsive,0.733,Not statistically significant (p=0.6723 >= 0.05)
760345702,739783171,810753197,951843059,DG,45,0.0,0.0,0.0,,,,0.0,0.0,0.0,,1.0,0.0,0.0,"{""1.0"": {""evoked_rate_hz"": 0.0, ""baseline_rate_hz"": 0.0, ""reliability"": 0.0, ""modulation_ratio"": 0.0, ""median_latency_ms"": null}, ""2.5"": {""evoked_rate_hz"": 0.0, ""baseline_rate_hz"": 0.0, ""reliability"": 0.0, ""modulation_ratio"": 0.0, ""median_latency_ms"": null}, ""4.0"": {""evoked_rate_hz"": 0.0, ""baseline_rate_hz"": 0.0, ""reliability"": 0.0, ""modulation_ratio"": 0.0, ""median_latency_ms"": null}}",False,-221.222,insufficient evidence,0.0,Insufficient trial count (<10) or zero spikes recorded
760345702,739783171,810753197,951841644,DG,45,0.0,0.0,0.0,,,,0.0,0.0,0.0,,1.0,0.0,0.0,"{""1.0"": {""evoked_rate_hz"": 0.0, ""baseline_rate_hz"": 0.0, ""reliability"": 0.0, ""modulation_ratio"": 0.0, ""median_latency_ms"": null}, ""2.5"": {""evoked_rate_hz"": 0.0, ""baseline_rate_hz"": 0.0, ""reliability"": 0.0, ""modulation_ratio"": 0.0, ""median_latency_ms"": null}, ""4.0"": {""evoked_rate_hz"": 0.0, ""baseline_rate_hz"": 0.0, ""reliability"": 0.0, ""modulation_ratio"": 0.0, ""median_latency_ms"": null}}",False,-221.222,insufficient evidence,0.0,Insufficient trial count (<10) or zero spikes recorded
760345702,739783171,810753197,951841678,DG,45,0.0,2.778,2.778,2.601,0.0,0.0,0.022,0.0,1.0,0.0,1.0,0.149,-2.7778,"{""1.0"": {""evoked_rate_hz"": 8.33, ""baseline_rate_hz"": 0.0, ""reliability"": 0.067, ""modulation_ratio"": 8.33, ""median_latency_ms"": 2.6}, ""2.5"": {""evoked_rate_hz"": 0.0, ""baseline_rate_hz"": 0.0, ""reliability"": 0.0, ""modulation_ratio"": 0.0, ""median_latency_ms"": null}, ""4.0"": {""evoked_rate_hz"": 0.0, ""baseline_rate_hz"": 0.0, ""reliability"": 0.0, ""modulation_ratio"": 0.0, ""median_latency_ms"": null}}",False,1.0,not light responsive,0.95,Not statistically significant (p=1.0000 >= 0.05); Very low reliability (0.02 < 0.05)
760345702,739783171,810753197,951841665,DG,45,0.0,0.0,0.0,,,,0.0,0.0,0.0,,1.0,0.0,0.0,"{""1.0"": {""evoked_rate_hz"": 0.0, ""baseline_rate_hz"": 0.0, ""reliability"": 0.0, ""modulation_ratio"": 0.0, ""median_latency_ms"": null}, ""2.5"": {""evoked_rate_hz"": 0.0, ""baseline_rate_hz"": 0.0, ""reliability"": 0.0, ""modulation_ratio"": 0.0, ""median_latency_ms"": null}, ""4.0"": {""evoked_rate_hz"": 0.0, ""baseline_rate_hz"": 0.0, ""reliability"": 0.0, ""modulation_ratio"": 0.0, ""median_latency_ms"": null}}",False,-443.444,insufficient evidence,0.0,Insufficient trial count (<10) or zero spikes recorded
760345702,739783171,810753197,951843065,DG,45,1.481,0.0,0.0,,,,0.0,0.022,0.0,,1.0,-0.149,0.0,"{""1.0"": {""evoked_rate_hz"": 0.0, ""baseline_rate_hz"": 0.0, ""reliability"": 0.0, ""modulation_ratio"": 0.0, ""median_latency_ms"": null}, ""2.5"": {""evoked_rate_hz"": 0.0, ""baseline_rate_hz"": 0.0, ""reliability"": 0.0, ""modulation_ratio"": 0.0, ""median_latency_ms"": null}, ""4.0"": {""evoked_rate_hz"": 0.0, ""baseline_rate_hz"": 4.44, ""reliability"": 0.0, ""modulation_ratio"": 0.0, ""median_latency_ms"": null}}",False,1.0,not light responsive,0.95,Not statistically significant (p=1.0000 >= 0.05); No positive modulation (mod_ratio=0.00 <= 1.0); Very low reliability (0.00 < 0.05)
760345702,739783171,810753197,951841725,DG,45,0.0,0.0,0.0,,,,0.0,0.0,0.0,,1.0,0.0,0.0,"{""1.0"": {""evoked_rate_hz"": 0.0, ""baseline_rate_hz"": 0.0, ""reliability"": 0.0, ""modulation_ratio"": 0.0, ""median_latency_ms"": null}, ""2.5"": {""evoked_rate_hz"": 0.0, ""baseline_rate_hz"": 0.0, ""reliability"": 0.0, ""modulation_ratio"": 0.0, ""median_latency_ms"": null}, ""4.0"": {""evoked_rate_hz"": 0.0, ""baseline_rate_hz"": 0.0, ""reliability"": 0.0, ""modulation_ratio"": 0.0, ""median_latency_ms"": null}}",False,0.004,insufficient evidence,0.0,Insufficient trial count (<10) or zero spikes recorded
760345702,739783171,810753197,951841740,DG,45,0.0,0.0,0.0,,,,0.0,0.0,0.0,,1.0,0.0,0.0,"{""1.0"": {""evoked_rate_hz"": 0.0, ""baseline_rate_hz"": 0.0, ""reliability"": 0.0, ""modulation_ratio"": 0.0, ""median_latency_ms"": null}, ""2.5"": {""evoked_rate_hz"": 0.0, ""baseline_rate_hz"": 0.0, ""reliability"": 0.0, ""modulation_ratio"": 0.0, ""median_latency_ms"": null}, ""4.0"": {""evoked_rate_hz"": 0.0, ""baseline_rate_hz"": 0.0, ""reliability"": 0.0, ""modulation_ratio"": 0.0, ""median_latency_ms"": null}}",False,1.0,insufficient evidence,0.0,Insufficient trial count (<10) or zero spikes recorded
760345702,739783171,810753197,951841819,DG,45,2.963,11.111,2.804,4.971,2.933,4.191,0.089,0.022,0.932,0.61,0.23776,0.207,5.5556,"{""1.0"": {""evoked_rate_hz"": 8.33, ""baseline_rate_hz"": 0.0, ""reliability"": 0.067, ""modulation_ratio"": 8.33, ""median_latency_ms"": 7.78}, ""2.5"": {""evoked_rate_hz"": 0.0, ""baseline_rate_hz"": 8.89, ""reliability"": 0.0, ""modulation_ratio"": 0.0, ""median_latency_ms"": null}, ""4.0"": {""evoked_rate_hz"": 25.0, ""baseline_rate_hz"": 0.0, ""reliability"": 0.2, ""modulation_ratio"": 25.0, ""median_latency_ms"": 3.22}}",False,0.001,not light responsive,0.911,Not statistically significant (p=0.2378 >= 0.05)
760345702,739783171,810753197,951841811,DG,45,0.0,0.0,0.0,,,,0.0,0.0,0.0,,1.0,0.0,0.0,"{""1.0"": {""evoked_rate_hz"": 0.0, ""baseline_rate_hz"": 0.0, ""reliability"": 0.0, ""modulation_ratio"": 0.0, ""median_latency_ms"": null}, ""2.5"": {""evoked_rate_hz"": 0.0, ""baseline_rate_hz"": 0.0, ""reliability"": 0.0, ""modulation_ratio"": 0.0, ""median_latency_ms"": null}, ""4.0"": {""evoked_rate_hz"": 0.0, ""baseline_rate_hz"": 0.0, ""reliability"": 0.0, ""modulation_ratio"": 0.0, ""median_latency_ms"": null}}",False,1.0,insufficient evidence,0.0,Insufficient trial count (<10) or zero spikes recorded
760345702,739783171,810753197,951841801,DG,45,0.0,0.0,0.0,,,,0.0,0.0,0.0,,1.0,0.0,0.0,"{""1.0"": {""evoked_rate_hz"": 0.0, ""baseline_rate_hz"": 0.0, ""reliability"": 0.0, ""modulation_ratio"": 0.0, ""median_latency_ms"": null}, ""2.5"": {""evoked_rate_hz"": 0.0, ""baseline_rate_hz"": 0.0, ""reliability"": 0.0, ""modulation_ratio"": 0.0, ""median_latency_ms"": null}, ""4.0"": {""evoked_rate_hz"": 0.0, ""baseline_rate_hz"": 0.0, ""reliability"": 0.0, ""modulation_ratio"": 0.0, ""median_latency_ms"": null}}",False,1.0,insufficient evidence,0.0,Insufficient trial count (<10) or zero spikes recorded
760345702,739783171,810753197,951841826,DG,45,0.0,0.0,0.0,,,,0.0,0.0,0.0,,1.0,0.0,0.0,"{""1.0"": {""evoked_rate_hz"": 0.0, ""baseline_rate_hz"": 0.0, ""reliability"": 0.0, ""modulation_ratio"": 0.0, ""median_latency_ms"": null}, ""2.5"": {""evoked_rate_hz"": 0.0, ""baseline_rate_hz"": 0.0, ""reliability"": 0.0, ""modulation_ratio"": 0.0, ""median_latency_ms"": null}, ""4.0"": {""evoked_rate_hz"": 0.0, ""baseline_rate_hz"": 0.0, ""reliability"": 0.0, ""modulation_ratio"": 0.0, ""median_latency_ms"": null}}",False,1.0,insufficient evidence,0.0,Insufficient trial count (<10) or zero spikes recorded
760345702,739783171,810753197,951841849,DG,45,20.741,41.667,1.917,5.835,2.627,4.53,0.333,0.178,0.682,0.495,0.04196,0.322,-11.1111,"{""1.0"": {""evoked_rate_hz"": 66.67, ""baseline_rate_hz"": 22.22, ""reliability"": 0.533, ""modulation_ratio"": 2.87, ""median_latency_ms"": 2.87}, ""2.5"": {""evoked_rate_hz"": 25.0, ""baseline_rate_hz"": 31.11, ""reliability"": 0.2, ""modulation_ratio"": 0.78, ""median_latency_ms"": 7.12}, ""4.0"": {""evoked_rate_hz"": 33.33, ""baseline_rate_hz"": 8.89, ""reliability"": 0.267, ""modulation_ratio"": 3.37, ""median_latency_ms"": 6.99}}",False,-0.299,light-responsive / indirect or uncertain,0.65,Sub-threshold modulation (1.92 <= 2.0)
760345702,739783171,810753197,951841870,CA1,45,4.444,8.333,1.531,6.765,3.096,3.026,0.067,0.044,0.955,0.515,0.60839,0.106,0.0,"{""1.0"": {""evoked_rate_hz"": 8.33, ""baseline_rate_hz"": 4.44, ""reliability"": 0.067, ""modulation_ratio"": 1.53, ""median_latency_ms"": 2.6}, ""2.5"": {""evoked_rate_hz"": 8.33, ""baseline_rate_hz"": 4.44, ""reliability"": 0.067, ""modulation_ratio"": 1.53, ""median_latency_ms"": 8.65}, ""4.0"": {""evoked_rate_hz"": 8.33, ""baseline_rate_hz"": 4.44, ""reliability"": 0.067, ""modulation_ratio"": 1.53, ""median_latency_ms"": 6.76}}",False,-2.982,not light responsive,0.933,Not statistically significant (p=0.6084 >= 0.05)
760345702,739783171,810753197,951841864,CA1,45,14.815,5.556,0.351,4.946,1.031,0.729,0.044,0.178,0.977,0.209,0.05395,-0.261,-2.7778,"{""1.0"": {""evoked_rate_hz"": 8.33, ""baseline_rate_hz"": 13.33, ""reliability"": 0.067, ""modulation_ratio"": 0.58, ""median_latency_ms"": 5.68}, ""2.5"": {""evoked_rate_hz"": 8.33, ""baseline_rate_hz"": 22.22, ""reliability"": 0.067, ""modulation_ratio"": 0.36, ""median_latency_ms"": 4.22}, ""4.0"": {""evoked_rate_hz"": 0.0, ""baseline_rate_hz"": 8.89, ""reliability"": 0.0, ""modulation_ratio"": 0.0, ""median_latency_ms"": null}}",False,-2.661,not light responsive,0.95,Not statistically significant (p=0.0539 >= 0.05); No positive modulation (mod_ratio=0.35 <= 1.0); Very low reliability (0.04 < 0.05)
760345702,739783171,810753197,951841856,CA1,45,2.963,0.0,0.0,,,,0.0,0.044,0.0,,0.49351,-0.213,0.0,"{""1.0"": {""evoked_rate_hz"": 0.0, ""baseline_rate_hz"": 0.0, ""reliability"": 0.0, ""modulation_ratio"": 0.0, ""median_latency_ms"": null}, ""2.5"": {""evoked_rate_hz"": 0.0, ""baseline_rate_hz"": 4.44, ""reliability"": 0.0, ""modulation_ratio"": 0.0, ""median_latency_ms"": null}, ""4.0"": {""evoked_rate_hz"": 0.0, ""baseline_rate_hz"": 4.44, ""reliability"": 0.0, ""modulation_ratio"": 0.0, ""median_latency_ms"": null}}",False,1.0,not light responsive,0.95,Not statistically significant (p=0.4935 >= 0.05); No positive modulation (mod_ratio=0.00 <= 1.0); Very low reliability (0.00 < 0.05)
760345702,739783171,810753197,951841885,CA1,45,7.407,13.889,1.652,5.328,1.777,0.15,0.111,0.111,0.909,0.339,0.4006,0.15,0.0,"{""1.0"": {""evoked_rate_hz"": 16.67, ""baseline_rate_hz"": 4.44, ""reliability"": 0.133, ""modulation_ratio"": 3.06, ""median_latency_ms"": 3.97}, ""2.5"": {""evoked_rate_hz"": 8.33, ""baseline_rate_hz"": 4.44, ""reliability"": 0.067, ""modulation_ratio"": 1.53, ""median_latency_ms"": 5.22}, ""4.0"": {""evoked_rate_hz"": 16.67, ""baseline_rate_hz"": 13.33, ""reliability"": 0.133, ""modulation_ratio"": 1.16, ""median_latency_ms"": 6.51}}",False,0.001,not light responsive,0.889,Not statistically significant (p=0.4006 >= 0.05)
760345702,739783171,810753197,951842176,CA1,45,0.0,0.0,0.0,,,,0.0,0.0,0.0,,1.0,0.0,0.0,"{""1.0"": {""evoked_rate_hz"": 0.0, ""baseline_rate_hz"": 0.0, ""reliability"": 0.0, ""modulation_ratio"": 0.0, ""median_latency_ms"": null}, ""2.5"": {""evoked_rate_hz"": 0.0, ""baseline_rate_hz"": 0.0, ""reliability"": 0.0, ""modulation_ratio"": 0.0, ""median_latency_ms"": null}, ""4.0"": {""evoked_rate_hz"": 0.0, ""baseline_rate_hz"": 0.0, ""reliability"": 0.0, ""modulation_ratio"": 0.0, ""median_latency_ms"": null}}",False,1.0,insufficient evidence,0.0,Insufficient trial count (<10) or zero spikes recorded
760345702,739783171,810753197,951842215,CA1,45,0.0,2.778,2.778,8.373,0.0,0.0,0.022,0.0,1.0,0.0,1.0,0.149,2.7778,"{""1.0"": {""evoked_rate_hz"": 0.0, ""baseline_rate_hz"": 0.0, ""reliability"": 0.0, ""modulation_ratio"": 0.0, ""median_latency_ms"": null}, ""2.5"": {""evoked_rate_hz"": 0.0, ""baseline_rate_hz"": 0.0, ""reliability"": 0.0, ""modulation_ratio"": 0.0, ""median_latency_ms"": null}, ""4.0"": {""evoked_rate_hz"": 8.33, ""baseline_rate_hz"": 0.0, ""reliability"": 0.067, ""modulation_ratio"": 8.33, ""median_latency_ms"": 8.37}}",False,1.0,not light responsive,0.95,Not statistically significant (p=1.0000 >= 0.05); Very low reliability (0.02 < 0.05)
760345702,739783171,810753197,951842208,CA1,45,1.481,0.0,0.0,,,,0.0,0.022,0.0,,1.0,-0.149,0.0,"{""1.0"": {""evoked_rate_hz"": 0.0, ""baseline_rate_hz"": 4.44, ""reliability"": 0.0, ""modulation_ratio"": 0.0, ""median_latency_ms"": null}, ""2.5"": {""evoked_rate_hz"": 0.0, ""baseline_rate_hz"": 0.0, ""reliability"": 0.0, ""modulation_ratio"": 0.0, ""median_latency_ms"": null}, ""4.0"": {""evoked_rate_hz"": 0.0, ""baseline_rate_hz"": 0.0, ""reliability"": 0.0, ""modulation_ratio"": 0.0, ""median_latency_ms"": null}}",False,-665.667,not light responsive,0.95,Not statistically significant (p=1.0000 >= 0.05); No positive modulation (mod_ratio=0.00 <= 1.0); Very low reliability (0.00 < 0.05)
760345702,739783171,810753197,951842237,CA1,45,5.926,8.333,1.203,4.307,1.793,1.268,0.044,0.044,1.636,0.416,1.0,0.056,-2.7778,"{""1.0"": {""evoked_rate_hz"": 8.33, ""baseline_rate_hz"": 8.89, ""reliability"": 0.067, ""modulation_ratio"": 0.84, ""median_latency_ms"": 5.58}, ""2.5"": {""evoked_rate_hz"": 16.67, ""baseline_rate_hz"": 0.0, ""reliability"": 0.067, ""modulation_ratio"": 16.67, ""median_latency_ms"": 3.04}, ""4.0"": {""evoked_rate_hz"": 0.0, ""baseline_rate_hz"": 8.89, ""reliability"": 0.0, ""modulation_ratio"": 0.0, ""median_latency_ms"": null}}",False,0.501,not light responsive,0.95,Not statistically significant (p=1.0000 >= 0.05); Very low reliability (0.04 < 0.05)
760345702,739783171,810753197,951842222,CA1,45,5.926,8.333,1.203,6.804,2.051,1.93,0.067,0.067,0.955,0.341,0.81518,0.063,8.3333,"{""1.0"": {""evoked_rate_hz"": 0.0, ""baseline_rate_hz"": 13.33, ""reliability"": 0.0, ""modulation_ratio"": 0.0, ""median_latency_ms"": null}, ""2.5"": {""evoked_rate_hz"": 0.0, ""baseline_rate_hz"": 4.44, ""reliability"": 0.0, ""modulation_ratio"": 0.0, ""median_latency_ms"": null}, ""4.0"": {""evoked_rate_hz"": 25.0, ""baseline_rate_hz"": 0.0, ""reliability"": 0.2, ""modulation_ratio"": 25.0, ""median_latency_ms"": 6.8}}",False,0.001,not light responsive,0.933,Not statistically significant (p=0.8152 >= 0.05)
760345702,739783171,810753197,951842257,CA1,45,1.481,2.778,1.119,4.009,0.0,0.0,0.022,0.0,1.0,0.0,1.0,0.061,2.7778,"{""1.0"": {""evoked_rate_hz"": 0.0, ""baseline_rate_hz"": 0.0, ""reliability"": 0.0, ""modulation_ratio"": 0.0, ""median_latency_ms"": null}, ""2.5"": {""evoked_rate_hz"": 0.0, ""baseline_rate_hz"": 0.0, ""reliability"": 0.0, ""modulation_ratio"": 0.0, ""median_latency_ms"": null}, ""4.0"": {""evoked_rate_hz"": 8.33, ""baseline_rate_hz"": 4.44, ""reliability"": 0.067, ""modulation_ratio"": 1.53, ""median_latency_ms"": 4.01}}",False,1.0,not light responsive,0.95,Not statistically significant (p=1.0000 >= 0.05); Very low reliability (0.02 < 0.05)
760345702,739783171,810753197,951842308,CA1,45,10.37,2.778,0.244,3.212,0.0,0.0,0.022,0.089,1.0,0.0,0.13187,-0.202,0.0,"{""1.0"": {""evoked_rate_hz"": 0.0, ""baseline_rate_hz"": 13.33, ""reliability"": 0.0, ""modulation_ratio"": 0.0, ""median_latency_ms"": null}, ""2.5"": {""evoked_rate_hz"": 8.33, ""baseline_rate_hz"": 0.0, ""reliability"": 0.067, ""modulation_ratio"": 8.33, ""median_latency_ms"": 3.21}, ""4.0"": {""evoked_rate_hz"": 0.0, ""baseline_rate_hz"": 17.78, ""reliability"": 0.0, ""modulation_ratio"": 0.0, ""median_latency_ms"": null}}",False,0.251,not light responsive,0.95,Not statistically significant (p=0.1319 >= 0.05); No positive modulation (mod_ratio=0.24 <= 1.0); Very low reliability (0.02 < 0.05)
760345702,739783171,810753197,951842321,CA1,45,32.593,41.667,1.24,2.883,2.554,3.197,0.267,0.289,1.091,0.677,0.48252,0.103,0.0,"{""1.0"": {""evoked_rate_hz"": 41.67, ""baseline_rate_hz"": 31.11, ""reliability"": 0.267, ""modulation_ratio"": 1.3, ""median_latency_ms"": 1.94}, ""2.5"": {""evoked_rate_hz"": 41.67, ""baseline_rate_hz"": 35.56, ""reliability"": 0.267, ""modulation_ratio"": 1.14, ""median_latency_ms"": 2.81}, ""4.0"": {""evoked_rate_hz"": 41.67, ""baseline_rate_hz"": 31.11, ""reliability"": 0.267, ""modulation_ratio"": 1.3, ""median_latency_ms"": 3.98}}",False,-0.285,not light responsive,0.733,Not statistically significant (p=0.4825 >= 0.05)
760345702,739783171,810753197,951842332,VISpm,45,11.852,13.889,1.081,5.457,2.24,1.285,0.111,0.089,0.909,0.433,0.82218,0.045,-2.7778,"{""1.0"": {""evoked_rate_hz"": 16.67, ""baseline_rate_hz"": 22.22, ""reliability"": 0.133, ""modulation_ratio"": 0.72, ""median_latency_ms"": 3.28}, ""2.5"": {""evoked_rate_hz"": 16.67, ""baseline_rate_hz"": 8.89, ""reliability"": 0.133, ""modulation_ratio"": 1.69, ""median_latency_ms"": 6.55}, ""4.0"": {""evoked_rate_hz"": 8.33, ""baseline_rate_hz"": 4.44, ""reliability"": 0.067, ""modulation_ratio"": 1.53, ""median_latency_ms"": 6.23}}",False,0.501,not light responsive,0.889,Not statistically significant (p=0.8222 >= 0.05)
760345702,739783171,810753197,951842382,VISpm,45,0.0,0.0,0.0,,,,0.0,0.0,0.0,,1.0,0.0,0.0,"{""1.0"": {""evoked_rate_hz"": 0.0, ""baseline_rate_hz"": 0.0, ""reliability"": 0.0, ""modulation_ratio"": 0.0, ""median_latency_ms"": null}, ""2.5"": {""evoked_rate_hz"": 0.0, ""baseline_rate_hz"": 0.0, ""reliability"": 0.0, ""modulation_ratio"": 0.0, ""median_latency_ms"": null}, ""4.0"": {""evoked_rate_hz"": 0.0, ""baseline_rate_hz"": 0.0, ""reliability"": 0.0, ""modulation_ratio"": 0.0, ""median_latency_ms"": null}}",False,1.0,insufficient evidence,0.0,Insufficient trial count (<10) or zero spikes recorded
760345702,739783171,810753197,951842395,VISpm,45,0.0,0.0,0.0,,,,0.0,0.0,0.0,,1.0,0.0,0.0,"{""1.0"": {""evoked_rate_hz"": 0.0, ""baseline_rate_hz"": 0.0, ""reliability"": 0.0, ""modulation_ratio"": 0.0, ""median_latency_ms"": null}, ""2.5"": {""evoked_rate_hz"": 0.0, ""baseline_rate_hz"": 0.0, ""reliability"": 0.0, ""modulation_ratio"": 0.0, ""median_latency_ms"": null}, ""4.0"": {""evoked_rate_hz"": 0.0, ""baseline_rate_hz"": 0.0, ""reliability"": 0.0, ""modulation_ratio"": 0.0, ""median_latency_ms"": null}}",False,-221.222,insufficient evidence,0.0,Insufficient trial count (<10) or zero spikes recorded
760345702,739783171,810753197,951842379,VISpm,45,0.0,0.0,0.0,,,,0.0,0.0,0.0,,1.0,0.0,0.0,"{""1.0"": {""evoked_rate_hz"": 0.0, ""baseline_rate_hz"": 0.0, ""reliability"": 0.0, ""modulation_ratio"": 0.0, ""median_latency_ms"": null}, ""2.5"": {""evoked_rate_hz"": 0.0, ""baseline_rate_hz"": 0.0, ""reliability"": 0.0, ""modulation_ratio"": 0.0, ""median_latency_ms"": null}, ""4.0"": {""evoked_rate_hz"": 0.0, ""baseline_rate_hz"": 0.0, ""reliability"": 0.0, ""modulation_ratio"": 0.0, ""median_latency_ms"": null}}",False,1.0,insufficient evidence,0.0,Insufficient trial count (<10) or zero spikes recorded
760345702,739783171,810753197,951843078,VISpm,45,1.481,0.0,0.0,,,,0.0,0.022,0.0,,1.0,-0.149,0.0,"{""1.0"": {""evoked_rate_hz"": 0.0, ""baseline_rate_hz"": 0.0, ""reliability"": 0.0, ""modulation_ratio"": 0.0, ""median_latency_ms"": null}, ""2.5"": {""evoked_rate_hz"": 0.0, ""baseline_rate_hz"": 4.44, ""reliability"": 0.0, ""modulation_ratio"": 0.0, ""median_latency_ms"": null}, ""4.0"": {""evoked_rate_hz"": 0.0, ""baseline_rate_hz"": 0.0, ""reliability"": 0.0, ""modulation_ratio"": 0.0, ""median_latency_ms"": null}}",False,1.0,not light responsive,0.95,Not statistically significant (p=1.0000 >= 0.05); No positive modulation (mod_ratio=0.00 <= 1.0); Very low reliability (0.00 < 0.05)
760345702,739783171,810753197,951842410,VISpm,45,0.0,2.778,2.778,1.982,0.0,0.0,0.022,0.0,1.0,0.0,1.0,0.149,2.7778,"{""1.0"": {""evoked_rate_hz"": 0.0, ""baseline_rate_hz"": 0.0, ""reliability"": 0.0, ""modulation_ratio"": 0.0, ""median_latency_ms"": null}, ""2.5"": {""evoked_rate_hz"": 0.0, ""baseline_rate_hz"": 0.0, ""reliability"": 0.0, ""modulation_ratio"": 0.0, ""median_latency_ms"": null}, ""4.0"": {""evoked_rate_hz"": 8.33, ""baseline_rate_hz"": 0.0, ""reliability"": 0.067, ""modulation_ratio"": 8.33, ""median_latency_ms"": 1.98}}",False,1.0,not light responsive,0.95,Not statistically significant (p=1.0000 >= 0.05); Very low reliability (0.02 < 0.05)
760345702,739783171,810753197,951842406,VISpm,45,7.407,5.556,0.661,3.258,1.763,1.247,0.044,0.067,0.977,0.541,0.56044,-0.064,0.0,"{""1.0"": {""evoked_rate_hz"": 8.33, ""baseline_rate_hz"": 8.89, ""reliability"": 0.067, ""modulation_ratio"": 0.84, ""median_latency_ms"": 2.01}, ""2.5"": {""evoked_rate_hz"": 0.0, ""baseline_rate_hz"": 8.89, ""reliability"": 0.0, ""modulation_ratio"": 0.0, ""median_latency_ms"": null}, ""4.0"": {""evoked_rate_hz"": 8.33, ""baseline_rate_hz"": 4.44, ""reliability"": 0.067, ""modulation_ratio"": 1.53, ""median_latency_ms"": 4.5}}",False,-887.889,not light responsive,0.95,Not statistically significant (p=0.5604 >= 0.05); No positive modulation (mod_ratio=0.66 <= 1.0); Very low reliability (0.04 < 0.05)
760345702,739783171,810753197,951842416,VISpm,45,1.481,0.0,0.0,,,,0.0,0.022,0.0,,1.0,-0.149,0.0,"{""1.0"": {""evoked_rate_hz"": 0.0, ""baseline_rate_hz"": 0.0, ""reliability"": 0.0, ""modulation_ratio"": 0.0, ""median_latency_ms"": null}, ""2.5"": {""evoked_rate_hz"": 0.0, ""baseline_rate_hz"": 0.0, ""reliability"": 0.0, ""modulation_ratio"": 0.0, ""median_latency_ms"": null}, ""4.0"": {""evoked_rate_hz"": 0.0, ""baseline_rate_hz"": 4.44, ""reliability"": 0.0, ""modulation_ratio"": 0.0, ""median_latency_ms"": null}}",False,1.0,not light responsive,0.95,Not statistically significant (p=1.0000 >= 0.05); No positive modulation (mod_ratio=0.00 <= 1.0); Very low reliability (0.00 < 0.05)
760345702,739783171,810753197,951842448,VISpm,45,0.0,0.0,0.0,,,,0.0,0.0,0.0,,1.0,0.0,0.0,"{""1.0"": {""evoked_rate_hz"": 0.0, ""baseline_rate_hz"": 0.0, ""reliability"": 0.0, ""modulation_ratio"": 0.0, ""median_latency_ms"": null}, ""2.5"": {""evoked_rate_hz"": 0.0, ""baseline_rate_hz"": 0.0, ""reliability"": 0.0, ""modulation_ratio"": 0.0, ""median_latency_ms"": null}, ""4.0"": {""evoked_rate_hz"": 0.0, ""baseline_rate_hz"": 0.0, ""reliability"": 0.0, ""modulation_ratio"": 0.0, ""median_latency_ms"": null}}",False,1.0,insufficient evidence,0.0,Insufficient trial count (<10) or zero spikes recorded
760345702,739783171,810753197,951842443,VISpm,45,1.481,0.0,0.0,,,,0.0,0.022,0.0,,1.0,-0.149,0.0,"{""1.0"": {""evoked_rate_hz"": 0.0, ""baseline_rate_hz"": 0.0, ""reliability"": 0.0, ""modulation_ratio"": 0.0, ""median_latency_ms"": null}, ""2.5"": {""evoked_rate_hz"": 0.0, ""baseline_rate_hz"": 4.44, ""reliability"": 0.0, ""modulation_ratio"": 0.0, ""median_latency_ms"": null}, ""4.0"": {""evoked_rate_hz"": 0.0, ""baseline_rate_hz"": 0.0, ""reliability"": 0.0, ""modulation_ratio"": 0.0, ""median_latency_ms"": null}}",False,1.0,not light responsive,0.95,Not statistically significant (p=1.0000 >= 0.05); No positive modulation (mod_ratio=0.00 <= 1.0); Very low reliability (0.00 < 0.05)
760345702,739783171,810753197,951842439,VISpm,45,19.259,16.667,0.823,2.756,2.543,3.462,0.133,0.111,0.886,0.677,0.74925,-0.044,-2.7778,"{""1.0"": {""evoked_rate_hz"": 8.33, ""baseline_rate_hz"": 4.44, ""reliability"": 0.067, ""modulation_ratio"": 1.53, ""median_latency_ms"": 1.59}, ""2.5"": {""evoked_rate_hz"": 41.67, ""baseline_rate_hz"": 17.78, ""reliability"": 0.333, ""modulation_ratio"": 2.22, ""median_latency_ms"": 2.94}, ""4.0"": {""evoked_rate_hz"": 0.0, ""baseline_rate_hz"": 35.56, ""reliability"": 0.0, ""modulation_ratio"": 0.0, ""median_latency_ms"": null}}",False,0.201,not light responsive,0.867,Not statistically significant (p=0.7492 >= 0.05); No positive modulation (mod_ratio=0.82 <= 1.0)
760345702,739783171,810753197,951842472,VISpm,45,0.0,0.0,0.0,,,,0.0,0.0,0.0,,1.0,0.0,0.0,"{""1.0"": {""evoked_rate_hz"": 0.0, ""baseline_rate_hz"": 0.0, ""reliability"": 0.0, ""modulation_ratio"": 0.0, ""median_latency_ms"": null}, ""2.5"": {""evoked_rate_hz"": 0.0, ""baseline_rate_hz"": 0.0, ""reliability"": 0.0, ""modulation_ratio"": 0.0, ""median_latency_ms"": null}, ""4.0"": {""evoked_rate_hz"": 0.0, ""baseline_rate_hz"": 0.0, ""reliability"": 0.0, ""modulation_ratio"": 0.0, ""median_latency_ms"": null}}",False,1.0,insufficient evidence,0.0,Insufficient trial count (<10) or zero spikes recorded
760345702,739783171,810753197,951842462,VISpm,45,7.407,5.556,0.661,6.179,0.47,0.332,0.044,0.044,0.977,0.076,0.61439,-0.053,0.0,"{""1.0"": {""evoked_rate_hz"": 8.33, ""baseline_rate_hz"": 0.0, ""reliability"": 0.067, ""modulation_ratio"": 8.33, ""median_latency_ms"": 6.51}, ""2.5"": {""evoked_rate_hz"": 0.0, ""baseline_rate_hz"": 13.33, ""reliability"": 0.0, ""modulation_ratio"": 0.0, ""median_latency_ms"": null}, ""4.0"": {""evoked_rate_hz"": 8.33, ""baseline_rate_hz"": 8.89, ""reliability"": 0.067, ""modulation_ratio"": 0.84, ""median_latency_ms"": 5.85}}",False,-0.497,not light responsive,0.95,Not statistically significant (p=0.6144 >= 0.05); No positive modulation (mod_ratio=0.66 <= 1.0); Very low reliability (0.04 < 0.05)
760345702,739783171,810753197,951842457,VISpm,45,13.333,16.667,1.163,5.189,2.931,4.915,0.133,0.111,0.886,0.572,0.7033,0.073,5.5556,"{""1.0"": {""evoked_rate_hz"": 8.33, ""baseline_rate_hz"": 13.33, ""reliability"": 0.067, ""modulation_ratio"": 0.58, ""median_latency_ms"": 1.94}, ""2.5"": {""evoked_rate_hz"": 16.67, ""baseline_rate_hz"": 8.89, ""reliability"": 0.133, ""modulation_ratio"": 1.69, ""median_latency_ms"": 4.97}, ""4.0"": {""evoked_rate_hz"": 25.0, ""baseline_rate_hz"": 17.78, ""reliability"": 0.2, ""modulation_ratio"": 1.33, ""median_latency_ms"": 7.16}}",False,-1.33,not light responsive,0.867,Not statistically significant (p=0.7033 >= 0.05)
760345702,739783171,810753197,951842508,VISpm,45,8.889,5.556,0.562,4.746,2.551,1.804,0.044,0.044,0.977,0.538,0.43157,-0.092,-2.7778,"{""1.0"": {""evoked_rate_hz"": 8.33, ""baseline_rate_hz"": 4.44, ""reliability"": 0.067, ""modulation_ratio"": 1.53, ""median_latency_ms"": 2.94}, ""2.5"": {""evoked_rate_hz"": 8.33, ""baseline_rate_hz"": 8.89, ""reliability"": 0.067, ""modulation_ratio"": 0.84, ""median_latency_ms"": 6.55}, ""4.0"": {""evoked_rate_hz"": 0.0, ""baseline_rate_hz"": 13.33, ""reliability"": 0.0, ""modulation_ratio"": 0.0, ""median_latency_ms"": null}}",False,0.201,not light responsive,0.95,Not statistically significant (p=0.4316 >= 0.05); No positive modulation (mod_ratio=0.56 <= 1.0); Very low reliability (0.04 < 0.05)
760345702,739783171,810753197,951842502,VISpm,45,1.481,8.333,3.358,3.081,1.616,1.455,0.067,0.022,0.955,0.415,0.25075,0.205,0.0,"{""1.0"": {""evoked_rate_hz"": 8.33, ""baseline_rate_hz"": 0.0, ""reliability"": 0.067, ""modulation_ratio"": 8.33, ""median_latency_ms"": 5.75}, ""2.5"": {""evoked_rate_hz"": 8.33, ""baseline_rate_hz"": 0.0, ""reliability"": 0.067, ""modulation_ratio"": 8.33, ""median_latency_ms"": 2.84}, ""4.0"": {""evoked_rate_hz"": 8.33, ""baseline_rate_hz"": 4.44, ""reliability"": 0.067, ""modulation_ratio"": 1.53, ""median_latency_ms"": 3.08}}",False,-0.991,not light responsive,0.933,Not statistically significant (p=0.2507 >= 0.05)
760345702,739783171,810753197,951842518,VISpm,45,0.0,0.0,0.0,,,,0.0,0.0,0.0,,1.0,0.0,0.0,"{""1.0"": {""evoked_rate_hz"": 0.0, ""baseline_rate_hz"": 0.0, ""reliability"": 0.0, ""modulation_ratio"": 0.0, ""median_latency_ms"": null}, ""2.5"": {""evoked_rate_hz"": 0.0, ""baseline_rate_hz"": 0.0, ""reliability"": 0.0, ""modulation_ratio"": 0.0, ""median_latency_ms"": null}, ""4.0"": {""evoked_rate_hz"": 0.0, ""baseline_rate_hz"": 0.0, ""reliability"": 0.0, ""modulation_ratio"": 0.0, ""median_latency_ms"": null}}",False,1.0,insufficient evidence,0.0,Insufficient trial count (<10) or zero spikes recorded
760345702,739783171,810753197,951842512,VISpm,45,0.0,2.778,2.778,2.019,0.0,0.0,0.022,0.0,1.0,0.0,1.0,0.149,-2.7778,"{""1.0"": {""evoked_rate_hz"": 8.33, ""baseline_rate_hz"": 0.0, ""reliability"": 0.067, ""modulation_ratio"": 8.33, ""median_latency_ms"": 2.02}, ""2.5"": {""evoked_rate_hz"": 0.0, ""baseline_rate_hz"": 0.0, ""reliability"": 0.0, ""modulation_ratio"": 0.0, ""median_latency_ms"": null}, ""4.0"": {""evoked_rate_hz"": 0.0, ""baseline_rate_hz"": 0.0, ""reliability"": 0.0, ""modulation_ratio"": 0.0, ""median_latency_ms"": null}}",False,1.0,not light responsive,0.95,Not statistically significant (p=1.0000 >= 0.05); Very low reliability (0.02 < 0.05)
760345702,739783171,810753197,951842547,VISpm,45,19.259,13.889,0.686,6.519,2.884,2.949,0.111,0.178,0.909,0.499,0.47952,-0.097,-8.3333,"{""1.0"": {""evoked_rate_hz"": 25.0, ""baseline_rate_hz"": 17.78, ""reliability"": 0.2, ""modulation_ratio"": 1.33, ""median_latency_ms"": 4.53}, ""2.5"": {""evoked_rate_hz"": 16.67, ""baseline_rate_hz"": 13.33, ""reliability"": 0.133, ""modulation_ratio"": 1.16, ""median_latency_ms"": 8.19}, ""4.0"": {""evoked_rate_hz"": 0.0, ""baseline_rate_hz"": 26.67, ""reliability"": 0.0, ""modulation_ratio"": 0.0, ""median_latency_ms"": null}}",False,-0.166,not light responsive,0.889,Not statistically significant (p=0.4795 >= 0.05); No positive modulation (mod_ratio=0.69 <= 1.0)
760345702,739783171,810753197,951842529,VISpm,45,14.815,30.556,1.932,4.155,2.692,4.256,0.244,0.044,0.773,0.569,0.0999,0.258,-2.7778,"{""1.0"": {""evoked_rate_hz"": 33.33, ""baseline_rate_hz"": 26.67, ""reliability"": 0.267, ""modulation_ratio"": 1.2, ""median_latency_ms"": 8.11}, ""2.5"": {""evoked_rate_hz"": 33.33, ""baseline_rate_hz"": 8.89, ""reliability"": 0.267, ""modulation_ratio"": 3.37, ""median_latency_ms"": 4.01}, ""4.0"": {""evoked_rate_hz"": 25.0, ""baseline_rate_hz"": 8.89, ""reliability"": 0.2, ""modulation_ratio"": 2.53, ""median_latency_ms"": 3.98}}",False,-0.199,not light responsive,0.756,Not statistically significant (p=0.0999 >= 0.05)
760345702,739783171,810753197,951843084,VISpm,45,0.0,0.0,0.0,,,,0.0,0.0,0.0,,1.0,0.0,0.0,"{""1.0"": {""evoked_rate_hz"": 0.0, ""baseline_rate_hz"": 0.0, ""reliability"": 0.0, ""modulation_ratio"": 0.0, ""median_latency_ms"": null}, ""2.5"": {""evoked_rate_hz"": 0.0, ""baseline_rate_hz"": 0.0, ""reliability"": 0.0, ""modulation_ratio"": 0.0, ""median_latency_ms"": null}, ""4.0"": {""evoked_rate_hz"": 0.0, ""baseline_rate_hz"": 0.0, ""reliability"": 0.0, ""modulation_ratio"": 0.0, ""median_latency_ms"": null}}",False,0.667,insufficient evidence,0.0,Insufficient trial count (<10) or zero spikes recorded
760345702,739783171,810753197,951842576,VISpm,45,8.889,2.778,0.281,5.053,0.0,0.0,0.022,0.022,1.0,0.0,0.13187,-0.201,-2.7778,"{""1.0"": {""evoked_rate_hz"": 8.33, ""baseline_rate_hz"": 4.44, ""reliability"": 0.067, ""modulation_ratio"": 1.53, ""median_latency_ms"": 5.05}, ""2.5"": {""evoked_rate_hz"": 0.0, ""baseline_rate_hz"": 13.33, ""reliability"": 0.0, ""modulation_ratio"": 0.0, ""median_latency_ms"": null}, ""4.0"": {""evoked_rate_hz"": 0.0, ""baseline_rate_hz"": 8.89, ""reliability"": 0.0, ""modulation_ratio"": 0.0, ""median_latency_ms"": null}}",False,0.001,not light responsive,0.95,Not statistically significant (p=0.1319 >= 0.05); No positive modulation (mod_ratio=0.28 <= 1.0); Very low reliability (0.02 < 0.05)
760345702,739783171,810753197,951842569,VISpm,45,22.222,11.111,0.478,3.625,1.69,1.761,0.089,0.2,0.932,0.458,0.11189,-0.225,2.7778,"{""1.0"": {""evoked_rate_hz"": 0.0, ""baseline_rate_hz"": 17.78, ""reliability"": 0.0, ""modulation_ratio"": 0.0, ""median_latency_ms"": null}, ""2.5"": {""evoked_rate_hz"": 25.0, ""baseline_rate_hz"": 17.78, ""reliability"": 0.2, ""modulation_ratio"": 1.33, ""median_latency_ms"": 4.13}, ""4.0"": {""evoked_rate_hz"": 8.33, ""baseline_rate_hz"": 31.11, ""reliability"": 0.067, ""modulation_ratio"": 0.26, ""median_latency_ms"": 1.75}}",False,0.429,not light responsive,0.911,Not statistically significant (p=0.1119 >= 0.05); No positive modulation (mod_ratio=0.48 <= 1.0)
760345702,739783171,810753197,951842555,VISpm,45,7.407,5.556,0.661,3.803,2.98,2.107,0.044,0.0,0.977,0.784,0.60739,-0.053,0.0,"{""1.0"": {""evoked_rate_hz"": 8.33, ""baseline_rate_hz"": 8.89, ""reliability"": 0.067, ""modulation_ratio"": 0.84, ""median_latency_ms"": 5.91}, ""2.5"": {""evoked_rate_hz"": 0.0, ""baseline_rate_hz"": 4.44, ""reliability"": 0.0, ""modulation_ratio"": 0.0, ""median_latency_ms"": null}, ""4.0"": {""evoked_rate_hz"": 8.33, ""baseline_rate_hz"": 8.89, ""reliability"": 0.067, ""modulation_ratio"": 0.84, ""median_latency_ms"": 1.7}}",False,0.004,not light responsive,0.95,Not statistically significant (p=0.6074 >= 0.05); No positive modulation (mod_ratio=0.66 <= 1.0); Very low reliability (0.04 < 0.05)
760345702,739783171,810753197,951842629,VISpm,45,5.926,0.0,0.0,,,,0.0,0.044,0.0,,0.13786,-0.309,0.0,"{""1.0"": {""evoked_rate_hz"": 0.0, ""baseline_rate_hz"": 8.89, ""reliability"": 0.0, ""modulation_ratio"": 0.0, ""median_latency_ms"": null}, ""2.5"": {""evoked_rate_hz"": 0.0, ""baseline_rate_hz"": 8.89, ""reliability"": 0.0, ""modulation_ratio"": 0.0, ""median_latency_ms"": null}, ""4.0"": {""evoked_rate_hz"": 0.0, ""baseline_rate_hz"": 0.0, ""reliability"": 0.0, ""modulation_ratio"": 0.0, ""median_latency_ms"": null}}",False,-0.497,not light responsive,0.95,Not statistically significant (p=0.1379 >= 0.05); No positive modulation (mod_ratio=0.00 <= 1.0); Very low reliability (0.00 < 0.05)
760345702,739783171,810753197,951842565,VISpm,45,16.296,16.667,0.964,2.62,3.135,4.022,0.133,0.089,0.886,0.798,1.0,0.007,-5.5556,"{""1.0"": {""evoked_rate_hz"": 25.0, ""baseline_rate_hz"": 8.89, ""reliability"": 0.2, ""modulation_ratio"": 2.53, ""median_latency_ms"": 6.65}, ""2.5"": {""evoked_rate_hz"": 16.67, ""baseline_rate_hz"": 31.11, ""reliability"": 0.133, ""modulation_ratio"": 0.52, ""median_latency_ms"": 2.62}, ""4.0"": {""evoked_rate_hz"": 8.33, ""baseline_rate_hz"": 8.89, ""reliability"": 0.067, ""modulation_ratio"": 0.84, ""median_latency_ms"": 1.31}}",False,-1.33,not light responsive,0.867,Not statistically significant (p=1.0000 >= 0.05); No positive modulation (mod_ratio=0.96 <= 1.0)
760345702,739783171,810753197,951842621,VISpm,45,0.0,0.0,0.0,,,,0.0,0.0,0.0,,1.0,0.0,0.0,"{""1.0"": {""evoked_rate_hz"": 0.0, ""baseline_rate_hz"": 0.0, ""reliability"": 0.0, ""modulation_ratio"": 0.0, ""median_latency_ms"": null}, ""2.5"": {""evoked_rate_hz"": 0.0, ""baseline_rate_hz"": 0.0, ""reliability"": 0.0, ""modulation_ratio"": 0.0, ""median_latency_ms"": null}, ""4.0"": {""evoked_rate_hz"": 0.0, ""baseline_rate_hz"": 0.0, ""reliability"": 0.0, ""modulation_ratio"": 0.0, ""median_latency_ms"": null}}",False,1.0,insufficient evidence,0.0,Insufficient trial count (<10) or zero spikes recorded
760345702,739783171,810753197,951842599,VISpm,45,0.0,2.778,2.778,2.898,0.0,0.0,0.022,0.0,1.0,0.0,1.0,0.149,-2.7778,"{""1.0"": {""evoked_rate_hz"": 8.33, ""baseline_rate_hz"": 0.0, ""reliability"": 0.067, ""modulation_ratio"": 8.33, ""median_latency_ms"": 2.9}, ""2.5"": {""evoked_rate_hz"": 0.0, ""baseline_rate_hz"": 0.0, ""reliability"": 0.0, ""modulation_ratio"": 0.0, ""median_latency_ms"": null}, ""4.0"": {""evoked_rate_hz"": 0.0, ""baseline_rate_hz"": 0.0, ""reliability"": 0.0, ""modulation_ratio"": 0.0, ""median_latency_ms"": null}}",False,0.004,not light responsive,0.95,Not statistically significant (p=1.0000 >= 0.05); Very low reliability (0.02 < 0.05)
760345702,739783171,810753197,951842591,VISpm,45,1.481,5.556,2.239,2.972,0.339,0.24,0.044,0.022,0.977,0.114,0.51748,0.145,-5.5556,"{""1.0"": {""evoked_rate_hz"": 16.67, ""baseline_rate_hz"": 0.0, ""reliability"": 0.133, ""modulation_ratio"": 16.67, ""median_latency_ms"": 2.97}, ""2.5"": {""evoked_rate_hz"": 0.0, ""baseline_rate_hz"": 4.44, ""reliability"": 0.0, ""modulation_ratio"": 0.0, ""median_latency_ms"": null}, ""4.0"": {""evoked_rate_hz"": 0.0, ""baseline_rate_hz"": 0.0, ""reliability"": 0.0, ""modulation_ratio"": 0.0, ""median_latency_ms"": null}}",False,0.002,not light responsive,0.95,Not statistically significant (p=0.5175 >= 0.05); Very low reliability (0.04 < 0.05)
760345702,739783171,810753197,951842584,VISpm,45,11.852,8.333,0.648,2.907,2.038,1.941,0.067,0.044,0.955,0.562,0.52248,-0.082,0.0,"{""1.0"": {""evoked_rate_hz"": 8.33, ""baseline_rate_hz"": 0.0, ""reliability"": 0.067, ""modulation_ratio"": 8.33, ""median_latency_ms"": 5.92}, ""2.5"": {""evoked_rate_hz"": 8.33, ""baseline_rate_hz"": 17.78, ""reliability"": 0.067, ""modulation_ratio"": 0.44, ""median_latency_ms"": 2.04}, ""4.0"": {""evoked_rate_hz"": 8.33, ""baseline_rate_hz"": 17.78, ""reliability"": 0.067, ""modulation_ratio"": 0.44, ""median_latency_ms"": 2.91}}",False,0.334,not light responsive,0.933,Not statistically significant (p=0.5225 >= 0.05); No positive modulation (mod_ratio=0.65 <= 1.0)
760345702,739783171,810753197,951842636,VISpm,45,2.963,0.0,0.0,,,,0.0,0.044,0.0,,0.47253,-0.213,0.0,"{""1.0"": {""evoked_rate_hz"": 0.0, ""baseline_rate_hz"": 0.0, ""reliability"": 0.0, ""modulation_ratio"": 0.0, ""median_latency_ms"": null}, ""2.5"": {""evoked_rate_hz"": 0.0, ""baseline_rate_hz"": 4.44, ""reliability"": 0.0, ""modulation_ratio"": 0.0, ""median_latency_ms"": null}, ""4.0"": {""evoked_rate_hz"": 0.0, ""baseline_rate_hz"": 4.44, ""reliability"": 0.0, ""modulation_ratio"": 0.0, ""median_latency_ms"": null}}",False,0.501,not light responsive,0.95,Not statistically significant (p=0.4725 >= 0.05); No positive modulation (mod_ratio=0.00 <= 1.0); Very low reliability (0.00 < 0.05)
760345702,739783171,810753197,951842645,VISpm,45,10.37,5.556,0.489,5.346,2.892,2.045,0.044,0.111,0.977,0.541,0.3007,-0.129,-5.5556,"{""1.0"": {""evoked_rate_hz"": 16.67, ""baseline_rate_hz"": 13.33, ""reliability"": 0.133, ""modulation_ratio"": 1.16, ""median_latency_ms"": 5.35}, ""2.5"": {""evoked_rate_hz"": 0.0, ""baseline_rate_hz"": 13.33, ""reliability"": 0.0, ""modulation_ratio"": 0.0, ""median_latency_ms"": null}, ""4.0"": {""evoked_rate_hz"": 0.0, ""baseline_rate_hz"": 4.44, ""reliability"": 0.0, ""modulation_ratio"": 0.0, ""median_latency_ms"": null}}",False,0.501,not light responsive,0.95,Not statistically significant (p=0.3007 >= 0.05); No positive modulation (mod_ratio=0.49 <= 1.0); Very low reliability (0.04 < 0.05)
760345702,739783171,810753197,951842686,VISpm,45,0.0,0.0,0.0,,,,0.0,0.0,0.0,,1.0,0.0,0.0,"{""1.0"": {""evoked_rate_hz"": 0.0, ""baseline_rate_hz"": 0.0, ""reliability"": 0.0, ""modulation_ratio"": 0.0, ""median_latency_ms"": null}, ""2.5"": {""evoked_rate_hz"": 0.0, ""baseline_rate_hz"": 0.0, ""reliability"": 0.0, ""modulation_ratio"": 0.0, ""median_latency_ms"": null}, ""4.0"": {""evoked_rate_hz"": 0.0, ""baseline_rate_hz"": 0.0, ""reliability"": 0.0, ""modulation_ratio"": 0.0, ""median_latency_ms"": null}}",False,1.0,insufficient evidence,0.0,Insufficient trial count (<10) or zero spikes recorded
760345702,739783171,810753197,951842680,VISpm,45,0.0,2.778,2.778,8.124,0.0,0.0,0.022,0.0,1.0,0.0,1.0,0.149,-2.7778,"{""1.0"": {""evoked_rate_hz"": 8.33, ""baseline_rate_hz"": 0.0, ""reliability"": 0.067, ""modulation_ratio"": 8.33, ""median_latency_ms"": 8.12}, ""2.5"": {""evoked_rate_hz"": 0.0, ""baseline_rate_hz"": 0.0, ""reliability"": 0.0, ""modulation_ratio"": 0.0, ""median_latency_ms"": null}, ""4.0"": {""evoked_rate_hz"": 0.0, ""baseline_rate_hz"": 0.0, ""reliability"": 0.0, ""modulation_ratio"": 0.0, ""median_latency_ms"": null}}",False,1.0,not light responsive,0.95,Not statistically significant (p=1.0000 >= 0.05); Very low reliability (0.02 < 0.05)
760345702,739783171,810753197,951842674,VISpm,45,0.0,0.0,0.0,,,,0.0,0.0,0.0,,1.0,0.0,0.0,"{""1.0"": {""evoked_rate_hz"": 0.0, ""baseline_rate_hz"": 0.0, ""reliability"": 0.0, ""modulation_ratio"": 0.0, ""median_latency_ms"": null}, ""2.5"": {""evoked_rate_hz"": 0.0, ""baseline_rate_hz"": 0.0, ""reliability"": 0.0, ""modulation_ratio"": 0.0, ""median_latency_ms"": null}, ""4.0"": {""evoked_rate_hz"": 0.0, ""baseline_rate_hz"": 0.0, ""reliability"": 0.0, ""modulation_ratio"": 0.0, ""median_latency_ms"": null}}",False,-221.222,insufficient evidence,0.0,Insufficient trial count (<10) or zero spikes recorded
760345702,739783171,810753197,951842757,VISpm,45,0.0,0.0,0.0,,,,0.0,0.0,0.0,,1.0,0.0,0.0,"{""1.0"": {""evoked_rate_hz"": 0.0, ""baseline_rate_hz"": 0.0, ""reliability"": 0.0, ""modulation_ratio"": 0.0, ""median_latency_ms"": null}, ""2.5"": {""evoked_rate_hz"": 0.0, ""baseline_rate_hz"": 0.0, ""reliability"": 0.0, ""modulation_ratio"": 0.0, ""median_latency_ms"": null}, ""4.0"": {""evoked_rate_hz"": 0.0, ""baseline_rate_hz"": 0.0, ""reliability"": 0.0, ""modulation_ratio"": 0.0, ""median_latency_ms"": null}}",False,1.0,insufficient evidence,0.0,Insufficient trial count (<10) or zero spikes recorded
760345702,739783171,810753197,951842745,VISpm,45,2.963,11.111,2.804,6.892,1.966,2.87,0.089,0.0,0.932,0.301,0.18282,0.238,2.7778,"{""1.0"": {""evoked_rate_hz"": 8.33, ""baseline_rate_hz"": 0.0, ""reliability"": 0.067, ""modulation_ratio"": 8.33, ""median_latency_ms"": 8.14}, ""2.5"": {""evoked_rate_hz"": 8.33, ""baseline_rate_hz"": 4.44, ""reliability"": 0.067, ""modulation_ratio"": 1.53, ""median_latency_ms"": 8.18}, ""4.0"": {""evoked_rate_hz"": 16.67, ""baseline_rate_hz"": 4.44, ""reliability"": 0.133, ""modulation_ratio"": 3.06, ""median_latency_ms"": 4.91}}",False,0.667,not light responsive,0.911,Not statistically significant (p=0.1828 >= 0.05)
760345702,739783171,810753197,951842771,VISpm,45,0.0,0.0,0.0,,,,0.0,0.0,0.0,,1.0,0.0,0.0,"{""1.0"": {""evoked_rate_hz"": 0.0, ""baseline_rate_hz"": 0.0, ""reliability"": 0.0, ""modulation_ratio"": 0.0, ""median_latency_ms"": null}, ""2.5"": {""evoked_rate_hz"": 0.0, ""baseline_rate_hz"": 0.0, ""reliability"": 0.0, ""modulation_ratio"": 0.0, ""median_latency_ms"": null}, ""4.0"": {""evoked_rate_hz"": 0.0, ""baseline_rate_hz"": 0.0, ""reliability"": 0.0, ""modulation_ratio"": 0.0, ""median_latency_ms"": null}}",False,1.0,insufficient evidence,0.0,Insufficient trial count (<10) or zero spikes recorded
760345702,739783171,810753197,951842812,VISpm,45,0.0,0.0,0.0,,,,0.0,0.0,0.0,,1.0,0.0,0.0,"{""1.0"": {""evoked_rate_hz"": 0.0, ""baseline_rate_hz"": 0.0, ""reliability"": 0.0, ""modulation_ratio"": 0.0, ""median_latency_ms"": null}, ""2.5"": {""evoked_rate_hz"": 0.0, ""baseline_rate_hz"": 0.0, ""reliability"": 0.0, ""modulation_ratio"": 0.0, ""median_latency_ms"": null}, ""4.0"": {""evoked_rate_hz"": 0.0, ""baseline_rate_hz"": 0.0, ""reliability"": 0.0, ""modulation_ratio"": 0.0, ""median_latency_ms"": null}}",False,1.0,insufficient evidence,0.0,Insufficient trial count (<10) or zero spikes recorded
760345702,739783171,810753197,951842838,VISpm,45,1.481,0.0,0.0,,,,0.0,0.0,0.0,,1.0,-0.149,0.0,"{""1.0"": {""evoked_rate_hz"": 0.0, ""baseline_rate_hz"": 0.0, ""reliability"": 0.0, ""modulation_ratio"": 0.0, ""median_latency_ms"": null}, ""2.5"": {""evoked_rate_hz"": 0.0, ""baseline_rate_hz"": 0.0, ""reliability"": 0.0, ""modulation_ratio"": 0.0, ""median_latency_ms"": null}, ""4.0"": {""evoked_rate_hz"": 0.0, ""baseline_rate_hz"": 4.44, ""reliability"": 0.0, ""modulation_ratio"": 0.0, ""median_latency_ms"": null}}",False,1.0,not light responsive,0.95,Not statistically significant (p=1.0000 >= 0.05); No positive modulation (mod_ratio=0.00 <= 1.0); Very low reliability (0.00 < 0.05)
760345702,739783171,810753197,951842946,VISpm,45,0.0,0.0,0.0,,,,0.0,0.0,0.0,,1.0,0.0,0.0,"{""1.0"": {""evoked_rate_hz"": 0.0, ""baseline_rate_hz"": 0.0, ""reliability"": 0.0, ""modulation_ratio"": 0.0, ""median_latency_ms"": null}, ""2.5"": {""evoked_rate_hz"": 0.0, ""baseline_rate_hz"": 0.0, ""reliability"": 0.0, ""modulation_ratio"": 0.0, ""median_latency_ms"": null}, ""4.0"": {""evoked_rate_hz"": 0.0, ""baseline_rate_hz"": 0.0, ""reliability"": 0.0, ""modulation_ratio"": 0.0, ""median_latency_ms"": null}}",False,1.0,insufficient evidence,0.0,Insufficient trial count (<10) or zero spikes recorded
760345702,739783171,810753197,951842935,VISpm,45,0.0,5.556,5.556,8.524,0.392,0.277,0.044,0.0,0.977,0.046,0.47353,0.213,0.0,"{""1.0"": {""evoked_rate_hz"": 8.33, ""baseline_rate_hz"": 0.0, ""reliability"": 0.067, ""modulation_ratio"": 8.33, ""median_latency_ms"": 8.8}, ""2.5"": {""evoked_rate_hz"": 0.0, ""baseline_rate_hz"": 0.0, ""reliability"": 0.0, ""modulation_ratio"": 0.0, ""median_latency_ms"": null}, ""4.0"": {""evoked_rate_hz"": 8.33, ""baseline_rate_hz"": 0.0, ""reliability"": 0.067, ""modulation_ratio"": 8.33, ""median_latency_ms"": 8.25}}",False,-221.222,not light responsive,0.95,Not statistically significant (p=0.4735 >= 0.05); Very low reliability (0.04 < 0.05)
760345702,739783171,810753197,951843110,VISpm,45,0.0,0.0,0.0,,,,0.0,0.0,0.0,,1.0,0.0,0.0,"{""1.0"": {""evoked_rate_hz"": 0.0, ""baseline_rate_hz"": 0.0, ""reliability"": 0.0, ""modulation_ratio"": 0.0, ""median_latency_ms"": null}, ""2.5"": {""evoked_rate_hz"": 0.0, ""baseline_rate_hz"": 0.0, ""reliability"": 0.0, ""modulation_ratio"": 0.0, ""median_latency_ms"": null}, ""4.0"": {""evoked_rate_hz"": 0.0, ""baseline_rate_hz"": 0.0, ""reliability"": 0.0, ""modulation_ratio"": 0.0, ""median_latency_ms"": null}}",False,1.0,insufficient evidence,0.0,Insufficient trial count (<10) or zero spikes recorded
760345702,739783171,810753197,951843019,VISpm,45,2.963,0.0,0.0,,,,0.0,0.022,0.0,,0.47552,-0.213,0.0,"{""1.0"": {""evoked_rate_hz"": 0.0, ""baseline_rate_hz"": 0.0, ""reliability"": 0.0, ""modulation_ratio"": 0.0, ""median_latency_ms"": null}, ""2.5"": {""evoked_rate_hz"": 0.0, ""baseline_rate_hz"": 0.0, ""reliability"": 0.0, ""modulation_ratio"": 0.0, ""median_latency_ms"": null}, ""4.0"": {""evoked_rate_hz"": 0.0, ""baseline_rate_hz"": 8.89, ""reliability"": 0.0, ""modulation_ratio"": 0.0, ""median_latency_ms"": null}}",False,1.0,not light responsive,0.95,Not statistically significant (p=0.4755 >= 0.05); No positive modulation (mod_ratio=0.00 <= 1.0); Very low reliability (0.00 < 0.05)
760345702,739783171,810753199,951849054,LGd,45,16.296,13.889,0.803,6.684,2.374,2.404,0.111,0.089,0.909,0.381,0.68432,-0.052,-5.5556,"{""1.0"": {""evoked_rate_hz"": 16.67, ""baseline_rate_hz"": 17.78, ""reliability"": 0.133, ""modulation_ratio"": 0.89, ""median_latency_ms"": 4.07}, ""2.5"": {""evoked_rate_hz"": 25.0, ""baseline_rate_hz"": 13.33, ""reliability"": 0.2, ""modulation_ratio"": 1.74, ""median_latency_ms"": 8.12}, ""4.0"": {""evoked_rate_hz"": 0.0, ""baseline_rate_hz"": 17.78, ""reliability"": 0.0, ""modulation_ratio"": 0.0, ""median_latency_ms"": null}}",False,0.6,not light responsive,0.889,Not statistically significant (p=0.6843 >= 0.05); No positive modulation (mod_ratio=0.80 <= 1.0)
760345702,739783171,810753199,951849145,LGd,45,14.815,13.889,0.878,5.288,2.898,4.383,0.111,0.111,0.909,0.582,0.83317,-0.021,-2.7778,"{""1.0"": {""evoked_rate_hz"": 25.0, ""baseline_rate_hz"": 17.78, ""reliability"": 0.2, ""modulation_ratio"": 1.33, ""median_latency_ms"": 5.29}, ""2.5"": {""evoked_rate_hz"": 0.0, ""baseline_rate_hz"": 17.78, ""reliability"": 0.0, ""modulation_ratio"": 0.0, ""median_latency_ms"": null}, ""4.0"": {""evoked_rate_hz"": 16.67, ""baseline_rate_hz"": 8.89, ""reliability"": 0.133, ""modulation_ratio"": 1.69, ""median_latency_ms"": 5.22}}",False,-0.499,not light responsive,0.889,Not statistically significant (p=0.8332 >= 0.05); No positive modulation (mod_ratio=0.88 <= 1.0)
760345702,739783171,810753199,951849118,LGd,45,1.481,11.111,4.478,6.285,0.811,0.62,0.089,0.022,0.932,0.134,0.12887,0.255,-2.7778,"{""1.0"": {""evoked_rate_hz"": 8.33, ""baseline_rate_hz"": 0.0, ""reliability"": 0.067, ""modulation_ratio"": 8.33, ""median_latency_ms"": 6.79}, ""2.5"": {""evoked_rate_hz"": 25.0, ""baseline_rate_hz"": 4.44, ""reliability"": 0.2, ""modulation_ratio"": 4.59, ""median_latency_ms"": 6.18}, ""4.0"": {""evoked_rate_hz"": 0.0, ""baseline_rate_hz"": 0.0, ""reliability"": 0.0, ""modulation_ratio"": 0.0, ""median_latency_ms"": null}}",False,0.004,not light responsive,0.911,Not statistically significant (p=0.1289 >= 0.05)
760345702,739783171,810753199,951849108,LGd,45,0.0,2.778,2.778,8.595,0.0,0.0,0.022,0.0,1.0,0.0,1.0,0.149,-2.7778,"{""1.0"": {""evoked_rate_hz"": 8.33, ""baseline_rate_hz"": 0.0, ""reliability"": 0.067, ""modulation_ratio"": 8.33, ""median_latency_ms"": 8.59}, ""2.5"": {""evoked_rate_hz"": 0.0, ""baseline_rate_hz"": 0.0, ""reliability"": 0.0, ""modulation_ratio"": 0.0, ""median_latency_ms"": null}, ""4.0"": {""evoked_rate_hz"": 0.0, ""baseline_rate_hz"": 0.0, ""reliability"": 0.0, ""modulation_ratio"": 0.0, ""median_latency_ms"": null}}",False,1.0,not light responsive,0.95,Not statistically significant (p=1.0000 >= 0.05); Very low reliability (0.02 < 0.05)
760345702,739783171,810753199,951849205,LGd,45,4.444,0.0,0.0,,,,0.0,0.067,0.0,,0.23077,-0.264,0.0,"{""1.0"": {""evoked_rate_hz"": 0.0, ""baseline_rate_hz"": 8.89, ""reliability"": 0.0, ""modulation_ratio"": 0.0, ""median_latency_ms"": null}, ""2.5"": {""evoked_rate_hz"": 0.0, ""baseline_rate_hz"": 0.0, ""reliability"": 0.0, ""modulation_ratio"": 0.0, ""median_latency_ms"": null}, ""4.0"": {""evoked_rate_hz"": 0.0, ""baseline_rate_hz"": 4.44, ""reliability"": 0.0, ""modulation_ratio"": 0.0, ""median_latency_ms"": null}}",False,1.0,not light responsive,0.95,Not statistically significant (p=0.2308 >= 0.05); No positive modulation (mod_ratio=0.00 <= 1.0); Very low reliability (0.00 < 0.05)
760345702,739783171,810753199,951849186,LGd,45,29.63,11.111,0.363,3.287,2.119,2.894,0.089,0.289,0.932,0.563,0.00999,-0.354,8.3333,"{""1.0"": {""evoked_rate_hz"": 0.0, ""baseline_rate_hz"": 13.33, ""reliability"": 0.0, ""modulation_ratio"": 0.0, ""median_latency_ms"": null}, ""2.5"": {""evoked_rate_hz"": 8.33, ""baseline_rate_hz"": 31.11, ""reliability"": 0.067, ""modulation_ratio"": 0.26, ""median_latency_ms"": 2.09}, ""4.0"": {""evoked_rate_hz"": 25.0, ""baseline_rate_hz"": 44.44, ""reliability"": 0.2, ""modulation_ratio"": 0.55, ""median_latency_ms"": 4.48}}",False,-0.199,not light responsive,0.911,Not statistically significant (p=0.0100 >= 0.05); No positive modulation (mod_ratio=0.36 <= 1.0)
760345702,739783171,810753199,951849269,LGd,45,4.444,11.111,2.041,2.668,0.844,0.52,0.089,0.022,0.932,0.346,0.36763,0.154,5.5556,"{""1.0"": {""evoked_rate_hz"": 0.0, ""baseline_rate_hz"": 0.0, ""reliability"": 0.0, ""modulation_ratio"": 0.0, ""median_latency_ms"": null}, ""2.5"": {""evoked_rate_hz"": 16.67, ""baseline_rate_hz"": 4.44, ""reliability"": 0.133, ""modulation_ratio"": 3.06, ""median_latency_ms"": 1.94}, ""4.0"": {""evoked_rate_hz"": 16.67, ""baseline_rate_hz"": 8.89, ""reliability"": 0.133, ""modulation_ratio"": 1.69, ""median_latency_ms"": 2.94}}",False,0.002,not light responsive,0.911,Not statistically significant (p=0.3676 >= 0.05)
760345702,739783171,810753199,951849250,LGd,45,7.407,25.0,2.974,5.022,2.75,4.075,0.2,0.067,0.818,0.628,0.04496,0.321,0.0,"{""1.0"": {""evoked_rate_hz"": 25.0, ""baseline_rate_hz"": 13.33, ""reliability"": 0.2, ""modulation_ratio"": 1.74, ""median_latency_ms"": 5.02}, ""2.5"": {""evoked_rate_hz"": 25.0, ""baseline_rate_hz"": 8.89, ""reliability"": 0.2, ""modulation_ratio"": 2.53, ""median_latency_ms"": 7.08}, ""4.0"": {""evoked_rate_hz"": 25.0, ""baseline_rate_hz"": 0.0, ""reliability"": 0.2, ""modulation_ratio"": 25.0, ""median_latency_ms"": 2.29}}",False,0.857,light-responsive / indirect or uncertain,0.65,Sub-threshold reliability (0.20 < 0.3)
760345702,739783171,810753199,951849241,LGd,45,4.444,8.333,1.531,5.591,2.731,2.634,0.067,0.044,0.955,0.574,0.62238,0.106,-5.5556,"{""1.0"": {""evoked_rate_hz"": 16.67, ""baseline_rate_hz"": 4.44, ""reliability"": 0.133, ""modulation_ratio"": 3.06, ""median_latency_ms"": 4.34}, ""2.5"": {""evoked_rate_hz"": 8.33, ""baseline_rate_hz"": 4.44, ""reliability"": 0.067, ""modulation_ratio"": 1.53, ""median_latency_ms"": 5.59}, ""4.0"": {""evoked_rate_hz"": 0.0, ""baseline_rate_hz"": 4.44, ""reliability"": 0.0, ""modulation_ratio"": 0.0, ""median_latency_ms"": null}}",False,-0.991,not light responsive,0.933,Not statistically significant (p=0.6224 >= 0.05)
760345702,739783171,810753199,951849226,LGd,45,5.926,5.556,0.802,1.802,0.08,0.056,0.044,0.044,0.977,0.044,0.82018,-0.011,5.5556,"{""1.0"": {""evoked_rate_hz"": 0.0, ""baseline_rate_hz"": 4.44, ""reliability"": 0.0, ""modulation_ratio"": 0.0, ""median_latency_ms"": null}, ""2.5"": {""evoked_rate_hz"": 0.0, ""baseline_rate_hz"": 4.44, ""reliability"": 0.0, ""modulation_ratio"": 0.0, ""median_latency_ms"": null}, ""4.0"": {""evoked_rate_hz"": 16.67, ""baseline_rate_hz"": 8.89, ""reliability"": 0.133, ""modulation_ratio"": 1.69, ""median_latency_ms"": 1.8}}",False,-0.498,not light responsive,0.95,Not statistically significant (p=0.8202 >= 0.05); No positive modulation (mod_ratio=0.80 <= 1.0); Very low reliability (0.04 < 0.05)
760345702,739783171,810753199,951849155,LGd,45,14.815,16.667,1.054,7.012,3.213,4.86,0.133,0.089,0.886,0.566,0.82817,0.038,8.3333,"{""1.0"": {""evoked_rate_hz"": 8.33, ""baseline_rate_hz"": 17.78, ""reliability"": 0.067, ""modulation_ratio"": 0.44, ""median_latency_ms"": 1.19}, ""2.5"": {""evoked_rate_hz"": 8.33, ""baseline_rate_hz"": 8.89, ""reliability"": 0.067, ""modulation_ratio"": 0.84, ""median_latency_ms"": 8.29}, ""4.0"": {""evoked_rate_hz"": 33.33, ""baseline_rate_hz"": 17.78, ""reliability"": 0.267, ""modulation_ratio"": 1.78, ""median_latency_ms"": 7.01}}",False,0.445,not light responsive,0.867,Not statistically significant (p=0.8282 >= 0.05)
760345702,739783171,810753199,951852672,LGd,45,13.333,2.778,0.194,6.118,0.0,0.0,0.022,0.067,1.0,0.0,0.02897,-0.287,0.0,"{""1.0"": {""evoked_rate_hz"": 0.0, ""baseline_rate_hz"": 0.0, ""reliability"": 0.0, ""modulation_ratio"": 0.0, ""median_latency_ms"": null}, ""2.5"": {""evoked_rate_hz"": 8.33, ""baseline_rate_hz"": 13.33, ""reliability"": 0.067, ""modulation_ratio"": 0.58, ""median_latency_ms"": 6.12}, ""4.0"": {""evoked_rate_hz"": 0.0, ""baseline_rate_hz"": 26.67, ""reliability"": 0.0, ""modulation_ratio"": 0.0, ""median_latency_ms"": null}}",False,-0.497,not light responsive,0.95,Not statistically significant (p=0.0290 >= 0.05); No positive modulation (mod_ratio=0.19 <= 1.0); Very low reliability (0.02 < 0.05)
760345702,739783171,810753199,951852655,LGd,45,10.37,11.111,0.977,5.915,1.566,1.272,0.089,0.111,0.932,0.29,1.0,0.016,8.3333,"{""1.0"": {""evoked_rate_hz"": 0.0, ""baseline_rate_hz"": 8.89, ""reliability"": 0.0, ""modulation_ratio"": 0.0, ""median_latency_ms"": null}, ""2.5"": {""evoked_rate_hz"": 8.33, ""baseline_rate_hz"": 13.33, ""reliability"": 0.067, ""modulation_ratio"": 0.58, ""median_latency_ms"": 3.14}, ""4.0"": {""evoked_rate_hz"": 25.0, ""baseline_rate_hz"": 8.89, ""reliability"": 0.2, ""modulation_ratio"": 2.53, ""median_latency_ms"": 6.18}}",False,0.334,not light responsive,0.911,Not statistically significant (p=1.0000 >= 0.05); No positive modulation (mod_ratio=0.98 <= 1.0)
760345702,739783171,810753199,951849316,LGd,45,28.148,30.556,1.048,3.687,2.739,4.331,0.244,0.2,0.773,0.623,0.77223,0.036,-8.3333,"{""1.0"": {""evoked_rate_hz"": 33.33, ""baseline_rate_hz"": 44.44, ""reliability"": 0.267, ""modulation_ratio"": 0.73, ""median_latency_ms"": 2.92}, ""2.5"": {""evoked_rate_hz"": 50.0, ""baseline_rate_hz"": 26.67, ""reliability"": 0.4, ""modulation_ratio"": 1.81, ""median_latency_ms"": 6.62}, ""4.0"": {""evoked_rate_hz"": 8.33, ""baseline_rate_hz"": 13.33, ""reliability"": 0.067, ""modulation_ratio"": 0.58, ""median_latency_ms"": 3.69}}",False,-0.411,not light responsive,0.756,Not statistically significant (p=0.7722 >= 0.05)
760345702,739783171,810753199,951852680,LGd,45,8.889,2.778,0.281,4.726,0.0,0.0,0.022,0.111,1.0,0.0,0.11688,-0.201,-2.7778,"{""1.0"": {""evoked_rate_hz"": 8.33, ""baseline_rate_hz"": 13.33, ""reliability"": 0.067, ""modulation_ratio"": 0.58, ""median_latency_ms"": 4.73}, ""2.5"": {""evoked_rate_hz"": 0.0, ""baseline_rate_hz"": 13.33, ""reliability"": 0.0, ""modulation_ratio"": 0.0, ""median_latency_ms"": null}, ""4.0"": {""evoked_rate_hz"": 0.0, ""baseline_rate_hz"": 0.0, ""reliability"": 0.0, ""modulation_ratio"": 0.0, ""median_latency_ms"": null}}",False,1.0,not light responsive,0.95,Not statistically significant (p=0.1169 >= 0.05); No positive modulation (mod_ratio=0.28 <= 1.0); Very low reliability (0.02 < 0.05)
760345702,739783171,810753199,951849390,LGd,45,44.444,63.889,1.406,4.86,2.557,4.404,0.444,0.311,0.767,0.486,0.14685,0.237,0.0,"{""1.0"": {""evoked_rate_hz"": 66.67, ""baseline_rate_hz"": 62.22, ""reliability"": 0.467, ""modulation_ratio"": 1.05, ""median_latency_ms"": 4.86}, ""2.5"": {""evoked_rate_hz"": 58.33, ""baseline_rate_hz"": 26.67, ""reliability"": 0.467, ""modulation_ratio"": 2.11, ""median_latency_ms"": 4.86}, ""4.0"": {""evoked_rate_hz"": 66.67, ""baseline_rate_hz"": 44.44, ""reliability"": 0.4, ""modulation_ratio"": 1.47, ""median_latency_ms"": 5.55}}",False,0.053,not light responsive,0.556,Not statistically significant (p=0.1469 >= 0.05)
760345702,739783171,810753199,951852696,LGd,45,7.407,2.778,0.33,5.274,0.0,0.0,0.022,0.067,1.0,0.0,0.22478,-0.16,0.0,"{""1.0"": {""evoked_rate_hz"": 0.0, ""baseline_rate_hz"": 8.89, ""reliability"": 0.0, ""modulation_ratio"": 0.0, ""median_latency_ms"": null}, ""2.5"": {""evoked_rate_hz"": 8.33, ""baseline_rate_hz"": 8.89, ""reliability"": 0.067, ""modulation_ratio"": 0.84, ""median_latency_ms"": 5.27}, ""4.0"": {""evoked_rate_hz"": 0.0, ""baseline_rate_hz"": 4.44, ""reliability"": 0.0, ""modulation_ratio"": 0.0, ""median_latency_ms"": null}}",False,1.0,not light responsive,0.95,Not statistically significant (p=0.2248 >= 0.05); No positive modulation (mod_ratio=0.33 <= 1.0); Very low reliability (0.02 < 0.05)
760345702,739783171,810753199,951852687,LGd,45,2.963,2.778,0.701,7.197,0.0,0.0,0.022,0.022,1.0,0.0,1.0,-0.008,-2.7778,"{""1.0"": {""evoked_rate_hz"": 8.33, ""baseline_rate_hz"": 8.89, ""reliability"": 0.067, ""modulation_ratio"": 0.84, ""median_latency_ms"": 7.2}, ""2.5"": {""evoked_rate_hz"": 0.0, ""baseline_rate_hz"": 0.0, ""reliability"": 0.0, ""modulation_ratio"": 0.0, ""median_latency_ms"": null}, ""4.0"": {""evoked_rate_hz"": 0.0, ""baseline_rate_hz"": 0.0, ""reliability"": 0.0, ""modulation_ratio"": 0.0, ""median_latency_ms"": null}}",False,1.0,not light responsive,0.95,Not statistically significant (p=1.0000 >= 0.05); No positive modulation (mod_ratio=0.70 <= 1.0); Very low reliability (0.02 < 0.05)
760345702,739783171,810753199,951849366,LGd,45,17.778,22.222,1.183,6.655,2.557,4.002,0.178,0.156,0.841,0.442,0.57642,0.085,-5.5556,"{""1.0"": {""evoked_rate_hz"": 33.33, ""baseline_rate_hz"": 26.67, ""reliability"": 0.267, ""modulation_ratio"": 1.2, ""median_latency_ms"": 7.39}, ""2.5"": {""evoked_rate_hz"": 16.67, ""baseline_rate_hz"": 17.78, ""reliability"": 0.133, ""modulation_ratio"": 0.89, ""median_latency_ms"": 5.03}, ""4.0"": {""evoked_rate_hz"": 16.67, ""baseline_rate_hz"": 8.89, ""reliability"": 0.133, ""modulation_ratio"": 1.69, ""median_latency_ms"": 4.61}}",False,-0.57,not light responsive,0.822,Not statistically significant (p=0.5764 >= 0.05)
760345702,739783171,810753199,951849351,LGd,45,11.852,8.333,0.648,2.284,3.488,3.123,0.067,0.067,0.955,0.855,0.51249,-0.082,5.5556,"{""1.0"": {""evoked_rate_hz"": 0.0, ""baseline_rate_hz"": 8.89, ""reliability"": 0.0, ""modulation_ratio"": 0.0, ""median_latency_ms"": null}, ""2.5"": {""evoked_rate_hz"": 8.33, ""baseline_rate_hz"": 8.89, ""reliability"": 0.067, ""modulation_ratio"": 0.84, ""median_latency_ms"": 2.28}, ""4.0"": {""evoked_rate_hz"": 16.67, ""baseline_rate_hz"": 17.78, ""reliability"": 0.133, ""modulation_ratio"": 0.89, ""median_latency_ms"": 4.98}}",False,0.667,not light responsive,0.933,Not statistically significant (p=0.5125 >= 0.05); No positive modulation (mod_ratio=0.65 <= 1.0)
760345702,739783171,810753199,951852705,LGd,45,26.667,27.778,1.004,4.96,2.316,3.913,0.222,0.2,0.795,0.479,0.88511,0.02,2.7778,"{""1.0"": {""evoked_rate_hz"": 25.0, ""baseline_rate_hz"": 22.22, ""reliability"": 0.2, ""modulation_ratio"": 1.08, ""median_latency_ms"": 4.99}, ""2.5"": {""evoked_rate_hz"": 25.0, ""baseline_rate_hz"": 17.78, ""reliability"": 0.2, ""modulation_ratio"": 1.33, ""median_latency_ms"": 6.96}, ""4.0"": {""evoked_rate_hz"": 33.33, ""baseline_rate_hz"": 40.0, ""reliability"": 0.267, ""modulation_ratio"": 0.81, ""median_latency_ms"": 2.49}}",False,0.25,not light responsive,0.778,Not statistically significant (p=0.8851 >= 0.05)
760345702,739783171,810753199,951849420,LGd,45,40.0,50.0,1.22,4.678,2.298,3.784,0.356,0.333,0.841,0.504,0.38761,0.126,13.8889,"{""1.0"": {""evoked_rate_hz"": 25.0, ""baseline_rate_hz"": 40.0, ""reliability"": 0.2, ""modulation_ratio"": 0.61, ""median_latency_ms"": 5.83}, ""2.5"": {""evoked_rate_hz"": 58.33, ""baseline_rate_hz"": 48.89, ""reliability"": 0.4, ""modulation_ratio"": 1.17, ""median_latency_ms"": 4.68}, ""4.0"": {""evoked_rate_hz"": 66.67, ""baseline_rate_hz"": 31.11, ""reliability"": 0.467, ""modulation_ratio"": 2.08, ""median_latency_ms"": 3.45}}",False,0.077,not light responsive,0.644,Not statistically significant (p=0.3876 >= 0.05)
760345702,739783171,810753199,951849411,LGd,45,34.074,8.333,0.238,3.658,3.009,2.759,0.067,0.289,0.955,0.596,0.001,-0.494,8.3333,"{""1.0"": {""evoked_rate_hz"": 0.0, ""baseline_rate_hz"": 35.56, ""reliability"": 0.0, ""modulation_ratio"": 0.0, ""median_latency_ms"": null}, ""2.5"": {""evoked_rate_hz"": 0.0, ""baseline_rate_hz"": 31.11, ""reliability"": 0.0, ""modulation_ratio"": 0.0, ""median_latency_ms"": null}, ""4.0"": {""evoked_rate_hz"": 25.0, ""baseline_rate_hz"": 35.56, ""reliability"": 0.2, ""modulation_ratio"": 0.68, ""median_latency_ms"": 3.66}}",False,-3.49,not light responsive,0.933,Not statistically significant (p=0.0010 >= 0.05); No positive modulation (mod_ratio=0.24 <= 1.0)
760345702,739783171,810753199,951849403,LGd,45,7.407,16.667,1.982,6.955,1.938,1.27,0.133,0.044,0.886,0.3,0.24575,0.19,2.7778,"{""1.0"": {""evoked_rate_hz"": 16.67, ""baseline_rate_hz"": 4.44, ""reliability"": 0.133, ""modulation_ratio"": 3.06, ""median_latency_ms"": 7.91}, ""2.5"": {""evoked_rate_hz"": 8.33, ""baseline_rate_hz"": 13.33, ""reliability"": 0.067, ""modulation_ratio"": 0.58, ""median_latency_ms"": 7.34}, ""4.0"": {""evoked_rate_hz"": 25.0, ""baseline_rate_hz"": 4.44, ""reliability"": 0.2, ""modulation_ratio"": 4.59, ""median_latency_ms"": 5.71}}",False,1.0,not light responsive,0.867,Not statistically significant (p=0.2457 >= 0.05)
760345702,739783171,810753199,951849395,LGd,45,28.148,41.667,1.429,4.185,2.39,3.646,0.289,0.289,0.955,0.493,0.28771,0.157,2.7778,"{""1.0"": {""evoked_rate_hz"": 50.0, ""baseline_rate_hz"": 31.11, ""reliability"": 0.333, ""modulation_ratio"": 1.56, ""median_latency_ms"": 4.19}, ""2.5"": {""evoked_rate_hz"": 16.67, ""baseline_rate_hz"": 13.33, ""reliability"": 0.133, ""modulation_ratio"": 1.16, ""median_latency_ms"": 6.85}, ""4.0"": {""evoked_rate_hz"": 58.33, ""baseline_rate_hz"": 40.0, ""reliability"": 0.4, ""modulation_ratio"": 1.42, ""median_latency_ms"": 3.11}}",False,-1.499,not light responsive,0.711,Not statistically significant (p=0.2877 >= 0.05)
760345702,739783171,810753199,951849486,LGd,45,22.222,27.778,1.196,5.185,2.174,3.728,0.222,0.2,0.795,0.393,0.57343,0.083,-2.7778,"{""1.0"": {""evoked_rate_hz"": 33.33, ""baseline_rate_hz"": 17.78, ""reliability"": 0.267, ""modulation_ratio"": 1.78, ""median_latency_ms"": 3.8}, ""2.5"": {""evoked_rate_hz"": 25.0, ""baseline_rate_hz"": 35.56, ""reliability"": 0.2, ""modulation_ratio"": 0.68, ""median_latency_ms"": 5.44}, ""4.0"": {""evoked_rate_hz"": 25.0, ""baseline_rate_hz"": 13.33, ""reliability"": 0.2, ""modulation_ratio"": 1.74, ""median_latency_ms"": 7.86}}",False,0.572,not light responsive,0.778,Not statistically significant (p=0.5734 >= 0.05)
760345702,739783171,810753199,951849479,LGd,45,23.704,19.444,0.787,3.086,2.167,2.623,0.156,0.133,0.864,0.576,0.6034,-0.076,-8.3333,"{""1.0"": {""evoked_rate_hz"": 33.33, ""baseline_rate_hz"": 35.56, ""reliability"": 0.267, ""modulation_ratio"": 0.91, ""median_latency_ms"": 3.38}, ""2.5"": {""evoked_rate_hz"": 16.67, ""baseline_rate_hz"": 17.78, ""reliability"": 0.133, ""modulation_ratio"": 0.89, ""median_latency_ms"": 4.5}, ""4.0"": {""evoked_rate_hz"": 8.33, ""baseline_rate_hz"": 17.78, ""reliability"": 0.067, ""modulation_ratio"": 0.44, ""median_latency_ms"": 2.32}}",False,0.001,not light responsive,0.844,Not statistically significant (p=0.6034 >= 0.05); No positive modulation (mod_ratio=0.79 <= 1.0)
760345702,739783171,810753199,951849472,LGd,45,10.37,8.333,0.733,3.044,3.659,3.416,0.067,0.111,0.955,0.803,0.67532,-0.046,2.7778,"{""1.0"": {""evoked_rate_hz"": 8.33, ""baseline_rate_hz"": 4.44, ""reliability"": 0.067, ""modulation_ratio"": 1.53, ""median_latency_ms"": 3.04}, ""2.5"": {""evoked_rate_hz"": 0.0, ""baseline_rate_hz"": 4.44, ""reliability"": 0.0, ""modulation_ratio"": 0.0, ""median_latency_ms"": null}, ""4.0"": {""evoked_rate_hz"": 16.67, ""baseline_rate_hz"": 22.22, ""reliability"": 0.133, ""modulation_ratio"": 0.72, ""median_latency_ms"": 5.31}}",False,1.0,not light responsive,0.933,Not statistically significant (p=0.6753 >= 0.05); No positive modulation (mod_ratio=0.73 <= 1.0)
760345702,739783171,810753199,951849466,LGd,45,29.63,33.333,1.088,3.761,2.565,2.961,0.244,0.2,0.92,0.561,0.69331,0.053,5.5556,"{""1.0"": {""evoked_rate_hz"": 33.33, ""baseline_rate_hz"": 26.67, ""reliability"": 0.2, ""modulation_ratio"": 1.2, ""median_latency_ms"": 3.76}, ""2.5"": {""evoked_rate_hz"": 16.67, ""baseline_rate_hz"": 26.67, ""reliability"": 0.133, ""modulation_ratio"": 0.6, ""median_latency_ms"": 4.05}, ""4.0"": {""evoked_rate_hz"": 50.0, ""baseline_rate_hz"": 35.56, ""reliability"": 0.4, ""modulation_ratio"": 1.37, ""median_latency_ms"": 4.18}}",False,0.546,not light responsive,0.756,Not statistically significant (p=0.6933 >= 0.05)
760345702,739783171,810753199,951849498,LGd,45,13.333,8.333,0.581,3.735,0.707,0.661,0.067,0.089,0.955,0.176,0.38761,-0.113,-5.5556,"{""1.0"": {""evoked_rate_hz"": 16.67, ""baseline_rate_hz"": 22.22, ""reliability"": 0.133, ""modulation_ratio"": 0.72, ""median_latency_ms"": 4.28}, ""2.5"": {""evoked_rate_hz"": 8.33, ""baseline_rate_hz"": 13.33, ""reliability"": 0.067, ""modulation_ratio"": 0.58, ""median_latency_ms"": 3.51}, ""4.0"": {""evoked_rate_hz"": 0.0, ""baseline_rate_hz"": 4.44, ""reliability"": 0.0, ""modulation_ratio"": 0.0, ""median_latency_ms"": null}}",False,1.0,not light responsive,0.933,Not statistically significant (p=0.3876 >= 0.05); No positive modulation (mod_ratio=0.58 <= 1.0)
760345702,739783171,810753199,951849544,LGd,45,19.259,38.889,1.92,5.502,2.151,2.607,0.267,0.156,0.997,0.414,0.0959,0.253,5.5556,"{""1.0"": {""evoked_rate_hz"": 41.67, ""baseline_rate_hz"": 31.11, ""reliability"": 0.267, ""modulation_ratio"": 1.3, ""median_latency_ms"": 5.31}, ""2.5"": {""evoked_rate_hz"": 16.67, ""baseline_rate_hz"": 13.33, ""reliability"": 0.133, ""modulation_ratio"": 1.16, ""median_latency_ms"": 6.35}, ""4.0"": {""evoked_rate_hz"": 58.33, ""baseline_rate_hz"": 13.33, ""reliability"": 0.4, ""modulation_ratio"": 4.07, ""median_latency_ms"": 4.57}}",False,0.0,not light responsive,0.733,Not statistically significant (p=0.0959 >= 0.05)
760345702,739783171,810753199,951849587,LGd,45,16.296,16.667,0.964,3.698,2.33,2.081,0.133,0.133,0.886,0.573,1.0,0.006,-2.7778,"{""1.0"": {""evoked_rate_hz"": 25.0, ""baseline_rate_hz"": 22.22, ""reliability"": 0.2, ""modulation_ratio"": 1.08, ""median_latency_ms"": 2.9}, ""2.5"": {""evoked_rate_hz"": 8.33, ""baseline_rate_hz"": 17.78, ""reliability"": 0.067, ""modulation_ratio"": 0.44, ""median_latency_ms"": 5.08}, ""4.0"": {""evoked_rate_hz"": 16.67, ""baseline_rate_hz"": 8.89, ""reliability"": 0.133, ""modulation_ratio"": 1.69, ""median_latency_ms"": 4.55}}",False,0.286,not light responsive,0.867,Not statistically significant (p=1.0000 >= 0.05); No positive modulation (mod_ratio=0.96 <= 1.0)
760345702,739783171,810753199,951849564,LGd,45,14.815,27.778,1.756,4.036,2.431,3.628,0.222,0.111,0.795,0.583,0.15485,0.221,2.7778,"{""1.0"": {""evoked_rate_hz"": 25.0, ""baseline_rate_hz"": 13.33, ""reliability"": 0.2, ""modulation_ratio"": 1.74, ""median_latency_ms"": 2.86}, ""2.5"": {""evoked_rate_hz"": 25.0, ""baseline_rate_hz"": 13.33, ""reliability"": 0.2, ""modulation_ratio"": 1.74, ""median_latency_ms"": 5.45}, ""4.0"": {""evoked_rate_hz"": 33.33, ""baseline_rate_hz"": 17.78, ""reliability"": 0.267, ""modulation_ratio"": 1.78, ""median_latency_ms"": 5.17}}",False,0.5,not light responsive,0.778,Not statistically significant (p=0.1548 >= 0.05)
760345702,739783171,810753199,951849558,LGd,45,32.593,36.111,1.075,4.808,2.492,3.92,0.2,0.156,1.357,0.493,0.73626,0.048,2.7778,"{""1.0"": {""evoked_rate_hz"": 25.0, ""baseline_rate_hz"": 13.33, ""reliability"": 0.133, ""modulation_ratio"": 1.74, ""median_latency_ms"": 3.4}, ""2.5"": {""evoked_rate_hz"": 50.0, ""baseline_rate_hz"": 35.56, ""reliability"": 0.267, ""modulation_ratio"": 1.37, ""median_latency_ms"": 6.06}, ""4.0"": {""evoked_rate_hz"": 33.33, ""baseline_rate_hz"": 48.89, ""reliability"": 0.2, ""modulation_ratio"": 0.67, ""median_latency_ms"": 4.96}}",False,0.445,not light responsive,0.8,Not statistically significant (p=0.7363 >= 0.05)
760345702,739783171,810753199,951849631,LGd,45,31.111,19.444,0.606,5.491,2.576,3.381,0.156,0.267,0.864,0.497,0.21678,-0.19,-5.5556,"{""1.0"": {""evoked_rate_hz"": 25.0, ""baseline_rate_hz"": 26.67, ""reliability"": 0.2, ""modulation_ratio"": 0.9, ""median_latency_ms"": 7.55}, ""2.5"": {""evoked_rate_hz"": 25.0, ""baseline_rate_hz"": 40.0, ""reliability"": 0.2, ""modulation_ratio"": 0.61, ""median_latency_ms"": 3.81}, ""4.0"": {""evoked_rate_hz"": 8.33, ""baseline_rate_hz"": 26.67, ""reliability"": 0.067, ""modulation_ratio"": 0.3, ""median_latency_ms"": 6.36}}",False,0.001,not light responsive,0.844,Not statistically significant (p=0.2168 >= 0.05); No positive modulation (mod_ratio=0.61 <= 1.0)
760345702,739783171,810753199,951849601,LGd,45,28.148,33.333,1.144,4.587,2.218,2.598,0.267,0.222,0.75,0.488,0.55045,0.079,5.5556,"{""1.0"": {""evoked_rate_hz"": 25.0, ""baseline_rate_hz"": 35.56, ""reliability"": 0.2, ""modulation_ratio"": 0.68, ""median_latency_ms"": 2.72}, ""2.5"": {""evoked_rate_hz"": 33.33, ""baseline_rate_hz"": 22.22, ""reliability"": 0.267, ""modulation_ratio"": 1.44, ""median_latency_ms"": 6.62}, ""4.0"": {""evoked_rate_hz"": 41.67, ""baseline_rate_hz"": 26.67, ""reliability"": 0.333, ""modulation_ratio"": 1.51, ""median_latency_ms"": 4.48}}",False,0.25,not light responsive,0.733,Not statistically significant (p=0.5504 >= 0.05)
760345702,739783171,810753199,951849671,LGd,45,8.889,19.444,1.966,4.719,1.871,2.891,0.156,0.111,0.864,0.399,0.18581,0.224,2.7778,"{""1.0"": {""evoked_rate_hz"": 16.67, ""baseline_rate_hz"": 8.89, ""reliability"": 0.133, ""modulation_ratio"": 1.69, ""median_latency_ms"": 3.32}, ""2.5"": {""evoked_rate_hz"": 16.67, ""baseline_rate_hz"": 17.78, ""reliability"": 0.133, ""modulation_ratio"": 0.89, ""median_latency_ms"": 4.23}, ""4.0"": {""evoked_rate_hz"": 25.0, ""baseline_rate_hz"": 0.0, ""reliability"": 0.2, ""modulation_ratio"": 25.0, ""median_latency_ms"": 6.01}}",False,-0.498,not light responsive,0.844,Not statistically significant (p=0.1858 >= 0.05)
760345702,739783171,810753199,951849923,DG,45,2.963,13.889,3.505,6.095,1.809,2.395,0.111,0.022,0.909,0.313,0.13387,0.254,-8.3333,"{""1.0"": {""evoked_rate_hz"": 25.0, ""baseline_rate_hz"": 0.0, ""reliability"": 0.2, ""modulation_ratio"": 25.0, ""median_latency_ms"": 6.09}, ""2.5"": {""evoked_rate_hz"": 16.67, ""baseline_rate_hz"": 0.0, ""reliability"": 0.133, ""modulation_ratio"": 16.67, ""median_latency_ms"": 5.97}, ""4.0"": {""evoked_rate_hz"": 0.0, ""baseline_rate_hz"": 8.89, ""reliability"": 0.0, ""modulation_ratio"": 0.0, ""median_latency_ms"": null}}",False,0.401,not light responsive,0.889,Not statistically significant (p=0.1339 >= 0.05)
760345702,739783171,810753199,951849993,DG,45,7.407,8.333,0.991,5.342,1.57,1.493,0.067,0.067,0.955,0.266,1.0,0.023,0.0,"{""1.0"": {""evoked_rate_hz"": 8.33, ""baseline_rate_hz"": 0.0, ""reliability"": 0.067, ""modulation_ratio"": 8.33, ""median_latency_ms"": 5.34}, ""2.5"": {""evoked_rate_hz"": 8.33, ""baseline_rate_hz"": 13.33, ""reliability"": 0.067, ""modulation_ratio"": 0.58, ""median_latency_ms"": 7.68}, ""4.0"": {""evoked_rate_hz"": 8.33, ""baseline_rate_hz"": 8.89, ""reliability"": 0.067, ""modulation_ratio"": 0.84, ""median_latency_ms"": 4.69}}",False,-0.497,not light responsive,0.933,Not statistically significant (p=1.0000 >= 0.05); No positive modulation (mod_ratio=0.99 <= 1.0)
760345702,739783171,810753199,951850051,DG,45,4.444,0.0,0.0,,,,0.0,0.067,0.0,,0.24376,-0.264,0.0,"{""1.0"": {""evoked_rate_hz"": 0.0, ""baseline_rate_hz"": 4.44, ""reliability"": 0.0, ""modulation_ratio"": 0.0, ""median_latency_ms"": null}, ""2.5"": {""evoked_rate_hz"": 0.0, ""baseline_rate_hz"": 8.89, ""reliability"": 0.0, ""modulation_ratio"": 0.0, ""median_latency_ms"": null}, ""4.0"": {""evoked_rate_hz"": 0.0, ""baseline_rate_hz"": 0.0, ""reliability"": 0.0, ""modulation_ratio"": 0.0, ""median_latency_ms"": null}}",False,1.0,not light responsive,0.95,Not statistically significant (p=0.2438 >= 0.05); No positive modulation (mod_ratio=0.00 <= 1.0); Very low reliability (0.00 < 0.05)
760345702,739783171,810753199,951850003,DG,45,0.0,0.0,0.0,,,,0.0,0.0,0.0,,1.0,0.0,0.0,"{""1.0"": {""evoked_rate_hz"": 0.0, ""baseline_rate_hz"": 0.0, ""reliability"": 0.0, ""modulation_ratio"": 0.0, ""median_latency_ms"": null}, ""2.5"": {""evoked_rate_hz"": 0.0, ""baseline_rate_hz"": 0.0, ""reliability"": 0.0, ""modulation_ratio"": 0.0, ""median_latency_ms"": null}, ""4.0"": {""evoked_rate_hz"": 0.0, ""baseline_rate_hz"": 0.0, ""reliability"": 0.0, ""modulation_ratio"": 0.0, ""median_latency_ms"": null}}",False,1.0,insufficient evidence,0.0,Insufficient trial count (<10) or zero spikes recorded
760345702,739783171,810753199,951849983,DG,45,0.0,0.0,0.0,,,,0.0,0.0,0.0,,1.0,0.0,0.0,"{""1.0"": {""evoked_rate_hz"": 0.0, ""baseline_rate_hz"": 0.0, ""reliability"": 0.0, ""modulation_ratio"": 0.0, ""median_latency_ms"": null}, ""2.5"": {""evoked_rate_hz"": 0.0, ""baseline_rate_hz"": 0.0, ""reliability"": 0.0, ""modulation_ratio"": 0.0, ""median_latency_ms"": null}, ""4.0"": {""evoked_rate_hz"": 0.0, ""baseline_rate_hz"": 0.0, ""reliability"": 0.0, ""modulation_ratio"": 0.0, ""median_latency_ms"": null}}",False,1.0,insufficient evidence,0.0,Insufficient trial count (<10) or zero spikes recorded
760345702,739783171,810753199,951850084,DG,45,0.0,0.0,0.0,,,,0.0,0.0,0.0,,1.0,0.0,0.0,"{""1.0"": {""evoked_rate_hz"": 0.0, ""baseline_rate_hz"": 0.0, ""reliability"": 0.0, ""modulation_ratio"": 0.0, ""median_latency_ms"": null}, ""2.5"": {""evoked_rate_hz"": 0.0, ""baseline_rate_hz"": 0.0, ""reliability"": 0.0, ""modulation_ratio"": 0.0, ""median_latency_ms"": null}, ""4.0"": {""evoked_rate_hz"": 0.0, ""baseline_rate_hz"": 0.0, ""reliability"": 0.0, ""modulation_ratio"": 0.0, ""median_latency_ms"": null}}",False,1.0,insufficient evidence,0.0,Insufficient trial count (<10) or zero spikes recorded
760345702,739783171,810753199,951850122,CA1,45,0.0,0.0,0.0,,,,0.0,0.0,0.0,,1.0,0.0,0.0,"{""1.0"": {""evoked_rate_hz"": 0.0, ""baseline_rate_hz"": 0.0, ""reliability"": 0.0, ""modulation_ratio"": 0.0, ""median_latency_ms"": null}, ""2.5"": {""evoked_rate_hz"": 0.0, ""baseline_rate_hz"": 0.0, ""reliability"": 0.0, ""modulation_ratio"": 0.0, ""median_latency_ms"": null}, ""4.0"": {""evoked_rate_hz"": 0.0, ""baseline_rate_hz"": 0.0, ""reliability"": 0.0, ""modulation_ratio"": 0.0, ""median_latency_ms"": null}}",False,1.0,insufficient evidence,0.0,Insufficient trial count (<10) or zero spikes recorded
760345702,739783171,810753199,951850103,CA1,45,2.963,2.778,0.701,5.925,0.0,0.0,0.022,0.022,1.0,0.0,1.0,-0.014,2.7778,"{""1.0"": {""evoked_rate_hz"": 0.0, ""baseline_rate_hz"": 0.0, ""reliability"": 0.0, ""modulation_ratio"": 0.0, ""median_latency_ms"": null}, ""2.5"": {""evoked_rate_hz"": 0.0, ""baseline_rate_hz"": 4.44, ""reliability"": 0.0, ""modulation_ratio"": 0.0, ""median_latency_ms"": null}, ""4.0"": {""evoked_rate_hz"": 8.33, ""baseline_rate_hz"": 4.44, ""reliability"": 0.067, ""modulation_ratio"": 1.53, ""median_latency_ms"": 5.93}}",False,1.0,not light responsive,0.95,Not statistically significant (p=1.0000 >= 0.05); No positive modulation (mod_ratio=0.70 <= 1.0); Very low reliability (0.02 < 0.05)
760345702,739783171,810753199,951850182,CA1,45,10.37,5.556,0.489,5.634,4.088,2.891,0.044,0.089,0.977,0.726,0.22777,-0.166,5.5556,"{""1.0"": {""evoked_rate_hz"": 0.0, ""baseline_rate_hz"": 4.44, ""reliability"": 0.0, ""modulation_ratio"": 0.0, ""median_latency_ms"": null}, ""2.5"": {""evoked_rate_hz"": 0.0, ""baseline_rate_hz"": 13.33, ""reliability"": 0.0, ""modulation_ratio"": 0.0, ""median_latency_ms"": null}, ""4.0"": {""evoked_rate_hz"": 16.67, ""baseline_rate_hz"": 13.33, ""reliability"": 0.133, ""modulation_ratio"": 1.16, ""median_latency_ms"": 5.63}}",False,-0.991,not light responsive,0.95,Not statistically significant (p=0.2278 >= 0.05); No positive modulation (mod_ratio=0.49 <= 1.0); Very low reliability (0.04 < 0.05)
760345702,739783171,810753199,951852768,CA1,45,0.0,0.0,0.0,,,,0.0,0.0,0.0,,1.0,0.0,0.0,"{""1.0"": {""evoked_rate_hz"": 0.0, ""baseline_rate_hz"": 0.0, ""reliability"": 0.0, ""modulation_ratio"": 0.0, ""median_latency_ms"": null}, ""2.5"": {""evoked_rate_hz"": 0.0, ""baseline_rate_hz"": 0.0, ""reliability"": 0.0, ""modulation_ratio"": 0.0, ""median_latency_ms"": null}, ""4.0"": {""evoked_rate_hz"": 0.0, ""baseline_rate_hz"": 0.0, ""reliability"": 0.0, ""modulation_ratio"": 0.0, ""median_latency_ms"": null}}",False,1.0,insufficient evidence,0.0,Insufficient trial count (<10) or zero spikes recorded
760345702,739783171,810753199,951850190,CA1,45,2.963,2.778,0.701,4.859,0.0,0.0,0.022,0.022,1.0,0.0,1.0,-0.008,0.0,"{""1.0"": {""evoked_rate_hz"": 0.0, ""baseline_rate_hz"": 4.44, ""reliability"": 0.0, ""modulation_ratio"": 0.0, ""median_latency_ms"": null}, ""2.5"": {""evoked_rate_hz"": 8.33, ""baseline_rate_hz"": 4.44, ""reliability"": 0.067, ""modulation_ratio"": 1.53, ""median_latency_ms"": 4.86}, ""4.0"": {""evoked_rate_hz"": 0.0, ""baseline_rate_hz"": 0.0, ""reliability"": 0.0, ""modulation_ratio"": 0.0, ""median_latency_ms"": null}}",False,-2.982,not light responsive,0.95,Not statistically significant (p=1.0000 >= 0.05); No positive modulation (mod_ratio=0.70 <= 1.0); Very low reliability (0.02 < 0.05)
760345702,739783171,810753199,951853067,CA1,45,5.926,2.778,0.401,5.758,0.0,0.0,0.022,0.022,1.0,0.0,0.74126,-0.086,2.7778,"{""1.0"": {""evoked_rate_hz"": 0.0, ""baseline_rate_hz"": 0.0, ""reliability"": 0.0, ""modulation_ratio"": 0.0, ""median_latency_ms"": null}, ""2.5"": {""evoked_rate_hz"": 0.0, ""baseline_rate_hz"": 17.78, ""reliability"": 0.0, ""modulation_ratio"": 0.0, ""median_latency_ms"": null}, ""4.0"": {""evoked_rate_hz"": 8.33, ""baseline_rate_hz"": 0.0, ""reliability"": 0.067, ""modulation_ratio"": 8.33, ""median_latency_ms"": 5.76}}",False,0.667,not light responsive,0.95,Not statistically significant (p=0.7413 >= 0.05); No positive modulation (mod_ratio=0.40 <= 1.0); Very low reliability (0.02 < 0.05)
760345702,739783171,810753199,951850199,CA1,45,0.0,2.778,2.778,2.026,0.0,0.0,0.022,0.0,1.0,0.0,1.0,0.149,2.7778,"{""1.0"": {""evoked_rate_hz"": 0.0, ""baseline_rate_hz"": 0.0, ""reliability"": 0.0, ""modulation_ratio"": 0.0, ""median_latency_ms"": null}, ""2.5"": {""evoked_rate_hz"": 0.0, ""baseline_rate_hz"": 0.0, ""reliability"": 0.0, ""modulation_ratio"": 0.0, ""median_latency_ms"": null}, ""4.0"": {""evoked_rate_hz"": 8.33, ""baseline_rate_hz"": 0.0, ""reliability"": 0.067, ""modulation_ratio"": 8.33, ""median_latency_ms"": 2.03}}",False,-221.222,not light responsive,0.95,Not statistically significant (p=1.0000 >= 0.05); Very low reliability (0.02 < 0.05)
760345702,739783171,810753199,951850230,CA1,45,10.37,22.222,1.954,4.47,1.96,2.37,0.178,0.089,0.841,0.386,0.18482,0.23,13.8889,"{""1.0"": {""evoked_rate_hz"": 8.33, ""baseline_rate_hz"": 4.44, ""reliability"": 0.067, ""modulation_ratio"": 1.53, ""median_latency_ms"": 4.5}, ""2.5"": {""evoked_rate_hz"": 8.33, ""baseline_rate_hz"": 8.89, ""reliability"": 0.067, ""modulation_ratio"": 0.84, ""median_latency_ms"": 6.02}, ""4.0"": {""evoked_rate_hz"": 50.0, ""baseline_rate_hz"": 17.78, ""reliability"": 0.4, ""modulation_ratio"": 2.66, ""median_latency_ms"": 4.34}}",False,0.5,not light responsive,0.822,Not statistically significant (p=0.1848 >= 0.05)
760345702,739783171,810753199,951850207,CA1,45,7.407,2.778,0.33,5.76,0.0,0.0,0.022,0.044,1.0,0.0,0.52248,-0.155,2.7778,"{""1.0"": {""evoked_rate_hz"": 0.0, ""baseline_rate_hz"": 13.33, ""reliability"": 0.0, ""modulation_ratio"": 0.0, ""median_latency_ms"": null}, ""2.5"": {""evoked_rate_hz"": 0.0, ""baseline_rate_hz"": 0.0, ""reliability"": 0.0, ""modulation_ratio"": 0.0, ""median_latency_ms"": null}, ""4.0"": {""evoked_rate_hz"": 8.33, ""baseline_rate_hz"": 8.89, ""reliability"": 0.067, ""modulation_ratio"": 0.84, ""median_latency_ms"": 5.76}}",False,1.0,not light responsive,0.95,Not statistically significant (p=0.5225 >= 0.05); No positive modulation (mod_ratio=0.33 <= 1.0); Very low reliability (0.02 < 0.05)
760345702,739783171,810753199,951850247,CA1,45,34.074,30.556,0.871,3.625,2.562,4.067,0.244,0.356,0.773,0.53,0.73526,-0.057,5.5556,"{""1.0"": {""evoked_rate_hz"": 16.67, ""baseline_rate_hz"": 26.67, ""reliability"": 0.133, ""modulation_ratio"": 0.6, ""median_latency_ms"": 2.98}, ""2.5"": {""evoked_rate_hz"": 41.67, ""baseline_rate_hz"": 35.56, ""reliability"": 0.333, ""modulation_ratio"": 1.14, ""median_latency_ms"": 6.52}, ""4.0"": {""evoked_rate_hz"": 33.33, ""baseline_rate_hz"": 40.0, ""reliability"": 0.267, ""modulation_ratio"": 0.81, ""median_latency_ms"": 4.98}}",False,-0.299,not light responsive,0.756,Not statistically significant (p=0.7353 >= 0.05); No positive modulation (mod_ratio=0.87 <= 1.0)
760345702,739783171,810753199,951850238,CA1,45,2.963,0.0,0.0,,,,0.0,0.044,0.0,,0.47852,-0.213,0.0,"{""1.0"": {""evoked_rate_hz"": 0.0, ""baseline_rate_hz"": 0.0, ""reliability"": 0.0, ""modulation_ratio"": 0.0, ""median_latency_ms"": null}, ""2.5"": {""evoked_rate_hz"": 0.0, ""baseline_rate_hz"": 4.44, ""reliability"": 0.0, ""modulation_ratio"": 0.0, ""median_latency_ms"": null}, ""4.0"": {""evoked_rate_hz"": 0.0, ""baseline_rate_hz"": 4.44, ""reliability"": 0.0, ""modulation_ratio"": 0.0, ""median_latency_ms"": null}}",False,1.0,not light responsive,0.95,Not statistically significant (p=0.4785 >= 0.05); No positive modulation (mod_ratio=0.00 <= 1.0); Very low reliability (0.00 < 0.05)
760345702,739783171,810753199,951852780,CA1,45,11.852,8.333,0.648,5.825,1.418,1.339,0.067,0.089,0.955,0.268,0.44655,-0.097,2.7778,"{""1.0"": {""evoked_rate_hz"": 8.33, ""baseline_rate_hz"": 8.89, ""reliability"": 0.067, ""modulation_ratio"": 0.84, ""median_latency_ms"": 6.35}, ""2.5"": {""evoked_rate_hz"": 0.0, ""baseline_rate_hz"": 4.44, ""reliability"": 0.0, ""modulation_ratio"": 0.0, ""median_latency_ms"": null}, ""4.0"": {""evoked_rate_hz"": 16.67, ""baseline_rate_hz"": 22.22, ""reliability"": 0.133, ""modulation_ratio"": 0.72, ""median_latency_ms"": 4.75}}",False,0.004,not light responsive,0.933,Not statistically significant (p=0.4466 >= 0.05); No positive modulation (mod_ratio=0.65 <= 1.0)
760345702,739783171,810753199,951850255,CA1,45,17.778,11.111,0.592,6.731,2.738,3.664,0.089,0.156,0.932,0.446,0.30769,-0.142,0.0,"{""1.0"": {""evoked_rate_hz"": 16.67, ""baseline_rate_hz"": 13.33, ""reliability"": 0.133, ""modulation_ratio"": 1.16, ""median_latency_ms"": 6.85}, ""2.5"": {""evoked_rate_hz"": 0.0, ""baseline_rate_hz"": 8.89, ""reliability"": 0.0, ""modulation_ratio"": 0.0, ""median_latency_ms"": null}, ""4.0"": {""evoked_rate_hz"": 16.67, ""baseline_rate_hz"": 31.11, ""reliability"": 0.133, ""modulation_ratio"": 0.52, ""median_latency_ms"": 5.43}}",False,0.001,not light responsive,0.911,Not statistically significant (p=0.3077 >= 0.05); No positive modulation (mod_ratio=0.59 <= 1.0)
760345702,739783171,810753199,951850366,CA1,45,1.481,0.0,0.0,,,,0.0,0.0,0.0,,1.0,-0.149,0.0,"{""1.0"": {""evoked_rate_hz"": 0.0, ""baseline_rate_hz"": 4.44, ""reliability"": 0.0, ""modulation_ratio"": 0.0, ""median_latency_ms"": null}, ""2.5"": {""evoked_rate_hz"": 0.0, ""baseline_rate_hz"": 0.0, ""reliability"": 0.0, ""modulation_ratio"": 0.0, ""median_latency_ms"": null}, ""4.0"": {""evoked_rate_hz"": 0.0, ""baseline_rate_hz"": 0.0, ""reliability"": 0.0, ""modulation_ratio"": 0.0, ""median_latency_ms"": null}}",False,0.004,not light responsive,0.95,Not statistically significant (p=1.0000 >= 0.05); No positive modulation (mod_ratio=0.00 <= 1.0); Very low reliability (0.00 < 0.05)
760345702,739783171,810753199,951850449,CA1,45,5.926,5.556,0.802,4.621,2.305,1.63,0.044,0.022,0.977,0.499,0.82318,-0.014,0.0,"{""1.0"": {""evoked_rate_hz"": 0.0, ""baseline_rate_hz"": 4.44, ""reliability"": 0.0, ""modulation_ratio"": 0.0, ""median_latency_ms"": null}, ""2.5"": {""evoked_rate_hz"": 16.67, ""baseline_rate_hz"": 8.89, ""reliability"": 0.133, ""modulation_ratio"": 1.69, ""median_latency_ms"": 4.62}, ""4.0"": {""evoked_rate_hz"": 0.0, ""baseline_rate_hz"": 4.44, ""reliability"": 0.0, ""modulation_ratio"": 0.0, ""median_latency_ms"": null}}",False,0.667,not light responsive,0.95,Not statistically significant (p=0.8232 >= 0.05); No positive modulation (mod_ratio=0.80 <= 1.0); Very low reliability (0.04 < 0.05)
760345702,739783171,810753199,951850483,CA1,45,2.963,0.0,0.0,,,,0.0,0.022,0.0,,0.52248,-0.213,0.0,"{""1.0"": {""evoked_rate_hz"": 0.0, ""baseline_rate_hz"": 8.89, ""reliability"": 0.0, ""modulation_ratio"": 0.0, ""median_latency_ms"": null}, ""2.5"": {""evoked_rate_hz"": 0.0, ""baseline_rate_hz"": 0.0, ""reliability"": 0.0, ""modulation_ratio"": 0.0, ""median_latency_ms"": null}, ""4.0"": {""evoked_rate_hz"": 0.0, ""baseline_rate_hz"": 0.0, ""reliability"": 0.0, ""modulation_ratio"": 0.0, ""median_latency_ms"": null}}",False,1.0,not light responsive,0.95,Not statistically significant (p=0.5225 >= 0.05); No positive modulation (mod_ratio=0.00 <= 1.0); Very low reliability (0.00 < 0.05)
760345702,739783171,810753199,951850529,CA1,45,14.815,16.667,1.054,4.917,2.485,2.53,0.133,0.111,0.886,0.495,0.85914,0.035,2.7778,"{""1.0"": {""evoked_rate_hz"": 0.0, ""baseline_rate_hz"": 13.33, ""reliability"": 0.0, ""modulation_ratio"": 0.0, ""median_latency_ms"": null}, ""2.5"": {""evoked_rate_hz"": 41.67, ""baseline_rate_hz"": 13.33, ""reliability"": 0.333, ""modulation_ratio"": 2.91, ""median_latency_ms"": 4.59}, ""4.0"": {""evoked_rate_hz"": 8.33, ""baseline_rate_hz"": 17.78, ""reliability"": 0.067, ""modulation_ratio"": 0.44, ""median_latency_ms"": 6.94}}",False,0.4,not light responsive,0.867,Not statistically significant (p=0.8591 >= 0.05)
760345702,739783171,810753199,951850522,CA1,45,0.0,0.0,0.0,,,,0.0,0.0,0.0,,1.0,0.0,0.0,"{""1.0"": {""evoked_rate_hz"": 0.0, ""baseline_rate_hz"": 0.0, ""reliability"": 0.0, ""modulation_ratio"": 0.0, ""median_latency_ms"": null}, ""2.5"": {""evoked_rate_hz"": 0.0, ""baseline_rate_hz"": 0.0, ""reliability"": 0.0, ""modulation_ratio"": 0.0, ""median_latency_ms"": null}, ""4.0"": {""evoked_rate_hz"": 0.0, ""baseline_rate_hz"": 0.0, ""reliability"": 0.0, ""modulation_ratio"": 0.0, ""median_latency_ms"": null}}",False,1.0,insufficient evidence,0.0,Insufficient trial count (<10) or zero spikes recorded
760345702,739783171,810753199,951850614,CA1,45,1.481,5.556,2.239,5.569,0.225,0.159,0.044,0.0,0.977,0.04,0.4975,0.145,0.0,"{""1.0"": {""evoked_rate_hz"": 8.33, ""baseline_rate_hz"": 0.0, ""reliability"": 0.067, ""modulation_ratio"": 8.33, ""median_latency_ms"": 5.73}, ""2.5"": {""evoked_rate_hz"": 0.0, ""baseline_rate_hz"": 4.44, ""reliability"": 0.0, ""modulation_ratio"": 0.0, ""median_latency_ms"": null}, ""4.0"": {""evoked_rate_hz"": 8.33, ""baseline_rate_hz"": 0.0, ""reliability"": 0.067, ""modulation_ratio"": 8.33, ""median_latency_ms"": 5.41}}",False,-0.991,not light responsive,0.95,Not statistically significant (p=0.4975 >= 0.05); Very low reliability (0.04 < 0.05)
760345702,739783171,810753199,951850596,CA1,45,0.0,0.0,0.0,,,,0.0,0.0,0.0,,1.0,0.0,0.0,"{""1.0"": {""evoked_rate_hz"": 0.0, ""baseline_rate_hz"": 0.0, ""reliability"": 0.0, ""modulation_ratio"": 0.0, ""median_latency_ms"": null}, ""2.5"": {""evoked_rate_hz"": 0.0, ""baseline_rate_hz"": 0.0, ""reliability"": 0.0, ""modulation_ratio"": 0.0, ""median_latency_ms"": null}, ""4.0"": {""evoked_rate_hz"": 0.0, ""baseline_rate_hz"": 0.0, ""reliability"": 0.0, ""modulation_ratio"": 0.0, ""median_latency_ms"": null}}",False,0.667,insufficient evidence,0.0,Insufficient trial count (<10) or zero spikes recorded
760345702,739783171,810753199,951850631,CA1,45,1.481,2.778,1.119,4.053,0.0,0.0,0.022,0.0,1.0,0.0,1.0,0.061,2.7778,"{""1.0"": {""evoked_rate_hz"": 0.0, ""baseline_rate_hz"": 0.0, ""reliability"": 0.0, ""modulation_ratio"": 0.0, ""median_latency_ms"": null}, ""2.5"": {""evoked_rate_hz"": 0.0, ""baseline_rate_hz"": 0.0, ""reliability"": 0.0, ""modulation_ratio"": 0.0, ""median_latency_ms"": null}, ""4.0"": {""evoked_rate_hz"": 8.33, ""baseline_rate_hz"": 4.44, ""reliability"": 0.067, ""modulation_ratio"": 1.53, ""median_latency_ms"": 4.05}}",False,1.0,not light responsive,0.95,Not statistically significant (p=1.0000 >= 0.05); Very low reliability (0.02 < 0.05)
760345702,739783171,810753199,951850684,CA1,45,1.481,0.0,0.0,,,,0.0,0.022,0.0,,1.0,-0.149,0.0,"{""1.0"": {""evoked_rate_hz"": 0.0, ""baseline_rate_hz"": 0.0, ""reliability"": 0.0, ""modulation_ratio"": 0.0, ""median_latency_ms"": null}, ""2.5"": {""evoked_rate_hz"": 0.0, ""baseline_rate_hz"": 4.44, ""reliability"": 0.0, ""modulation_ratio"": 0.0, ""median_latency_ms"": null}, ""4.0"": {""evoked_rate_hz"": 0.0, ""baseline_rate_hz"": 0.0, ""reliability"": 0.0, ""modulation_ratio"": 0.0, ""median_latency_ms"": null}}",False,0.004,not light responsive,0.95,Not statistically significant (p=1.0000 >= 0.05); No positive modulation (mod_ratio=0.00 <= 1.0); Very low reliability (0.00 < 0.05)
760345702,739783171,810753199,951850675,CA1,45,11.852,16.667,1.297,5.096,2.59,3.403,0.133,0.067,0.886,0.527,0.57143,0.108,-8.3333,"{""1.0"": {""evoked_rate_hz"": 33.33, ""baseline_rate_hz"": 4.44, ""reliability"": 0.267, ""modulation_ratio"": 6.12, ""median_latency_ms"": 5.74}, ""2.5"": {""evoked_rate_hz"": 8.33, ""baseline_rate_hz"": 22.22, ""reliability"": 0.067, ""modulation_ratio"": 0.36, ""median_latency_ms"": 5.69}, ""4.0"": {""evoked_rate_hz"": 8.33, ""baseline_rate_hz"": 8.89, ""reliability"": 0.067, ""modulation_ratio"": 0.84, ""median_latency_ms"": 1.29}}",False,0.001,not light responsive,0.867,Not statistically significant (p=0.5714 >= 0.05)
760345702,739783171,810753199,951850656,CA1,45,4.444,0.0,0.0,,,,0.0,0.067,0.0,,0.27273,-0.264,0.0,"{""1.0"": {""evoked_rate_hz"": 0.0, ""baseline_rate_hz"": 8.89, ""reliability"": 0.0, ""modulation_ratio"": 0.0, ""median_latency_ms"": null}, ""2.5"": {""evoked_rate_hz"": 0.0, ""baseline_rate_hz"": 4.44, ""reliability"": 0.0, ""modulation_ratio"": 0.0, ""median_latency_ms"": null}, ""4.0"": {""evoked_rate_hz"": 0.0, ""baseline_rate_hz"": 0.0, ""reliability"": 0.0, ""modulation_ratio"": 0.0, ""median_latency_ms"": null}}",False,1.0,not light responsive,0.95,Not statistically significant (p=0.2727 >= 0.05); No positive modulation (mod_ratio=0.00 <= 1.0); Very low reliability (0.00 < 0.05)
760345702,739783171,810753199,951850639,CA1,45,0.0,2.778,2.778,7.061,0.0,0.0,0.022,0.0,1.0,0.0,1.0,0.149,-2.7778,"{""1.0"": {""evoked_rate_hz"": 8.33, ""baseline_rate_hz"": 0.0, ""reliability"": 0.067, ""modulation_ratio"": 8.33, ""median_latency_ms"": 7.06}, ""2.5"": {""evoked_rate_hz"": 0.0, ""baseline_rate_hz"": 0.0, ""reliability"": 0.0, ""modulation_ratio"": 0.0, ""median_latency_ms"": null}, ""4.0"": {""evoked_rate_hz"": 0.0, ""baseline_rate_hz"": 0.0, ""reliability"": 0.0, ""modulation_ratio"": 0.0, ""median_latency_ms"": null}}",False,1.0,not light responsive,0.95,Not statistically significant (p=1.0000 >= 0.05); Very low reliability (0.02 < 0.05)
760345702,739783171,810753199,951850721,CA1,45,8.889,22.222,2.247,3.943,2.133,2.326,0.178,0.067,0.841,0.521,0.14785,0.248,-5.5556,"{""1.0"": {""evoked_rate_hz"": 33.33, ""baseline_rate_hz"": 4.44, ""reliability"": 0.267, ""modulation_ratio"": 6.12, ""median_latency_ms"": 5.06}, ""2.5"": {""evoked_rate_hz"": 16.67, ""baseline_rate_hz"": 8.89, ""reliability"": 0.133, ""modulation_ratio"": 1.69, ""median_latency_ms"": 2.13}, ""4.0"": {""evoked_rate_hz"": 16.67, ""baseline_rate_hz"": 13.33, ""reliability"": 0.133, ""modulation_ratio"": 1.16, ""median_latency_ms"": 4.08}}",False,0.334,not light responsive,0.822,Not statistically significant (p=0.1479 >= 0.05)
760345702,739783171,810753199,951850702,CA1,45,10.37,13.889,1.221,3.593,2.386,0.711,0.111,0.156,0.909,0.608,0.67732,0.085,8.3333,"{""1.0"": {""evoked_rate_hz"": 8.33, ""baseline_rate_hz"": 17.78, ""reliability"": 0.067, ""modulation_ratio"": 0.44, ""median_latency_ms"": 3.71}, ""2.5"": {""evoked_rate_hz"": 0.0, ""baseline_rate_hz"": 8.89, ""reliability"": 0.0, ""modulation_ratio"": 0.0, ""median_latency_ms"": null}, ""4.0"": {""evoked_rate_hz"": 33.33, ""baseline_rate_hz"": 4.44, ""reliability"": 0.267, ""modulation_ratio"": 6.12, ""median_latency_ms"": 3.3}}",False,-0.991,not light responsive,0.889,Not statistically significant (p=0.6773 >= 0.05)
760345702,739783171,810753199,951850818,CA1,45,4.444,5.556,1.02,5.686,2.906,2.055,0.044,0.022,0.977,0.511,1.0,0.035,2.7778,"{""1.0"": {""evoked_rate_hz"": 0.0, ""baseline_rate_hz"": 4.44, ""reliability"": 0.0, ""modulation_ratio"": 0.0, ""median_latency_ms"": null}, ""2.5"": {""evoked_rate_hz"": 8.33, ""baseline_rate_hz"": 8.89, ""reliability"": 0.067, ""modulation_ratio"": 0.84, ""median_latency_ms"": 7.74}, ""4.0"": {""evoked_rate_hz"": 8.33, ""baseline_rate_hz"": 0.0, ""reliability"": 0.067, ""modulation_ratio"": 8.33, ""median_latency_ms"": 3.63}}",False,1.0,not light responsive,0.95,Not statistically significant (p=1.0000 >= 0.05); Very low reliability (0.04 < 0.05)
760345702,739783171,810753199,951850875,CA1,45,2.963,13.889,3.505,6.73,2.885,3.9,0.111,0.022,0.909,0.546,0.15884,0.254,2.7778,"{""1.0"": {""evoked_rate_hz"": 8.33, ""baseline_rate_hz"": 8.89, ""reliability"": 0.067, ""modulation_ratio"": 0.84, ""median_latency_ms"": 8.4}, ""2.5"": {""evoked_rate_hz"": 16.67, ""baseline_rate_hz"": 0.0, ""reliability"": 0.133, ""modulation_ratio"": 16.67, ""median_latency_ms"": 4.83}, ""4.0"": {""evoked_rate_hz"": 16.67, ""baseline_rate_hz"": 0.0, ""reliability"": 0.133, ""modulation_ratio"": 16.67, ""median_latency_ms"": 4.17}}",False,1.0,not light responsive,0.889,Not statistically significant (p=0.1588 >= 0.05)
760345702,739783171,810753199,951850913,CA1,45,2.963,5.556,1.402,5.624,1.815,1.283,0.044,0.022,0.977,0.323,0.73726,0.113,-2.7778,"{""1.0"": {""evoked_rate_hz"": 8.33, ""baseline_rate_hz"": 4.44, ""reliability"": 0.067, ""modulation_ratio"": 1.53, ""median_latency_ms"": 6.91}, ""2.5"": {""evoked_rate_hz"": 8.33, ""baseline_rate_hz"": 0.0, ""reliability"": 0.067, ""modulation_ratio"": 8.33, ""median_latency_ms"": 4.34}, ""4.0"": {""evoked_rate_hz"": 0.0, ""baseline_rate_hz"": 4.44, ""reliability"": 0.0, ""modulation_ratio"": 0.0, ""median_latency_ms"": null}}",False,0.004,not light responsive,0.95,Not statistically significant (p=0.7373 >= 0.05); Very low reliability (0.04 < 0.05)
760345702,739783171,810753199,951850959,CA1,45,26.667,13.889,0.502,2.92,3.46,6.324,0.111,0.244,0.909,0.74,0.05994,-0.292,2.7778,"{""1.0"": {""evoked_rate_hz"": 8.33, ""baseline_rate_hz"": 31.11, ""reliability"": 0.067, ""modulation_ratio"": 0.26, ""median_latency_ms"": 2.92}, ""2.5"": {""evoked_rate_hz"": 16.67, ""baseline_rate_hz"": 31.11, ""reliability"": 0.133, ""modulation_ratio"": 0.52, ""median_latency_ms"": 1.8}, ""4.0"": {""evoked_rate_hz"": 16.67, ""baseline_rate_hz"": 17.78, ""reliability"": 0.133, ""modulation_ratio"": 0.89, ""median_latency_ms"": 8.43}}",False,-1.993,not light responsive,0.889,Not statistically significant (p=0.0599 >= 0.05); No positive modulation (mod_ratio=0.50 <= 1.0)
760345702,739783171,810753199,951850953,CA1,45,5.926,13.889,2.005,2.711,3.405,3.05,0.089,0.022,1.318,0.892,0.34466,0.175,0.0,"{""1.0"": {""evoked_rate_hz"": 8.33, ""baseline_rate_hz"": 8.89, ""reliability"": 0.067, ""modulation_ratio"": 0.84, ""median_latency_ms"": 8.71}, ""2.5"": {""evoked_rate_hz"": 25.0, ""baseline_rate_hz"": 4.44, ""reliability"": 0.133, ""modulation_ratio"": 4.59, ""median_latency_ms"": 2.71}, ""4.0"": {""evoked_rate_hz"": 8.33, ""baseline_rate_hz"": 4.44, ""reliability"": 0.067, ""modulation_ratio"": 1.53, ""median_latency_ms"": 1.13}}",False,1.0,not light responsive,0.911,Not statistically significant (p=0.3447 >= 0.05)
760345702,739783171,810753199,951851095,VISp,45,7.407,2.778,0.33,7.641,0.0,0.0,0.022,0.067,1.0,0.0,0.21279,-0.16,0.0,"{""1.0"": {""evoked_rate_hz"": 0.0, ""baseline_rate_hz"": 8.89, ""reliability"": 0.0, ""modulation_ratio"": 0.0, ""median_latency_ms"": null}, ""2.5"": {""evoked_rate_hz"": 8.33, ""baseline_rate_hz"": 8.89, ""reliability"": 0.067, ""modulation_ratio"": 0.84, ""median_latency_ms"": 7.64}, ""4.0"": {""evoked_rate_hz"": 0.0, ""baseline_rate_hz"": 4.44, ""reliability"": 0.0, ""modulation_ratio"": 0.0, ""median_latency_ms"": null}}",False,-6.964,not light responsive,0.95,Not statistically significant (p=0.2128 >= 0.05); No positive modulation (mod_ratio=0.33 <= 1.0); Very low reliability (0.02 < 0.05)
760345702,739783171,810753199,951851008,VISp,45,14.815,13.889,0.878,6.164,2.706,3.784,0.111,0.089,0.909,0.566,0.85015,-0.018,2.7778,"{""1.0"": {""evoked_rate_hz"": 8.33, ""baseline_rate_hz"": 26.67, ""reliability"": 0.067, ""modulation_ratio"": 0.3, ""median_latency_ms"": 7.29}, ""2.5"": {""evoked_rate_hz"": 16.67, ""baseline_rate_hz"": 4.44, ""reliability"": 0.133, ""modulation_ratio"": 3.06, ""median_latency_ms"": 1.93}, ""4.0"": {""evoked_rate_hz"": 16.67, ""baseline_rate_hz"": 13.33, ""reliability"": 0.133, ""modulation_ratio"": 1.16, ""median_latency_ms"": 6.38}}",False,0.667,not light responsive,0.889,Not statistically significant (p=0.8501 >= 0.05); No positive modulation (mod_ratio=0.88 <= 1.0)
760345702,739783171,810753199,951851120,VISp,45,4.444,2.778,0.51,4.21,0.0,0.0,0.022,0.022,1.0,0.0,0.6024,-0.065,2.7778,"{""1.0"": {""evoked_rate_hz"": 0.0, ""baseline_rate_hz"": 8.89, ""reliability"": 0.0, ""modulation_ratio"": 0.0, ""median_latency_ms"": null}, ""2.5"": {""evoked_rate_hz"": 0.0, ""baseline_rate_hz"": 0.0, ""reliability"": 0.0, ""modulation_ratio"": 0.0, ""median_latency_ms"": null}, ""4.0"": {""evoked_rate_hz"": 8.33, ""baseline_rate_hz"": 4.44, ""reliability"": 0.067, ""modulation_ratio"": 1.53, ""median_latency_ms"": 4.21}}",False,-665.667,not light responsive,0.95,Not statistically significant (p=0.6024 >= 0.05); No positive modulation (mod_ratio=0.51 <= 1.0); Very low reliability (0.02 < 0.05)
760345702,739783171,810753199,951851233,VISp,45,11.852,2.778,0.216,8.33,0.0,0.0,0.022,0.044,1.0,0.0,0.04695,-0.276,-2.7778,"{""1.0"": {""evoked_rate_hz"": 8.33, ""baseline_rate_hz"": 8.89, ""reliability"": 0.067, ""modulation_ratio"": 0.84, ""median_latency_ms"": 8.33}, ""2.5"": {""evoked_rate_hz"": 0.0, ""baseline_rate_hz"": 13.33, ""reliability"": 0.0, ""modulation_ratio"": 0.0, ""median_latency_ms"": null}, ""4.0"": {""evoked_rate_hz"": 0.0, ""baseline_rate_hz"": 13.33, ""reliability"": 0.0, ""modulation_ratio"": 0.0, ""median_latency_ms"": null}}",False,-0.664,not light responsive,0.95,Not statistically significant (p=0.0469 >= 0.05); No positive modulation (mod_ratio=0.22 <= 1.0); Very low reliability (0.02 < 0.05)
760345702,739783171,810753199,951851300,VISp,45,0.0,0.0,0.0,,,,0.0,0.0,0.0,,1.0,0.0,0.0,"{""1.0"": {""evoked_rate_hz"": 0.0, ""baseline_rate_hz"": 0.0, ""reliability"": 0.0, ""modulation_ratio"": 0.0, ""median_latency_ms"": null}, ""2.5"": {""evoked_rate_hz"": 0.0, ""baseline_rate_hz"": 0.0, ""reliability"": 0.0, ""modulation_ratio"": 0.0, ""median_latency_ms"": null}, ""4.0"": {""evoked_rate_hz"": 0.0, ""baseline_rate_hz"": 0.0, ""reliability"": 0.0, ""modulation_ratio"": 0.0, ""median_latency_ms"": null}}",False,1.0,insufficient evidence,0.0,Insufficient trial count (<10) or zero spikes recorded
760345702,739783171,810753199,951851311,VISp,45,22.222,11.111,0.478,4.265,1.558,1.563,0.089,0.156,0.932,0.379,0.16084,-0.202,-2.7778,"{""1.0"": {""evoked_rate_hz"": 16.67, ""baseline_rate_hz"": 17.78, ""reliability"": 0.133, ""modulation_ratio"": 0.89, ""median_latency_ms"": 3.96}, ""2.5"": {""evoked_rate_hz"": 8.33, ""baseline_rate_hz"": 26.67, ""reliability"": 0.067, ""modulation_ratio"": 0.3, ""median_latency_ms"": 3.84}, ""4.0"": {""evoked_rate_hz"": 8.33, ""baseline_rate_hz"": 22.22, ""reliability"": 0.067, ""modulation_ratio"": 0.36, ""median_latency_ms"": 4.69}}",False,0.5,not light responsive,0.911,Not statistically significant (p=0.1608 >= 0.05); No positive modulation (mod_ratio=0.48 <= 1.0)
760345702,739783171,810753199,951852856,VISp,45,0.0,0.0,0.0,,,,0.0,0.0,0.0,,1.0,0.0,0.0,"{""1.0"": {""evoked_rate_hz"": 0.0, ""baseline_rate_hz"": 0.0, ""reliability"": 0.0, ""modulation_ratio"": 0.0, ""median_latency_ms"": null}, ""2.5"": {""evoked_rate_hz"": 0.0, ""baseline_rate_hz"": 0.0, ""reliability"": 0.0, ""modulation_ratio"": 0.0, ""median_latency_ms"": null}, ""4.0"": {""evoked_rate_hz"": 0.0, ""baseline_rate_hz"": 0.0, ""reliability"": 0.0, ""modulation_ratio"": 0.0, ""median_latency_ms"": null}}",False,1.0,insufficient evidence,0.0,Insufficient trial count (<10) or zero spikes recorded
760345702,739783171,810753199,951851276,VISp,45,22.222,19.444,0.837,3.781,1.969,1.677,0.156,0.178,0.864,0.472,0.7043,-0.058,8.3333,"{""1.0"": {""evoked_rate_hz"": 8.33, ""baseline_rate_hz"": 22.22, ""reliability"": 0.067, ""modulation_ratio"": 0.36, ""median_latency_ms"": 7.91}, ""2.5"": {""evoked_rate_hz"": 16.67, ""baseline_rate_hz"": 17.78, ""reliability"": 0.133, ""modulation_ratio"": 0.89, ""median_latency_ms"": 3.47}, ""4.0"": {""evoked_rate_hz"": 33.33, ""baseline_rate_hz"": 26.67, ""reliability"": 0.267, ""modulation_ratio"": 1.2, ""median_latency_ms"": 3.51}}",False,-0.998,not light responsive,0.844,Not statistically significant (p=0.7043 >= 0.05); No positive modulation (mod_ratio=0.84 <= 1.0)
760345702,739783171,810753199,951851349,VISp,45,14.815,19.444,1.23,5.628,1.768,1.402,0.156,0.089,0.864,0.347,0.60639,0.081,0.0,"{""1.0"": {""evoked_rate_hz"": 25.0, ""baseline_rate_hz"": 13.33, ""reliability"": 0.2, ""modulation_ratio"": 1.74, ""median_latency_ms"": 5.63}, ""2.5"": {""evoked_rate_hz"": 8.33, ""baseline_rate_hz"": 0.0, ""reliability"": 0.067, ""modulation_ratio"": 8.33, ""median_latency_ms"": 5.92}, ""4.0"": {""evoked_rate_hz"": 25.0, ""baseline_rate_hz"": 31.11, ""reliability"": 0.2, ""modulation_ratio"": 0.78, ""median_latency_ms"": 5.58}}",False,0.889,not light responsive,0.844,Not statistically significant (p=0.6064 >= 0.05)
760345702,739783171,810753199,951851387,VISp,45,1.481,0.0,0.0,,,,0.0,0.022,0.0,,1.0,-0.149,0.0,"{""1.0"": {""evoked_rate_hz"": 0.0, ""baseline_rate_hz"": 0.0, ""reliability"": 0.0, ""modulation_ratio"": 0.0, ""median_latency_ms"": null}, ""2.5"": {""evoked_rate_hz"": 0.0, ""baseline_rate_hz"": 0.0, ""reliability"": 0.0, ""modulation_ratio"": 0.0, ""median_latency_ms"": null}, ""4.0"": {""evoked_rate_hz"": 0.0, ""baseline_rate_hz"": 4.44, ""reliability"": 0.0, ""modulation_ratio"": 0.0, ""median_latency_ms"": null}}",False,1.0,not light responsive,0.95,Not statistically significant (p=1.0000 >= 0.05); No positive modulation (mod_ratio=0.00 <= 1.0); Very low reliability (0.00 < 0.05)
760345702,739783171,810753199,951851404,VISp,45,7.407,0.0,0.0,,,,0.0,0.111,0.0,,0.05594,-0.35,0.0,"{""1.0"": {""evoked_rate_hz"": 0.0, ""baseline_rate_hz"": 4.44, ""reliability"": 0.0, ""modulation_ratio"": 0.0, ""median_latency_ms"": null}, ""2.5"": {""evoked_rate_hz"": 0.0, ""baseline_rate_hz"": 13.33, ""reliability"": 0.0, ""modulation_ratio"": 0.0, ""median_latency_ms"": null}, ""4.0"": {""evoked_rate_hz"": 0.0, ""baseline_rate_hz"": 4.44, ""reliability"": 0.0, ""modulation_ratio"": 0.0, ""median_latency_ms"": null}}",False,0.004,not light responsive,0.95,Not statistically significant (p=0.0559 >= 0.05); No positive modulation (mod_ratio=0.00 <= 1.0); Very low reliability (0.00 < 0.05)
760345702,739783171,810753199,951851454,VISp,45,2.963,5.556,1.402,5.153,1.461,1.033,0.044,0.022,0.977,0.283,0.75824,0.086,5.5556,"{""1.0"": {""evoked_rate_hz"": 0.0, ""baseline_rate_hz"": 0.0, ""reliability"": 0.0, ""modulation_ratio"": 0.0, ""median_latency_ms"": null}, ""2.5"": {""evoked_rate_hz"": 0.0, ""baseline_rate_hz"": 8.89, ""reliability"": 0.0, ""modulation_ratio"": 0.0, ""median_latency_ms"": null}, ""4.0"": {""evoked_rate_hz"": 16.67, ""baseline_rate_hz"": 0.0, ""reliability"": 0.133, ""modulation_ratio"": 16.67, ""median_latency_ms"": 5.15}}",False,0.251,not light responsive,0.95,Not statistically significant (p=0.7582 >= 0.05); Very low reliability (0.04 < 0.05)
760345702,739783171,810753199,951851488,VISp,45,0.0,0.0,0.0,,,,0.0,0.0,0.0,,1.0,0.0,0.0,"{""1.0"": {""evoked_rate_hz"": 0.0, ""baseline_rate_hz"": 0.0, ""reliability"": 0.0, ""modulation_ratio"": 0.0, ""median_latency_ms"": null}, ""2.5"": {""evoked_rate_hz"": 0.0, ""baseline_rate_hz"": 0.0, ""reliability"": 0.0, ""modulation_ratio"": 0.0, ""median_latency_ms"": null}, ""4.0"": {""evoked_rate_hz"": 0.0, ""baseline_rate_hz"": 0.0, ""reliability"": 0.0, ""modulation_ratio"": 0.0, ""median_latency_ms"": null}}",False,-221.222,insufficient evidence,0.0,Insufficient trial count (<10) or zero spikes recorded
760345702,739783171,810753199,951851480,VISp,45,4.444,0.0,0.0,,,,0.0,0.022,0.0,,0.23676,-0.264,0.0,"{""1.0"": {""evoked_rate_hz"": 0.0, ""baseline_rate_hz"": 0.0, ""reliability"": 0.0, ""modulation_ratio"": 0.0, ""median_latency_ms"": null}, ""2.5"": {""evoked_rate_hz"": 0.0, ""baseline_rate_hz"": 13.33, ""reliability"": 0.0, ""modulation_ratio"": 0.0, ""median_latency_ms"": null}, ""4.0"": {""evoked_rate_hz"": 0.0, ""baseline_rate_hz"": 0.0, ""reliability"": 0.0, ""modulation_ratio"": 0.0, ""median_latency_ms"": null}}",False,0.501,not light responsive,0.95,Not statistically significant (p=0.2368 >= 0.05); No positive modulation (mod_ratio=0.00 <= 1.0); Very low reliability (0.00 < 0.05)
760345702,739783171,810753199,951851471,VISp,45,34.074,22.222,0.634,4.425,1.901,2.631,0.178,0.267,0.841,0.373,0.16783,-0.217,-5.5556,"{""1.0"": {""evoked_rate_hz"": 33.33, ""baseline_rate_hz"": 31.11, ""reliability"": 0.267, ""modulation_ratio"": 1.04, ""median_latency_ms"": 5.43}, ""2.5"": {""evoked_rate_hz"": 16.67, ""baseline_rate_hz"": 35.56, ""reliability"": 0.133, ""modulation_ratio"": 0.46, ""median_latency_ms"": 5.54}, ""4.0"": {""evoked_rate_hz"": 16.67, ""baseline_rate_hz"": 35.56, ""reliability"": 0.133, ""modulation_ratio"": 0.46, ""median_latency_ms"": 3.39}}",False,-0.199,not light responsive,0.822,Not statistically significant (p=0.1678 >= 0.05); No positive modulation (mod_ratio=0.63 <= 1.0)
760345702,739783171,810753199,951851463,VISp,45,19.259,19.444,0.96,3.972,1.836,1.462,0.156,0.2,0.864,0.431,1.0,0.003,2.7778,"{""1.0"": {""evoked_rate_hz"": 0.0, ""baseline_rate_hz"": 35.56, ""reliability"": 0.0, ""modulation_ratio"": 0.0, ""median_latency_ms"": null}, ""2.5"": {""evoked_rate_hz"": 50.0, ""baseline_rate_hz"": 4.44, ""reliability"": 0.4, ""modulation_ratio"": 9.18, ""median_latency_ms"": 4.04}, ""4.0"": {""evoked_rate_hz"": 8.33, ""baseline_rate_hz"": 17.78, ""reliability"": 0.067, ""modulation_ratio"": 0.44, ""median_latency_ms"": 3.59}}",False,-1.494,not light responsive,0.844,Not statistically significant (p=1.0000 >= 0.05); No positive modulation (mod_ratio=0.96 <= 1.0)
760345702,739783171,810753199,951851505,VISp,45,0.0,0.0,0.0,,,,0.0,0.0,0.0,,1.0,0.0,0.0,"{""1.0"": {""evoked_rate_hz"": 0.0, ""baseline_rate_hz"": 0.0, ""reliability"": 0.0, ""modulation_ratio"": 0.0, ""median_latency_ms"": null}, ""2.5"": {""evoked_rate_hz"": 0.0, ""baseline_rate_hz"": 0.0, ""reliability"": 0.0, ""modulation_ratio"": 0.0, ""median_latency_ms"": null}, ""4.0"": {""evoked_rate_hz"": 0.0, ""baseline_rate_hz"": 0.0, ""reliability"": 0.0, ""modulation_ratio"": 0.0, ""median_latency_ms"": null}}",False,1.0,insufficient evidence,0.0,Insufficient trial count (<10) or zero spikes recorded
760345702,739783171,810753199,951851550,VISp,45,1.481,0.0,0.0,,,,0.0,0.0,0.0,,1.0,-0.149,0.0,"{""1.0"": {""evoked_rate_hz"": 0.0, ""baseline_rate_hz"": 4.44, ""reliability"": 0.0, ""modulation_ratio"": 0.0, ""median_latency_ms"": null}, ""2.5"": {""evoked_rate_hz"": 0.0, ""baseline_rate_hz"": 0.0, ""reliability"": 0.0, ""modulation_ratio"": 0.0, ""median_latency_ms"": null}, ""4.0"": {""evoked_rate_hz"": 0.0, ""baseline_rate_hz"": 0.0, ""reliability"": 0.0, ""modulation_ratio"": 0.0, ""median_latency_ms"": null}}",False,1.0,not light responsive,0.95,Not statistically significant (p=1.0000 >= 0.05); No positive modulation (mod_ratio=0.00 <= 1.0); Very low reliability (0.00 < 0.05)
760345702,739783171,810753199,951851568,VISp,45,8.889,8.333,0.843,2.677,0.0,0.0,0.022,0.022,3.0,0.0,1.0,-0.047,0.0,"{""1.0"": {""evoked_rate_hz"": 0.0, ""baseline_rate_hz"": 0.0, ""reliability"": 0.0, ""modulation_ratio"": 0.0, ""median_latency_ms"": null}, ""2.5"": {""evoked_rate_hz"": 25.0, ""baseline_rate_hz"": 22.22, ""reliability"": 0.067, ""modulation_ratio"": 1.08, ""median_latency_ms"": 2.68}, ""4.0"": {""evoked_rate_hz"": 0.0, ""baseline_rate_hz"": 4.44, ""reliability"": 0.0, ""modulation_ratio"": 0.0, ""median_latency_ms"": null}}",False,1.0,not light responsive,0.95,Not statistically significant (p=1.0000 >= 0.05); No positive modulation (mod_ratio=0.84 <= 1.0); Very low reliability (0.02 < 0.05)
760345702,739783171,810753199,951851559,VISp,45,14.815,8.333,0.527,4.567,1.823,1.823,0.067,0.156,0.955,0.4,0.27972,-0.144,-5.5556,"{""1.0"": {""evoked_rate_hz"": 16.67, ""baseline_rate_hz"": 13.33, ""reliability"": 0.133, ""modulation_ratio"": 1.16, ""median_latency_ms"": 5.48}, ""2.5"": {""evoked_rate_hz"": 8.33, ""baseline_rate_hz"": 17.78, ""reliability"": 0.067, ""modulation_ratio"": 0.44, ""median_latency_ms"": 2.74}, ""4.0"": {""evoked_rate_hz"": 0.0, ""baseline_rate_hz"": 13.33, ""reliability"": 0.0, ""modulation_ratio"": 0.0, ""median_latency_ms"": null}}",False,0.334,not light responsive,0.933,Not statistically significant (p=0.2797 >= 0.05); No positive modulation (mod_ratio=0.53 <= 1.0)
760345702,739783171,810753199,951851619,VISp,45,8.889,0.0,0.0,,,,0.0,0.089,0.0,,0.03297,-0.388,0.0,"{""1.0"": {""evoked_rate_hz"": 0.0, ""baseline_rate_hz"": 0.0, ""reliability"": 0.0, ""modulation_ratio"": 0.0, ""median_latency_ms"": null}, ""2.5"": {""evoked_rate_hz"": 0.0, ""baseline_rate_hz"": 17.78, ""reliability"": 0.0, ""modulation_ratio"": 0.0, ""median_latency_ms"": null}, ""4.0"": {""evoked_rate_hz"": 0.0, ""baseline_rate_hz"": 8.89, ""reliability"": 0.0, ""modulation_ratio"": 0.0, ""median_latency_ms"": null}}",False,0.501,not light responsive,0.95,Not statistically significant (p=0.0330 >= 0.05); No positive modulation (mod_ratio=0.00 <= 1.0); Very low reliability (0.00 < 0.05)
760345702,739783171,810753199,951851611,VISp,45,13.333,8.333,0.581,6.459,1.921,1.788,0.067,0.089,0.955,0.34,0.33866,-0.125,5.5556,"{""1.0"": {""evoked_rate_hz"": 0.0, ""baseline_rate_hz"": 22.22, ""reliability"": 0.0, ""modulation_ratio"": 0.0, ""median_latency_ms"": null}, ""2.5"": {""evoked_rate_hz"": 8.33, ""baseline_rate_hz"": 13.33, ""reliability"": 0.067, ""modulation_ratio"": 0.58, ""median_latency_ms"": 6.46}, ""4.0"": {""evoked_rate_hz"": 16.67, ""baseline_rate_hz"": 4.44, ""reliability"": 0.133, ""modulation_ratio"": 3.06, ""median_latency_ms"": 5.24}}",False,-0.199,not light responsive,0.933,Not statistically significant (p=0.3387 >= 0.05); No positive modulation (mod_ratio=0.58 <= 1.0)
760345702,739783171,810753199,951851651,VISp,45,14.815,8.333,0.527,8.141,0.378,0.357,0.067,0.133,0.955,0.046,0.25974,-0.159,-2.7778,"{""1.0"": {""evoked_rate_hz"": 16.67, ""baseline_rate_hz"": 22.22, ""reliability"": 0.133, ""modulation_ratio"": 0.72, ""median_latency_ms"": 8.07}, ""2.5"": {""evoked_rate_hz"": 0.0, ""baseline_rate_hz"": 8.89, ""reliability"": 0.0, ""modulation_ratio"": 0.0, ""median_latency_ms"": null}, ""4.0"": {""evoked_rate_hz"": 8.33, ""baseline_rate_hz"": 13.33, ""reliability"": 0.067, ""modulation_ratio"": 0.58, ""median_latency_ms"": 8.71}}",False,0.429,not light responsive,0.933,Not statistically significant (p=0.2597 >= 0.05); No positive modulation (mod_ratio=0.53 <= 1.0)
760345702,739783171,810753199,951851604,VISp,45,0.0,0.0,0.0,,,,0.0,0.0,0.0,,1.0,0.0,0.0,"{""1.0"": {""evoked_rate_hz"": 0.0, ""baseline_rate_hz"": 0.0, ""reliability"": 0.0, ""modulation_ratio"": 0.0, ""median_latency_ms"": null}, ""2.5"": {""evoked_rate_hz"": 0.0, ""baseline_rate_hz"": 0.0, ""reliability"": 0.0, ""modulation_ratio"": 0.0, ""median_latency_ms"": null}, ""4.0"": {""evoked_rate_hz"": 0.0, ""baseline_rate_hz"": 0.0, ""reliability"": 0.0, ""modulation_ratio"": 0.0, ""median_latency_ms"": null}}",False,1.0,insufficient evidence,0.0,Insufficient trial count (<10) or zero spikes recorded
760345702,739783171,810753199,951851712,VISp,45,4.444,2.778,0.51,4.024,0.0,0.0,0.022,0.044,1.0,0.0,0.6004,-0.065,0.0,"{""1.0"": {""evoked_rate_hz"": 0.0, ""baseline_rate_hz"": 4.44, ""reliability"": 0.0, ""modulation_ratio"": 0.0, ""median_latency_ms"": null}, ""2.5"": {""evoked_rate_hz"": 8.33, ""baseline_rate_hz"": 4.44, ""reliability"": 0.067, ""modulation_ratio"": 1.53, ""median_latency_ms"": 4.02}, ""4.0"": {""evoked_rate_hz"": 0.0, ""baseline_rate_hz"": 4.44, ""reliability"": 0.0, ""modulation_ratio"": 0.0, ""median_latency_ms"": null}}",False,0.004,not light responsive,0.95,Not statistically significant (p=0.6004 >= 0.05); No positive modulation (mod_ratio=0.51 <= 1.0); Very low reliability (0.02 < 0.05)
760345702,739783171,810753199,951851681,VISp,45,7.407,11.111,1.322,5.583,2.67,2.887,0.089,0.067,0.932,0.517,0.64935,0.085,-5.5556,"{""1.0"": {""evoked_rate_hz"": 25.0, ""baseline_rate_hz"": 4.44, ""reliability"": 0.2, ""modulation_ratio"": 4.59, ""median_latency_ms"": 4.69}, ""2.5"": {""evoked_rate_hz"": 0.0, ""baseline_rate_hz"": 4.44, ""reliability"": 0.0, ""modulation_ratio"": 0.0, ""median_latency_ms"": null}, ""4.0"": {""evoked_rate_hz"": 8.33, ""baseline_rate_hz"": 13.33, ""reliability"": 0.067, ""modulation_ratio"": 0.58, ""median_latency_ms"": 6.48}}",False,0.001,not light responsive,0.911,Not statistically significant (p=0.6493 >= 0.05)
760345702,739783171,810753199,951851671,VISp,45,2.963,2.778,0.701,1.743,0.0,0.0,0.022,0.022,1.0,0.0,1.0,-0.008,-2.7778,"{""1.0"": {""evoked_rate_hz"": 8.33, ""baseline_rate_hz"": 0.0, ""reliability"": 0.067, ""modulation_ratio"": 8.33, ""median_latency_ms"": 1.74}, ""2.5"": {""evoked_rate_hz"": 0.0, ""baseline_rate_hz"": 0.0, ""reliability"": 0.0, ""modulation_ratio"": 0.0, ""median_latency_ms"": null}, ""4.0"": {""evoked_rate_hz"": 0.0, ""baseline_rate_hz"": 8.89, ""reliability"": 0.0, ""modulation_ratio"": 0.0, ""median_latency_ms"": null}}",False,1.0,not light responsive,0.95,Not statistically significant (p=1.0000 >= 0.05); No positive modulation (mod_ratio=0.70 <= 1.0); Very low reliability (0.02 < 0.05)
760345702,739783171,810753199,951851660,VISp,45,8.889,2.778,0.281,7.009,0.0,0.0,0.022,0.089,1.0,0.0,0.13586,-0.201,-2.7778,"{""1.0"": {""evoked_rate_hz"": 8.33, ""baseline_rate_hz"": 4.44, ""reliability"": 0.067, ""modulation_ratio"": 1.53, ""median_latency_ms"": 7.01}, ""2.5"": {""evoked_rate_hz"": 0.0, ""baseline_rate_hz"": 8.89, ""reliability"": 0.0, ""modulation_ratio"": 0.0, ""median_latency_ms"": null}, ""4.0"": {""evoked_rate_hz"": 0.0, ""baseline_rate_hz"": 13.33, ""reliability"": 0.0, ""modulation_ratio"": 0.0, ""median_latency_ms"": null}}",False,-0.664,not light responsive,0.95,Not statistically significant (p=0.1359 >= 0.05); No positive modulation (mod_ratio=0.28 <= 1.0); Very low reliability (0.02 < 0.05)
760345702,739783171,810753199,951851757,VISp,45,4.444,2.778,0.51,2.21,0.0,0.0,0.022,0.022,1.0,0.0,0.65734,-0.065,0.0,"{""1.0"": {""evoked_rate_hz"": 0.0, ""baseline_rate_hz"": 4.44, ""reliability"": 0.0, ""modulation_ratio"": 0.0, ""median_latency_ms"": null}, ""2.5"": {""evoked_rate_hz"": 8.33, ""baseline_rate_hz"": 4.44, ""reliability"": 0.067, ""modulation_ratio"": 1.53, ""median_latency_ms"": 2.21}, ""4.0"": {""evoked_rate_hz"": 0.0, ""baseline_rate_hz"": 4.44, ""reliability"": 0.0, ""modulation_ratio"": 0.0, ""median_latency_ms"": null}}",False,-1.987,not light responsive,0.95,Not statistically significant (p=0.6573 >= 0.05); No positive modulation (mod_ratio=0.51 <= 1.0); Very low reliability (0.02 < 0.05)
760345702,739783171,810753199,951851748,VISp,45,0.0,0.0,0.0,,,,0.0,0.0,0.0,,1.0,0.0,0.0,"{""1.0"": {""evoked_rate_hz"": 0.0, ""baseline_rate_hz"": 0.0, ""reliability"": 0.0, ""modulation_ratio"": 0.0, ""median_latency_ms"": null}, ""2.5"": {""evoked_rate_hz"": 0.0, ""baseline_rate_hz"": 0.0, ""reliability"": 0.0, ""modulation_ratio"": 0.0, ""median_latency_ms"": null}, ""4.0"": {""evoked_rate_hz"": 0.0, ""baseline_rate_hz"": 0.0, ""reliability"": 0.0, ""modulation_ratio"": 0.0, ""median_latency_ms"": null}}",False,1.0,insufficient evidence,0.0,Insufficient trial count (<10) or zero spikes recorded
760345702,739783171,810753199,951851722,VISp,45,2.963,0.0,0.0,,,,0.0,0.044,0.0,,0.53147,-0.213,0.0,"{""1.0"": {""evoked_rate_hz"": 0.0, ""baseline_rate_hz"": 0.0, ""reliability"": 0.0, ""modulation_ratio"": 0.0, ""median_latency_ms"": null}, ""2.5"": {""evoked_rate_hz"": 0.0, ""baseline_rate_hz"": 0.0, ""reliability"": 0.0, ""modulation_ratio"": 0.0, ""median_latency_ms"": null}, ""4.0"": {""evoked_rate_hz"": 0.0, ""baseline_rate_hz"": 8.89, ""reliability"": 0.0, ""modulation_ratio"": 0.0, ""median_latency_ms"": null}}",False,0.004,not light responsive,0.95,Not statistically significant (p=0.5315 >= 0.05); No positive modulation (mod_ratio=0.00 <= 1.0); Very low reliability (0.00 < 0.05)
760345702,739783171,810753199,951851835,VISp,45,29.63,30.556,0.998,5.307,2.234,2.505,0.244,0.133,0.773,0.489,0.89411,0.016,2.7778,"{""1.0"": {""evoked_rate_hz"": 25.0, ""baseline_rate_hz"": 35.56, ""reliability"": 0.2, ""modulation_ratio"": 0.68, ""median_latency_ms"": 5.68}, ""2.5"": {""evoked_rate_hz"": 33.33, ""baseline_rate_hz"": 17.78, ""reliability"": 0.267, ""modulation_ratio"": 1.78, ""median_latency_ms"": 2.7}, ""4.0"": {""evoked_rate_hz"": 33.33, ""baseline_rate_hz"": 35.56, ""reliability"": 0.267, ""modulation_ratio"": 0.91, ""median_latency_ms"": 4.98}}",False,0.077,not light responsive,0.756,Not statistically significant (p=0.8941 >= 0.05); No positive modulation (mod_ratio=1.00 <= 1.0)
760345702,739783171,810753199,951851826,VISp,45,7.407,8.333,0.991,6.715,3.31,2.919,0.067,0.089,0.955,0.674,1.0,0.023,-5.5556,"{""1.0"": {""evoked_rate_hz"": 16.67, ""baseline_rate_hz"": 0.0, ""reliability"": 0.133, ""modulation_ratio"": 16.67, ""median_latency_ms"": 4.01}, ""2.5"": {""evoked_rate_hz"": 8.33, ""baseline_rate_hz"": 4.44, ""reliability"": 0.067, ""modulation_ratio"": 1.53, ""median_latency_ms"": 6.71}, ""4.0"": {""evoked_rate_hz"": 0.0, ""baseline_rate_hz"": 17.78, ""reliability"": 0.0, ""modulation_ratio"": 0.0, ""median_latency_ms"": null}}",False,-1.494,not light responsive,0.933,Not statistically significant (p=1.0000 >= 0.05); No positive modulation (mod_ratio=0.99 <= 1.0)
760345702,739783171,810753199,951851799,VISp,45,13.333,11.111,0.775,4.402,2.597,2.766,0.089,0.067,0.932,0.512,0.67532,-0.046,-8.3333,"{""1.0"": {""evoked_rate_hz"": 25.0, ""baseline_rate_hz"": 4.44, ""reliability"": 0.2, ""modulation_ratio"": 4.59, ""median_latency_ms"": 3.53}, ""2.5"": {""evoked_rate_hz"": 8.33, ""baseline_rate_hz"": 17.78, ""reliability"": 0.067, ""modulation_ratio"": 0.44, ""median_latency_ms"": 8.65}, ""4.0"": {""evoked_rate_hz"": 0.0, ""baseline_rate_hz"": 17.78, ""reliability"": 0.0, ""modulation_ratio"": 0.0, ""median_latency_ms"": null}}",False,-0.748,not light responsive,0.911,Not statistically significant (p=0.6753 >= 0.05); No positive modulation (mod_ratio=0.78 <= 1.0)
760345702,739783171,810753199,951851782,VISp,45,11.852,8.333,0.648,1.828,1.258,1.227,0.067,0.133,0.955,0.586,0.51848,-0.082,-8.3333,"{""1.0"": {""evoked_rate_hz"": 25.0, ""baseline_rate_hz"": 13.33, ""reliability"": 0.2, ""modulation_ratio"": 1.74, ""median_latency_ms"": 1.83}, ""2.5"": {""evoked_rate_hz"": 0.0, ""baseline_rate_hz"": 8.89, ""reliability"": 0.0, ""modulation_ratio"": 0.0, ""median_latency_ms"": null}, ""4.0"": {""evoked_rate_hz"": 0.0, ""baseline_rate_hz"": 13.33, ""reliability"": 0.0, ""modulation_ratio"": 0.0, ""median_latency_ms"": null}}",False,0.251,not light responsive,0.933,Not statistically significant (p=0.5185 >= 0.05); No positive modulation (mod_ratio=0.65 <= 1.0)
760345702,739783171,810753199,951851870,VISp,45,0.0,0.0,0.0,,,,0.0,0.0,0.0,,1.0,0.0,0.0,"{""1.0"": {""evoked_rate_hz"": 0.0, ""baseline_rate_hz"": 0.0, ""reliability"": 0.0, ""modulation_ratio"": 0.0, ""median_latency_ms"": null}, ""2.5"": {""evoked_rate_hz"": 0.0, ""baseline_rate_hz"": 0.0, ""reliability"": 0.0, ""modulation_ratio"": 0.0, ""median_latency_ms"": null}, ""4.0"": {""evoked_rate_hz"": 0.0, ""baseline_rate_hz"": 0.0, ""reliability"": 0.0, ""modulation_ratio"": 0.0, ""median_latency_ms"": null}}",False,1.0,insufficient evidence,0.0,Insufficient trial count (<10) or zero spikes recorded
760345702,739783171,810753199,951851862,VISp,45,8.889,13.889,1.404,5.008,1.864,1.262,0.111,0.067,0.909,0.399,0.56943,0.099,0.0,"{""1.0"": {""evoked_rate_hz"": 16.67, ""baseline_rate_hz"": 0.0, ""reliability"": 0.133, ""modulation_ratio"": 16.67, ""median_latency_ms"": 3.29}, ""2.5"": {""evoked_rate_hz"": 8.33, ""baseline_rate_hz"": 4.44, ""reliability"": 0.067, ""modulation_ratio"": 1.53, ""median_latency_ms"": 5.86}, ""4.0"": {""evoked_rate_hz"": 16.67, ""baseline_rate_hz"": 22.22, ""reliability"": 0.133, ""modulation_ratio"": 0.72, ""median_latency_ms"": 5.46}}",False,-0.997,not light responsive,0.889,Not statistically significant (p=0.5694 >= 0.05)
760345702,739783171,810753199,951851845,VISp,45,4.444,5.556,1.02,5.107,5.296,3.745,0.044,0.022,0.977,1.037,1.0,0.035,0.0,"{""1.0"": {""evoked_rate_hz"": 8.33, ""baseline_rate_hz"": 4.44, ""reliability"": 0.067, ""modulation_ratio"": 1.53, ""median_latency_ms"": 8.85}, ""2.5"": {""evoked_rate_hz"": 0.0, ""baseline_rate_hz"": 0.0, ""reliability"": 0.0, ""modulation_ratio"": 0.0, ""median_latency_ms"": null}, ""4.0"": {""evoked_rate_hz"": 8.33, ""baseline_rate_hz"": 8.89, ""reliability"": 0.067, ""modulation_ratio"": 0.84, ""median_latency_ms"": 1.36}}",False,-665.667,not light responsive,0.95,Not statistically significant (p=1.0000 >= 0.05); Very low reliability (0.04 < 0.05)
760345702,739783171,810753199,951851808,VISp,45,5.926,0.0,0.0,,,,0.0,0.067,0.0,,0.12987,-0.309,0.0,"{""1.0"": {""evoked_rate_hz"": 0.0, ""baseline_rate_hz"": 4.44, ""reliability"": 0.0, ""modulation_ratio"": 0.0, ""median_latency_ms"": null}, ""2.5"": {""evoked_rate_hz"": 0.0, ""baseline_rate_hz"": 8.89, ""reliability"": 0.0, ""modulation_ratio"": 0.0, ""median_latency_ms"": null}, ""4.0"": {""evoked_rate_hz"": 0.0, ""baseline_rate_hz"": 4.44, ""reliability"": 0.0, ""modulation_ratio"": 0.0, ""median_latency_ms"": null}}",False,0.667,not light responsive,0.95,Not statistically significant (p=0.1299 >= 0.05); No positive modulation (mod_ratio=0.00 <= 1.0); Very low reliability (0.00 < 0.05)
760345702,739783171,810753199,951853001,VISp,45,11.852,5.556,0.432,2.481,0.276,0.195,0.044,0.022,0.977,0.111,0.18781,-0.164,5.5556,"{""1.0"": {""evoked_rate_hz"": 0.0, ""baseline_rate_hz"": 13.33, ""reliability"": 0.0, ""modulation_ratio"": 0.0, ""median_latency_ms"": null}, ""2.5"": {""evoked_rate_hz"": 0.0, ""baseline_rate_hz"": 22.22, ""reliability"": 0.0, ""modulation_ratio"": 0.0, ""median_latency_ms"": null}, ""4.0"": {""evoked_rate_hz"": 16.67, ""baseline_rate_hz"": 0.0, ""reliability"": 0.133, ""modulation_ratio"": 16.67, ""median_latency_ms"": 2.48}}",False,0.201,not light responsive,0.95,Not statistically significant (p=0.1878 >= 0.05); No positive modulation (mod_ratio=0.43 <= 1.0); Very low reliability (0.04 < 0.05)
760345702,739783171,810753199,951852897,VISp,45,2.963,2.778,0.701,1.254,0.0,0.0,0.022,0.022,1.0,0.0,1.0,-0.008,-2.7778,"{""1.0"": {""evoked_rate_hz"": 8.33, ""baseline_rate_hz"": 4.44, ""reliability"": 0.067, ""modulation_ratio"": 1.53, ""median_latency_ms"": 1.25}, ""2.5"": {""evoked_rate_hz"": 0.0, ""baseline_rate_hz"": 4.44, ""reliability"": 0.0, ""modulation_ratio"": 0.0, ""median_latency_ms"": null}, ""4.0"": {""evoked_rate_hz"": 0.0, ""baseline_rate_hz"": 0.0, ""reliability"": 0.0, ""modulation_ratio"": 0.0, ""median_latency_ms"": null}}",False,1.0,not light responsive,0.95,Not statistically significant (p=1.0000 >= 0.05); No positive modulation (mod_ratio=0.70 <= 1.0); Very low reliability (0.02 < 0.05)
760345702,739783171,810753199,951852000,VISp,45,2.963,5.556,1.402,2.838,1.526,1.079,0.044,0.0,0.977,0.537,0.74026,0.086,2.7778,"{""1.0"": {""evoked_rate_hz"": 0.0, ""baseline_rate_hz"": 0.0, ""reliability"": 0.0, ""modulation_ratio"": 0.0, ""median_latency_ms"": null}, ""2.5"": {""evoked_rate_hz"": 8.33, ""baseline_rate_hz"": 8.89, ""reliability"": 0.067, ""modulation_ratio"": 0.84, ""median_latency_ms"": 3.92}, ""4.0"": {""evoked_rate_hz"": 8.33, ""baseline_rate_hz"": 0.0, ""reliability"": 0.067, ""modulation_ratio"": 8.33, ""median_latency_ms"": 1.76}}",False,1.0,not light responsive,0.95,Not statistically significant (p=0.7403 >= 0.05); Very low reliability (0.04 < 0.05)
760345702,739783171,810753199,951851979,VISp,45,10.37,5.556,0.489,3.296,1.63,1.152,0.044,0.067,0.977,0.495,0.24975,-0.151,2.7778,"{""1.0"": {""evoked_rate_hz"": 0.0, ""baseline_rate_hz"": 4.44, ""reliability"": 0.0, ""modulation_ratio"": 0.0, ""median_latency_ms"": null}, ""2.5"": {""evoked_rate_hz"": 8.33, ""baseline_rate_hz"": 8.89, ""reliability"": 0.067, ""modulation_ratio"": 0.84, ""median_latency_ms"": 4.45}, ""4.0"": {""evoked_rate_hz"": 8.33, ""baseline_rate_hz"": 17.78, ""reliability"": 0.067, ""modulation_ratio"": 0.44, ""median_latency_ms"": 2.14}}",False,-0.991,not light responsive,0.95,Not statistically significant (p=0.2497 >= 0.05); No positive modulation (mod_ratio=0.49 <= 1.0); Very low reliability (0.04 < 0.05)
760345702,739783171,810753199,951851934,VISp,45,20.741,22.222,1.022,2.883,1.25,0.779,0.178,0.244,0.841,0.408,0.87512,0.025,0.0,"{""1.0"": {""evoked_rate_hz"": 16.67, ""baseline_rate_hz"": 8.89, ""reliability"": 0.133, ""modulation_ratio"": 1.69, ""median_latency_ms"": 3.9}, ""2.5"": {""evoked_rate_hz"": 33.33, ""baseline_rate_hz"": 22.22, ""reliability"": 0.267, ""modulation_ratio"": 1.44, ""median_latency_ms"": 2.88}, ""4.0"": {""evoked_rate_hz"": 16.67, ""baseline_rate_hz"": 31.11, ""reliability"": 0.133, ""modulation_ratio"": 0.52, ""median_latency_ms"": 2.34}}",False,-0.498,not light responsive,0.822,Not statistically significant (p=0.8751 >= 0.05)
760345702,739783171,810753199,951851916,VISp,45,0.0,2.778,2.778,7.181,0.0,0.0,0.022,0.0,1.0,0.0,1.0,0.149,0.0,"{""1.0"": {""evoked_rate_hz"": 0.0, ""baseline_rate_hz"": 0.0, ""reliability"": 0.0, ""modulation_ratio"": 0.0, ""median_latency_ms"": null}, ""2.5"": {""evoked_rate_hz"": 8.33, ""baseline_rate_hz"": 0.0, ""reliability"": 0.067, ""modulation_ratio"": 8.33, ""median_latency_ms"": 7.18}, ""4.0"": {""evoked_rate_hz"": 0.0, ""baseline_rate_hz"": 0.0, ""reliability"": 0.0, ""modulation_ratio"": 0.0, ""median_latency_ms"": null}}",False,1.0,not light responsive,0.95,Not statistically significant (p=1.0000 >= 0.05); Very low reliability (0.02 < 0.05)
760345702,739783171,810753199,951851877,VISp,45,5.926,22.222,3.209,2.979,2.295,2.041,0.178,0.022,0.841,0.641,0.05994,0.299,-13.8889,"{""1.0"": {""evoked_rate_hz"": 41.67, ""baseline_rate_hz"": 8.89, ""reliability"": 0.333, ""modulation_ratio"": 4.21, ""median_latency_ms"": 3.26}, ""2.5"": {""evoked_rate_hz"": 25.0, ""baseline_rate_hz"": 0.0, ""reliability"": 0.2, ""modulation_ratio"": 25.0, ""median_latency_ms"": 2.56}, ""4.0"": {""evoked_rate_hz"": 0.0, ""baseline_rate_hz"": 8.89, ""reliability"": 0.0, ""modulation_ratio"": 0.0, ""median_latency_ms"": null}}",False,0.001,not light responsive,0.822,Not statistically significant (p=0.0599 >= 0.05)
760345702,739783171,810753199,951851972,VISp,45,2.963,0.0,0.0,,,,0.0,0.022,0.0,,0.4965,-0.213,0.0,"{""1.0"": {""evoked_rate_hz"": 0.0, ""baseline_rate_hz"": 8.89, ""reliability"": 0.0, ""modulation_ratio"": 0.0, ""median_latency_ms"": null}, ""2.5"": {""evoked_rate_hz"": 0.0, ""baseline_rate_hz"": 0.0, ""reliability"": 0.0, ""modulation_ratio"": 0.0, ""median_latency_ms"": null}, ""4.0"": {""evoked_rate_hz"": 0.0, ""baseline_rate_hz"": 0.0, ""reliability"": 0.0, ""modulation_ratio"": 0.0, ""median_latency_ms"": null}}",False,-221.222,not light responsive,0.95,Not statistically significant (p=0.4965 >= 0.05); No positive modulation (mod_ratio=0.00 <= 1.0); Very low reliability (0.00 < 0.05)
760345702,739783171,810753199,951851955,VISp,45,2.963,2.778,0.701,5.281,0.0,0.0,0.022,0.044,1.0,0.0,1.0,-0.008,0.0,"{""1.0"": {""evoked_rate_hz"": 0.0, ""baseline_rate_hz"": 4.44, ""reliability"": 0.0, ""modulation_ratio"": 0.0, ""median_latency_ms"": null}, ""2.5"": {""evoked_rate_hz"": 8.33, ""baseline_rate_hz"": 4.44, ""reliability"": 0.067, ""modulation_ratio"": 1.53, ""median_latency_ms"": 5.28}, ""4.0"": {""evoked_rate_hz"": 0.0, ""baseline_rate_hz"": 0.0, ""reliability"": 0.0, ""modulation_ratio"": 0.0, ""median_latency_ms"": null}}",False,1.0,not light responsive,0.95,Not statistically significant (p=1.0000 >= 0.05); No positive modulation (mod_ratio=0.70 <= 1.0); Very low reliability (0.02 < 0.05)
760345702,739783171,810753199,951851945,VISp,45,13.333,5.556,0.388,3.73,0.817,0.578,0.044,0.133,0.977,0.219,0.15485,-0.197,2.7778,"{""1.0"": {""evoked_rate_hz"": 0.0, ""baseline_rate_hz"": 13.33, ""reliability"": 0.0, ""modulation_ratio"": 0.0, ""median_latency_ms"": null}, ""2.5"": {""evoked_rate_hz"": 8.33, ""baseline_rate_hz"": 13.33, ""reliability"": 0.067, ""modulation_ratio"": 0.58, ""median_latency_ms"": 4.31}, ""4.0"": {""evoked_rate_hz"": 8.33, ""baseline_rate_hz"": 13.33, ""reliability"": 0.067, ""modulation_ratio"": 0.58, ""median_latency_ms"": 3.15}}",False,0.714,not light responsive,0.95,Not statistically significant (p=0.1548 >= 0.05); No positive modulation (mod_ratio=0.39 <= 1.0); Very low reliability (0.04 < 0.05)
760345702,739783171,810753199,951852036,VISp,45,5.926,5.556,0.802,3.703,3.424,2.421,0.044,0.022,0.977,0.925,0.81518,-0.014,0.0,"{""1.0"": {""evoked_rate_hz"": 0.0, ""baseline_rate_hz"": 8.89, ""reliability"": 0.0, ""modulation_ratio"": 0.0, ""median_latency_ms"": null}, ""2.5"": {""evoked_rate_hz"": 16.67, ""baseline_rate_hz"": 8.89, ""reliability"": 0.133, ""modulation_ratio"": 1.69, ""median_latency_ms"": 3.7}, ""4.0"": {""evoked_rate_hz"": 0.0, ""baseline_rate_hz"": 0.0, ""reliability"": 0.0, ""modulation_ratio"": 0.0, ""median_latency_ms"": null}}",False,0.002,not light responsive,0.95,Not statistically significant (p=0.8152 >= 0.05); No positive modulation (mod_ratio=0.80 <= 1.0); Very low reliability (0.04 < 0.05)
760345702,739783171,810753199,951852028,VISp,45,7.407,11.111,1.322,5.683,1.205,1.46,0.089,0.022,0.932,0.202,0.68631,0.085,2.7778,"{""1.0"": {""evoked_rate_hz"": 0.0, ""baseline_rate_hz"": 8.89, ""reliability"": 0.0, ""modulation_ratio"": 0.0, ""median_latency_ms"": null}, ""2.5"": {""evoked_rate_hz"": 25.0, ""baseline_rate_hz"": 8.89, ""reliability"": 0.2, ""modulation_ratio"": 2.53, ""median_latency_ms"": 5.15}, ""4.0"": {""evoked_rate_hz"": 8.33, ""baseline_rate_hz"": 4.44, ""reliability"": 0.067, ""modulation_ratio"": 1.53, ""median_latency_ms"": 7.56}}",False,0.002,not light responsive,0.911,Not statistically significant (p=0.6863 >= 0.05)
760345702,739783171,810753199,951851994,VISp,45,19.259,41.667,2.057,6.245,1.949,2.456,0.333,0.178,0.682,0.336,0.04296,0.306,22.2222,"{""1.0"": {""evoked_rate_hz"": 0.0, ""baseline_rate_hz"": 31.11, ""reliability"": 0.0, ""modulation_ratio"": 0.0, ""median_latency_ms"": null}, ""2.5"": {""evoked_rate_hz"": 58.33, ""baseline_rate_hz"": 8.89, ""reliability"": 0.467, ""modulation_ratio"": 5.9, ""median_latency_ms"": 6.05}, ""4.0"": {""evoked_rate_hz"": 66.67, ""baseline_rate_hz"": 17.78, ""reliability"": 0.533, ""modulation_ratio"": 3.55, ""median_latency_ms"": 6.27}}",False,-0.333,putatively directly optotagged,0.622,Passes direct criteria: mod=2.06>2.0; rel=0.33>=0.3; lat=6.25<8.0ms; p=0.0430<0.05
760345702,739783171,810753199,951852068,VISp,45,7.407,2.778,0.33,8.587,0.0,0.0,0.022,0.067,1.0,0.0,0.12288,-0.216,-2.7778,"{""1.0"": {""evoked_rate_hz"": 8.33, ""baseline_rate_hz"": 13.33, ""reliability"": 0.067, ""modulation_ratio"": 0.58, ""median_latency_ms"": 8.59}, ""2.5"": {""evoked_rate_hz"": 0.0, ""baseline_rate_hz"": 4.44, ""reliability"": 0.0, ""modulation_ratio"": 0.0, ""median_latency_ms"": null}, ""4.0"": {""evoked_rate_hz"": 0.0, ""baseline_rate_hz"": 4.44, ""reliability"": 0.0, ""modulation_ratio"": 0.0, ""median_latency_ms"": null}}",False,-1110.111,not light responsive,0.95,Not statistically significant (p=0.1229 >= 0.05); No positive modulation (mod_ratio=0.33 <= 1.0); Very low reliability (0.02 < 0.05)
760345702,739783171,810753199,951852060,VISp,45,8.889,13.889,1.404,3.926,2.509,4.509,0.111,0.044,0.909,0.674,0.51648,0.118,13.8889,"{""1.0"": {""evoked_rate_hz"": 0.0, ""baseline_rate_hz"": 4.44, ""reliability"": 0.0, ""modulation_ratio"": 0.0, ""median_latency_ms"": null}, ""2.5"": {""evoked_rate_hz"": 0.0, ""baseline_rate_hz"": 13.33, ""reliability"": 0.0, ""modulation_ratio"": 0.0, ""median_latency_ms"": null}, ""4.0"": {""evoked_rate_hz"": 41.67, ""baseline_rate_hz"": 8.89, ""reliability"": 0.333, ""modulation_ratio"": 4.21, ""median_latency_ms"": 3.93}}",False,-1110.111,not light responsive,0.889,Not statistically significant (p=0.5165 >= 0.05)
760345702,739783171,810753199,951852153,VISp,45,0.0,0.0,0.0,,,,0.0,0.0,0.0,,1.0,0.0,0.0,"{""1.0"": {""evoked_rate_hz"": 0.0, ""baseline_rate_hz"": 0.0, ""reliability"": 0.0, ""modulation_ratio"": 0.0, ""median_latency_ms"": null}, ""2.5"": {""evoked_rate_hz"": 0.0, ""baseline_rate_hz"": 0.0, ""reliability"": 0.0, ""modulation_ratio"": 0.0, ""median_latency_ms"": null}, ""4.0"": {""evoked_rate_hz"": 0.0, ""baseline_rate_hz"": 0.0, ""reliability"": 0.0, ""modulation_ratio"": 0.0, ""median_latency_ms"": null}}",False,1.0,insufficient evidence,0.0,Insufficient trial count (<10) or zero spikes recorded
760345702,739783171,810753199,951852117,VISp,45,11.852,25.0,1.945,4.358,2.474,3.726,0.2,0.089,0.818,0.526,0.0979,0.244,11.1111,"{""1.0"": {""evoked_rate_hz"": 0.0, ""baseline_rate_hz"": 8.89, ""reliability"": 0.0, ""modulation_ratio"": 0.0, ""median_latency_ms"": null}, ""2.5"": {""evoked_rate_hz"": 41.67, ""baseline_rate_hz"": 13.33, ""reliability"": 0.333, ""modulation_ratio"": 2.91, ""median_latency_ms"": 6.14}, ""4.0"": {""evoked_rate_hz"": 33.33, ""baseline_rate_hz"": 13.33, ""reliability"": 0.267, ""modulation_ratio"": 2.33, ""median_latency_ms"": 3.3}}",False,-0.997,not light responsive,0.8,Not statistically significant (p=0.0979 >= 0.05)
760345702,739783171,810753199,951852145,VISp,45,0.0,0.0,0.0,,,,0.0,0.0,0.0,,1.0,0.0,0.0,"{""1.0"": {""evoked_rate_hz"": 0.0, ""baseline_rate_hz"": 0.0, ""reliability"": 0.0, ""modulation_ratio"": 0.0, ""median_latency_ms"": null}, ""2.5"": {""evoked_rate_hz"": 0.0, ""baseline_rate_hz"": 0.0, ""reliability"": 0.0, ""modulation_ratio"": 0.0, ""median_latency_ms"": null}, ""4.0"": {""evoked_rate_hz"": 0.0, ""baseline_rate_hz"": 0.0, ""reliability"": 0.0, ""modulation_ratio"": 0.0, ""median_latency_ms"": null}}",False,1.0,insufficient evidence,0.0,Insufficient trial count (<10) or zero spikes recorded
760345702,739783171,810753199,951852195,VISp,45,1.481,0.0,0.0,,,,0.0,0.0,0.0,,1.0,-0.149,0.0,"{""1.0"": {""evoked_rate_hz"": 0.0, ""baseline_rate_hz"": 0.0, ""reliability"": 0.0, ""modulation_ratio"": 0.0, ""median_latency_ms"": null}, ""2.5"": {""evoked_rate_hz"": 0.0, ""baseline_rate_hz"": 0.0, ""reliability"": 0.0, ""modulation_ratio"": 0.0, ""median_latency_ms"": null}, ""4.0"": {""evoked_rate_hz"": 0.0, ""baseline_rate_hz"": 4.44, ""reliability"": 0.0, ""modulation_ratio"": 0.0, ""median_latency_ms"": null}}",False,0.004,not light responsive,0.95,Not statistically significant (p=1.0000 >= 0.05); No positive modulation (mod_ratio=0.00 <= 1.0); Very low reliability (0.00 < 0.05)
760345702,739783171,810753199,951852256,VISp,45,0.0,0.0,0.0,,,,0.0,0.0,0.0,,1.0,0.0,0.0,"{""1.0"": {""evoked_rate_hz"": 0.0, ""baseline_rate_hz"": 0.0, ""reliability"": 0.0, ""modulation_ratio"": 0.0, ""median_latency_ms"": null}, ""2.5"": {""evoked_rate_hz"": 0.0, ""baseline_rate_hz"": 0.0, ""reliability"": 0.0, ""modulation_ratio"": 0.0, ""median_latency_ms"": null}, ""4.0"": {""evoked_rate_hz"": 0.0, ""baseline_rate_hz"": 0.0, ""reliability"": 0.0, ""modulation_ratio"": 0.0, ""median_latency_ms"": null}}",False,1.0,insufficient evidence,0.0,Insufficient trial count (<10) or zero spikes recorded
760345702,739783171,810753199,951852233,VISp,45,2.963,13.889,3.505,5.381,2.283,2.644,0.111,0.022,0.909,0.399,0.09291,0.284,5.5556,"{""1.0"": {""evoked_rate_hz"": 0.0, ""baseline_rate_hz"": 4.44, ""reliability"": 0.0, ""modulation_ratio"": 0.0, ""median_latency_ms"": null}, ""2.5"": {""evoked_rate_hz"": 25.0, ""baseline_rate_hz"": 4.44, ""reliability"": 0.2, ""modulation_ratio"": 4.59, ""median_latency_ms"": 5.38}, ""4.0"": {""evoked_rate_hz"": 16.67, ""baseline_rate_hz"": 0.0, ""reliability"": 0.133, ""modulation_ratio"": 16.67, ""median_latency_ms"": 5.02}}",False,0.251,not light responsive,0.889,Not statistically significant (p=0.0929 >= 0.05)
760345702,739783171,810753199,951852211,VISp,45,7.407,11.111,1.322,4.901,3.388,5.08,0.089,0.067,0.932,0.66,0.63636,0.095,5.5556,"{""1.0"": {""evoked_rate_hz"": 0.0, ""baseline_rate_hz"": 4.44, ""reliability"": 0.0, ""modulation_ratio"": 0.0, ""median_latency_ms"": null}, ""2.5"": {""evoked_rate_hz"": 16.67, ""baseline_rate_hz"": 8.89, ""reliability"": 0.133, ""modulation_ratio"": 1.69, ""median_latency_ms"": 7.99}, ""4.0"": {""evoked_rate_hz"": 16.67, ""baseline_rate_hz"": 8.89, ""reliability"": 0.133, ""modulation_ratio"": 1.69, ""median_latency_ms"": 2.28}}",False,0.001,not light responsive,0.911,Not statistically significant (p=0.6364 >= 0.05)
760345702,739783171,810753199,951852350,VISp,45,4.444,0.0,0.0,,,,0.0,0.022,0.0,,0.27173,-0.264,0.0,"{""1.0"": {""evoked_rate_hz"": 0.0, ""baseline_rate_hz"": 4.44, ""reliability"": 0.0, ""modulation_ratio"": 0.0, ""median_latency_ms"": null}, ""2.5"": {""evoked_rate_hz"": 0.0, ""baseline_rate_hz"": 4.44, ""reliability"": 0.0, ""modulation_ratio"": 0.0, ""median_latency_ms"": null}, ""4.0"": {""evoked_rate_hz"": 0.0, ""baseline_rate_hz"": 4.44, ""reliability"": 0.0, ""modulation_ratio"": 0.0, ""median_latency_ms"": null}}",False,0.501,not light responsive,0.95,Not statistically significant (p=0.2717 >= 0.05); No positive modulation (mod_ratio=0.00 <= 1.0); Very low reliability (0.00 < 0.05)
760345702,739783171,810753199,951852324,VISp,45,0.0,0.0,0.0,,,,0.0,0.0,0.0,,1.0,0.0,0.0,"{""1.0"": {""evoked_rate_hz"": 0.0, ""baseline_rate_hz"": 0.0, ""reliability"": 0.0, ""modulation_ratio"": 0.0, ""median_latency_ms"": null}, ""2.5"": {""evoked_rate_hz"": 0.0, ""baseline_rate_hz"": 0.0, ""reliability"": 0.0, ""modulation_ratio"": 0.0, ""median_latency_ms"": null}, ""4.0"": {""evoked_rate_hz"": 0.0, ""baseline_rate_hz"": 0.0, ""reliability"": 0.0, ""modulation_ratio"": 0.0, ""median_latency_ms"": null}}",False,1.0,insufficient evidence,0.0,Insufficient trial count (<10) or zero spikes recorded
760345702,739783171,810753199,951852293,VISp,45,0.0,0.0,0.0,,,,0.0,0.0,0.0,,1.0,0.0,0.0,"{""1.0"": {""evoked_rate_hz"": 0.0, ""baseline_rate_hz"": 0.0, ""reliability"": 0.0, ""modulation_ratio"": 0.0, ""median_latency_ms"": null}, ""2.5"": {""evoked_rate_hz"": 0.0, ""baseline_rate_hz"": 0.0, ""reliability"": 0.0, ""modulation_ratio"": 0.0, ""median_latency_ms"": null}, ""4.0"": {""evoked_rate_hz"": 0.0, ""baseline_rate_hz"": 0.0, ""reliability"": 0.0, ""modulation_ratio"": 0.0, ""median_latency_ms"": null}}",False,1.0,insufficient evidence,0.0,Insufficient trial count (<10) or zero spikes recorded
760345702,739783171,810753199,951852368,VISp,45,0.0,0.0,0.0,,,,0.0,0.0,0.0,,1.0,0.0,0.0,"{""1.0"": {""evoked_rate_hz"": 0.0, ""baseline_rate_hz"": 0.0, ""reliability"": 0.0, ""modulation_ratio"": 0.0, ""median_latency_ms"": null}, ""2.5"": {""evoked_rate_hz"": 0.0, ""baseline_rate_hz"": 0.0, ""reliability"": 0.0, ""modulation_ratio"": 0.0, ""median_latency_ms"": null}, ""4.0"": {""evoked_rate_hz"": 0.0, ""baseline_rate_hz"": 0.0, ""reliability"": 0.0, ""modulation_ratio"": 0.0, ""median_latency_ms"": null}}",False,1.0,insufficient evidence,0.0,Insufficient trial count (<10) or zero spikes recorded
760345702,739783171,810753199,951852933,VISp,45,0.0,0.0,0.0,,,,0.0,0.0,0.0,,1.0,0.0,0.0,"{""1.0"": {""evoked_rate_hz"": 0.0, ""baseline_rate_hz"": 0.0, ""reliability"": 0.0, ""modulation_ratio"": 0.0, ""median_latency_ms"": null}, ""2.5"": {""evoked_rate_hz"": 0.0, ""baseline_rate_hz"": 0.0, ""reliability"": 0.0, ""modulation_ratio"": 0.0, ""median_latency_ms"": null}, ""4.0"": {""evoked_rate_hz"": 0.0, ""baseline_rate_hz"": 0.0, ""reliability"": 0.0, ""modulation_ratio"": 0.0, ""median_latency_ms"": null}}",False,1.0,insufficient evidence,0.0,Insufficient trial count (<10) or zero spikes recorded
760345702,739783171,810753199,951852409,VISp,45,0.0,0.0,0.0,,,,0.0,0.0,0.0,,1.0,0.0,0.0,"{""1.0"": {""evoked_rate_hz"": 0.0, ""baseline_rate_hz"": 0.0, ""reliability"": 0.0, ""modulation_ratio"": 0.0, ""median_latency_ms"": null}, ""2.5"": {""evoked_rate_hz"": 0.0, ""baseline_rate_hz"": 0.0, ""reliability"": 0.0, ""modulation_ratio"": 0.0, ""median_latency_ms"": null}, ""4.0"": {""evoked_rate_hz"": 0.0, ""baseline_rate_hz"": 0.0, ""reliability"": 0.0, ""modulation_ratio"": 0.0, ""median_latency_ms"": null}}",False,1.0,insufficient evidence,0.0,Insufficient trial count (<10) or zero spikes recorded
760345702,739783171,810753199,951852455,VISp,45,0.0,0.0,0.0,,,,0.0,0.0,0.0,,1.0,0.0,0.0,"{""1.0"": {""evoked_rate_hz"": 0.0, ""baseline_rate_hz"": 0.0, ""reliability"": 0.0, ""modulation_ratio"": 0.0, ""median_latency_ms"": null}, ""2.5"": {""evoked_rate_hz"": 0.0, ""baseline_rate_hz"": 0.0, ""reliability"": 0.0, ""modulation_ratio"": 0.0, ""median_latency_ms"": null}, ""4.0"": {""evoked_rate_hz"": 0.0, ""baseline_rate_hz"": 0.0, ""reliability"": 0.0, ""modulation_ratio"": 0.0, ""median_latency_ms"": null}}",False,1.0,insufficient evidence,0.0,Insufficient trial count (<10) or zero spikes recorded
760345702,739783171,810753199,951852509,VISp,45,0.0,0.0,0.0,,,,0.0,0.0,0.0,,1.0,0.0,0.0,"{""1.0"": {""evoked_rate_hz"": 0.0, ""baseline_rate_hz"": 0.0, ""reliability"": 0.0, ""modulation_ratio"": 0.0, ""median_latency_ms"": null}, ""2.5"": {""evoked_rate_hz"": 0.0, ""baseline_rate_hz"": 0.0, ""reliability"": 0.0, ""modulation_ratio"": 0.0, ""median_latency_ms"": null}, ""4.0"": {""evoked_rate_hz"": 0.0, ""baseline_rate_hz"": 0.0, ""reliability"": 0.0, ""modulation_ratio"": 0.0, ""median_latency_ms"": null}}",False,1.0,insufficient evidence,0.0,Insufficient trial count (<10) or zero spikes recorded
760345702,739783171,810753199,951852502,VISp,45,0.0,0.0,0.0,,,,0.0,0.0,0.0,,1.0,0.0,0.0,"{""1.0"": {""evoked_rate_hz"": 0.0, ""baseline_rate_hz"": 0.0, ""reliability"": 0.0, ""modulation_ratio"": 0.0, ""median_latency_ms"": null}, ""2.5"": {""evoked_rate_hz"": 0.0, ""baseline_rate_hz"": 0.0, ""reliability"": 0.0, ""modulation_ratio"": 0.0, ""median_latency_ms"": null}, ""4.0"": {""evoked_rate_hz"": 0.0, ""baseline_rate_hz"": 0.0, ""reliability"": 0.0, ""modulation_ratio"": 0.0, ""median_latency_ms"": null}}",False,1.0,insufficient evidence,0.0,Insufficient trial count (<10) or zero spikes recorded
760345702,739783171,810753199,951852493,VISp,45,2.963,2.778,0.701,5.176,0.0,0.0,0.022,0.022,1.0,0.0,1.0,-0.008,2.7778,"{""1.0"": {""evoked_rate_hz"": 0.0, ""baseline_rate_hz"": 0.0, ""reliability"": 0.0, ""modulation_ratio"": 0.0, ""median_latency_ms"": null}, ""2.5"": {""evoked_rate_hz"": 0.0, ""baseline_rate_hz"": 4.44, ""reliability"": 0.0, ""modulation_ratio"": 0.0, ""median_latency_ms"": null}, ""4.0"": {""evoked_rate_hz"": 8.33, ""baseline_rate_hz"": 4.44, ""reliability"": 0.067, ""modulation_ratio"": 1.53, ""median_latency_ms"": 5.18}}",False,1.0,not light responsive,0.95,Not statistically significant (p=1.0000 >= 0.05); No positive modulation (mod_ratio=0.70 <= 1.0); Very low reliability (0.02 < 0.05)
760345702,739783171,810753199,951852577,VISp,45,5.926,13.889,2.005,6.092,2.248,2.205,0.111,0.044,0.909,0.417,0.31169,0.173,2.7778,"{""1.0"": {""evoked_rate_hz"": 8.33, ""baseline_rate_hz"": 13.33, ""reliability"": 0.067, ""modulation_ratio"": 0.58, ""median_latency_ms"": 3.94}, ""2.5"": {""evoked_rate_hz"": 16.67, ""baseline_rate_hz"": 4.44, ""reliability"": 0.133, ""modulation_ratio"": 3.06, ""median_latency_ms"": 7.23}, ""4.0"": {""evoked_rate_hz"": 16.67, ""baseline_rate_hz"": 0.0, ""reliability"": 0.133, ""modulation_ratio"": 16.67, ""median_latency_ms"": 4.28}}",False,0.001,not light responsive,0.889,Not statistically significant (p=0.3117 >= 0.05)
760345702,739783171,810753201,951846900,CA3,45,0.0,0.0,0.0,,,,0.0,0.0,0.0,,1.0,0.0,0.0,"{""1.0"": {""evoked_rate_hz"": 0.0, ""baseline_rate_hz"": 0.0, ""reliability"": 0.0, ""modulation_ratio"": 0.0, ""median_latency_ms"": null}, ""2.5"": {""evoked_rate_hz"": 0.0, ""baseline_rate_hz"": 0.0, ""reliability"": 0.0, ""modulation_ratio"": 0.0, ""median_latency_ms"": null}, ""4.0"": {""evoked_rate_hz"": 0.0, ""baseline_rate_hz"": 0.0, ""reliability"": 0.0, ""modulation_ratio"": 0.0, ""median_latency_ms"": null}}",False,-221.222,insufficient evidence,0.0,Insufficient trial count (<10) or zero spikes recorded
760345702,739783171,810753201,951848641,CA3,45,0.0,0.0,0.0,,,,0.0,0.0,0.0,,1.0,0.0,0.0,"{""1.0"": {""evoked_rate_hz"": 0.0, ""baseline_rate_hz"": 0.0, ""reliability"": 0.0, ""modulation_ratio"": 0.0, ""median_latency_ms"": null}, ""2.5"": {""evoked_rate_hz"": 0.0, ""baseline_rate_hz"": 0.0, ""reliability"": 0.0, ""modulation_ratio"": 0.0, ""median_latency_ms"": null}, ""4.0"": {""evoked_rate_hz"": 0.0, ""baseline_rate_hz"": 0.0, ""reliability"": 0.0, ""modulation_ratio"": 0.0, ""median_latency_ms"": null}}",False,1.0,insufficient evidence,0.0,Insufficient trial count (<10) or zero spikes recorded
760345702,739783171,810753201,951846987,CA3,45,34.074,25.0,0.713,5.578,2.602,3.365,0.2,0.289,0.818,0.529,0.31568,-0.161,11.1111,"{""1.0"": {""evoked_rate_hz"": 8.33, ""baseline_rate_hz"": 26.67, ""reliability"": 0.067, ""modulation_ratio"": 0.3, ""median_latency_ms"": 7.94}, ""2.5"": {""evoked_rate_hz"": 25.0, ""baseline_rate_hz"": 48.89, ""reliability"": 0.2, ""modulation_ratio"": 0.5, ""median_latency_ms"": 6.28}, ""4.0"": {""evoked_rate_hz"": 41.67, ""baseline_rate_hz"": 26.67, ""reliability"": 0.333, ""modulation_ratio"": 1.51, ""median_latency_ms"": 3.23}}",False,0.134,not light responsive,0.8,Not statistically significant (p=0.3157 >= 0.05); No positive modulation (mod_ratio=0.71 <= 1.0)
760345702,739783171,810753201,951846980,CA3,45,0.0,2.778,2.778,4.153,0.0,0.0,0.022,0.0,1.0,0.0,1.0,0.149,0.0,"{""1.0"": {""evoked_rate_hz"": 0.0, ""baseline_rate_hz"": 0.0, ""reliability"": 0.0, ""modulation_ratio"": 0.0, ""median_latency_ms"": null}, ""2.5"": {""evoked_rate_hz"": 8.33, ""baseline_rate_hz"": 0.0, ""reliability"": 0.067, ""modulation_ratio"": 8.33, ""median_latency_ms"": 4.15}, ""4.0"": {""evoked_rate_hz"": 0.0, ""baseline_rate_hz"": 0.0, ""reliability"": 0.0, ""modulation_ratio"": 0.0, ""median_latency_ms"": null}}",False,1.0,not light responsive,0.95,Not statistically significant (p=1.0000 >= 0.05); Very low reliability (0.02 < 0.05)
760345702,739783171,810753201,951846946,CA3,45,0.0,2.778,2.778,6.622,0.0,0.0,0.022,0.0,1.0,0.0,1.0,0.149,-2.7778,"{""1.0"": {""evoked_rate_hz"": 8.33, ""baseline_rate_hz"": 0.0, ""reliability"": 0.067, ""modulation_ratio"": 8.33, ""median_latency_ms"": 6.62}, ""2.5"": {""evoked_rate_hz"": 0.0, ""baseline_rate_hz"": 0.0, ""reliability"": 0.0, ""modulation_ratio"": 0.0, ""median_latency_ms"": null}, ""4.0"": {""evoked_rate_hz"": 0.0, ""baseline_rate_hz"": 0.0, ""reliability"": 0.0, ""modulation_ratio"": 0.0, ""median_latency_ms"": null}}",False,1.0,not light responsive,0.95,Not statistically significant (p=1.0000 >= 0.05); Very low reliability (0.02 < 0.05)
760345702,739783171,810753201,951847136,CA3,45,0.0,0.0,0.0,,,,0.0,0.0,0.0,,1.0,0.0,0.0,"{""1.0"": {""evoked_rate_hz"": 0.0, ""baseline_rate_hz"": 0.0, ""reliability"": 0.0, ""modulation_ratio"": 0.0, ""median_latency_ms"": null}, ""2.5"": {""evoked_rate_hz"": 0.0, ""baseline_rate_hz"": 0.0, ""reliability"": 0.0, ""modulation_ratio"": 0.0, ""median_latency_ms"": null}, ""4.0"": {""evoked_rate_hz"": 0.0, ""baseline_rate_hz"": 0.0, ""reliability"": 0.0, ""modulation_ratio"": 0.0, ""median_latency_ms"": null}}",False,1.0,insufficient evidence,0.0,Insufficient trial count (<10) or zero spikes recorded
760345702,739783171,810753201,951847155,CA3,45,1.481,0.0,0.0,,,,0.0,0.022,0.0,,1.0,-0.149,0.0,"{""1.0"": {""evoked_rate_hz"": 0.0, ""baseline_rate_hz"": 0.0, ""reliability"": 0.0, ""modulation_ratio"": 0.0, ""median_latency_ms"": null}, ""2.5"": {""evoked_rate_hz"": 0.0, ""baseline_rate_hz"": 0.0, ""reliability"": 0.0, ""modulation_ratio"": 0.0, ""median_latency_ms"": null}, ""4.0"": {""evoked_rate_hz"": 0.0, ""baseline_rate_hz"": 4.44, ""reliability"": 0.0, ""modulation_ratio"": 0.0, ""median_latency_ms"": null}}",False,1.0,not light responsive,0.95,Not statistically significant (p=1.0000 >= 0.05); No positive modulation (mod_ratio=0.00 <= 1.0); Very low reliability (0.00 < 0.05)
760345702,739783171,810753201,951847084,CA3,45,0.0,0.0,0.0,,,,0.0,0.0,0.0,,1.0,0.0,0.0,"{""1.0"": {""evoked_rate_hz"": 0.0, ""baseline_rate_hz"": 0.0, ""reliability"": 0.0, ""modulation_ratio"": 0.0, ""median_latency_ms"": null}, ""2.5"": {""evoked_rate_hz"": 0.0, ""baseline_rate_hz"": 0.0, ""reliability"": 0.0, ""modulation_ratio"": 0.0, ""median_latency_ms"": null}, ""4.0"": {""evoked_rate_hz"": 0.0, ""baseline_rate_hz"": 0.0, ""reliability"": 0.0, ""modulation_ratio"": 0.0, ""median_latency_ms"": null}}",False,1.0,insufficient evidence,0.0,Insufficient trial count (<10) or zero spikes recorded
760345702,739783171,810753201,951847077,CA3,45,0.0,0.0,0.0,,,,0.0,0.0,0.0,,1.0,0.0,0.0,"{""1.0"": {""evoked_rate_hz"": 0.0, ""baseline_rate_hz"": 0.0, ""reliability"": 0.0, ""modulation_ratio"": 0.0, ""median_latency_ms"": null}, ""2.5"": {""evoked_rate_hz"": 0.0, ""baseline_rate_hz"": 0.0, ""reliability"": 0.0, ""modulation_ratio"": 0.0, ""median_latency_ms"": null}, ""4.0"": {""evoked_rate_hz"": 0.0, ""baseline_rate_hz"": 0.0, ""reliability"": 0.0, ""modulation_ratio"": 0.0, ""median_latency_ms"": null}}",False,1.0,insufficient evidence,0.0,Insufficient trial count (<10) or zero spikes recorded
760345702,739783171,810753201,951847169,CA3,45,20.741,30.556,1.405,2.578,2.595,2.902,0.244,0.156,0.773,0.661,0.28072,0.161,2.7778,"{""1.0"": {""evoked_rate_hz"": 33.33, ""baseline_rate_hz"": 13.33, ""reliability"": 0.267, ""modulation_ratio"": 2.33, ""median_latency_ms"": 2.51}, ""2.5"": {""evoked_rate_hz"": 16.67, ""baseline_rate_hz"": 26.67, ""reliability"": 0.133, ""modulation_ratio"": 0.6, ""median_latency_ms"": 2.44}, ""4.0"": {""evoked_rate_hz"": 41.67, ""baseline_rate_hz"": 22.22, ""reliability"": 0.333, ""modulation_ratio"": 1.79, ""median_latency_ms"": 5.34}}",False,-1.247,not light responsive,0.756,Not statistically significant (p=0.2807 >= 0.05)
760345702,739783171,810753201,951847182,CA3,45,1.481,0.0,0.0,,,,0.0,0.022,0.0,,1.0,-0.149,0.0,"{""1.0"": {""evoked_rate_hz"": 0.0, ""baseline_rate_hz"": 0.0, ""reliability"": 0.0, ""modulation_ratio"": 0.0, ""median_latency_ms"": null}, ""2.5"": {""evoked_rate_hz"": 0.0, ""baseline_rate_hz"": 0.0, ""reliability"": 0.0, ""modulation_ratio"": 0.0, ""median_latency_ms"": null}, ""4.0"": {""evoked_rate_hz"": 0.0, ""baseline_rate_hz"": 4.44, ""reliability"": 0.0, ""modulation_ratio"": 0.0, ""median_latency_ms"": null}}",False,1.0,not light responsive,0.95,Not statistically significant (p=1.0000 >= 0.05); No positive modulation (mod_ratio=0.00 <= 1.0); Very low reliability (0.00 < 0.05)
760345702,739783171,810753201,951847266,CA3,45,4.444,5.556,1.02,4.411,0.248,0.175,0.044,0.067,0.977,0.056,1.0,0.035,2.7778,"{""1.0"": {""evoked_rate_hz"": 0.0, ""baseline_rate_hz"": 4.44, ""reliability"": 0.0, ""modulation_ratio"": 0.0, ""median_latency_ms"": null}, ""2.5"": {""evoked_rate_hz"": 8.33, ""baseline_rate_hz"": 4.44, ""reliability"": 0.067, ""modulation_ratio"": 1.53, ""median_latency_ms"": 4.24}, ""4.0"": {""evoked_rate_hz"": 8.33, ""baseline_rate_hz"": 4.44, ""reliability"": 0.067, ""modulation_ratio"": 1.53, ""median_latency_ms"": 4.59}}",False,0.667,not light responsive,0.95,Not statistically significant (p=1.0000 >= 0.05); Very low reliability (0.04 < 0.05)
760345702,739783171,810753201,951847301,CA2,45,1.481,0.0,0.0,,,,0.0,0.0,0.0,,1.0,-0.149,0.0,"{""1.0"": {""evoked_rate_hz"": 0.0, ""baseline_rate_hz"": 4.44, ""reliability"": 0.0, ""modulation_ratio"": 0.0, ""median_latency_ms"": null}, ""2.5"": {""evoked_rate_hz"": 0.0, ""baseline_rate_hz"": 0.0, ""reliability"": 0.0, ""modulation_ratio"": 0.0, ""median_latency_ms"": null}, ""4.0"": {""evoked_rate_hz"": 0.0, ""baseline_rate_hz"": 0.0, ""reliability"": 0.0, ""modulation_ratio"": 0.0, ""median_latency_ms"": null}}",False,1.0,not light responsive,0.95,Not statistically significant (p=1.0000 >= 0.05); No positive modulation (mod_ratio=0.00 <= 1.0); Very low reliability (0.00 < 0.05)
760345702,739783171,810753201,951847331,CA2,45,2.963,2.778,0.701,7.592,0.0,0.0,0.022,0.022,1.0,0.0,1.0,-0.008,-2.7778,"{""1.0"": {""evoked_rate_hz"": 8.33, ""baseline_rate_hz"": 4.44, ""reliability"": 0.067, ""modulation_ratio"": 1.53, ""median_latency_ms"": 7.59}, ""2.5"": {""evoked_rate_hz"": 0.0, ""baseline_rate_hz"": 4.44, ""reliability"": 0.0, ""modulation_ratio"": 0.0, ""median_latency_ms"": null}, ""4.0"": {""evoked_rate_hz"": 0.0, ""baseline_rate_hz"": 0.0, ""reliability"": 0.0, ""modulation_ratio"": 0.0, ""median_latency_ms"": null}}",False,-221.222,not light responsive,0.95,Not statistically significant (p=1.0000 >= 0.05); No positive modulation (mod_ratio=0.70 <= 1.0); Very low reliability (0.02 < 0.05)
760345702,739783171,810753201,951847398,CA1,45,19.259,25.0,1.234,6.697,2.975,4.526,0.2,0.111,0.818,0.545,0.50549,0.099,2.7778,"{""1.0"": {""evoked_rate_hz"": 25.0, ""baseline_rate_hz"": 22.22, ""reliability"": 0.2, ""modulation_ratio"": 1.08, ""median_latency_ms"": 6.7}, ""2.5"": {""evoked_rate_hz"": 16.67, ""baseline_rate_hz"": 13.33, ""reliability"": 0.133, ""modulation_ratio"": 1.16, ""median_latency_ms"": 2.45}, ""4.0"": {""evoked_rate_hz"": 33.33, ""baseline_rate_hz"": 22.22, ""reliability"": 0.267, ""modulation_ratio"": 1.44, ""median_latency_ms"": 7.63}}",False,-0.798,not light responsive,0.8,Not statistically significant (p=0.5055 >= 0.05)
760345702,739783171,810753201,951848761,CA1,45,2.963,0.0,0.0,,,,0.0,0.022,0.0,,0.51948,-0.213,0.0,"{""1.0"": {""evoked_rate_hz"": 0.0, ""baseline_rate_hz"": 4.44, ""reliability"": 0.0, ""modulation_ratio"": 0.0, ""median_latency_ms"": null}, ""2.5"": {""evoked_rate_hz"": 0.0, ""baseline_rate_hz"": 4.44, ""reliability"": 0.0, ""modulation_ratio"": 0.0, ""median_latency_ms"": null}, ""4.0"": {""evoked_rate_hz"": 0.0, ""baseline_rate_hz"": 0.0, ""reliability"": 0.0, ""modulation_ratio"": 0.0, ""median_latency_ms"": null}}",False,-221.222,not light responsive,0.95,Not statistically significant (p=0.5195 >= 0.05); No positive modulation (mod_ratio=0.00 <= 1.0); Very low reliability (0.00 < 0.05)
760345702,739783171,810753201,951847606,CA1,45,0.0,2.778,2.778,5.221,0.0,0.0,0.022,0.0,1.0,0.0,1.0,0.149,0.0,"{""1.0"": {""evoked_rate_hz"": 0.0, ""baseline_rate_hz"": 0.0, ""reliability"": 0.0, ""modulation_ratio"": 0.0, ""median_latency_ms"": null}, ""2.5"": {""evoked_rate_hz"": 8.33, ""baseline_rate_hz"": 0.0, ""reliability"": 0.067, ""modulation_ratio"": 8.33, ""median_latency_ms"": 5.22}, ""4.0"": {""evoked_rate_hz"": 0.0, ""baseline_rate_hz"": 0.0, ""reliability"": 0.0, ""modulation_ratio"": 0.0, ""median_latency_ms"": null}}",False,1.0,not light responsive,0.95,Not statistically significant (p=1.0000 >= 0.05); Very low reliability (0.02 < 0.05)
760345702,739783171,810753201,951847665,CA1,45,10.37,13.889,1.221,5.337,3.338,4.296,0.089,0.089,1.318,0.644,0.74825,0.066,-2.7778,"{""1.0"": {""evoked_rate_hz"": 8.33, ""baseline_rate_hz"": 13.33, ""reliability"": 0.067, ""modulation_ratio"": 0.58, ""median_latency_ms"": 3.72}, ""2.5"": {""evoked_rate_hz"": 33.33, ""baseline_rate_hz"": 13.33, ""reliability"": 0.2, ""modulation_ratio"": 2.33, ""median_latency_ms"": 6.95}, ""4.0"": {""evoked_rate_hz"": 0.0, ""baseline_rate_hz"": 4.44, ""reliability"": 0.0, ""modulation_ratio"": 0.0, ""median_latency_ms"": null}}",False,-5.485,not light responsive,0.911,Not statistically significant (p=0.7482 >= 0.05)
760345702,739783171,810753201,951847678,VISl,45,14.815,5.556,0.351,6.902,0.42,0.297,0.044,0.133,0.977,0.061,0.1039,-0.229,-5.5556,"{""1.0"": {""evoked_rate_hz"": 16.67, ""baseline_rate_hz"": 22.22, ""reliability"": 0.133, ""modulation_ratio"": 0.72, ""median_latency_ms"": 6.9}, ""2.5"": {""evoked_rate_hz"": 0.0, ""baseline_rate_hz"": 17.78, ""reliability"": 0.0, ""modulation_ratio"": 0.0, ""median_latency_ms"": null}, ""4.0"": {""evoked_rate_hz"": 0.0, ""baseline_rate_hz"": 4.44, ""reliability"": 0.0, ""modulation_ratio"": 0.0, ""median_latency_ms"": null}}",False,0.001,not light responsive,0.95,Not statistically significant (p=0.1039 >= 0.05); No positive modulation (mod_ratio=0.35 <= 1.0); Very low reliability (0.04 < 0.05)
760345702,739783171,810753201,951847715,VISl,45,0.0,0.0,0.0,,,,0.0,0.0,0.0,,1.0,0.0,0.0,"{""1.0"": {""evoked_rate_hz"": 0.0, ""baseline_rate_hz"": 0.0, ""reliability"": 0.0, ""modulation_ratio"": 0.0, ""median_latency_ms"": null}, ""2.5"": {""evoked_rate_hz"": 0.0, ""baseline_rate_hz"": 0.0, ""reliability"": 0.0, ""modulation_ratio"": 0.0, ""median_latency_ms"": null}, ""4.0"": {""evoked_rate_hz"": 0.0, ""baseline_rate_hz"": 0.0, ""reliability"": 0.0, ""modulation_ratio"": 0.0, ""median_latency_ms"": null}}",False,1.0,insufficient evidence,0.0,Insufficient trial count (<10) or zero spikes recorded
760345702,739783171,810753201,951847733,VISl,45,0.0,0.0,0.0,,,,0.0,0.0,0.0,,1.0,0.0,0.0,"{""1.0"": {""evoked_rate_hz"": 0.0, ""baseline_rate_hz"": 0.0, ""reliability"": 0.0, ""modulation_ratio"": 0.0, ""median_latency_ms"": null}, ""2.5"": {""evoked_rate_hz"": 0.0, ""baseline_rate_hz"": 0.0, ""reliability"": 0.0, ""modulation_ratio"": 0.0, ""median_latency_ms"": null}, ""4.0"": {""evoked_rate_hz"": 0.0, ""baseline_rate_hz"": 0.0, ""reliability"": 0.0, ""modulation_ratio"": 0.0, ""median_latency_ms"": null}}",False,1.0,insufficient evidence,0.0,Insufficient trial count (<10) or zero spikes recorded
760345702,739783171,810753201,951847785,VISl,45,4.444,5.556,1.02,6.344,3.584,2.534,0.044,0.022,0.977,0.565,1.0,0.035,-2.7778,"{""1.0"": {""evoked_rate_hz"": 8.33, ""baseline_rate_hz"": 4.44, ""reliability"": 0.067, ""modulation_ratio"": 1.53, ""median_latency_ms"": 8.88}, ""2.5"": {""evoked_rate_hz"": 8.33, ""baseline_rate_hz"": 4.44, ""reliability"": 0.067, ""modulation_ratio"": 1.53, ""median_latency_ms"": 3.81}, ""4.0"": {""evoked_rate_hz"": 0.0, ""baseline_rate_hz"": 4.44, ""reliability"": 0.0, ""modulation_ratio"": 0.0, ""median_latency_ms"": null}}",False,1.0,not light responsive,0.95,Not statistically significant (p=1.0000 >= 0.05); Very low reliability (0.04 < 0.05)
760345702,739783171,810753201,951847772,VISl,45,7.407,5.556,0.661,3.889,3.138,2.219,0.044,0.044,0.977,0.807,0.47053,-0.087,0.0,"{""1.0"": {""evoked_rate_hz"": 0.0, ""baseline_rate_hz"": 0.0, ""reliability"": 0.0, ""modulation_ratio"": 0.0, ""median_latency_ms"": null}, ""2.5"": {""evoked_rate_hz"": 16.67, ""baseline_rate_hz"": 13.33, ""reliability"": 0.133, ""modulation_ratio"": 1.16, ""median_latency_ms"": 3.89}, ""4.0"": {""evoked_rate_hz"": 0.0, ""baseline_rate_hz"": 8.89, ""reliability"": 0.0, ""modulation_ratio"": 0.0, ""median_latency_ms"": null}}",False,0.001,not light responsive,0.95,Not statistically significant (p=0.4705 >= 0.05); No positive modulation (mod_ratio=0.66 <= 1.0); Very low reliability (0.04 < 0.05)
760345702,739783171,810753201,951847766,VISl,45,2.963,0.0,0.0,,,,0.0,0.044,0.0,,0.50549,-0.213,0.0,"{""1.0"": {""evoked_rate_hz"": 0.0, ""baseline_rate_hz"": 4.44, ""reliability"": 0.0, ""modulation_ratio"": 0.0, ""median_latency_ms"": null}, ""2.5"": {""evoked_rate_hz"": 0.0, ""baseline_rate_hz"": 4.44, ""reliability"": 0.0, ""modulation_ratio"": 0.0, ""median_latency_ms"": null}, ""4.0"": {""evoked_rate_hz"": 0.0, ""baseline_rate_hz"": 0.0, ""reliability"": 0.0, ""modulation_ratio"": 0.0, ""median_latency_ms"": null}}",False,-221.222,not light responsive,0.95,Not statistically significant (p=0.5055 >= 0.05); No positive modulation (mod_ratio=0.00 <= 1.0); Very low reliability (0.00 < 0.05)
760345702,739783171,810753201,951847759,VISl,45,1.481,0.0,0.0,,,,0.0,0.022,0.0,,1.0,-0.149,0.0,"{""1.0"": {""evoked_rate_hz"": 0.0, ""baseline_rate_hz"": 0.0, ""reliability"": 0.0, ""modulation_ratio"": 0.0, ""median_latency_ms"": null}, ""2.5"": {""evoked_rate_hz"": 0.0, ""baseline_rate_hz"": 0.0, ""reliability"": 0.0, ""modulation_ratio"": 0.0, ""median_latency_ms"": null}, ""4.0"": {""evoked_rate_hz"": 0.0, ""baseline_rate_hz"": 4.44, ""reliability"": 0.0, ""modulation_ratio"": 0.0, ""median_latency_ms"": null}}",False,1.0,not light responsive,0.95,Not statistically significant (p=1.0000 >= 0.05); No positive modulation (mod_ratio=0.00 <= 1.0); Very low reliability (0.00 < 0.05)
760345702,739783171,810753201,951847740,VISl,45,10.37,5.556,0.489,5.032,4.371,3.091,0.044,0.022,0.977,0.869,0.34565,-0.129,-2.7778,"{""1.0"": {""evoked_rate_hz"": 8.33, ""baseline_rate_hz"": 8.89, ""reliability"": 0.067, ""modulation_ratio"": 0.84, ""median_latency_ms"": 8.12}, ""2.5"": {""evoked_rate_hz"": 8.33, ""baseline_rate_hz"": 8.89, ""reliability"": 0.067, ""modulation_ratio"": 0.84, ""median_latency_ms"": 1.94}, ""4.0"": {""evoked_rate_hz"": 0.0, ""baseline_rate_hz"": 13.33, ""reliability"": 0.0, ""modulation_ratio"": 0.0, ""median_latency_ms"": null}}",False,-4.973,not light responsive,0.95,Not statistically significant (p=0.3457 >= 0.05); No positive modulation (mod_ratio=0.49 <= 1.0); Very low reliability (0.04 < 0.05)
760345702,739783171,810753201,951847799,VISl,45,7.407,8.333,0.991,3.236,0.349,0.247,0.044,0.067,1.636,0.108,1.0,0.02,-8.3333,"{""1.0"": {""evoked_rate_hz"": 25.0, ""baseline_rate_hz"": 8.89, ""reliability"": 0.133, ""modulation_ratio"": 2.53, ""median_latency_ms"": 3.24}, ""2.5"": {""evoked_rate_hz"": 0.0, ""baseline_rate_hz"": 13.33, ""reliability"": 0.0, ""modulation_ratio"": 0.0, ""median_latency_ms"": null}, ""4.0"": {""evoked_rate_hz"": 0.0, ""baseline_rate_hz"": 0.0, ""reliability"": 0.0, ""modulation_ratio"": 0.0, ""median_latency_ms"": null}}",False,1.0,not light responsive,0.95,Not statistically significant (p=1.0000 >= 0.05); No positive modulation (mod_ratio=0.99 <= 1.0); Very low reliability (0.04 < 0.05)
760345702,739783171,810753201,951847832,VISl,45,23.704,27.778,1.124,4.538,2.146,2.904,0.2,0.2,1.0,0.463,0.6973,0.056,16.6667,"{""1.0"": {""evoked_rate_hz"": 8.33, ""baseline_rate_hz"": 17.78, ""reliability"": 0.067, ""modulation_ratio"": 0.44, ""median_latency_ms"": 4.54}, ""2.5"": {""evoked_rate_hz"": 16.67, ""baseline_rate_hz"": 26.67, ""reliability"": 0.133, ""modulation_ratio"": 0.6, ""median_latency_ms"": 7.65}, ""4.0"": {""evoked_rate_hz"": 58.33, ""baseline_rate_hz"": 26.67, ""reliability"": 0.4, ""modulation_ratio"": 2.11, ""median_latency_ms"": 3.38}}",False,-0.499,not light responsive,0.8,Not statistically significant (p=0.6973 >= 0.05)
760345702,739783171,810753201,951847825,VISl,45,0.0,0.0,0.0,,,,0.0,0.0,0.0,,1.0,0.0,0.0,"{""1.0"": {""evoked_rate_hz"": 0.0, ""baseline_rate_hz"": 0.0, ""reliability"": 0.0, ""modulation_ratio"": 0.0, ""median_latency_ms"": null}, ""2.5"": {""evoked_rate_hz"": 0.0, ""baseline_rate_hz"": 0.0, ""reliability"": 0.0, ""modulation_ratio"": 0.0, ""median_latency_ms"": null}, ""4.0"": {""evoked_rate_hz"": 0.0, ""baseline_rate_hz"": 0.0, ""reliability"": 0.0, ""modulation_ratio"": 0.0, ""median_latency_ms"": null}}",False,1.0,insufficient evidence,0.0,Insufficient trial count (<10) or zero spikes recorded
760345702,739783171,810753201,951847793,VISl,45,2.963,5.556,1.402,6.873,0.385,0.273,0.044,0.0,0.977,0.056,0.74725,0.086,0.0,"{""1.0"": {""evoked_rate_hz"": 8.33, ""baseline_rate_hz"": 4.44, ""reliability"": 0.067, ""modulation_ratio"": 1.53, ""median_latency_ms"": 6.6}, ""2.5"": {""evoked_rate_hz"": 0.0, ""baseline_rate_hz"": 4.44, ""reliability"": 0.0, ""modulation_ratio"": 0.0, ""median_latency_ms"": null}, ""4.0"": {""evoked_rate_hz"": 8.33, ""baseline_rate_hz"": 0.0, ""reliability"": 0.067, ""modulation_ratio"": 8.33, ""median_latency_ms"": 7.15}}",False,-0.991,not light responsive,0.95,Not statistically significant (p=0.7472 >= 0.05); Very low reliability (0.04 < 0.05)
760345702,739783171,810753201,951847857,VISl,45,0.0,0.0,0.0,,,,0.0,0.0,0.0,,1.0,0.0,0.0,"{""1.0"": {""evoked_rate_hz"": 0.0, ""baseline_rate_hz"": 0.0, ""reliability"": 0.0, ""modulation_ratio"": 0.0, ""median_latency_ms"": null}, ""2.5"": {""evoked_rate_hz"": 0.0, ""baseline_rate_hz"": 0.0, ""reliability"": 0.0, ""modulation_ratio"": 0.0, ""median_latency_ms"": null}, ""4.0"": {""evoked_rate_hz"": 0.0, ""baseline_rate_hz"": 0.0, ""reliability"": 0.0, ""modulation_ratio"": 0.0, ""median_latency_ms"": null}}",False,1.0,insufficient evidence,0.0,Insufficient trial count (<10) or zero spikes recorded
760345702,739783171,810753201,951847844,VISl,45,0.0,0.0,0.0,,,,0.0,0.0,0.0,,1.0,0.0,0.0,"{""1.0"": {""evoked_rate_hz"": 0.0, ""baseline_rate_hz"": 0.0, ""reliability"": 0.0, ""modulation_ratio"": 0.0, ""median_latency_ms"": null}, ""2.5"": {""evoked_rate_hz"": 0.0, ""baseline_rate_hz"": 0.0, ""reliability"": 0.0, ""modulation_ratio"": 0.0, ""median_latency_ms"": null}, ""4.0"": {""evoked_rate_hz"": 0.0, ""baseline_rate_hz"": 0.0, ""reliability"": 0.0, ""modulation_ratio"": 0.0, ""median_latency_ms"": null}}",False,1.0,insufficient evidence,0.0,Insufficient trial count (<10) or zero spikes recorded
760345702,739783171,810753201,951847895,VISl,45,40.0,36.111,0.881,5.09,2.067,3.982,0.289,0.378,0.727,0.426,0.74725,-0.056,2.7778,"{""1.0"": {""evoked_rate_hz"": 33.33, ""baseline_rate_hz"": 35.56, ""reliability"": 0.267, ""modulation_ratio"": 0.91, ""median_latency_ms"": 5.11}, ""2.5"": {""evoked_rate_hz"": 33.33, ""baseline_rate_hz"": 53.33, ""reliability"": 0.267, ""modulation_ratio"": 0.61, ""median_latency_ms"": 3.63}, ""4.0"": {""evoked_rate_hz"": 41.67, ""baseline_rate_hz"": 31.11, ""reliability"": 0.333, ""modulation_ratio"": 1.3, ""median_latency_ms"": 6.55}}",False,-0.071,not light responsive,0.711,Not statistically significant (p=0.7472 >= 0.05); No positive modulation (mod_ratio=0.88 <= 1.0)
760345702,739783171,810753201,951847979,VISl,45,22.222,36.111,1.555,6.564,2.604,4.053,0.289,0.2,0.727,0.461,0.08691,0.258,13.8889,"{""1.0"": {""evoked_rate_hz"": 16.67, ""baseline_rate_hz"": 26.67, ""reliability"": 0.133, ""modulation_ratio"": 0.6, ""median_latency_ms"": 5.4}, ""2.5"": {""evoked_rate_hz"": 33.33, ""baseline_rate_hz"": 26.67, ""reliability"": 0.267, ""modulation_ratio"": 1.2, ""median_latency_ms"": 5.99}, ""4.0"": {""evoked_rate_hz"": 58.33, ""baseline_rate_hz"": 13.33, ""reliability"": 0.467, ""modulation_ratio"": 4.07, ""median_latency_ms"": 6.56}}",False,0.375,not light responsive,0.711,Not statistically significant (p=0.0869 >= 0.05)
760345702,739783171,810753201,951847971,VISl,45,14.815,16.667,1.054,5.974,2.347,3.625,0.133,0.133,0.886,0.426,0.86114,0.033,-5.5556,"{""1.0"": {""evoked_rate_hz"": 25.0, ""baseline_rate_hz"": 4.44, ""reliability"": 0.2, ""modulation_ratio"": 4.59, ""median_latency_ms"": 2.8}, ""2.5"": {""evoked_rate_hz"": 16.67, ""baseline_rate_hz"": 17.78, ""reliability"": 0.133, ""modulation_ratio"": 0.89, ""median_latency_ms"": 7.29}, ""4.0"": {""evoked_rate_hz"": 8.33, ""baseline_rate_hz"": 22.22, ""reliability"": 0.067, ""modulation_ratio"": 0.36, ""median_latency_ms"": 7.41}}",False,-0.748,not light responsive,0.867,Not statistically significant (p=0.8611 >= 0.05)
760345702,739783171,810753201,951847917,VISl,45,2.963,5.556,1.402,4.896,4.487,3.173,0.044,0.0,0.977,0.916,0.75225,0.086,-2.7778,"{""1.0"": {""evoked_rate_hz"": 8.33, ""baseline_rate_hz"": 4.44, ""reliability"": 0.067, ""modulation_ratio"": 1.53, ""median_latency_ms"": 1.72}, ""2.5"": {""evoked_rate_hz"": 8.33, ""baseline_rate_hz"": 4.44, ""reliability"": 0.067, ""modulation_ratio"": 1.53, ""median_latency_ms"": 8.07}, ""4.0"": {""evoked_rate_hz"": 0.0, ""baseline_rate_hz"": 0.0, ""reliability"": 0.0, ""modulation_ratio"": 0.0, ""median_latency_ms"": null}}",False,1.0,not light responsive,0.95,Not statistically significant (p=0.7522 >= 0.05); Very low reliability (0.04 < 0.05)
760345702,739783171,810753201,951848015,VISl,45,5.926,5.556,0.802,5.568,1.321,0.934,0.044,0.044,0.977,0.237,0.81419,-0.011,5.5556,"{""1.0"": {""evoked_rate_hz"": 0.0, ""baseline_rate_hz"": 8.89, ""reliability"": 0.0, ""modulation_ratio"": 0.0, ""median_latency_ms"": null}, ""2.5"": {""evoked_rate_hz"": 0.0, ""baseline_rate_hz"": 8.89, ""reliability"": 0.0, ""modulation_ratio"": 0.0, ""median_latency_ms"": null}, ""4.0"": {""evoked_rate_hz"": 16.67, ""baseline_rate_hz"": 0.0, ""reliability"": 0.133, ""modulation_ratio"": 16.67, ""median_latency_ms"": 5.57}}",False,-0.664,not light responsive,0.95,Not statistically significant (p=0.8142 >= 0.05); No positive modulation (mod_ratio=0.80 <= 1.0); Very low reliability (0.04 < 0.05)
760345702,739783171,810753201,951847939,VISl,45,17.778,11.111,0.592,3.316,2.006,2.244,0.089,0.156,0.932,0.583,0.37063,-0.126,-5.5556,"{""1.0"": {""evoked_rate_hz"": 16.67, ""baseline_rate_hz"": 17.78, ""reliability"": 0.133, ""modulation_ratio"": 0.89, ""median_latency_ms"": 3.32}, ""2.5"": {""evoked_rate_hz"": 16.67, ""baseline_rate_hz"": 17.78, ""reliability"": 0.133, ""modulation_ratio"": 0.89, ""median_latency_ms"": 3.56}, ""4.0"": {""evoked_rate_hz"": 0.0, ""baseline_rate_hz"": 17.78, ""reliability"": 0.0, ""modulation_ratio"": 0.0, ""median_latency_ms"": null}}",False,0.001,not light responsive,0.911,Not statistically significant (p=0.3706 >= 0.05); No positive modulation (mod_ratio=0.59 <= 1.0)
760345702,739783171,810753201,951848008,VISl,45,4.444,11.111,2.041,5.985,3.59,5.248,0.089,0.067,0.932,0.655,0.38761,0.163,0.0,"{""1.0"": {""evoked_rate_hz"": 0.0, ""baseline_rate_hz"": 0.0, ""reliability"": 0.0, ""modulation_ratio"": 0.0, ""median_latency_ms"": null}, ""2.5"": {""evoked_rate_hz"": 33.33, ""baseline_rate_hz"": 4.44, ""reliability"": 0.267, ""modulation_ratio"": 6.12, ""median_latency_ms"": 5.99}, ""4.0"": {""evoked_rate_hz"": 0.0, ""baseline_rate_hz"": 8.89, ""reliability"": 0.0, ""modulation_ratio"": 0.0, ""median_latency_ms"": null}}",False,-0.991,not light responsive,0.911,Not statistically significant (p=0.3876 >= 0.05)
760345702,739783171,810753201,951847994,VISl,45,11.852,2.778,0.216,2.187,0.0,0.0,0.022,0.133,1.0,0.0,0.03197,-0.276,0.0,"{""1.0"": {""evoked_rate_hz"": 0.0, ""baseline_rate_hz"": 17.78, ""reliability"": 0.0, ""modulation_ratio"": 0.0, ""median_latency_ms"": null}, ""2.5"": {""evoked_rate_hz"": 8.33, ""baseline_rate_hz"": 0.0, ""reliability"": 0.067, ""modulation_ratio"": 8.33, ""median_latency_ms"": 2.19}, ""4.0"": {""evoked_rate_hz"": 0.0, ""baseline_rate_hz"": 17.78, ""reliability"": 0.0, ""modulation_ratio"": 0.0, ""median_latency_ms"": null}}",False,-1.987,not light responsive,0.95,Not statistically significant (p=0.0320 >= 0.05); No positive modulation (mod_ratio=0.22 <= 1.0); Very low reliability (0.02 < 0.05)
760345702,739783171,810753201,951847957,VISl,45,11.852,5.556,0.432,2.57,0.61,0.432,0.044,0.133,0.977,0.237,0.21778,-0.164,2.7778,"{""1.0"": {""evoked_rate_hz"": 0.0, ""baseline_rate_hz"": 13.33, ""reliability"": 0.0, ""modulation_ratio"": 0.0, ""median_latency_ms"": null}, ""2.5"": {""evoked_rate_hz"": 8.33, ""baseline_rate_hz"": 8.89, ""reliability"": 0.067, ""modulation_ratio"": 0.84, ""median_latency_ms"": 2.14}, ""4.0"": {""evoked_rate_hz"": 8.33, ""baseline_rate_hz"": 13.33, ""reliability"": 0.067, ""modulation_ratio"": 0.58, ""median_latency_ms"": 3.0}}",False,0.25,not light responsive,0.95,Not statistically significant (p=0.2178 >= 0.05); No positive modulation (mod_ratio=0.43 <= 1.0); Very low reliability (0.04 < 0.05)
760345702,739783171,810753201,951848029,VISl,45,10.37,8.333,0.733,4.369,0.863,0.751,0.067,0.111,0.955,0.178,0.65135,-0.048,-2.7778,"{""1.0"": {""evoked_rate_hz"": 8.33, ""baseline_rate_hz"": 13.33, ""reliability"": 0.067, ""modulation_ratio"": 0.58, ""median_latency_ms"": 5.86}, ""2.5"": {""evoked_rate_hz"": 16.67, ""baseline_rate_hz"": 13.33, ""reliability"": 0.133, ""modulation_ratio"": 1.16, ""median_latency_ms"": 4.36}, ""4.0"": {""evoked_rate_hz"": 0.0, ""baseline_rate_hz"": 4.44, ""reliability"": 0.0, ""modulation_ratio"": 0.0, ""median_latency_ms"": null}}",False,0.002,not light responsive,0.933,Not statistically significant (p=0.6513 >= 0.05); No positive modulation (mod_ratio=0.73 <= 1.0)
760345702,739783171,810753201,951848022,VISl,45,1.481,8.333,3.358,5.964,1.483,1.46,0.067,0.022,0.955,0.262,0.25874,0.252,-8.3333,"{""1.0"": {""evoked_rate_hz"": 25.0, ""baseline_rate_hz"": 4.44, ""reliability"": 0.2, ""modulation_ratio"": 4.59, ""median_latency_ms"": 5.96}, ""2.5"": {""evoked_rate_hz"": 0.0, ""baseline_rate_hz"": 0.0, ""reliability"": 0.0, ""modulation_ratio"": 0.0, ""median_latency_ms"": null}, ""4.0"": {""evoked_rate_hz"": 0.0, ""baseline_rate_hz"": 0.0, ""reliability"": 0.0, ""modulation_ratio"": 0.0, ""median_latency_ms"": null}}",False,-221.222,not light responsive,0.933,Not statistically significant (p=0.2587 >= 0.05)
760345702,739783171,810753201,951848057,VISl,45,2.963,5.556,1.402,3.681,1.474,1.043,0.044,0.044,0.977,0.401,0.74625,0.086,-5.5556,"{""1.0"": {""evoked_rate_hz"": 16.67, ""baseline_rate_hz"": 0.0, ""reliability"": 0.133, ""modulation_ratio"": 16.67, ""median_latency_ms"": 3.68}, ""2.5"": {""evoked_rate_hz"": 0.0, ""baseline_rate_hz"": 0.0, ""reliability"": 0.0, ""modulation_ratio"": 0.0, ""median_latency_ms"": null}, ""4.0"": {""evoked_rate_hz"": 0.0, ""baseline_rate_hz"": 8.89, ""reliability"": 0.0, ""modulation_ratio"": 0.0, ""median_latency_ms"": null}}",False,0.5,not light responsive,0.95,Not statistically significant (p=0.7462 >= 0.05); Very low reliability (0.04 < 0.05)
760345702,739783171,810753201,951848125,VISl,45,10.37,11.111,0.977,4.251,2.544,2.526,0.089,0.089,0.932,0.537,1.0,0.016,0.0,"{""1.0"": {""evoked_rate_hz"": 8.33, ""baseline_rate_hz"": 8.89, ""reliability"": 0.067, ""modulation_ratio"": 0.84, ""median_latency_ms"": 2.26}, ""2.5"": {""evoked_rate_hz"": 16.67, ""baseline_rate_hz"": 8.89, ""reliability"": 0.133, ""modulation_ratio"": 1.69, ""median_latency_ms"": 4.25}, ""4.0"": {""evoked_rate_hz"": 8.33, ""baseline_rate_hz"": 13.33, ""reliability"": 0.067, ""modulation_ratio"": 0.58, ""median_latency_ms"": 8.18}}",False,0.001,not light responsive,0.911,Not statistically significant (p=1.0000 >= 0.05); No positive modulation (mod_ratio=0.98 <= 1.0)
760345702,739783171,810753201,951848110,VISl,45,0.0,2.778,2.778,4.399,0.0,0.0,0.022,0.0,1.0,0.0,1.0,0.149,-2.7778,"{""1.0"": {""evoked_rate_hz"": 8.33, ""baseline_rate_hz"": 0.0, ""reliability"": 0.067, ""modulation_ratio"": 8.33, ""median_latency_ms"": 4.4}, ""2.5"": {""evoked_rate_hz"": 0.0, ""baseline_rate_hz"": 0.0, ""reliability"": 0.0, ""modulation_ratio"": 0.0, ""median_latency_ms"": null}, ""4.0"": {""evoked_rate_hz"": 0.0, ""baseline_rate_hz"": 0.0, ""reliability"": 0.0, ""modulation_ratio"": 0.0, ""median_latency_ms"": null}}",False,1.0,not light responsive,0.95,Not statistically significant (p=1.0000 >= 0.05); Very low reliability (0.02 < 0.05)
760345702,739783171,810753201,951848082,VISl,45,0.0,0.0,0.0,,,,0.0,0.0,0.0,,1.0,0.0,0.0,"{""1.0"": {""evoked_rate_hz"": 0.0, ""baseline_rate_hz"": 0.0, ""reliability"": 0.0, ""modulation_ratio"": 0.0, ""median_latency_ms"": null}, ""2.5"": {""evoked_rate_hz"": 0.0, ""baseline_rate_hz"": 0.0, ""reliability"": 0.0, ""modulation_ratio"": 0.0, ""median_latency_ms"": null}, ""4.0"": {""evoked_rate_hz"": 0.0, ""baseline_rate_hz"": 0.0, ""reliability"": 0.0, ""modulation_ratio"": 0.0, ""median_latency_ms"": null}}",False,1.0,insufficient evidence,0.0,Insufficient trial count (<10) or zero spikes recorded
760345702,739783171,810753201,951848068,VISl,45,5.926,8.333,1.203,3.879,2.899,2.757,0.067,0.067,0.955,0.59,0.81518,0.067,2.7778,"{""1.0"": {""evoked_rate_hz"": 8.33, ""baseline_rate_hz"": 0.0, ""reliability"": 0.067, ""modulation_ratio"": 8.33, ""median_latency_ms"": 8.19}, ""2.5"": {""evoked_rate_hz"": 0.0, ""baseline_rate_hz"": 0.0, ""reliability"": 0.0, ""modulation_ratio"": 0.0, ""median_latency_ms"": null}, ""4.0"": {""evoked_rate_hz"": 16.67, ""baseline_rate_hz"": 17.78, ""reliability"": 0.133, ""modulation_ratio"": 0.89, ""median_latency_ms"": 3.28}}",False,-0.664,not light responsive,0.933,Not statistically significant (p=0.8152 >= 0.05)
760345702,739783171,810753201,951848167,VISl,45,11.852,33.333,2.594,5.136,1.607,2.146,0.267,0.111,0.75,0.337,0.02897,0.331,5.5556,"{""1.0"": {""evoked_rate_hz"": 25.0, ""baseline_rate_hz"": 4.44, ""reliability"": 0.2, ""modulation_ratio"": 4.59, ""median_latency_ms"": 4.9}, ""2.5"": {""evoked_rate_hz"": 33.33, ""baseline_rate_hz"": 13.33, ""reliability"": 0.267, ""modulation_ratio"": 2.33, ""median_latency_ms"": 5.62}, ""4.0"": {""evoked_rate_hz"": 41.67, ""baseline_rate_hz"": 17.78, ""reliability"": 0.333, ""modulation_ratio"": 2.22, ""median_latency_ms"": 5.05}}",False,0.167,light-responsive / indirect or uncertain,0.65,Sub-threshold reliability (0.27 < 0.3)
760345702,739783171,810753201,951848160,VISl,45,1.481,5.556,2.239,5.216,3.737,2.642,0.044,0.0,0.977,0.716,0.50549,0.145,0.0,"{""1.0"": {""evoked_rate_hz"": 8.33, ""baseline_rate_hz"": 0.0, ""reliability"": 0.067, ""modulation_ratio"": 8.33, ""median_latency_ms"": 7.86}, ""2.5"": {""evoked_rate_hz"": 0.0, ""baseline_rate_hz"": 4.44, ""reliability"": 0.0, ""modulation_ratio"": 0.0, ""median_latency_ms"": null}, ""4.0"": {""evoked_rate_hz"": 8.33, ""baseline_rate_hz"": 0.0, ""reliability"": 0.067, ""modulation_ratio"": 8.33, ""median_latency_ms"": 2.57}}",False,1.0,not light responsive,0.95,Not statistically significant (p=0.5055 >= 0.05); Very low reliability (0.04 < 0.05)
760345702,739783171,810753201,951848152,VISl,45,5.926,2.778,0.401,7.66,0.0,0.0,0.022,0.089,1.0,0.0,0.37562,-0.115,0.0,"{""1.0"": {""evoked_rate_hz"": 0.0, ""baseline_rate_hz"": 0.0, ""reliability"": 0.0, ""modulation_ratio"": 0.0, ""median_latency_ms"": null}, ""2.5"": {""evoked_rate_hz"": 8.33, ""baseline_rate_hz"": 13.33, ""reliability"": 0.067, ""modulation_ratio"": 0.58, ""median_latency_ms"": 7.66}, ""4.0"": {""evoked_rate_hz"": 0.0, ""baseline_rate_hz"": 4.44, ""reliability"": 0.0, ""modulation_ratio"": 0.0, ""median_latency_ms"": null}}",False,1.0,not light responsive,0.95,Not statistically significant (p=0.3756 >= 0.05); No positive modulation (mod_ratio=0.40 <= 1.0); Very low reliability (0.02 < 0.05)
760345702,739783171,810753201,951848147,VISl,45,2.963,0.0,0.0,,,,0.0,0.022,0.0,,0.47053,-0.213,0.0,"{""1.0"": {""evoked_rate_hz"": 0.0, ""baseline_rate_hz"": 0.0, ""reliability"": 0.0, ""modulation_ratio"": 0.0, ""median_latency_ms"": null}, ""2.5"": {""evoked_rate_hz"": 0.0, ""baseline_rate_hz"": 4.44, ""reliability"": 0.0, ""modulation_ratio"": 0.0, ""median_latency_ms"": null}, ""4.0"": {""evoked_rate_hz"": 0.0, ""baseline_rate_hz"": 4.44, ""reliability"": 0.0, ""modulation_ratio"": 0.0, ""median_latency_ms"": null}}",False,-221.222,not light responsive,0.95,Not statistically significant (p=0.4705 >= 0.05); No positive modulation (mod_ratio=0.00 <= 1.0); Very low reliability (0.00 < 0.05)
760345702,739783171,810753201,951848139,VISl,45,7.407,11.111,1.322,7.365,1.505,0.909,0.089,0.089,0.932,0.211,0.62637,0.095,5.5556,"{""1.0"": {""evoked_rate_hz"": 8.33, ""baseline_rate_hz"": 8.89, ""reliability"": 0.067, ""modulation_ratio"": 0.84, ""median_latency_ms"": 7.36}, ""2.5"": {""evoked_rate_hz"": 0.0, ""baseline_rate_hz"": 13.33, ""reliability"": 0.0, ""modulation_ratio"": 0.0, ""median_latency_ms"": null}, ""4.0"": {""evoked_rate_hz"": 25.0, ""baseline_rate_hz"": 0.0, ""reliability"": 0.2, ""modulation_ratio"": 25.0, ""median_latency_ms"": 7.36}}",False,-0.166,not light responsive,0.911,Not statistically significant (p=0.6264 >= 0.05)
760345702,739783171,810753201,951848209,VISl,45,1.481,2.778,1.119,1.22,0.0,0.0,0.022,0.022,1.0,0.0,1.0,0.061,2.7778,"{""1.0"": {""evoked_rate_hz"": 0.0, ""baseline_rate_hz"": 4.44, ""reliability"": 0.0, ""modulation_ratio"": 0.0, ""median_latency_ms"": null}, ""2.5"": {""evoked_rate_hz"": 0.0, ""baseline_rate_hz"": 0.0, ""reliability"": 0.0, ""modulation_ratio"": 0.0, ""median_latency_ms"": null}, ""4.0"": {""evoked_rate_hz"": 8.33, ""baseline_rate_hz"": 0.0, ""reliability"": 0.067, ""modulation_ratio"": 8.33, ""median_latency_ms"": 1.22}}",False,1.0,not light responsive,0.95,Not statistically significant (p=1.0000 >= 0.05); Very low reliability (0.02 < 0.05)
760345702,739783171,810753201,951848192,VISl,45,1.481,0.0,0.0,,,,0.0,0.0,0.0,,1.0,-0.149,0.0,"{""1.0"": {""evoked_rate_hz"": 0.0, ""baseline_rate_hz"": 0.0, ""reliability"": 0.0, ""modulation_ratio"": 0.0, ""median_latency_ms"": null}, ""2.5"": {""evoked_rate_hz"": 0.0, ""baseline_rate_hz"": 0.0, ""reliability"": 0.0, ""modulation_ratio"": 0.0, ""median_latency_ms"": null}, ""4.0"": {""evoked_rate_hz"": 0.0, ""baseline_rate_hz"": 4.44, ""reliability"": 0.0, ""modulation_ratio"": 0.0, ""median_latency_ms"": null}}",False,1.0,not light responsive,0.95,Not statistically significant (p=1.0000 >= 0.05); No positive modulation (mod_ratio=0.00 <= 1.0); Very low reliability (0.00 < 0.05)
760345702,739783171,810753201,951848277,VISl,45,0.0,0.0,0.0,,,,0.0,0.0,0.0,,1.0,0.0,0.0,"{""1.0"": {""evoked_rate_hz"": 0.0, ""baseline_rate_hz"": 0.0, ""reliability"": 0.0, ""modulation_ratio"": 0.0, ""median_latency_ms"": null}, ""2.5"": {""evoked_rate_hz"": 0.0, ""baseline_rate_hz"": 0.0, ""reliability"": 0.0, ""modulation_ratio"": 0.0, ""median_latency_ms"": null}, ""4.0"": {""evoked_rate_hz"": 0.0, ""baseline_rate_hz"": 0.0, ""reliability"": 0.0, ""modulation_ratio"": 0.0, ""median_latency_ms"": null}}",False,1.0,insufficient evidence,0.0,Insufficient trial count (<10) or zero spikes recorded
760345702,739783171,810753201,951848264,VISl,45,1.481,0.0,0.0,,,,0.0,0.022,0.0,,1.0,-0.149,0.0,"{""1.0"": {""evoked_rate_hz"": 0.0, ""baseline_rate_hz"": 0.0, ""reliability"": 0.0, ""modulation_ratio"": 0.0, ""median_latency_ms"": null}, ""2.5"": {""evoked_rate_hz"": 0.0, ""baseline_rate_hz"": 0.0, ""reliability"": 0.0, ""modulation_ratio"": 0.0, ""median_latency_ms"": null}, ""4.0"": {""evoked_rate_hz"": 0.0, ""baseline_rate_hz"": 4.44, ""reliability"": 0.0, ""modulation_ratio"": 0.0, ""median_latency_ms"": null}}",False,-665.667,not light responsive,0.95,Not statistically significant (p=1.0000 >= 0.05); No positive modulation (mod_ratio=0.00 <= 1.0); Very low reliability (0.00 < 0.05)
760345702,739783171,810753201,951848271,VISl,45,0.0,0.0,0.0,,,,0.0,0.0,0.0,,1.0,0.0,0.0,"{""1.0"": {""evoked_rate_hz"": 0.0, ""baseline_rate_hz"": 0.0, ""reliability"": 0.0, ""modulation_ratio"": 0.0, ""median_latency_ms"": null}, ""2.5"": {""evoked_rate_hz"": 0.0, ""baseline_rate_hz"": 0.0, ""reliability"": 0.0, ""modulation_ratio"": 0.0, ""median_latency_ms"": null}, ""4.0"": {""evoked_rate_hz"": 0.0, ""baseline_rate_hz"": 0.0, ""reliability"": 0.0, ""modulation_ratio"": 0.0, ""median_latency_ms"": null}}",False,1.0,insufficient evidence,0.0,Insufficient trial count (<10) or zero spikes recorded
760345702,739783171,810753201,951848250,VISl,45,0.0,0.0,0.0,,,,0.0,0.0,0.0,,1.0,0.0,0.0,"{""1.0"": {""evoked_rate_hz"": 0.0, ""baseline_rate_hz"": 0.0, ""reliability"": 0.0, ""modulation_ratio"": 0.0, ""median_latency_ms"": null}, ""2.5"": {""evoked_rate_hz"": 0.0, ""baseline_rate_hz"": 0.0, ""reliability"": 0.0, ""modulation_ratio"": 0.0, ""median_latency_ms"": null}, ""4.0"": {""evoked_rate_hz"": 0.0, ""baseline_rate_hz"": 0.0, ""reliability"": 0.0, ""modulation_ratio"": 0.0, ""median_latency_ms"": null}}",False,-221.222,insufficient evidence,0.0,Insufficient trial count (<10) or zero spikes recorded
760345702,739783171,810753201,951848283,VISl,45,4.444,2.778,0.51,2.19,0.0,0.0,0.022,0.022,1.0,0.0,0.60539,-0.065,-2.7778,"{""1.0"": {""evoked_rate_hz"": 8.33, ""baseline_rate_hz"": 4.44, ""reliability"": 0.067, ""modulation_ratio"": 1.53, ""median_latency_ms"": 2.19}, ""2.5"": {""evoked_rate_hz"": 0.0, ""baseline_rate_hz"": 0.0, ""reliability"": 0.0, ""modulation_ratio"": 0.0, ""median_latency_ms"": null}, ""4.0"": {""evoked_rate_hz"": 0.0, ""baseline_rate_hz"": 8.89, ""reliability"": 0.0, ""modulation_ratio"": 0.0, ""median_latency_ms"": null}}",False,1.0,not light responsive,0.95,Not statistically significant (p=0.6054 >= 0.05); No positive modulation (mod_ratio=0.51 <= 1.0); Very low reliability (0.02 < 0.05)
760345702,739783171,810753201,951848364,VISl,45,1.481,0.0,0.0,,,,0.0,0.022,0.0,,1.0,-0.149,0.0,"{""1.0"": {""evoked_rate_hz"": 0.0, ""baseline_rate_hz"": 0.0, ""reliability"": 0.0, ""modulation_ratio"": 0.0, ""median_latency_ms"": null}, ""2.5"": {""evoked_rate_hz"": 0.0, ""baseline_rate_hz"": 0.0, ""reliability"": 0.0, ""modulation_ratio"": 0.0, ""median_latency_ms"": null}, ""4.0"": {""evoked_rate_hz"": 0.0, ""baseline_rate_hz"": 4.44, ""reliability"": 0.0, ""modulation_ratio"": 0.0, ""median_latency_ms"": null}}",False,1.0,not light responsive,0.95,Not statistically significant (p=1.0000 >= 0.05); No positive modulation (mod_ratio=0.00 <= 1.0); Very low reliability (0.00 < 0.05)
760345702,739783171,810753201,951848428,VISl,45,4.444,13.889,2.551,5.809,1.648,2.142,0.111,0.022,0.909,0.269,0.18282,0.235,0.0,"{""1.0"": {""evoked_rate_hz"": 8.33, ""baseline_rate_hz"": 8.89, ""reliability"": 0.067, ""modulation_ratio"": 0.84, ""median_latency_ms"": 4.97}, ""2.5"": {""evoked_rate_hz"": 25.0, ""baseline_rate_hz"": 4.44, ""reliability"": 0.2, ""modulation_ratio"": 4.59, ""median_latency_ms"": 5.81}, ""4.0"": {""evoked_rate_hz"": 8.33, ""baseline_rate_hz"": 0.0, ""reliability"": 0.067, ""modulation_ratio"": 8.33, ""median_latency_ms"": 7.11}}",False,0.001,not light responsive,0.889,Not statistically significant (p=0.1828 >= 0.05)
760345702,739783171,810753201,951848443,VISl,45,8.889,2.778,0.281,4.872,0.0,0.0,0.022,0.133,1.0,0.0,0.13187,-0.201,0.0,"{""1.0"": {""evoked_rate_hz"": 0.0, ""baseline_rate_hz"": 4.44, ""reliability"": 0.0, ""modulation_ratio"": 0.0, ""median_latency_ms"": null}, ""2.5"": {""evoked_rate_hz"": 8.33, ""baseline_rate_hz"": 13.33, ""reliability"": 0.067, ""modulation_ratio"": 0.58, ""median_latency_ms"": 4.87}, ""4.0"": {""evoked_rate_hz"": 0.0, ""baseline_rate_hz"": 8.89, ""reliability"": 0.0, ""modulation_ratio"": 0.0, ""median_latency_ms"": null}}",False,1.0,not light responsive,0.95,Not statistically significant (p=0.1319 >= 0.05); No positive modulation (mod_ratio=0.28 <= 1.0); Very low reliability (0.02 < 0.05)
760345702,739783171,810753201,951848483,VISl,45,1.481,2.778,1.119,6.087,0.0,0.0,0.022,0.022,1.0,0.0,1.0,0.061,0.0,"{""1.0"": {""evoked_rate_hz"": 0.0, ""baseline_rate_hz"": 0.0, ""reliability"": 0.0, ""modulation_ratio"": 0.0, ""median_latency_ms"": null}, ""2.5"": {""evoked_rate_hz"": 8.33, ""baseline_rate_hz"": 0.0, ""reliability"": 0.067, ""modulation_ratio"": 8.33, ""median_latency_ms"": 6.09}, ""4.0"": {""evoked_rate_hz"": 0.0, ""baseline_rate_hz"": 4.44, ""reliability"": 0.0, ""modulation_ratio"": 0.0, ""median_latency_ms"": null}}",False,-0.991,not light responsive,0.95,Not statistically significant (p=1.0000 >= 0.05); Very low reliability (0.02 < 0.05)
760345702,739783171,810753201,951848463,VISl,45,2.963,2.778,0.701,7.497,0.0,0.0,0.022,0.022,1.0,0.0,1.0,-0.008,0.0,"{""1.0"": {""evoked_rate_hz"": 0.0, ""baseline_rate_hz"": 0.0, ""reliability"": 0.0, ""modulation_ratio"": 0.0, ""median_latency_ms"": null}, ""2.5"": {""evoked_rate_hz"": 8.33, ""baseline_rate_hz"": 0.0, ""reliability"": 0.067, ""modulation_ratio"": 8.33, ""median_latency_ms"": 7.5}, ""4.0"": {""evoked_rate_hz"": 0.0, ""baseline_rate_hz"": 8.89, ""reliability"": 0.0, ""modulation_ratio"": 0.0, ""median_latency_ms"": null}}",False,-221.222,not light responsive,0.95,Not statistically significant (p=1.0000 >= 0.05); No positive modulation (mod_ratio=0.70 <= 1.0); Very low reliability (0.02 < 0.05)
760345702,739783171,810753201,951848565,VISl,45,0.0,0.0,0.0,,,,0.0,0.0,0.0,,1.0,0.0,0.0,"{""1.0"": {""evoked_rate_hz"": 0.0, ""baseline_rate_hz"": 0.0, ""reliability"": 0.0, ""modulation_ratio"": 0.0, ""median_latency_ms"": null}, ""2.5"": {""evoked_rate_hz"": 0.0, ""baseline_rate_hz"": 0.0, ""reliability"": 0.0, ""modulation_ratio"": 0.0, ""median_latency_ms"": null}, ""4.0"": {""evoked_rate_hz"": 0.0, ""baseline_rate_hz"": 0.0, ""reliability"": 0.0, ""modulation_ratio"": 0.0, ""median_latency_ms"": null}}",False,1.0,insufficient evidence,0.0,Insufficient trial count (<10) or zero spikes recorded
760345702,739783171,810753201,951848516,VISl,45,4.444,2.778,0.51,3.812,0.0,0.0,0.022,0.022,1.0,0.0,0.53147,-0.167,2.7778,"{""1.0"": {""evoked_rate_hz"": 0.0, ""baseline_rate_hz"": 0.0, ""reliability"": 0.0, ""modulation_ratio"": 0.0, ""median_latency_ms"": null}, ""2.5"": {""evoked_rate_hz"": 0.0, ""baseline_rate_hz"": 0.0, ""reliability"": 0.0, ""modulation_ratio"": 0.0, ""median_latency_ms"": null}, ""4.0"": {""evoked_rate_hz"": 8.33, ""baseline_rate_hz"": 13.33, ""reliability"": 0.067, ""modulation_ratio"": 0.58, ""median_latency_ms"": 3.81}}",False,1.0,not light responsive,0.95,Not statistically significant (p=0.5315 >= 0.05); No positive modulation (mod_ratio=0.51 <= 1.0); Very low reliability (0.02 < 0.05)
760345702,739783171,810753203,951843282,MB,45,7.407,11.111,1.322,7.263,1.635,1.719,0.089,0.067,0.932,0.241,0.68931,0.085,2.7778,"{""1.0"": {""evoked_rate_hz"": 0.0, ""baseline_rate_hz"": 4.44, ""reliability"": 0.0, ""modulation_ratio"": 0.0, ""median_latency_ms"": null}, ""2.5"": {""evoked_rate_hz"": 25.0, ""baseline_rate_hz"": 4.44, ""reliability"": 0.2, ""modulation_ratio"": 4.59, ""median_latency_ms"": 7.81}, ""4.0"": {""evoked_rate_hz"": 8.33, ""baseline_rate_hz"": 13.33, ""reliability"": 0.067, ""modulation_ratio"": 0.58, ""median_latency_ms"": 6.72}}",False,-0.998,not light responsive,0.911,Not statistically significant (p=0.6893 >= 0.05)
760345702,739783171,810753203,951843325,MB,45,1.481,0.0,0.0,,,,0.0,0.022,0.0,,1.0,-0.149,0.0,"{""1.0"": {""evoked_rate_hz"": 0.0, ""baseline_rate_hz"": 0.0, ""reliability"": 0.0, ""modulation_ratio"": 0.0, ""median_latency_ms"": null}, ""2.5"": {""evoked_rate_hz"": 0.0, ""baseline_rate_hz"": 0.0, ""reliability"": 0.0, ""modulation_ratio"": 0.0, ""median_latency_ms"": null}, ""4.0"": {""evoked_rate_hz"": 0.0, ""baseline_rate_hz"": 4.44, ""reliability"": 0.0, ""modulation_ratio"": 0.0, ""median_latency_ms"": null}}",False,1.0,not light responsive,0.95,Not statistically significant (p=1.0000 >= 0.05); No positive modulation (mod_ratio=0.00 <= 1.0); Very low reliability (0.00 < 0.05)
760345702,739783171,810753203,951843317,MB,45,0.0,0.0,0.0,,,,0.0,0.0,0.0,,1.0,0.0,0.0,"{""1.0"": {""evoked_rate_hz"": 0.0, ""baseline_rate_hz"": 0.0, ""reliability"": 0.0, ""modulation_ratio"": 0.0, ""median_latency_ms"": null}, ""2.5"": {""evoked_rate_hz"": 0.0, ""baseline_rate_hz"": 0.0, ""reliability"": 0.0, ""modulation_ratio"": 0.0, ""median_latency_ms"": null}, ""4.0"": {""evoked_rate_hz"": 0.0, ""baseline_rate_hz"": 0.0, ""reliability"": 0.0, ""modulation_ratio"": 0.0, ""median_latency_ms"": null}}",False,1.0,insufficient evidence,0.0,Insufficient trial count (<10) or zero spikes recorded
760345702,739783171,810753203,951843309,MB,45,4.444,0.0,0.0,,,,0.0,0.022,0.0,,0.25275,-0.264,0.0,"{""1.0"": {""evoked_rate_hz"": 0.0, ""baseline_rate_hz"": 4.44, ""reliability"": 0.0, ""modulation_ratio"": 0.0, ""median_latency_ms"": null}, ""2.5"": {""evoked_rate_hz"": 0.0, ""baseline_rate_hz"": 0.0, ""reliability"": 0.0, ""modulation_ratio"": 0.0, ""median_latency_ms"": null}, ""4.0"": {""evoked_rate_hz"": 0.0, ""baseline_rate_hz"": 8.89, ""reliability"": 0.0, ""modulation_ratio"": 0.0, ""median_latency_ms"": null}}",False,0.004,not light responsive,0.95,Not statistically significant (p=0.2527 >= 0.05); No positive modulation (mod_ratio=0.00 <= 1.0); Very low reliability (0.00 < 0.05)
760345702,739783171,810753203,951843350,MB,45,1.481,2.778,1.119,2.92,0.0,0.0,0.022,0.0,1.0,0.0,1.0,0.061,-2.7778,"{""1.0"": {""evoked_rate_hz"": 8.33, ""baseline_rate_hz"": 0.0, ""reliability"": 0.067, ""modulation_ratio"": 8.33, ""median_latency_ms"": 2.92}, ""2.5"": {""evoked_rate_hz"": 0.0, ""baseline_rate_hz"": 4.44, ""reliability"": 0.0, ""modulation_ratio"": 0.0, ""median_latency_ms"": null}, ""4.0"": {""evoked_rate_hz"": 0.0, ""baseline_rate_hz"": 0.0, ""reliability"": 0.0, ""modulation_ratio"": 0.0, ""median_latency_ms"": null}}",False,-2.982,not light responsive,0.95,Not statistically significant (p=1.0000 >= 0.05); Very low reliability (0.02 < 0.05)
760345702,739783171,810753203,951843373,TH,45,13.333,13.889,0.969,5.951,2.852,2.631,0.111,0.089,0.909,0.532,1.0,0.012,-2.7778,"{""1.0"": {""evoked_rate_hz"": 16.67, ""baseline_rate_hz"": 8.89, ""reliability"": 0.133, ""modulation_ratio"": 1.69, ""median_latency_ms"": 7.35}, ""2.5"": {""evoked_rate_hz"": 16.67, ""baseline_rate_hz"": 8.89, ""reliability"": 0.133, ""modulation_ratio"": 1.69, ""median_latency_ms"": 3.99}, ""4.0"": {""evoked_rate_hz"": 8.33, ""baseline_rate_hz"": 22.22, ""reliability"": 0.067, ""modulation_ratio"": 0.36, ""median_latency_ms"": 4.14}}",False,-1.33,not light responsive,0.889,Not statistically significant (p=1.0000 >= 0.05); No positive modulation (mod_ratio=0.97 <= 1.0)
760345702,739783171,810753203,951843365,TH,45,0.0,0.0,0.0,,,,0.0,0.0,0.0,,1.0,0.0,0.0,"{""1.0"": {""evoked_rate_hz"": 0.0, ""baseline_rate_hz"": 0.0, ""reliability"": 0.0, ""modulation_ratio"": 0.0, ""median_latency_ms"": null}, ""2.5"": {""evoked_rate_hz"": 0.0, ""baseline_rate_hz"": 0.0, ""reliability"": 0.0, ""modulation_ratio"": 0.0, ""median_latency_ms"": null}, ""4.0"": {""evoked_rate_hz"": 0.0, ""baseline_rate_hz"": 0.0, ""reliability"": 0.0, ""modulation_ratio"": 0.0, ""median_latency_ms"": null}}",False,0.004,insufficient evidence,0.0,Insufficient trial count (<10) or zero spikes recorded
760345702,739783171,810753203,951843356,TH,45,11.852,11.111,0.865,6.961,3.041,2.617,0.089,0.044,0.932,0.517,0.83816,-0.016,2.7778,"{""1.0"": {""evoked_rate_hz"": 8.33, ""baseline_rate_hz"": 8.89, ""reliability"": 0.067, ""modulation_ratio"": 0.84, ""median_latency_ms"": 6.33}, ""2.5"": {""evoked_rate_hz"": 8.33, ""baseline_rate_hz"": 13.33, ""reliability"": 0.067, ""modulation_ratio"": 0.58, ""median_latency_ms"": 7.59}, ""4.0"": {""evoked_rate_hz"": 16.67, ""baseline_rate_hz"": 13.33, ""reliability"": 0.133, ""modulation_ratio"": 1.16, ""median_latency_ms"": 4.8}}",False,-0.664,not light responsive,0.911,Not statistically significant (p=0.8382 >= 0.05); No positive modulation (mod_ratio=0.86 <= 1.0)
760345702,739783171,810753203,951843437,PP,45,0.0,0.0,0.0,,,,0.0,0.0,0.0,,1.0,0.0,0.0,"{""1.0"": {""evoked_rate_hz"": 0.0, ""baseline_rate_hz"": 0.0, ""reliability"": 0.0, ""modulation_ratio"": 0.0, ""median_latency_ms"": null}, ""2.5"": {""evoked_rate_hz"": 0.0, ""baseline_rate_hz"": 0.0, ""reliability"": 0.0, ""modulation_ratio"": 0.0, ""median_latency_ms"": null}, ""4.0"": {""evoked_rate_hz"": 0.0, ""baseline_rate_hz"": 0.0, ""reliability"": 0.0, ""modulation_ratio"": 0.0, ""median_latency_ms"": null}}",False,1.0,insufficient evidence,0.0,Insufficient trial count (<10) or zero spikes recorded
760345702,739783171,810753203,951843480,PP,45,1.481,5.556,2.239,7.751,0.014,0.01,0.044,0.022,0.977,0.002,0.50549,0.145,0.0,"{""1.0"": {""evoked_rate_hz"": 8.33, ""baseline_rate_hz"": 4.44, ""reliability"": 0.067, ""modulation_ratio"": 1.53, ""median_latency_ms"": 7.76}, ""2.5"": {""evoked_rate_hz"": 0.0, ""baseline_rate_hz"": 0.0, ""reliability"": 0.0, ""modulation_ratio"": 0.0, ""median_latency_ms"": null}, ""4.0"": {""evoked_rate_hz"": 8.33, ""baseline_rate_hz"": 0.0, ""reliability"": 0.067, ""modulation_ratio"": 8.33, ""median_latency_ms"": 7.74}}",False,1.0,not light responsive,0.95,Not statistically significant (p=0.5055 >= 0.05); Very low reliability (0.04 < 0.05)
760345702,739783171,810753203,951843467,PP,45,26.667,25.0,0.904,4.928,1.915,2.273,0.2,0.222,0.818,0.407,0.85415,-0.032,5.5556,"{""1.0"": {""evoked_rate_hz"": 8.33, ""baseline_rate_hz"": 26.67, ""reliability"": 0.067, ""modulation_ratio"": 0.3, ""median_latency_ms"": 3.68}, ""2.5"": {""evoked_rate_hz"": 41.67, ""baseline_rate_hz"": 26.67, ""reliability"": 0.333, ""modulation_ratio"": 1.51, ""median_latency_ms"": 5.1}, ""4.0"": {""evoked_rate_hz"": 25.0, ""baseline_rate_hz"": 26.67, ""reliability"": 0.2, ""modulation_ratio"": 0.9, ""median_latency_ms"": 4.93}}",False,0.2,not light responsive,0.8,Not statistically significant (p=0.8541 >= 0.05); No positive modulation (mod_ratio=0.90 <= 1.0)
760345702,739783171,810753203,951843515,PP,45,16.296,16.667,0.964,3.085,1.55,2.605,0.111,0.089,1.227,0.511,1.0,0.006,11.1111,"{""1.0"": {""evoked_rate_hz"": 0.0, ""baseline_rate_hz"": 13.33, ""reliability"": 0.0, ""modulation_ratio"": 0.0, ""median_latency_ms"": null}, ""2.5"": {""evoked_rate_hz"": 16.67, ""baseline_rate_hz"": 13.33, ""reliability"": 0.133, ""modulation_ratio"": 1.16, ""median_latency_ms"": 4.55}, ""4.0"": {""evoked_rate_hz"": 33.33, ""baseline_rate_hz"": 22.22, ""reliability"": 0.2, ""modulation_ratio"": 1.44, ""median_latency_ms"": 1.81}}",False,-0.664,not light responsive,0.889,Not statistically significant (p=1.0000 >= 0.05); No positive modulation (mod_ratio=0.96 <= 1.0)
760345702,739783171,810753203,951843507,PP,45,40.0,47.222,1.152,3.495,2.478,4.483,0.378,0.289,0.636,0.566,0.47652,0.099,-8.3333,"{""1.0"": {""evoked_rate_hz"": 58.33, ""baseline_rate_hz"": 22.22, ""reliability"": 0.467, ""modulation_ratio"": 2.51, ""median_latency_ms"": 2.45}, ""2.5"": {""evoked_rate_hz"": 50.0, ""baseline_rate_hz"": 44.44, ""reliability"": 0.4, ""modulation_ratio"": 1.1, ""median_latency_ms"": 3.33}, ""4.0"": {""evoked_rate_hz"": 33.33, ""baseline_rate_hz"": 53.33, ""reliability"": 0.267, ""modulation_ratio"": 0.61, ""median_latency_ms"": 6.92}}",False,-0.466,not light responsive,0.622,Not statistically significant (p=0.4765 >= 0.05)
760345702,739783171,810753203,951843497,PP,45,25.185,19.444,0.743,3.913,2.667,3.684,0.156,0.111,0.864,0.612,0.56344,-0.086,2.7778,"{""1.0"": {""evoked_rate_hz"": 16.67, ""baseline_rate_hz"": 26.67, ""reliability"": 0.133, ""modulation_ratio"": 0.6, ""median_latency_ms"": 2.47}, ""2.5"": {""evoked_rate_hz"": 16.67, ""baseline_rate_hz"": 22.22, ""reliability"": 0.133, ""modulation_ratio"": 0.72, ""median_latency_ms"": 4.6}, ""4.0"": {""evoked_rate_hz"": 25.0, ""baseline_rate_hz"": 26.67, ""reliability"": 0.2, ""modulation_ratio"": 0.9, ""median_latency_ms"": 7.12}}",False,-0.599,not light responsive,0.844,Not statistically significant (p=0.5634 >= 0.05); No positive modulation (mod_ratio=0.74 <= 1.0)
760345702,739783171,810753203,951843529,PIL,45,11.852,11.111,0.865,6.478,0.888,1.239,0.089,0.111,0.932,0.141,0.84815,-0.016,-5.5556,"{""1.0"": {""evoked_rate_hz"": 25.0, ""baseline_rate_hz"": 17.78, ""reliability"": 0.2, ""modulation_ratio"": 1.33, ""median_latency_ms"": 5.96}, ""2.5"": {""evoked_rate_hz"": 0.0, ""baseline_rate_hz"": 17.78, ""reliability"": 0.0, ""modulation_ratio"": 0.0, ""median_latency_ms"": null}, ""4.0"": {""evoked_rate_hz"": 8.33, ""baseline_rate_hz"": 0.0, ""reliability"": 0.067, ""modulation_ratio"": 8.33, ""median_latency_ms"": 7.0}}",False,-0.249,not light responsive,0.911,Not statistically significant (p=0.8481 >= 0.05); No positive modulation (mod_ratio=0.86 <= 1.0)
760345702,739783171,810753203,951843590,PIL,45,10.37,5.556,0.489,3.003,0.014,0.01,0.044,0.067,0.977,0.005,0.31768,-0.129,2.7778,"{""1.0"": {""evoked_rate_hz"": 0.0, ""baseline_rate_hz"": 0.0, ""reliability"": 0.0, ""modulation_ratio"": 0.0, ""median_latency_ms"": null}, ""2.5"": {""evoked_rate_hz"": 8.33, ""baseline_rate_hz"": 17.78, ""reliability"": 0.067, ""modulation_ratio"": 0.44, ""median_latency_ms"": 2.99}, ""4.0"": {""evoked_rate_hz"": 8.33, ""baseline_rate_hz"": 13.33, ""reliability"": 0.067, ""modulation_ratio"": 0.58, ""median_latency_ms"": 3.01}}",False,0.501,not light responsive,0.95,Not statistically significant (p=0.3177 >= 0.05); No positive modulation (mod_ratio=0.49 <= 1.0); Very low reliability (0.04 < 0.05)
760345702,739783171,810753203,951843631,TH,45,42.963,25.0,0.569,3.682,0.984,0.837,0.178,0.333,1.045,0.29,0.13986,-0.235,-5.5556,"{""1.0"": {""evoked_rate_hz"": 25.0, ""baseline_rate_hz"": 35.56, ""reliability"": 0.2, ""modulation_ratio"": 0.68, ""median_latency_ms"": 3.26}, ""2.5"": {""evoked_rate_hz"": 41.67, ""baseline_rate_hz"": 44.44, ""reliability"": 0.267, ""modulation_ratio"": 0.92, ""median_latency_ms"": 3.96}, ""4.0"": {""evoked_rate_hz"": 8.33, ""baseline_rate_hz"": 48.89, ""reliability"": 0.067, ""modulation_ratio"": 0.17, ""median_latency_ms"": 3.61}}",False,-0.749,not light responsive,0.822,Not statistically significant (p=0.1399 >= 0.05); No positive modulation (mod_ratio=0.57 <= 1.0)
760345702,739783171,810753203,951843621,TH,45,26.667,13.889,0.502,3.724,1.328,1.544,0.111,0.222,0.909,0.347,0.07892,-0.246,0.0,"{""1.0"": {""evoked_rate_hz"": 8.33, ""baseline_rate_hz"": 22.22, ""reliability"": 0.067, ""modulation_ratio"": 0.36, ""median_latency_ms"": 3.72}, ""2.5"": {""evoked_rate_hz"": 25.0, ""baseline_rate_hz"": 35.56, ""reliability"": 0.2, ""modulation_ratio"": 0.68, ""median_latency_ms"": 4.9}, ""4.0"": {""evoked_rate_hz"": 8.33, ""baseline_rate_hz"": 22.22, ""reliability"": 0.067, ""modulation_ratio"": 0.36, ""median_latency_ms"": 1.91}}",False,0.201,not light responsive,0.889,Not statistically significant (p=0.0789 >= 0.05); No positive modulation (mod_ratio=0.50 <= 1.0)
760345702,739783171,810753203,951843702,TH,45,7.407,13.889,1.652,5.872,1.869,1.235,0.111,0.067,0.909,0.314,0.37163,0.15,2.7778,"{""1.0"": {""evoked_rate_hz"": 16.67, ""baseline_rate_hz"": 0.0, ""reliability"": 0.133, ""modulation_ratio"": 16.67, ""median_latency_ms"": 6.91}, ""2.5"": {""evoked_rate_hz"": 0.0, ""baseline_rate_hz"": 8.89, ""reliability"": 0.0, ""modulation_ratio"": 0.0, ""median_latency_ms"": null}, ""4.0"": {""evoked_rate_hz"": 25.0, ""baseline_rate_hz"": 13.33, ""reliability"": 0.2, ""modulation_ratio"": 1.74, ""median_latency_ms"": 5.87}}",False,0.001,not light responsive,0.889,Not statistically significant (p=0.3716 >= 0.05)
760345702,739783171,810753203,951843737,TH,45,100.741,97.222,0.956,4.868,2.287,4.259,0.622,0.644,0.695,0.511,0.84016,-0.031,8.3333,"{""1.0"": {""evoked_rate_hz"": 75.0, ""baseline_rate_hz"": 80.0, ""reliability"": 0.467, ""modulation_ratio"": 0.93, ""median_latency_ms"": 1.8}, ""2.5"": {""evoked_rate_hz"": 116.67, ""baseline_rate_hz"": 111.11, ""reliability"": 0.733, ""modulation_ratio"": 1.04, ""median_latency_ms"": 5.31}, ""4.0"": {""evoked_rate_hz"": 100.0, ""baseline_rate_hz"": 111.11, ""reliability"": 0.667, ""modulation_ratio"": 0.89, ""median_latency_ms"": 5.06}}",False,-0.285,not light responsive,0.5,Not statistically significant (p=0.8402 >= 0.05); No positive modulation (mod_ratio=0.96 <= 1.0)
760345702,739783171,810753203,951843771,TH,45,2.963,2.778,0.701,4.356,0.0,0.0,0.022,0.022,1.0,0.0,1.0,-0.008,0.0,"{""1.0"": {""evoked_rate_hz"": 0.0, ""baseline_rate_hz"": 0.0, ""reliability"": 0.0, ""modulation_ratio"": 0.0, ""median_latency_ms"": null}, ""2.5"": {""evoked_rate_hz"": 8.33, ""baseline_rate_hz"": 0.0, ""reliability"": 0.067, ""modulation_ratio"": 8.33, ""median_latency_ms"": 4.36}, ""4.0"": {""evoked_rate_hz"": 0.0, ""baseline_rate_hz"": 8.89, ""reliability"": 0.0, ""modulation_ratio"": 0.0, ""median_latency_ms"": null}}",False,1.0,not light responsive,0.95,Not statistically significant (p=1.0000 >= 0.05); No positive modulation (mod_ratio=0.70 <= 1.0); Very low reliability (0.02 < 0.05)
760345702,739783171,810753203,951843817,TH,45,0.0,5.556,5.556,4.986,0.949,0.671,0.044,0.0,0.977,0.19,0.48152,0.213,-2.7778,"{""1.0"": {""evoked_rate_hz"": 8.33, ""baseline_rate_hz"": 0.0, ""reliability"": 0.067, ""modulation_ratio"": 8.33, ""median_latency_ms"": 5.66}, ""2.5"": {""evoked_rate_hz"": 8.33, ""baseline_rate_hz"": 0.0, ""reliability"": 0.067, ""modulation_ratio"": 8.33, ""median_latency_ms"": 4.32}, ""4.0"": {""evoked_rate_hz"": 0.0, ""baseline_rate_hz"": 0.0, ""reliability"": 0.0, ""modulation_ratio"": 0.0, ""median_latency_ms"": null}}",False,1.0,not light responsive,0.95,Not statistically significant (p=0.4815 >= 0.05); Very low reliability (0.04 < 0.05)
760345702,739783171,810753203,951846386,TH,45,1.481,0.0,0.0,,,,0.0,0.0,0.0,,1.0,-0.149,0.0,"{""1.0"": {""evoked_rate_hz"": 0.0, ""baseline_rate_hz"": 4.44, ""reliability"": 0.0, ""modulation_ratio"": 0.0, ""median_latency_ms"": null}, ""2.5"": {""evoked_rate_hz"": 0.0, ""baseline_rate_hz"": 0.0, ""reliability"": 0.0, ""modulation_ratio"": 0.0, ""median_latency_ms"": null}, ""4.0"": {""evoked_rate_hz"": 0.0, ""baseline_rate_hz"": 0.0, ""reliability"": 0.0, ""modulation_ratio"": 0.0, ""median_latency_ms"": null}}",False,1.0,not light responsive,0.95,Not statistically significant (p=1.0000 >= 0.05); No positive modulation (mod_ratio=0.00 <= 1.0); Very low reliability (0.00 < 0.05)
760345702,739783171,810753203,951843913,CA3,45,4.444,5.556,1.02,4.066,4.271,3.02,0.044,0.022,0.977,1.05,1.0,0.035,0.0,"{""1.0"": {""evoked_rate_hz"": 8.33, ""baseline_rate_hz"": 4.44, ""reliability"": 0.067, ""modulation_ratio"": 1.53, ""median_latency_ms"": 7.09}, ""2.5"": {""evoked_rate_hz"": 0.0, ""baseline_rate_hz"": 4.44, ""reliability"": 0.0, ""modulation_ratio"": 0.0, ""median_latency_ms"": null}, ""4.0"": {""evoked_rate_hz"": 8.33, ""baseline_rate_hz"": 4.44, ""reliability"": 0.067, ""modulation_ratio"": 1.53, ""median_latency_ms"": 1.05}}",False,1.0,not light responsive,0.95,Not statistically significant (p=1.0000 >= 0.05); Very low reliability (0.04 < 0.05)
760345702,739783171,810753203,951844013,CA3,45,0.0,2.778,2.778,1.98,0.0,0.0,0.022,0.0,1.0,0.0,1.0,0.149,-2.7778,"{""1.0"": {""evoked_rate_hz"": 8.33, ""baseline_rate_hz"": 0.0, ""reliability"": 0.067, ""modulation_ratio"": 8.33, ""median_latency_ms"": 1.98}, ""2.5"": {""evoked_rate_hz"": 0.0, ""baseline_rate_hz"": 0.0, ""reliability"": 0.0, ""modulation_ratio"": 0.0, ""median_latency_ms"": null}, ""4.0"": {""evoked_rate_hz"": 0.0, ""baseline_rate_hz"": 0.0, ""reliability"": 0.0, ""modulation_ratio"": 0.0, ""median_latency_ms"": null}}",False,1.0,not light responsive,0.95,Not statistically significant (p=1.0000 >= 0.05); Very low reliability (0.02 < 0.05)
760345702,739783171,810753203,951844004,CA3,45,0.0,0.0,0.0,,,,0.0,0.0,0.0,,1.0,0.0,0.0,"{""1.0"": {""evoked_rate_hz"": 0.0, ""baseline_rate_hz"": 0.0, ""reliability"": 0.0, ""modulation_ratio"": 0.0, ""median_latency_ms"": null}, ""2.5"": {""evoked_rate_hz"": 0.0, ""baseline_rate_hz"": 0.0, ""reliability"": 0.0, ""modulation_ratio"": 0.0, ""median_latency_ms"": null}, ""4.0"": {""evoked_rate_hz"": 0.0, ""baseline_rate_hz"": 0.0, ""reliability"": 0.0, ""modulation_ratio"": 0.0, ""median_latency_ms"": null}}",False,1.0,insufficient evidence,0.0,Insufficient trial count (<10) or zero spikes recorded
760345702,739783171,810753203,951843925,CA3,45,0.0,0.0,0.0,,,,0.0,0.0,0.0,,1.0,0.0,0.0,"{""1.0"": {""evoked_rate_hz"": 0.0, ""baseline_rate_hz"": 0.0, ""reliability"": 0.0, ""modulation_ratio"": 0.0, ""median_latency_ms"": null}, ""2.5"": {""evoked_rate_hz"": 0.0, ""baseline_rate_hz"": 0.0, ""reliability"": 0.0, ""modulation_ratio"": 0.0, ""median_latency_ms"": null}, ""4.0"": {""evoked_rate_hz"": 0.0, ""baseline_rate_hz"": 0.0, ""reliability"": 0.0, ""modulation_ratio"": 0.0, ""median_latency_ms"": null}}",False,1.0,insufficient evidence,0.0,Insufficient trial count (<10) or zero spikes recorded
760345702,739783171,810753203,951844081,CA3,45,1.481,8.333,3.358,4.857,1.13,1.119,0.067,0.022,0.955,0.224,0.26474,0.205,-2.7778,"{""1.0"": {""evoked_rate_hz"": 16.67, ""baseline_rate_hz"": 0.0, ""reliability"": 0.133, ""modulation_ratio"": 16.67, ""median_latency_ms"": 5.55}, ""2.5"": {""evoked_rate_hz"": 0.0, ""baseline_rate_hz"": 0.0, ""reliability"": 0.0, ""modulation_ratio"": 0.0, ""median_latency_ms"": null}, ""4.0"": {""evoked_rate_hz"": 8.33, ""baseline_rate_hz"": 4.44, ""reliability"": 0.067, ""modulation_ratio"": 1.53, ""median_latency_ms"": 4.01}}",False,0.501,not light responsive,0.933,Not statistically significant (p=0.2647 >= 0.05)
760345702,739783171,810753203,951844056,CA3,45,1.481,0.0,0.0,,,,0.0,0.0,0.0,,1.0,-0.149,0.0,"{""1.0"": {""evoked_rate_hz"": 0.0, ""baseline_rate_hz"": 4.44, ""reliability"": 0.0, ""modulation_ratio"": 0.0, ""median_latency_ms"": null}, ""2.5"": {""evoked_rate_hz"": 0.0, ""baseline_rate_hz"": 0.0, ""reliability"": 0.0, ""modulation_ratio"": 0.0, ""median_latency_ms"": null}, ""4.0"": {""evoked_rate_hz"": 0.0, ""baseline_rate_hz"": 0.0, ""reliability"": 0.0, ""modulation_ratio"": 0.0, ""median_latency_ms"": null}}",False,1.0,not light responsive,0.95,Not statistically significant (p=1.0000 >= 0.05); No positive modulation (mod_ratio=0.00 <= 1.0); Very low reliability (0.00 < 0.05)
760345702,739783171,810753203,951844048,CA3,45,22.222,22.222,0.957,5.635,1.496,1.816,0.178,0.133,0.841,0.26,1.0,0.0,-2.7778,"{""1.0"": {""evoked_rate_hz"": 25.0, ""baseline_rate_hz"": 22.22, ""reliability"": 0.2, ""modulation_ratio"": 1.08, ""median_latency_ms"": 4.42}, ""2.5"": {""evoked_rate_hz"": 25.0, ""baseline_rate_hz"": 22.22, ""reliability"": 0.2, ""modulation_ratio"": 1.08, ""median_latency_ms"": 5.92}, ""4.0"": {""evoked_rate_hz"": 16.67, ""baseline_rate_hz"": 22.22, ""reliability"": 0.133, ""modulation_ratio"": 0.72, ""median_latency_ms"": 6.4}}",False,0.364,not light responsive,0.822,Not statistically significant (p=1.0000 >= 0.05); No positive modulation (mod_ratio=0.96 <= 1.0)
760345702,739783171,810753203,951844039,CA3,45,4.444,2.778,0.51,5.955,0.0,0.0,0.022,0.044,1.0,0.0,0.63337,-0.065,2.7778,"{""1.0"": {""evoked_rate_hz"": 0.0, ""baseline_rate_hz"": 4.44, ""reliability"": 0.0, ""modulation_ratio"": 0.0, ""median_latency_ms"": null}, ""2.5"": {""evoked_rate_hz"": 0.0, ""baseline_rate_hz"": 4.44, ""reliability"": 0.0, ""modulation_ratio"": 0.0, ""median_latency_ms"": null}, ""4.0"": {""evoked_rate_hz"": 8.33, ""baseline_rate_hz"": 4.44, ""reliability"": 0.067, ""modulation_ratio"": 1.53, ""median_latency_ms"": 5.95}}",False,0.004,not light responsive,0.95,Not statistically significant (p=0.6334 >= 0.05); No positive modulation (mod_ratio=0.51 <= 1.0); Very low reliability (0.02 < 0.05)
760345702,739783171,810753203,951844090,CA3,45,0.0,2.778,2.778,4.178,0.0,0.0,0.022,0.0,1.0,0.0,1.0,0.149,0.0,"{""1.0"": {""evoked_rate_hz"": 0.0, ""baseline_rate_hz"": 0.0, ""reliability"": 0.0, ""modulation_ratio"": 0.0, ""median_latency_ms"": null}, ""2.5"": {""evoked_rate_hz"": 8.33, ""baseline_rate_hz"": 0.0, ""reliability"": 0.067, ""modulation_ratio"": 8.33, ""median_latency_ms"": 4.18}, ""4.0"": {""evoked_rate_hz"": 0.0, ""baseline_rate_hz"": 0.0, ""reliability"": 0.0, ""modulation_ratio"": 0.0, ""median_latency_ms"": null}}",False,1.0,not light responsive,0.95,Not statistically significant (p=1.0000 >= 0.05); Very low reliability (0.02 < 0.05)
760345702,739783171,810753203,951844122,CA3,45,50.37,36.111,0.703,5.961,2.612,3.948,0.289,0.4,0.727,0.462,0.25874,-0.189,11.1111,"{""1.0"": {""evoked_rate_hz"": 33.33, ""baseline_rate_hz"": 31.11, ""reliability"": 0.267, ""modulation_ratio"": 1.04, ""median_latency_ms"": 3.72}, ""2.5"": {""evoked_rate_hz"": 8.33, ""baseline_rate_hz"": 71.11, ""reliability"": 0.067, ""modulation_ratio"": 0.12, ""median_latency_ms"": 8.38}, ""4.0"": {""evoked_rate_hz"": 66.67, ""baseline_rate_hz"": 48.89, ""reliability"": 0.533, ""modulation_ratio"": 1.34, ""median_latency_ms"": 6.27}}",False,0.3,not light responsive,0.711,Not statistically significant (p=0.2587 >= 0.05); No positive modulation (mod_ratio=0.70 <= 1.0)
760345702,739783171,810753203,951844113,CA3,45,31.111,33.333,1.038,6.163,2.186,3.364,0.267,0.244,0.75,0.367,0.76523,0.035,5.5556,"{""1.0"": {""evoked_rate_hz"": 25.0, ""baseline_rate_hz"": 35.56, ""reliability"": 0.2, ""modulation_ratio"": 0.68, ""median_latency_ms"": 7.63}, ""2.5"": {""evoked_rate_hz"": 33.33, ""baseline_rate_hz"": 26.67, ""reliability"": 0.267, ""modulation_ratio"": 1.2, ""median_latency_ms"": 4.91}, ""4.0"": {""evoked_rate_hz"": 41.67, ""baseline_rate_hz"": 31.11, ""reliability"": 0.333, ""modulation_ratio"": 1.3, ""median_latency_ms"": 7.48}}",False,-0.111,not light responsive,0.733,Not statistically significant (p=0.7652 >= 0.05)
760345702,739783171,810753203,951844178,CA3,45,41.481,36.111,0.85,5.308,2.49,3.725,0.267,0.178,0.885,0.459,0.66633,-0.081,0.0,"{""1.0"": {""evoked_rate_hz"": 41.67, ""baseline_rate_hz"": 48.89, ""reliability"": 0.333, ""modulation_ratio"": 0.84, ""median_latency_ms"": 6.79}, ""2.5"": {""evoked_rate_hz"": 25.0, ""baseline_rate_hz"": 44.44, ""reliability"": 0.2, ""modulation_ratio"": 0.55, ""median_latency_ms"": 7.36}, ""4.0"": {""evoked_rate_hz"": 41.67, ""baseline_rate_hz"": 31.11, ""reliability"": 0.267, ""modulation_ratio"": 1.3, ""median_latency_ms"": 2.86}}",False,-0.428,not light responsive,0.733,Not statistically significant (p=0.6663 >= 0.05); No positive modulation (mod_ratio=0.85 <= 1.0)
760345702,739783171,810753203,951844169,CA3,45,2.963,2.778,0.701,2.655,0.0,0.0,0.022,0.022,1.0,0.0,1.0,-0.008,2.7778,"{""1.0"": {""evoked_rate_hz"": 0.0, ""baseline_rate_hz"": 8.89, ""reliability"": 0.0, ""modulation_ratio"": 0.0, ""median_latency_ms"": null}, ""2.5"": {""evoked_rate_hz"": 0.0, ""baseline_rate_hz"": 0.0, ""reliability"": 0.0, ""modulation_ratio"": 0.0, ""median_latency_ms"": null}, ""4.0"": {""evoked_rate_hz"": 8.33, ""baseline_rate_hz"": 0.0, ""reliability"": 0.067, ""modulation_ratio"": 8.33, ""median_latency_ms"": 2.65}}",False,0.002,not light responsive,0.95,Not statistically significant (p=1.0000 >= 0.05); No positive modulation (mod_ratio=0.70 <= 1.0); Very low reliability (0.02 < 0.05)
760345702,739783171,810753203,951844162,CA3,45,13.333,13.889,0.969,6.598,1.921,1.361,0.111,0.044,0.909,0.293,1.0,0.013,-5.5556,"{""1.0"": {""evoked_rate_hz"": 25.0, ""baseline_rate_hz"": 8.89, ""reliability"": 0.2, ""modulation_ratio"": 2.53, ""median_latency_ms"": 7.43}, ""2.5"": {""evoked_rate_hz"": 8.33, ""baseline_rate_hz"": 13.33, ""reliability"": 0.067, ""modulation_ratio"": 0.58, ""median_latency_ms"": 6.07}, ""4.0"": {""evoked_rate_hz"": 8.33, ""baseline_rate_hz"": 17.78, ""reliability"": 0.067, ""modulation_ratio"": 0.44, ""median_latency_ms"": 6.6}}",False,0.004,not light responsive,0.889,Not statistically significant (p=1.0000 >= 0.05); No positive modulation (mod_ratio=0.97 <= 1.0)
760345702,739783171,810753203,951846426,CA3,45,19.259,13.889,0.686,8.329,2.786,3.742,0.111,0.089,0.909,0.416,0.38961,-0.122,-2.7778,"{""1.0"": {""evoked_rate_hz"": 16.67, ""baseline_rate_hz"": 22.22, ""reliability"": 0.133, ""modulation_ratio"": 0.72, ""median_latency_ms"": 5.46}, ""2.5"": {""evoked_rate_hz"": 16.67, ""baseline_rate_hz"": 13.33, ""reliability"": 0.133, ""modulation_ratio"": 1.16, ""median_latency_ms"": 8.78}, ""4.0"": {""evoked_rate_hz"": 8.33, ""baseline_rate_hz"": 22.22, ""reliability"": 0.067, ""modulation_ratio"": 0.36, ""median_latency_ms"": 5.01}}",False,0.201,not light responsive,0.889,Not statistically significant (p=0.3896 >= 0.05); No positive modulation (mod_ratio=0.69 <= 1.0)
760345702,739783171,810753203,951844208,CA3,45,17.778,22.222,1.183,4.399,2.127,1.313,0.178,0.111,0.841,0.439,0.66234,0.074,0.0,"{""1.0"": {""evoked_rate_hz"": 16.67, ""baseline_rate_hz"": 17.78, ""reliability"": 0.133, ""modulation_ratio"": 0.89, ""median_latency_ms"": 4.04}, ""2.5"": {""evoked_rate_hz"": 33.33, ""baseline_rate_hz"": 17.78, ""reliability"": 0.267, ""modulation_ratio"": 1.78, ""median_latency_ms"": 4.4}, ""4.0"": {""evoked_rate_hz"": 16.67, ""baseline_rate_hz"": 17.78, ""reliability"": 0.133, ""modulation_ratio"": 0.89, ""median_latency_ms"": 7.75}}",False,0.143,not light responsive,0.822,Not statistically significant (p=0.6623 >= 0.05)
760345702,739783171,810753203,951844219,CA3,45,25.185,8.333,0.318,6.712,4.09,3.97,0.067,0.133,0.955,0.733,0.02997,-0.325,0.0,"{""1.0"": {""evoked_rate_hz"": 8.33, ""baseline_rate_hz"": 13.33, ""reliability"": 0.067, ""modulation_ratio"": 0.58, ""median_latency_ms"": 6.71}, ""2.5"": {""evoked_rate_hz"": 8.33, ""baseline_rate_hz"": 31.11, ""reliability"": 0.067, ""modulation_ratio"": 0.26, ""median_latency_ms"": 8.98}, ""4.0"": {""evoked_rate_hz"": 8.33, ""baseline_rate_hz"": 31.11, ""reliability"": 0.067, ""modulation_ratio"": 0.26, ""median_latency_ms"": 1.04}}",False,-0.399,not light responsive,0.933,Not statistically significant (p=0.0300 >= 0.05); No positive modulation (mod_ratio=0.32 <= 1.0)
760345702,739783171,810753203,951844255,CA3,45,0.0,0.0,0.0,,,,0.0,0.0,0.0,,1.0,0.0,0.0,"{""1.0"": {""evoked_rate_hz"": 0.0, ""baseline_rate_hz"": 0.0, ""reliability"": 0.0, ""modulation_ratio"": 0.0, ""median_latency_ms"": null}, ""2.5"": {""evoked_rate_hz"": 0.0, ""baseline_rate_hz"": 0.0, ""reliability"": 0.0, ""modulation_ratio"": 0.0, ""median_latency_ms"": null}, ""4.0"": {""evoked_rate_hz"": 0.0, ""baseline_rate_hz"": 0.0, ""reliability"": 0.0, ""modulation_ratio"": 0.0, ""median_latency_ms"": null}}",False,1.0,insufficient evidence,0.0,Insufficient trial count (<10) or zero spikes recorded
760345702,739783171,810753203,951844304,DG,45,1.481,2.778,1.119,8.287,0.0,0.0,0.022,0.0,1.0,0.0,1.0,0.061,-2.7778,"{""1.0"": {""evoked_rate_hz"": 8.33, ""baseline_rate_hz"": 4.44, ""reliability"": 0.067, ""modulation_ratio"": 1.53, ""median_latency_ms"": 8.29}, ""2.5"": {""evoked_rate_hz"": 0.0, ""baseline_rate_hz"": 0.0, ""reliability"": 0.0, ""modulation_ratio"": 0.0, ""median_latency_ms"": null}, ""4.0"": {""evoked_rate_hz"": 0.0, ""baseline_rate_hz"": 0.0, ""reliability"": 0.0, ""modulation_ratio"": 0.0, ""median_latency_ms"": null}}",False,-221.222,not light responsive,0.95,Not statistically significant (p=1.0000 >= 0.05); Very low reliability (0.02 < 0.05)
760345702,739783171,810753203,951844416,DG,45,0.0,0.0,0.0,,,,0.0,0.0,0.0,,1.0,0.0,0.0,"{""1.0"": {""evoked_rate_hz"": 0.0, ""baseline_rate_hz"": 0.0, ""reliability"": 0.0, ""modulation_ratio"": 0.0, ""median_latency_ms"": null}, ""2.5"": {""evoked_rate_hz"": 0.0, ""baseline_rate_hz"": 0.0, ""reliability"": 0.0, ""modulation_ratio"": 0.0, ""median_latency_ms"": null}, ""4.0"": {""evoked_rate_hz"": 0.0, ""baseline_rate_hz"": 0.0, ""reliability"": 0.0, ""modulation_ratio"": 0.0, ""median_latency_ms"": null}}",False,1.0,insufficient evidence,0.0,Insufficient trial count (<10) or zero spikes recorded
760345702,739783171,810753203,951844527,CA1,45,5.926,2.778,0.401,1.692,0.0,0.0,0.022,0.089,1.0,0.0,0.37263,-0.115,-2.7778,"{""1.0"": {""evoked_rate_hz"": 8.33, ""baseline_rate_hz"": 0.0, ""reliability"": 0.067, ""modulation_ratio"": 8.33, ""median_latency_ms"": 1.69}, ""2.5"": {""evoked_rate_hz"": 0.0, ""baseline_rate_hz"": 17.78, ""reliability"": 0.0, ""modulation_ratio"": 0.0, ""median_latency_ms"": null}, ""4.0"": {""evoked_rate_hz"": 0.0, ""baseline_rate_hz"": 0.0, ""reliability"": 0.0, ""modulation_ratio"": 0.0, ""median_latency_ms"": null}}",False,-221.222,not light responsive,0.95,Not statistically significant (p=0.3726 >= 0.05); No positive modulation (mod_ratio=0.40 <= 1.0); Very low reliability (0.02 < 0.05)
760345702,739783171,810753203,951844541,CA1,45,22.222,30.556,1.316,5.36,2.757,4.095,0.244,0.111,0.773,0.525,0.31768,0.155,0.0,"{""1.0"": {""evoked_rate_hz"": 25.0, ""baseline_rate_hz"": 17.78, ""reliability"": 0.2, ""modulation_ratio"": 1.33, ""median_latency_ms"": 8.93}, ""2.5"": {""evoked_rate_hz"": 41.67, ""baseline_rate_hz"": 26.67, ""reliability"": 0.333, ""modulation_ratio"": 1.51, ""median_latency_ms"": 3.72}, ""4.0"": {""evoked_rate_hz"": 25.0, ""baseline_rate_hz"": 22.22, ""reliability"": 0.2, ""modulation_ratio"": 1.08, ""median_latency_ms"": 5.58}}",False,0.334,not light responsive,0.756,Not statistically significant (p=0.3177 >= 0.05)
760345702,739783171,810753203,951844555,CA1,45,1.481,0.0,0.0,,,,0.0,0.022,0.0,,1.0,-0.149,0.0,"{""1.0"": {""evoked_rate_hz"": 0.0, ""baseline_rate_hz"": 0.0, ""reliability"": 0.0, ""modulation_ratio"": 0.0, ""median_latency_ms"": null}, ""2.5"": {""evoked_rate_hz"": 0.0, ""baseline_rate_hz"": 4.44, ""reliability"": 0.0, ""modulation_ratio"": 0.0, ""median_latency_ms"": null}, ""4.0"": {""evoked_rate_hz"": 0.0, ""baseline_rate_hz"": 0.0, ""reliability"": 0.0, ""modulation_ratio"": 0.0, ""median_latency_ms"": null}}",False,1.0,not light responsive,0.95,Not statistically significant (p=1.0000 >= 0.05); No positive modulation (mod_ratio=0.00 <= 1.0); Very low reliability (0.00 < 0.05)
760345702,739783171,810753203,951844628,CA1,45,1.481,5.556,2.239,5.283,2.577,1.822,0.044,0.022,0.977,0.488,0.5015,0.2,0.0,"{""1.0"": {""evoked_rate_hz"": 8.33, ""baseline_rate_hz"": 0.0, ""reliability"": 0.067, ""modulation_ratio"": 8.33, ""median_latency_ms"": 3.46}, ""2.5"": {""evoked_rate_hz"": 0.0, ""baseline_rate_hz"": 0.0, ""reliability"": 0.0, ""modulation_ratio"": 0.0, ""median_latency_ms"": null}, ""4.0"": {""evoked_rate_hz"": 8.33, ""baseline_rate_hz"": 4.44, ""reliability"": 0.067, ""modulation_ratio"": 1.53, ""median_latency_ms"": 7.11}}",False,-221.222,not light responsive,0.95,Not statistically significant (p=0.5015 >= 0.05); Very low reliability (0.04 < 0.05)
760345702,739783171,810753203,951844734,CA1,45,31.111,16.667,0.519,5.772,2.172,2.478,0.133,0.289,0.886,0.425,0.06593,-0.277,2.7778,"{""1.0"": {""evoked_rate_hz"": 8.33, ""baseline_rate_hz"": 26.67, ""reliability"": 0.067, ""modulation_ratio"": 0.3, ""median_latency_ms"": 5.79}, ""2.5"": {""evoked_rate_hz"": 25.0, ""baseline_rate_hz"": 31.11, ""reliability"": 0.2, ""modulation_ratio"": 0.78, ""median_latency_ms"": 6.08}, ""4.0"": {""evoked_rate_hz"": 16.67, ""baseline_rate_hz"": 35.56, ""reliability"": 0.133, ""modulation_ratio"": 0.46, ""median_latency_ms"": 2.52}}",False,0.625,not light responsive,0.867,Not statistically significant (p=0.0659 >= 0.05); No positive modulation (mod_ratio=0.52 <= 1.0)
760345702,739783171,810753203,951844713,CA1,45,4.444,8.333,1.531,6.78,1.342,1.177,0.067,0.044,0.955,0.222,0.60539,0.106,2.7778,"{""1.0"": {""evoked_rate_hz"": 8.33, ""baseline_rate_hz"": 0.0, ""reliability"": 0.067, ""modulation_ratio"": 8.33, ""median_latency_ms"": 6.78}, ""2.5"": {""evoked_rate_hz"": 0.0, ""baseline_rate_hz"": 8.89, ""reliability"": 0.0, ""modulation_ratio"": 0.0, ""median_latency_ms"": null}, ""4.0"": {""evoked_rate_hz"": 16.67, ""baseline_rate_hz"": 4.44, ""reliability"": 0.133, ""modulation_ratio"": 3.06, ""median_latency_ms"": 5.66}}",False,0.004,not light responsive,0.933,Not statistically significant (p=0.6054 >= 0.05)
760345702,739783171,810753203,951844706,CA1,45,1.481,5.556,2.239,6.673,0.784,0.555,0.044,0.0,0.977,0.118,0.51249,0.145,-5.5556,"{""1.0"": {""evoked_rate_hz"": 16.67, ""baseline_rate_hz"": 0.0, ""reliability"": 0.133, ""modulation_ratio"": 16.67, ""median_latency_ms"": 6.67}, ""2.5"": {""evoked_rate_hz"": 0.0, ""baseline_rate_hz"": 4.44, ""reliability"": 0.0, ""modulation_ratio"": 0.0, ""median_latency_ms"": null}, ""4.0"": {""evoked_rate_hz"": 0.0, ""baseline_rate_hz"": 0.0, ""reliability"": 0.0, ""modulation_ratio"": 0.0, ""median_latency_ms"": null}}",False,-221.222,not light responsive,0.95,Not statistically significant (p=0.5125 >= 0.05); Very low reliability (0.04 < 0.05)
760345702,739783171,810753203,951844756,CA1,45,4.444,5.556,1.02,3.839,3.431,2.426,0.044,0.022,0.977,0.894,1.0,0.035,5.5556,"{""1.0"": {""evoked_rate_hz"": 0.0, ""baseline_rate_hz"": 4.44, ""reliability"": 0.0, ""modulation_ratio"": 0.0, ""median_latency_ms"": null}, ""2.5"": {""evoked_rate_hz"": 0.0, ""baseline_rate_hz"": 4.44, ""reliability"": 0.0, ""modulation_ratio"": 0.0, ""median_latency_ms"": null}, ""4.0"": {""evoked_rate_hz"": 16.67, ""baseline_rate_hz"": 4.44, ""reliability"": 0.133, ""modulation_ratio"": 3.06, ""median_latency_ms"": 3.84}}",False,1.0,not light responsive,0.95,Not statistically significant (p=1.0000 >= 0.05); Very low reliability (0.04 < 0.05)
760345702,739783171,810753203,951844786,CA1,45,1.481,5.556,2.239,4.997,2.383,1.685,0.044,0.022,0.977,0.477,0.48951,0.145,0.0,"{""1.0"": {""evoked_rate_hz"": 0.0, ""baseline_rate_hz"": 0.0, ""reliability"": 0.0, ""modulation_ratio"": 0.0, ""median_latency_ms"": null}, ""2.5"": {""evoked_rate_hz"": 16.67, ""baseline_rate_hz"": 0.0, ""reliability"": 0.133, ""modulation_ratio"": 16.67, ""median_latency_ms"": 5.0}, ""4.0"": {""evoked_rate_hz"": 0.0, ""baseline_rate_hz"": 4.44, ""reliability"": 0.0, ""modulation_ratio"": 0.0, ""median_latency_ms"": null}}",False,-0.991,not light responsive,0.95,Not statistically significant (p=0.4895 >= 0.05); Very low reliability (0.04 < 0.05)
760345702,739783171,810753203,951844884,CA1,45,7.407,8.333,0.991,4.219,2.609,2.587,0.067,0.067,0.955,0.681,1.0,0.029,-5.5556,"{""1.0"": {""evoked_rate_hz"": 16.67, ""baseline_rate_hz"": 4.44, ""reliability"": 0.133, ""modulation_ratio"": 3.06, ""median_latency_ms"": 3.64}, ""2.5"": {""evoked_rate_hz"": 8.33, ""baseline_rate_hz"": 4.44, ""reliability"": 0.067, ""modulation_ratio"": 1.53, ""median_latency_ms"": 4.22}, ""4.0"": {""evoked_rate_hz"": 0.0, ""baseline_rate_hz"": 13.33, ""reliability"": 0.0, ""modulation_ratio"": 0.0, ""median_latency_ms"": null}}",False,0.002,not light responsive,0.933,Not statistically significant (p=1.0000 >= 0.05); No positive modulation (mod_ratio=0.99 <= 1.0)
760345702,739783171,810753203,951844813,CA1,45,38.519,30.556,0.773,3.804,2.874,4.893,0.244,0.267,0.773,0.639,0.5025,-0.105,-8.3333,"{""1.0"": {""evoked_rate_hz"": 33.33, ""baseline_rate_hz"": 44.44, ""reliability"": 0.267, ""modulation_ratio"": 0.73, ""median_latency_ms"": 7.59}, ""2.5"": {""evoked_rate_hz"": 50.0, ""baseline_rate_hz"": 26.67, ""reliability"": 0.4, ""modulation_ratio"": 1.81, ""median_latency_ms"": 2.29}, ""4.0"": {""evoked_rate_hz"": 8.33, ""baseline_rate_hz"": 44.44, ""reliability"": 0.067, ""modulation_ratio"": 0.18, ""median_latency_ms"": 5.68}}",False,0.2,not light responsive,0.756,Not statistically significant (p=0.5025 >= 0.05); No positive modulation (mod_ratio=0.77 <= 1.0)
760345702,739783171,810753203,951844798,CA1,45,5.926,5.556,0.802,7.99,1.124,0.795,0.044,0.067,0.977,0.141,0.85814,-0.012,0.0,"{""1.0"": {""evoked_rate_hz"": 8.33, ""baseline_rate_hz"": 0.0, ""reliability"": 0.067, ""modulation_ratio"": 8.33, ""median_latency_ms"": 7.2}, ""2.5"": {""evoked_rate_hz"": 0.0, ""baseline_rate_hz"": 4.44, ""reliability"": 0.0, ""modulation_ratio"": 0.0, ""median_latency_ms"": null}, ""4.0"": {""evoked_rate_hz"": 8.33, ""baseline_rate_hz"": 13.33, ""reliability"": 0.067, ""modulation_ratio"": 0.58, ""median_latency_ms"": 8.79}}",False,-0.331,not light responsive,0.95,Not statistically significant (p=0.8581 >= 0.05); No positive modulation (mod_ratio=0.80 <= 1.0); Very low reliability (0.04 < 0.05)
760345702,739783171,810753203,951845118,CA1,45,2.963,8.333,2.103,6.449,0.759,0.706,0.067,0.022,0.955,0.124,0.38561,0.183,2.7778,"{""1.0"": {""evoked_rate_hz"": 0.0, ""baseline_rate_hz"": 0.0, ""reliability"": 0.0, ""modulation_ratio"": 0.0, ""median_latency_ms"": null}, ""2.5"": {""evoked_rate_hz"": 16.67, ""baseline_rate_hz"": 4.44, ""reliability"": 0.133, ""modulation_ratio"": 3.06, ""median_latency_ms"": 5.85}, ""4.0"": {""evoked_rate_hz"": 8.33, ""baseline_rate_hz"": 4.44, ""reliability"": 0.067, ""modulation_ratio"": 1.53, ""median_latency_ms"": 6.67}}",False,0.001,not light responsive,0.933,Not statistically significant (p=0.3856 >= 0.05)
760345702,739783171,810753203,951844984,CA1,45,29.63,47.222,1.542,6.112,2.211,2.338,0.333,0.2,0.877,0.407,0.12587,0.224,-2.7778,"{""1.0"": {""evoked_rate_hz"": 50.0, ""baseline_rate_hz"": 31.11, ""reliability"": 0.4, ""modulation_ratio"": 1.56, ""median_latency_ms"": 5.88}, ""2.5"": {""evoked_rate_hz"": 50.0, ""baseline_rate_hz"": 35.56, ""reliability"": 0.333, ""modulation_ratio"": 1.37, ""median_latency_ms"": 5.99}, ""4.0"": {""evoked_rate_hz"": 41.67, ""baseline_rate_hz"": 22.22, ""reliability"": 0.267, ""modulation_ratio"": 1.79, ""median_latency_ms"": 6.6}}",False,-0.125,not light responsive,0.667,Not statistically significant (p=0.1259 >= 0.05)
760345702,739783171,810753203,951844973,CA1,45,11.852,13.889,1.081,3.314,1.267,2.096,0.089,0.089,1.318,0.391,0.86414,0.035,-2.7778,"{""1.0"": {""evoked_rate_hz"": 16.67, ""baseline_rate_hz"": 31.11, ""reliability"": 0.133, ""modulation_ratio"": 0.52, ""median_latency_ms"": 3.15}, ""2.5"": {""evoked_rate_hz"": 16.67, ""baseline_rate_hz"": 0.0, ""reliability"": 0.067, ""modulation_ratio"": 16.67, ""median_latency_ms"": 2.31}, ""4.0"": {""evoked_rate_hz"": 8.33, ""baseline_rate_hz"": 4.44, ""reliability"": 0.067, ""modulation_ratio"": 1.53, ""median_latency_ms"": 4.34}}",False,0.001,not light responsive,0.911,Not statistically significant (p=0.8641 >= 0.05)
760345702,739783171,810753203,951844963,CA1,45,0.0,0.0,0.0,,,,0.0,0.0,0.0,,1.0,0.0,0.0,"{""1.0"": {""evoked_rate_hz"": 0.0, ""baseline_rate_hz"": 0.0, ""reliability"": 0.0, ""modulation_ratio"": 0.0, ""median_latency_ms"": null}, ""2.5"": {""evoked_rate_hz"": 0.0, ""baseline_rate_hz"": 0.0, ""reliability"": 0.0, ""modulation_ratio"": 0.0, ""median_latency_ms"": null}, ""4.0"": {""evoked_rate_hz"": 0.0, ""baseline_rate_hz"": 0.0, ""reliability"": 0.0, ""modulation_ratio"": 0.0, ""median_latency_ms"": null}}",False,1.0,insufficient evidence,0.0,Insufficient trial count (<10) or zero spikes recorded
760345702,739783171,810753203,951844951,CA1,45,4.444,0.0,0.0,,,,0.0,0.022,0.0,,0.24376,-0.264,0.0,"{""1.0"": {""evoked_rate_hz"": 0.0, ""baseline_rate_hz"": 8.89, ""reliability"": 0.0, ""modulation_ratio"": 0.0, ""median_latency_ms"": null}, ""2.5"": {""evoked_rate_hz"": 0.0, ""baseline_rate_hz"": 4.44, ""reliability"": 0.0, ""modulation_ratio"": 0.0, ""median_latency_ms"": null}, ""4.0"": {""evoked_rate_hz"": 0.0, ""baseline_rate_hz"": 0.0, ""reliability"": 0.0, ""modulation_ratio"": 0.0, ""median_latency_ms"": null}}",False,0.501,not light responsive,0.95,Not statistically significant (p=0.2438 >= 0.05); No positive modulation (mod_ratio=0.00 <= 1.0); Very low reliability (0.00 < 0.05)
760345702,739783171,810753203,951844748,CA1,45,5.926,2.778,0.401,4.89,0.0,0.0,0.022,0.022,1.0,0.0,0.34865,-0.115,-2.7778,"{""1.0"": {""evoked_rate_hz"": 8.33, ""baseline_rate_hz"": 4.44, ""reliability"": 0.067, ""modulation_ratio"": 1.53, ""median_latency_ms"": 4.89}, ""2.5"": {""evoked_rate_hz"": 0.0, ""baseline_rate_hz"": 8.89, ""reliability"": 0.0, ""modulation_ratio"": 0.0, ""median_latency_ms"": null}, ""4.0"": {""evoked_rate_hz"": 0.0, ""baseline_rate_hz"": 4.44, ""reliability"": 0.0, ""modulation_ratio"": 0.0, ""median_latency_ms"": null}}",False,0.625,not light responsive,0.95,Not statistically significant (p=0.3487 >= 0.05); No positive modulation (mod_ratio=0.40 <= 1.0); Very low reliability (0.02 < 0.05)
760345702,739783171,810753203,951845113,CA1,45,0.0,0.0,0.0,,,,0.0,0.0,0.0,,1.0,0.0,0.0,"{""1.0"": {""evoked_rate_hz"": 0.0, ""baseline_rate_hz"": 0.0, ""reliability"": 0.0, ""modulation_ratio"": 0.0, ""median_latency_ms"": null}, ""2.5"": {""evoked_rate_hz"": 0.0, ""baseline_rate_hz"": 0.0, ""reliability"": 0.0, ""modulation_ratio"": 0.0, ""median_latency_ms"": null}, ""4.0"": {""evoked_rate_hz"": 0.0, ""baseline_rate_hz"": 0.0, ""reliability"": 0.0, ""modulation_ratio"": 0.0, ""median_latency_ms"": null}}",False,1.0,insufficient evidence,0.0,Insufficient trial count (<10) or zero spikes recorded
760345702,739783171,810753203,951845100,CA1,45,0.0,0.0,0.0,,,,0.0,0.0,0.0,,1.0,0.0,0.0,"{""1.0"": {""evoked_rate_hz"": 0.0, ""baseline_rate_hz"": 0.0, ""reliability"": 0.0, ""modulation_ratio"": 0.0, ""median_latency_ms"": null}, ""2.5"": {""evoked_rate_hz"": 0.0, ""baseline_rate_hz"": 0.0, ""reliability"": 0.0, ""modulation_ratio"": 0.0, ""median_latency_ms"": null}, ""4.0"": {""evoked_rate_hz"": 0.0, ""baseline_rate_hz"": 0.0, ""reliability"": 0.0, ""modulation_ratio"": 0.0, ""median_latency_ms"": null}}",False,-665.667,insufficient evidence,0.0,Insufficient trial count (<10) or zero spikes recorded
760345702,739783171,810753203,951845093,CA1,45,2.963,2.778,0.701,7.262,0.0,0.0,0.022,0.022,1.0,0.0,1.0,-0.008,0.0,"{""1.0"": {""evoked_rate_hz"": 0.0, ""baseline_rate_hz"": 4.44, ""reliability"": 0.0, ""modulation_ratio"": 0.0, ""median_latency_ms"": null}, ""2.5"": {""evoked_rate_hz"": 8.33, ""baseline_rate_hz"": 4.44, ""reliability"": 0.067, ""modulation_ratio"": 1.53, ""median_latency_ms"": 7.26}, ""4.0"": {""evoked_rate_hz"": 0.0, ""baseline_rate_hz"": 0.0, ""reliability"": 0.0, ""modulation_ratio"": 0.0, ""median_latency_ms"": null}}",False,-221.222,not light responsive,0.95,Not statistically significant (p=1.0000 >= 0.05); No positive modulation (mod_ratio=0.70 <= 1.0); Very low reliability (0.02 < 0.05)
760345702,739783171,810753203,951845124,CA1,45,8.889,5.556,0.562,4.561,1.511,1.068,0.044,0.067,0.977,0.331,0.48252,-0.091,-5.5556,"{""1.0"": {""evoked_rate_hz"": 16.67, ""baseline_rate_hz"": 8.89, ""reliability"": 0.133, ""modulation_ratio"": 1.69, ""median_latency_ms"": 4.56}, ""2.5"": {""evoked_rate_hz"": 0.0, ""baseline_rate_hz"": 8.89, ""reliability"": 0.0, ""modulation_ratio"": 0.0, ""median_latency_ms"": null}, ""4.0"": {""evoked_rate_hz"": 0.0, ""baseline_rate_hz"": 8.89, ""reliability"": 0.0, ""modulation_ratio"": 0.0, ""median_latency_ms"": null}}",False,-1.987,not light responsive,0.95,Not statistically significant (p=0.4825 >= 0.05); No positive modulation (mod_ratio=0.56 <= 1.0); Very low reliability (0.04 < 0.05)
760345702,739783171,810753203,951845156,CA1,45,13.333,19.444,1.357,6.543,1.955,0.989,0.156,0.156,0.864,0.307,0.3986,0.142,-2.7778,"{""1.0"": {""evoked_rate_hz"": 25.0, ""baseline_rate_hz"": 13.33, ""reliability"": 0.2, ""modulation_ratio"": 1.74, ""median_latency_ms"": 6.23}, ""2.5"": {""evoked_rate_hz"": 16.67, ""baseline_rate_hz"": 13.33, ""reliability"": 0.133, ""modulation_ratio"": 1.16, ""median_latency_ms"": 6.8}, ""4.0"": {""evoked_rate_hz"": 16.67, ""baseline_rate_hz"": 13.33, ""reliability"": 0.133, ""modulation_ratio"": 1.16, ""median_latency_ms"": 6.7}}",False,-0.999,not light responsive,0.844,Not statistically significant (p=0.3986 >= 0.05)
760345702,739783171,810753203,951845182,VISal,45,2.963,2.778,0.701,3.943,0.0,0.0,0.022,0.0,1.0,0.0,1.0,-0.008,0.0,"{""1.0"": {""evoked_rate_hz"": 0.0, ""baseline_rate_hz"": 8.89, ""reliability"": 0.0, ""modulation_ratio"": 0.0, ""median_latency_ms"": null}, ""2.5"": {""evoked_rate_hz"": 8.33, ""baseline_rate_hz"": 0.0, ""reliability"": 0.067, ""modulation_ratio"": 8.33, ""median_latency_ms"": 3.94}, ""4.0"": {""evoked_rate_hz"": 0.0, ""baseline_rate_hz"": 0.0, ""reliability"": 0.0, ""modulation_ratio"": 0.0, ""median_latency_ms"": null}}",False,-0.991,not light responsive,0.95,Not statistically significant (p=1.0000 >= 0.05); No positive modulation (mod_ratio=0.70 <= 1.0); Very low reliability (0.02 < 0.05)
760345702,739783171,810753203,951845267,VISal,45,0.0,0.0,0.0,,,,0.0,0.0,0.0,,1.0,0.0,0.0,"{""1.0"": {""evoked_rate_hz"": 0.0, ""baseline_rate_hz"": 0.0, ""reliability"": 0.0, ""modulation_ratio"": 0.0, ""median_latency_ms"": null}, ""2.5"": {""evoked_rate_hz"": 0.0, ""baseline_rate_hz"": 0.0, ""reliability"": 0.0, ""modulation_ratio"": 0.0, ""median_latency_ms"": null}, ""4.0"": {""evoked_rate_hz"": 0.0, ""baseline_rate_hz"": 0.0, ""reliability"": 0.0, ""modulation_ratio"": 0.0, ""median_latency_ms"": null}}",False,1.0,insufficient evidence,0.0,Insufficient trial count (<10) or zero spikes recorded
760345702,739783171,810753203,951845391,VISal,45,1.481,0.0,0.0,,,,0.0,0.022,0.0,,1.0,-0.149,0.0,"{""1.0"": {""evoked_rate_hz"": 0.0, ""baseline_rate_hz"": 4.44, ""reliability"": 0.0, ""modulation_ratio"": 0.0, ""median_latency_ms"": null}, ""2.5"": {""evoked_rate_hz"": 0.0, ""baseline_rate_hz"": 0.0, ""reliability"": 0.0, ""modulation_ratio"": 0.0, ""median_latency_ms"": null}, ""4.0"": {""evoked_rate_hz"": 0.0, ""baseline_rate_hz"": 0.0, ""reliability"": 0.0, ""modulation_ratio"": 0.0, ""median_latency_ms"": null}}",False,1.0,not light responsive,0.95,Not statistically significant (p=1.0000 >= 0.05); No positive modulation (mod_ratio=0.00 <= 1.0); Very low reliability (0.00 < 0.05)
760345702,739783171,810753203,951845379,VISal,45,1.481,2.778,1.119,2.961,0.0,0.0,0.022,0.022,1.0,0.0,1.0,0.061,-2.7778,"{""1.0"": {""evoked_rate_hz"": 8.33, ""baseline_rate_hz"": 0.0, ""reliability"": 0.067, ""modulation_ratio"": 8.33, ""median_latency_ms"": 2.96}, ""2.5"": {""evoked_rate_hz"": 0.0, ""baseline_rate_hz"": 0.0, ""reliability"": 0.0, ""modulation_ratio"": 0.0, ""median_latency_ms"": null}, ""4.0"": {""evoked_rate_hz"": 0.0, ""baseline_rate_hz"": 4.44, ""reliability"": 0.0, ""modulation_ratio"": 0.0, ""median_latency_ms"": null}}",False,1.0,not light responsive,0.95,Not statistically significant (p=1.0000 >= 0.05); Very low reliability (0.02 < 0.05)
760345702,739783171,810753203,951845431,VISal,45,2.963,2.778,0.701,8.578,0.0,0.0,0.022,0.044,1.0,0.0,1.0,-0.008,0.0,"{""1.0"": {""evoked_rate_hz"": 0.0, ""baseline_rate_hz"": 0.0, ""reliability"": 0.0, ""modulation_ratio"": 0.0, ""median_latency_ms"": null}, ""2.5"": {""evoked_rate_hz"": 8.33, ""baseline_rate_hz"": 0.0, ""reliability"": 0.067, ""modulation_ratio"": 8.33, ""median_latency_ms"": 8.58}, ""4.0"": {""evoked_rate_hz"": 0.0, ""baseline_rate_hz"": 8.89, ""reliability"": 0.0, ""modulation_ratio"": 0.0, ""median_latency_ms"": null}}",False,0.501,not light responsive,0.95,Not statistically significant (p=1.0000 >= 0.05); No positive modulation (mod_ratio=0.70 <= 1.0); Very low reliability (0.02 < 0.05)
760345702,739783171,810753203,951845425,VISal,45,2.963,0.0,0.0,,,,0.0,0.0,0.0,,0.51149,-0.213,0.0,"{""1.0"": {""evoked_rate_hz"": 0.0, ""baseline_rate_hz"": 0.0, ""reliability"": 0.0, ""modulation_ratio"": 0.0, ""median_latency_ms"": null}, ""2.5"": {""evoked_rate_hz"": 0.0, ""baseline_rate_hz"": 4.44, ""reliability"": 0.0, ""modulation_ratio"": 0.0, ""median_latency_ms"": null}, ""4.0"": {""evoked_rate_hz"": 0.0, ""baseline_rate_hz"": 4.44, ""reliability"": 0.0, ""modulation_ratio"": 0.0, ""median_latency_ms"": null}}",False,1.0,not light responsive,0.95,Not statistically significant (p=0.5115 >= 0.05); No positive modulation (mod_ratio=0.00 <= 1.0); Very low reliability (0.00 < 0.05)
760345702,739783171,810753203,951845418,VISal,45,13.333,5.556,0.388,7.422,0.899,0.636,0.044,0.111,0.977,0.121,0.13487,-0.197,-2.7778,"{""1.0"": {""evoked_rate_hz"": 8.33, ""baseline_rate_hz"": 8.89, ""reliability"": 0.067, ""modulation_ratio"": 0.84, ""median_latency_ms"": 8.06}, ""2.5"": {""evoked_rate_hz"": 8.33, ""baseline_rate_hz"": 13.33, ""reliability"": 0.067, ""modulation_ratio"": 0.58, ""median_latency_ms"": 6.79}, ""4.0"": {""evoked_rate_hz"": 0.0, ""baseline_rate_hz"": 17.78, ""reliability"": 0.0, ""modulation_ratio"": 0.0, ""median_latency_ms"": null}}",False,-0.996,not light responsive,0.95,Not statistically significant (p=0.1349 >= 0.05); No positive modulation (mod_ratio=0.39 <= 1.0); Very low reliability (0.04 < 0.05)
760345702,739783171,810753203,951845404,VISal,45,0.0,0.0,0.0,,,,0.0,0.0,0.0,,1.0,0.0,0.0,"{""1.0"": {""evoked_rate_hz"": 0.0, ""baseline_rate_hz"": 0.0, ""reliability"": 0.0, ""modulation_ratio"": 0.0, ""median_latency_ms"": null}, ""2.5"": {""evoked_rate_hz"": 0.0, ""baseline_rate_hz"": 0.0, ""reliability"": 0.0, ""modulation_ratio"": 0.0, ""median_latency_ms"": null}, ""4.0"": {""evoked_rate_hz"": 0.0, ""baseline_rate_hz"": 0.0, ""reliability"": 0.0, ""modulation_ratio"": 0.0, ""median_latency_ms"": null}}",False,1.0,insufficient evidence,0.0,Insufficient trial count (<10) or zero spikes recorded
760345702,739783171,810753203,951845398,VISal,45,0.0,0.0,0.0,,,,0.0,0.0,0.0,,1.0,0.0,0.0,"{""1.0"": {""evoked_rate_hz"": 0.0, ""baseline_rate_hz"": 0.0, ""reliability"": 0.0, ""modulation_ratio"": 0.0, ""median_latency_ms"": null}, ""2.5"": {""evoked_rate_hz"": 0.0, ""baseline_rate_hz"": 0.0, ""reliability"": 0.0, ""modulation_ratio"": 0.0, ""median_latency_ms"": null}, ""4.0"": {""evoked_rate_hz"": 0.0, ""baseline_rate_hz"": 0.0, ""reliability"": 0.0, ""modulation_ratio"": 0.0, ""median_latency_ms"": null}}",False,1.0,insufficient evidence,0.0,Insufficient trial count (<10) or zero spikes recorded
760345702,739783171,810753203,951845468,VISal,45,1.481,2.778,1.119,2.593,0.0,0.0,0.022,0.0,1.0,0.0,1.0,0.061,0.0,"{""1.0"": {""evoked_rate_hz"": 0.0, ""baseline_rate_hz"": 4.44, ""reliability"": 0.0, ""modulation_ratio"": 0.0, ""median_latency_ms"": null}, ""2.5"": {""evoked_rate_hz"": 8.33, ""baseline_rate_hz"": 0.0, ""reliability"": 0.067, ""modulation_ratio"": 8.33, ""median_latency_ms"": 2.59}, ""4.0"": {""evoked_rate_hz"": 0.0, ""baseline_rate_hz"": 0.0, ""reliability"": 0.0, ""modulation_ratio"": 0.0, ""median_latency_ms"": null}}",False,1.0,not light responsive,0.95,Not statistically significant (p=1.0000 >= 0.05); Very low reliability (0.02 < 0.05)
760345702,739783171,810753203,951845457,VISal,45,2.963,0.0,0.0,,,,0.0,0.022,0.0,,0.50549,-0.213,0.0,"{""1.0"": {""evoked_rate_hz"": 0.0, ""baseline_rate_hz"": 4.44, ""reliability"": 0.0, ""modulation_ratio"": 0.0, ""median_latency_ms"": null}, ""2.5"": {""evoked_rate_hz"": 0.0, ""baseline_rate_hz"": 4.44, ""reliability"": 0.0, ""modulation_ratio"": 0.0, ""median_latency_ms"": null}, ""4.0"": {""evoked_rate_hz"": 0.0, ""baseline_rate_hz"": 0.0, ""reliability"": 0.0, ""modulation_ratio"": 0.0, ""median_latency_ms"": null}}",False,1.0,not light responsive,0.95,Not statistically significant (p=0.5055 >= 0.05); No positive modulation (mod_ratio=0.00 <= 1.0); Very low reliability (0.00 < 0.05)
760345702,739783171,810753203,951845439,VISal,45,5.926,5.556,0.802,1.544,0.585,0.414,0.044,0.044,0.977,0.379,0.83017,-0.011,-5.5556,"{""1.0"": {""evoked_rate_hz"": 16.67, ""baseline_rate_hz"": 4.44, ""reliability"": 0.133, ""modulation_ratio"": 3.06, ""median_latency_ms"": 1.54}, ""2.5"": {""evoked_rate_hz"": 0.0, ""baseline_rate_hz"": 4.44, ""reliability"": 0.0, ""modulation_ratio"": 0.0, ""median_latency_ms"": null}, ""4.0"": {""evoked_rate_hz"": 0.0, ""baseline_rate_hz"": 8.89, ""reliability"": 0.0, ""modulation_ratio"": 0.0, ""median_latency_ms"": null}}",False,0.334,not light responsive,0.95,Not statistically significant (p=0.8302 >= 0.05); No positive modulation (mod_ratio=0.80 <= 1.0); Very low reliability (0.04 < 0.05)
760345702,739783171,810753203,951845480,VISal,45,5.926,16.667,2.406,3.989,3.089,4.746,0.133,0.044,0.886,0.704,0.20879,0.21,2.7778,"{""1.0"": {""evoked_rate_hz"": 16.67, ""baseline_rate_hz"": 4.44, ""reliability"": 0.133, ""modulation_ratio"": 3.06, ""median_latency_ms"": 3.19}, ""2.5"": {""evoked_rate_hz"": 8.33, ""baseline_rate_hz"": 0.0, ""reliability"": 0.067, ""modulation_ratio"": 8.33, ""median_latency_ms"": 2.93}, ""4.0"": {""evoked_rate_hz"": 25.0, ""baseline_rate_hz"": 13.33, ""reliability"": 0.2, ""modulation_ratio"": 1.74, ""median_latency_ms"": 6.94}}",False,-0.991,not light responsive,0.867,Not statistically significant (p=0.2088 >= 0.05)
760345702,739783171,810753203,951845494,VISal,45,13.333,27.778,1.938,6.157,2.503,3.877,0.222,0.111,0.795,0.466,0.13187,0.245,-5.5556,"{""1.0"": {""evoked_rate_hz"": 33.33, ""baseline_rate_hz"": 8.89, ""reliability"": 0.267, ""modulation_ratio"": 3.37, ""median_latency_ms"": 6.93}, ""2.5"": {""evoked_rate_hz"": 33.33, ""baseline_rate_hz"": 17.78, ""reliability"": 0.267, ""modulation_ratio"": 1.78, ""median_latency_ms"": 3.75}, ""4.0"": {""evoked_rate_hz"": 16.67, ""baseline_rate_hz"": 13.33, ""reliability"": 0.133, ""modulation_ratio"": 1.16, ""median_latency_ms"": 4.37}}",False,0.201,not light responsive,0.778,Not statistically significant (p=0.1319 >= 0.05)
760345702,739783171,810753203,951845520,VISal,45,1.481,2.778,1.119,6.732,0.0,0.0,0.022,0.0,1.0,0.0,1.0,0.061,2.7778,"{""1.0"": {""evoked_rate_hz"": 0.0, ""baseline_rate_hz"": 4.44, ""reliability"": 0.0, ""modulation_ratio"": 0.0, ""median_latency_ms"": null}, ""2.5"": {""evoked_rate_hz"": 0.0, ""baseline_rate_hz"": 0.0, ""reliability"": 0.0, ""modulation_ratio"": 0.0, ""median_latency_ms"": null}, ""4.0"": {""evoked_rate_hz"": 8.33, ""baseline_rate_hz"": 0.0, ""reliability"": 0.067, ""modulation_ratio"": 8.33, ""median_latency_ms"": 6.73}}",False,1.0,not light responsive,0.95,Not statistically significant (p=1.0000 >= 0.05); Very low reliability (0.02 < 0.05)
760345702,739783171,810753203,951845507,VISal,45,0.0,0.0,0.0,,,,0.0,0.0,0.0,,1.0,0.0,0.0,"{""1.0"": {""evoked_rate_hz"": 0.0, ""baseline_rate_hz"": 0.0, ""reliability"": 0.0, ""modulation_ratio"": 0.0, ""median_latency_ms"": null}, ""2.5"": {""evoked_rate_hz"": 0.0, ""baseline_rate_hz"": 0.0, ""reliability"": 0.0, ""modulation_ratio"": 0.0, ""median_latency_ms"": null}, ""4.0"": {""evoked_rate_hz"": 0.0, ""baseline_rate_hz"": 0.0, ""reliability"": 0.0, ""modulation_ratio"": 0.0, ""median_latency_ms"": null}}",False,1.0,insufficient evidence,0.0,Insufficient trial count (<10) or zero spikes recorded
760345702,739783171,810753203,951845571,VISal,45,0.0,0.0,0.0,,,,0.0,0.0,0.0,,1.0,0.0,0.0,"{""1.0"": {""evoked_rate_hz"": 0.0, ""baseline_rate_hz"": 0.0, ""reliability"": 0.0, ""modulation_ratio"": 0.0, ""median_latency_ms"": null}, ""2.5"": {""evoked_rate_hz"": 0.0, ""baseline_rate_hz"": 0.0, ""reliability"": 0.0, ""modulation_ratio"": 0.0, ""median_latency_ms"": null}, ""4.0"": {""evoked_rate_hz"": 0.0, ""baseline_rate_hz"": 0.0, ""reliability"": 0.0, ""modulation_ratio"": 0.0, ""median_latency_ms"": null}}",False,1.0,insufficient evidence,0.0,Insufficient trial count (<10) or zero spikes recorded
760345702,739783171,810753203,951845563,VISal,45,19.259,16.667,0.823,4.083,3.168,5.143,0.133,0.133,0.886,0.697,0.72328,-0.047,-8.3333,"{""1.0"": {""evoked_rate_hz"": 25.0, ""baseline_rate_hz"": 26.67, ""reliability"": 0.2, ""modulation_ratio"": 0.9, ""median_latency_ms"": 7.62}, ""2.5"": {""evoked_rate_hz"": 25.0, ""baseline_rate_hz"": 8.89, ""reliability"": 0.2, ""modulation_ratio"": 2.53, ""median_latency_ms"": 1.49}, ""4.0"": {""evoked_rate_hz"": 0.0, ""baseline_rate_hz"": 22.22, ""reliability"": 0.0, ""modulation_ratio"": 0.0, ""median_latency_ms"": null}}",False,-0.399,not light responsive,0.867,Not statistically significant (p=0.7233 >= 0.05); No positive modulation (mod_ratio=0.82 <= 1.0)
760345702,739783171,810753203,951845604,VISal,45,16.296,13.889,0.803,2.799,2.028,2.676,0.111,0.111,0.909,0.578,0.73327,-0.045,-5.5556,"{""1.0"": {""evoked_rate_hz"": 25.0, ""baseline_rate_hz"": 22.22, ""reliability"": 0.2, ""modulation_ratio"": 1.08, ""median_latency_ms"": 2.45}, ""2.5"": {""evoked_rate_hz"": 8.33, ""baseline_rate_hz"": 13.33, ""reliability"": 0.067, ""modulation_ratio"": 0.58, ""median_latency_ms"": 5.12}, ""4.0"": {""evoked_rate_hz"": 8.33, ""baseline_rate_hz"": 13.33, ""reliability"": 0.067, ""modulation_ratio"": 0.58, ""median_latency_ms"": 2.8}}",False,-0.798,not light responsive,0.889,Not statistically significant (p=0.7333 >= 0.05); No positive modulation (mod_ratio=0.80 <= 1.0)
760345702,739783171,810753203,951845740,VISal,45,2.963,8.333,2.103,4.074,1.356,1.356,0.067,0.022,0.955,0.335,0.42258,0.153,5.5556,"{""1.0"": {""evoked_rate_hz"": 0.0, ""baseline_rate_hz"": 0.0, ""reliability"": 0.0, ""modulation_ratio"": 0.0, ""median_latency_ms"": null}, ""2.5"": {""evoked_rate_hz"": 8.33, ""baseline_rate_hz"": 8.89, ""reliability"": 0.067, ""modulation_ratio"": 0.84, ""median_latency_ms"": 5.39}, ""4.0"": {""evoked_rate_hz"": 16.67, ""baseline_rate_hz"": 0.0, ""reliability"": 0.133, ""modulation_ratio"": 16.67, ""median_latency_ms"": 3.38}}",False,0.001,not light responsive,0.933,Not statistically significant (p=0.4226 >= 0.05)
760345702,739783171,810753203,951845668,VISal,45,1.481,5.556,2.239,4.739,4.432,3.134,0.044,0.0,0.977,0.935,0.50549,0.145,5.5556,"{""1.0"": {""evoked_rate_hz"": 0.0, ""baseline_rate_hz"": 0.0, ""reliability"": 0.0, ""modulation_ratio"": 0.0, ""median_latency_ms"": null}, ""2.5"": {""evoked_rate_hz"": 0.0, ""baseline_rate_hz"": 0.0, ""reliability"": 0.0, ""modulation_ratio"": 0.0, ""median_latency_ms"": null}, ""4.0"": {""evoked_rate_hz"": 16.67, ""baseline_rate_hz"": 4.44, ""reliability"": 0.133, ""modulation_ratio"": 3.06, ""median_latency_ms"": 4.74}}",False,0.004,not light responsive,0.95,Not statistically significant (p=0.5055 >= 0.05); Very low reliability (0.04 < 0.05)
760345702,739783171,810753203,951845662,VISal,45,0.0,2.778,2.778,4.711,0.0,0.0,0.022,0.0,1.0,0.0,1.0,0.149,0.0,"{""1.0"": {""evoked_rate_hz"": 0.0, ""baseline_rate_hz"": 0.0, ""reliability"": 0.0, ""modulation_ratio"": 0.0, ""median_latency_ms"": null}, ""2.5"": {""evoked_rate_hz"": 8.33, ""baseline_rate_hz"": 0.0, ""reliability"": 0.067, ""modulation_ratio"": 8.33, ""median_latency_ms"": 4.71}, ""4.0"": {""evoked_rate_hz"": 0.0, ""baseline_rate_hz"": 0.0, ""reliability"": 0.0, ""modulation_ratio"": 0.0, ""median_latency_ms"": null}}",False,0.004,not light responsive,0.95,Not statistically significant (p=1.0000 >= 0.05); Very low reliability (0.02 < 0.05)
760345702,739783171,810753203,951845706,VISal,45,17.778,30.556,1.627,4.061,2.377,3.622,0.244,0.156,0.773,0.512,0.18981,0.197,0.0,"{""1.0"": {""evoked_rate_hz"": 33.33, ""baseline_rate_hz"": 26.67, ""reliability"": 0.267, ""modulation_ratio"": 1.2, ""median_latency_ms"": 5.29}, ""2.5"": {""evoked_rate_hz"": 25.0, ""baseline_rate_hz"": 13.33, ""reliability"": 0.2, ""modulation_ratio"": 1.74, ""median_latency_ms"": 2.92}, ""4.0"": {""evoked_rate_hz"": 33.33, ""baseline_rate_hz"": 13.33, ""reliability"": 0.267, ""modulation_ratio"": 2.33, ""median_latency_ms"": 4.06}}",False,-1.996,not light responsive,0.756,Not statistically significant (p=0.1898 >= 0.05)
760345702,739783171,810753203,951845680,VISal,45,2.963,0.0,0.0,,,,0.0,0.044,0.0,,0.50849,-0.213,0.0,"{""1.0"": {""evoked_rate_hz"": 0.0, ""baseline_rate_hz"": 0.0, ""reliability"": 0.0, ""modulation_ratio"": 0.0, ""median_latency_ms"": null}, ""2.5"": {""evoked_rate_hz"": 0.0, ""baseline_rate_hz"": 4.44, ""reliability"": 0.0, ""modulation_ratio"": 0.0, ""median_latency_ms"": null}, ""4.0"": {""evoked_rate_hz"": 0.0, ""baseline_rate_hz"": 4.44, ""reliability"": 0.0, ""modulation_ratio"": 0.0, ""median_latency_ms"": null}}",False,0.251,not light responsive,0.95,Not statistically significant (p=0.5085 >= 0.05); No positive modulation (mod_ratio=0.00 <= 1.0); Very low reliability (0.00 < 0.05)
760345702,739783171,810753203,951845675,VISal,45,13.333,19.444,1.357,6.638,2.703,2.511,0.156,0.156,0.864,0.469,0.49351,0.112,-5.5556,"{""1.0"": {""evoked_rate_hz"": 33.33, ""baseline_rate_hz"": 13.33, ""reliability"": 0.267, ""modulation_ratio"": 2.33, ""median_latency_ms"": 4.8}, ""2.5"": {""evoked_rate_hz"": 8.33, ""baseline_rate_hz"": 22.22, ""reliability"": 0.067, ""modulation_ratio"": 0.36, ""median_latency_ms"": 6.61}, ""4.0"": {""evoked_rate_hz"": 16.67, ""baseline_rate_hz"": 4.44, ""reliability"": 0.133, ""modulation_ratio"": 3.06, ""median_latency_ms"": 6.99}}",False,-0.332,not light responsive,0.844,Not statistically significant (p=0.4935 >= 0.05)
760345702,739783171,810753203,951845750,VISal,45,4.444,0.0,0.0,,,,0.0,0.022,0.0,,0.26873,-0.264,0.0,"{""1.0"": {""evoked_rate_hz"": 0.0, ""baseline_rate_hz"": 0.0, ""reliability"": 0.0, ""modulation_ratio"": 0.0, ""median_latency_ms"": null}, ""2.5"": {""evoked_rate_hz"": 0.0, ""baseline_rate_hz"": 4.44, ""reliability"": 0.0, ""modulation_ratio"": 0.0, ""median_latency_ms"": null}, ""4.0"": {""evoked_rate_hz"": 0.0, ""baseline_rate_hz"": 8.89, ""reliability"": 0.0, ""modulation_ratio"": 0.0, ""median_latency_ms"": null}}",False,0.004,not light responsive,0.95,Not statistically significant (p=0.2687 >= 0.05); No positive modulation (mod_ratio=0.00 <= 1.0); Very low reliability (0.00 < 0.05)
760345702,739783171,810753203,951845712,VISal,45,8.889,13.889,1.404,1.886,2.571,2.647,0.111,0.044,0.909,0.81,0.54446,0.112,-2.7778,"{""1.0"": {""evoked_rate_hz"": 16.67, ""baseline_rate_hz"": 13.33, ""reliability"": 0.133, ""modulation_ratio"": 1.16, ""median_latency_ms"": 5.71}, ""2.5"": {""evoked_rate_hz"": 16.67, ""baseline_rate_hz"": 8.89, ""reliability"": 0.133, ""modulation_ratio"": 1.69, ""median_latency_ms"": 1.71}, ""4.0"": {""evoked_rate_hz"": 8.33, ""baseline_rate_hz"": 4.44, ""reliability"": 0.067, ""modulation_ratio"": 1.53, ""median_latency_ms"": 1.02}}",False,0.401,not light responsive,0.889,Not statistically significant (p=0.5445 >= 0.05)
760345702,739783171,810753203,951845813,VISal,45,11.852,5.556,0.432,4.738,0.077,0.055,0.044,0.111,0.977,0.016,0.25674,-0.164,0.0,"{""1.0"": {""evoked_rate_hz"": 8.33, ""baseline_rate_hz"": 8.89, ""reliability"": 0.067, ""modulation_ratio"": 0.84, ""median_latency_ms"": 4.79}, ""2.5"": {""evoked_rate_hz"": 0.0, ""baseline_rate_hz"": 4.44, ""reliability"": 0.0, ""modulation_ratio"": 0.0, ""median_latency_ms"": null}, ""4.0"": {""evoked_rate_hz"": 8.33, ""baseline_rate_hz"": 22.22, ""reliability"": 0.067, ""modulation_ratio"": 0.36, ""median_latency_ms"": 4.68}}",False,-1.33,not light responsive,0.95,Not statistically significant (p=0.2567 >= 0.05); No positive modulation (mod_ratio=0.43 <= 1.0); Very low reliability (0.04 < 0.05)
760345702,739783171,810753203,951845807,VISal,45,1.481,5.556,2.239,3.184,0.463,0.327,0.044,0.022,0.977,0.145,0.4985,0.145,-2.7778,"{""1.0"": {""evoked_rate_hz"": 8.33, ""baseline_rate_hz"": 0.0, ""reliability"": 0.067, ""modulation_ratio"": 8.33, ""median_latency_ms"": 2.86}, ""2.5"": {""evoked_rate_hz"": 8.33, ""baseline_rate_hz"": 4.44, ""reliability"": 0.067, ""modulation_ratio"": 1.53, ""median_latency_ms"": 3.51}, ""4.0"": {""evoked_rate_hz"": 0.0, ""baseline_rate_hz"": 0.0, ""reliability"": 0.0, ""modulation_ratio"": 0.0, ""median_latency_ms"": null}}",False,0.667,not light responsive,0.95,Not statistically significant (p=0.4985 >= 0.05); Very low reliability (0.04 < 0.05)
760345702,739783171,810753203,951845726,VISal,45,2.963,2.778,0.701,2.327,0.0,0.0,0.022,0.0,1.0,0.0,1.0,-0.014,0.0,"{""1.0"": {""evoked_rate_hz"": 0.0, ""baseline_rate_hz"": 4.44, ""reliability"": 0.0, ""modulation_ratio"": 0.0, ""median_latency_ms"": null}, ""2.5"": {""evoked_rate_hz"": 8.33, ""baseline_rate_hz"": 4.44, ""reliability"": 0.067, ""modulation_ratio"": 1.53, ""median_latency_ms"": 2.33}, ""4.0"": {""evoked_rate_hz"": 0.0, ""baseline_rate_hz"": 0.0, ""reliability"": 0.0, ""modulation_ratio"": 0.0, ""median_latency_ms"": null}}",False,1.0,not light responsive,0.95,Not statistically significant (p=1.0000 >= 0.05); No positive modulation (mod_ratio=0.70 <= 1.0); Very low reliability (0.02 < 0.05)
760345702,739783171,810753203,951845800,VISal,45,8.889,16.667,1.685,4.511,2.404,2.643,0.133,0.044,0.886,0.583,0.37562,0.15,-5.5556,"{""1.0"": {""evoked_rate_hz"": 25.0, ""baseline_rate_hz"": 8.89, ""reliability"": 0.2, ""modulation_ratio"": 2.53, ""median_latency_ms"": 4.92}, ""2.5"": {""evoked_rate_hz"": 16.67, ""baseline_rate_hz"": 0.0, ""reliability"": 0.133, ""modulation_ratio"": 16.67, ""median_latency_ms"": 3.08}, ""4.0"": {""evoked_rate_hz"": 8.33, ""baseline_rate_hz"": 17.78, ""reliability"": 0.067, ""modulation_ratio"": 0.44, ""median_latency_ms"": 1.46}}",False,0.875,not light responsive,0.867,Not statistically significant (p=0.3756 >= 0.05)
760345702,739783171,810753203,951845777,VISal,45,14.815,2.778,0.176,3.185,0.0,0.0,0.022,0.133,1.0,0.0,0.01299,-0.345,2.7778,"{""1.0"": {""evoked_rate_hz"": 0.0, ""baseline_rate_hz"": 13.33, ""reliability"": 0.0, ""modulation_ratio"": 0.0, ""median_latency_ms"": null}, ""2.5"": {""evoked_rate_hz"": 0.0, ""baseline_rate_hz"": 8.89, ""reliability"": 0.0, ""modulation_ratio"": 0.0, ""median_latency_ms"": null}, ""4.0"": {""evoked_rate_hz"": 8.33, ""baseline_rate_hz"": 22.22, ""reliability"": 0.067, ""modulation_ratio"": 0.36, ""median_latency_ms"": 3.19}}",False,0.201,not light responsive,0.95,Not statistically significant (p=0.0130 >= 0.05); No positive modulation (mod_ratio=0.18 <= 1.0); Very low reliability (0.02 < 0.05)
760345702,739783171,810753203,951845769,VISal,45,11.852,11.111,0.865,3.073,1.862,2.153,0.089,0.089,0.932,0.565,0.84016,-0.016,-11.1111,"{""1.0"": {""evoked_rate_hz"": 33.33, ""baseline_rate_hz"": 8.89, ""reliability"": 0.267, ""modulation_ratio"": 3.37, ""median_latency_ms"": 3.07}, ""2.5"": {""evoked_rate_hz"": 0.0, ""baseline_rate_hz"": 17.78, ""reliability"": 0.0, ""modulation_ratio"": 0.0, ""median_latency_ms"": null}, ""4.0"": {""evoked_rate_hz"": 0.0, ""baseline_rate_hz"": 8.89, ""reliability"": 0.0, ""modulation_ratio"": 0.0, ""median_latency_ms"": null}}",False,0.501,not light responsive,0.911,Not statistically significant (p=0.8402 >= 0.05); No positive modulation (mod_ratio=0.86 <= 1.0)
760345702,739783171,810753203,951845853,VISal,45,17.778,22.222,1.183,3.311,2.599,4.45,0.178,0.156,0.841,0.54,0.66134,0.07,0.0,"{""1.0"": {""evoked_rate_hz"": 16.67, ""baseline_rate_hz"": 26.67, ""reliability"": 0.133, ""modulation_ratio"": 0.6, ""median_latency_ms"": 5.75}, ""2.5"": {""evoked_rate_hz"": 33.33, ""baseline_rate_hz"": 13.33, ""reliability"": 0.267, ""modulation_ratio"": 2.33, ""median_latency_ms"": 3.3}, ""4.0"": {""evoked_rate_hz"": 16.67, ""baseline_rate_hz"": 13.33, ""reliability"": 0.133, ""modulation_ratio"": 1.16, ""median_latency_ms"": 5.3}}",False,-2.492,not light responsive,0.822,Not statistically significant (p=0.6613 >= 0.05)
760345702,739783171,810753203,951845847,VISal,45,7.407,11.111,1.322,2.294,2.816,2.019,0.089,0.067,0.932,0.856,0.68132,0.085,-5.5556,"{""1.0"": {""evoked_rate_hz"": 25.0, ""baseline_rate_hz"": 8.89, ""reliability"": 0.2, ""modulation_ratio"": 2.53, ""median_latency_ms"": 2.6}, ""2.5"": {""evoked_rate_hz"": 0.0, ""baseline_rate_hz"": 8.89, ""reliability"": 0.0, ""modulation_ratio"": 0.0, ""median_latency_ms"": null}, ""4.0"": {""evoked_rate_hz"": 8.33, ""baseline_rate_hz"": 4.44, ""reliability"": 0.067, ""modulation_ratio"": 1.53, ""median_latency_ms"": 1.15}}",False,0.002,not light responsive,0.911,Not statistically significant (p=0.6813 >= 0.05)
760345702,739783171,810753203,951845838,VISal,45,11.852,5.556,0.432,3.796,0.802,0.567,0.044,0.133,0.977,0.211,0.22577,-0.164,-2.7778,"{""1.0"": {""evoked_rate_hz"": 8.33, ""baseline_rate_hz"": 8.89, ""reliability"": 0.067, ""modulation_ratio"": 0.84, ""median_latency_ms"": 4.36}, ""2.5"": {""evoked_rate_hz"": 8.33, ""baseline_rate_hz"": 17.78, ""reliability"": 0.067, ""modulation_ratio"": 0.44, ""median_latency_ms"": 3.23}, ""4.0"": {""evoked_rate_hz"": 0.0, ""baseline_rate_hz"": 8.89, ""reliability"": 0.0, ""modulation_ratio"": 0.0, ""median_latency_ms"": null}}",False,0.251,not light responsive,0.95,Not statistically significant (p=0.2258 >= 0.05); No positive modulation (mod_ratio=0.43 <= 1.0); Very low reliability (0.04 < 0.05)
760345702,739783171,810753203,951845829,VISal,45,1.481,11.111,4.478,5.82,3.181,2.47,0.089,0.022,0.932,0.596,0.13686,0.255,5.5556,"{""1.0"": {""evoked_rate_hz"": 8.33, ""baseline_rate_hz"": 0.0, ""reliability"": 0.067, ""modulation_ratio"": 8.33, ""median_latency_ms"": 6.19}, ""2.5"": {""evoked_rate_hz"": 0.0, ""baseline_rate_hz"": 4.44, ""reliability"": 0.0, ""modulation_ratio"": 0.0, ""median_latency_ms"": null}, ""4.0"": {""evoked_rate_hz"": 25.0, ""baseline_rate_hz"": 0.0, ""reliability"": 0.2, ""modulation_ratio"": 25.0, ""median_latency_ms"": 5.45}}",False,0.833,not light responsive,0.911,Not statistically significant (p=0.1369 >= 0.05)
760345702,739783171,810753203,951845898,VISal,45,26.667,13.889,0.502,2.763,2.229,2.983,0.111,0.156,0.909,0.606,0.10589,-0.247,0.0,"{""1.0"": {""evoked_rate_hz"": 8.33, ""baseline_rate_hz"": 35.56, ""reliability"": 0.067, ""modulation_ratio"": 0.23, ""median_latency_ms"": 5.23}, ""2.5"": {""evoked_rate_hz"": 25.0, ""baseline_rate_hz"": 31.11, ""reliability"": 0.2, ""modulation_ratio"": 0.78, ""median_latency_ms"": 2.24}, ""4.0"": {""evoked_rate_hz"": 8.33, ""baseline_rate_hz"": 13.33, ""reliability"": 0.067, ""modulation_ratio"": 0.58, ""median_latency_ms"": 2.76}}",False,0.1,not light responsive,0.889,Not statistically significant (p=0.1059 >= 0.05); No positive modulation (mod_ratio=0.50 <= 1.0)
760345702,739783171,810753203,951845905,VISal,45,11.852,27.778,2.161,6.414,2.328,3.336,0.222,0.089,0.795,0.379,0.05994,0.293,11.1111,"{""1.0"": {""evoked_rate_hz"": 8.33, ""baseline_rate_hz"": 8.89, ""reliability"": 0.067, ""modulation_ratio"": 0.84, ""median_latency_ms"": 7.79}, ""2.5"": {""evoked_rate_hz"": 33.33, ""baseline_rate_hz"": 13.33, ""reliability"": 0.267, ""modulation_ratio"": 2.33, ""median_latency_ms"": 7.39}, ""4.0"": {""evoked_rate_hz"": 41.67, ""baseline_rate_hz"": 13.33, ""reliability"": 0.333, ""modulation_ratio"": 2.91, ""median_latency_ms"": 5.87}}",False,-1.33,not light responsive,0.778,Not statistically significant (p=0.0599 >= 0.05)
760345702,739783171,810753203,951845891,VISal,45,8.889,8.333,0.843,5.874,2.286,2.276,0.067,0.022,0.955,0.407,0.82018,-0.014,5.5556,"{""1.0"": {""evoked_rate_hz"": 0.0, ""baseline_rate_hz"": 4.44, ""reliability"": 0.0, ""modulation_ratio"": 0.0, ""median_latency_ms"": null}, ""2.5"": {""evoked_rate_hz"": 8.33, ""baseline_rate_hz"": 17.78, ""reliability"": 0.067, ""modulation_ratio"": 0.44, ""median_latency_ms"": 7.76}, ""4.0"": {""evoked_rate_hz"": 16.67, ""baseline_rate_hz"": 4.44, ""reliability"": 0.133, ""modulation_ratio"": 3.06, ""median_latency_ms"": 4.54}}",False,0.5,not light responsive,0.933,Not statistically significant (p=0.8202 >= 0.05); No positive modulation (mod_ratio=0.84 <= 1.0)
760345702,739783171,810753203,951845867,VISal,45,14.815,5.556,0.351,4.645,1.778,1.257,0.044,0.089,0.977,0.383,0.1009,-0.229,2.7778,"{""1.0"": {""evoked_rate_hz"": 0.0, ""baseline_rate_hz"": 17.78, ""reliability"": 0.0, ""modulation_ratio"": 0.0, ""median_latency_ms"": null}, ""2.5"": {""evoked_rate_hz"": 8.33, ""baseline_rate_hz"": 13.33, ""reliability"": 0.067, ""modulation_ratio"": 0.58, ""median_latency_ms"": 3.39}, ""4.0"": {""evoked_rate_hz"": 8.33, ""baseline_rate_hz"": 13.33, ""reliability"": 0.067, ""modulation_ratio"": 0.58, ""median_latency_ms"": 5.9}}",False,0.401,not light responsive,0.95,Not statistically significant (p=0.1009 >= 0.05); No positive modulation (mod_ratio=0.35 <= 1.0); Very low reliability (0.04 < 0.05)
760345702,739783171,810753203,951845859,VISal,45,5.926,5.556,0.802,6.348,0.326,0.23,0.044,0.022,0.977,0.051,0.82517,-0.011,-2.7778,"{""1.0"": {""evoked_rate_hz"": 8.33, ""baseline_rate_hz"": 8.89, ""reliability"": 0.067, ""modulation_ratio"": 0.84, ""median_latency_ms"": 6.12}, ""2.5"": {""evoked_rate_hz"": 8.33, ""baseline_rate_hz"": 4.44, ""reliability"": 0.067, ""modulation_ratio"": 1.53, ""median_latency_ms"": 6.58}, ""4.0"": {""evoked_rate_hz"": 0.0, ""baseline_rate_hz"": 4.44, ""reliability"": 0.0, ""modulation_ratio"": 0.0, ""median_latency_ms"": null}}",False,-0.331,not light responsive,0.95,Not statistically significant (p=0.8252 >= 0.05); No positive modulation (mod_ratio=0.80 <= 1.0); Very low reliability (0.04 < 0.05)
760345702,739783171,810753203,951845966,VISal,45,13.333,8.333,0.581,4.978,2.372,2.217,0.067,0.111,0.955,0.399,0.40759,-0.113,2.7778,"{""1.0"": {""evoked_rate_hz"": 0.0, ""baseline_rate_hz"": 17.78, ""reliability"": 0.0, ""modulation_ratio"": 0.0, ""median_latency_ms"": null}, ""2.5"": {""evoked_rate_hz"": 16.67, ""baseline_rate_hz"": 17.78, ""reliability"": 0.133, ""modulation_ratio"": 0.89, ""median_latency_ms"": 6.82}, ""4.0"": {""evoked_rate_hz"": 8.33, ""baseline_rate_hz"": 4.44, ""reliability"": 0.067, ""modulation_ratio"": 1.53, ""median_latency_ms"": 4.22}}",False,-0.996,not light responsive,0.933,Not statistically significant (p=0.4076 >= 0.05); No positive modulation (mod_ratio=0.58 <= 1.0)
760345702,739783171,810753203,951845911,VISal,45,0.0,0.0,0.0,,,,0.0,0.0,0.0,,1.0,0.0,0.0,"{""1.0"": {""evoked_rate_hz"": 0.0, ""baseline_rate_hz"": 0.0, ""reliability"": 0.0, ""modulation_ratio"": 0.0, ""median_latency_ms"": null}, ""2.5"": {""evoked_rate_hz"": 0.0, ""baseline_rate_hz"": 0.0, ""reliability"": 0.0, ""modulation_ratio"": 0.0, ""median_latency_ms"": null}, ""4.0"": {""evoked_rate_hz"": 0.0, ""baseline_rate_hz"": 0.0, ""reliability"": 0.0, ""modulation_ratio"": 0.0, ""median_latency_ms"": null}}",False,1.0,insufficient evidence,0.0,Insufficient trial count (<10) or zero spikes recorded
760345702,739783171,810753203,951846044,VISal,45,8.889,2.778,0.281,5.418,0.0,0.0,0.022,0.044,1.0,0.0,0.12787,-0.201,2.7778,"{""1.0"": {""evoked_rate_hz"": 0.0, ""baseline_rate_hz"": 17.78, ""reliability"": 0.0, ""modulation_ratio"": 0.0, ""median_latency_ms"": null}, ""2.5"": {""evoked_rate_hz"": 0.0, ""baseline_rate_hz"": 4.44, ""reliability"": 0.0, ""modulation_ratio"": 0.0, ""median_latency_ms"": null}, ""4.0"": {""evoked_rate_hz"": 8.33, ""baseline_rate_hz"": 4.44, ""reliability"": 0.067, ""modulation_ratio"": 1.53, ""median_latency_ms"": 5.42}}",False,-0.991,not light responsive,0.95,Not statistically significant (p=0.1279 >= 0.05); No positive modulation (mod_ratio=0.28 <= 1.0); Very low reliability (0.02 < 0.05)
760345702,739783171,810753203,951846030,VISal,45,1.481,2.778,1.119,8.082,0.0,0.0,0.022,0.022,1.0,0.0,1.0,0.061,-2.7778,"{""1.0"": {""evoked_rate_hz"": 8.33, ""baseline_rate_hz"": 0.0, ""reliability"": 0.067, ""modulation_ratio"": 8.33, ""median_latency_ms"": 8.08}, ""2.5"": {""evoked_rate_hz"": 0.0, ""baseline_rate_hz"": 0.0, ""reliability"": 0.0, ""modulation_ratio"": 0.0, ""median_latency_ms"": null}, ""4.0"": {""evoked_rate_hz"": 0.0, ""baseline_rate_hz"": 4.44, ""reliability"": 0.0, ""modulation_ratio"": 0.0, ""median_latency_ms"": null}}",False,1.0,not light responsive,0.95,Not statistically significant (p=1.0000 >= 0.05); Very low reliability (0.02 < 0.05)
760345702,739783171,810753203,951846025,VISal,45,2.963,2.778,0.701,1.663,0.0,0.0,0.022,0.044,1.0,0.0,1.0,-0.008,2.7778,"{""1.0"": {""evoked_rate_hz"": 0.0, ""baseline_rate_hz"": 4.44, ""reliability"": 0.0, ""modulation_ratio"": 0.0, ""median_latency_ms"": null}, ""2.5"": {""evoked_rate_hz"": 0.0, ""baseline_rate_hz"": 4.44, ""reliability"": 0.0, ""modulation_ratio"": 0.0, ""median_latency_ms"": null}, ""4.0"": {""evoked_rate_hz"": 8.33, ""baseline_rate_hz"": 0.0, ""reliability"": 0.067, ""modulation_ratio"": 8.33, ""median_latency_ms"": 1.66}}",False,0.004,not light responsive,0.95,Not statistically significant (p=1.0000 >= 0.05); No positive modulation (mod_ratio=0.70 <= 1.0); Very low reliability (0.02 < 0.05)
760345702,739783171,810753203,951846018,VISal,45,10.37,5.556,0.489,2.409,0.634,0.448,0.044,0.111,0.977,0.263,0.30969,-0.129,-2.7778,"{""1.0"": {""evoked_rate_hz"": 8.33, ""baseline_rate_hz"": 4.44, ""reliability"": 0.067, ""modulation_ratio"": 1.53, ""median_latency_ms"": 2.86}, ""2.5"": {""evoked_rate_hz"": 8.33, ""baseline_rate_hz"": 17.78, ""reliability"": 0.067, ""modulation_ratio"": 0.44, ""median_latency_ms"": 1.96}, ""4.0"": {""evoked_rate_hz"": 0.0, ""baseline_rate_hz"": 8.89, ""reliability"": 0.0, ""modulation_ratio"": 0.0, ""median_latency_ms"": null}}",False,0.002,not light responsive,0.95,Not statistically significant (p=0.3097 >= 0.05); No positive modulation (mod_ratio=0.49 <= 1.0); Very low reliability (0.04 < 0.05)
760345702,739783171,810753203,951846012,VISal,45,1.481,2.778,1.119,2.446,0.0,0.0,0.022,0.022,1.0,0.0,1.0,0.061,2.7778,"{""1.0"": {""evoked_rate_hz"": 0.0, ""baseline_rate_hz"": 0.0, ""reliability"": 0.0, ""modulation_ratio"": 0.0, ""median_latency_ms"": null}, ""2.5"": {""evoked_rate_hz"": 0.0, ""baseline_rate_hz"": 4.44, ""reliability"": 0.0, ""modulation_ratio"": 0.0, ""median_latency_ms"": null}, ""4.0"": {""evoked_rate_hz"": 8.33, ""baseline_rate_hz"": 0.0, ""reliability"": 0.067, ""modulation_ratio"": 8.33, ""median_latency_ms"": 2.45}}",False,0.004,not light responsive,0.95,Not statistically significant (p=1.0000 >= 0.05); Very low reliability (0.02 < 0.05)
760345702,739783171,810753203,951846105,VISal,45,0.0,8.333,8.333,6.172,1.76,1.753,0.067,0.0,0.955,0.293,0.24575,0.264,5.5556,"{""1.0"": {""evoked_rate_hz"": 0.0, ""baseline_rate_hz"": 0.0, ""reliability"": 0.0, ""modulation_ratio"": 0.0, ""median_latency_ms"": null}, ""2.5"": {""evoked_rate_hz"": 8.33, ""baseline_rate_hz"": 0.0, ""reliability"": 0.067, ""modulation_ratio"": 8.33, ""median_latency_ms"": 4.16}, ""4.0"": {""evoked_rate_hz"": 16.67, ""baseline_rate_hz"": 0.0, ""reliability"": 0.133, ""modulation_ratio"": 16.67, ""median_latency_ms"": 6.92}}",False,0.667,not light responsive,0.933,Not statistically significant (p=0.2457 >= 0.05)
760345702,739783171,810753203,951846098,VISal,45,11.852,19.444,1.513,4.91,1.411,1.39,0.156,0.067,0.864,0.314,0.36763,0.137,5.5556,"{""1.0"": {""evoked_rate_hz"": 8.33, ""baseline_rate_hz"": 17.78, ""reliability"": 0.067, ""modulation_ratio"": 0.44, ""median_latency_ms"": 2.18}, ""2.5"": {""evoked_rate_hz"": 25.0, ""baseline_rate_hz"": 0.0, ""reliability"": 0.2, ""modulation_ratio"": 25.0, ""median_latency_ms"": 5.13}, ""4.0"": {""evoked_rate_hz"": 25.0, ""baseline_rate_hz"": 17.78, ""reliability"": 0.2, ""modulation_ratio"": 1.33, ""median_latency_ms"": 4.89}}",False,0.6,not light responsive,0.844,Not statistically significant (p=0.3676 >= 0.05)
760345702,739783171,810753203,951846150,VISal,45,7.407,11.111,1.322,5.956,1.889,1.267,0.089,0.067,0.932,0.356,0.67832,0.085,5.5556,"{""1.0"": {""evoked_rate_hz"": 8.33, ""baseline_rate_hz"": 0.0, ""reliability"": 0.067, ""modulation_ratio"": 8.33, ""median_latency_ms"": 5.82}, ""2.5"": {""evoked_rate_hz"": 0.0, ""baseline_rate_hz"": 13.33, ""reliability"": 0.0, ""modulation_ratio"": 0.0, ""median_latency_ms"": null}, ""4.0"": {""evoked_rate_hz"": 25.0, ""baseline_rate_hz"": 8.89, ""reliability"": 0.2, ""modulation_ratio"": 2.53, ""median_latency_ms"": 6.09}}",False,-0.497,not light responsive,0.911,Not statistically significant (p=0.6783 >= 0.05)
760345702,739783171,810753203,951846136,VISal,45,0.0,5.556,5.556,5.592,2.944,2.082,0.044,0.0,0.977,0.526,0.51449,0.213,5.5556,"{""1.0"": {""evoked_rate_hz"": 0.0, ""baseline_rate_hz"": 0.0, ""reliability"": 0.0, ""modulation_ratio"": 0.0, ""median_latency_ms"": null}, ""2.5"": {""evoked_rate_hz"": 0.0, ""baseline_rate_hz"": 0.0, ""reliability"": 0.0, ""modulation_ratio"": 0.0, ""median_latency_ms"": null}, ""4.0"": {""evoked_rate_hz"": 16.67, ""baseline_rate_hz"": 0.0, ""reliability"": 0.133, ""modulation_ratio"": 16.67, ""median_latency_ms"": 5.59}}",False,1.0,not light responsive,0.95,Not statistically significant (p=0.5145 >= 0.05); Very low reliability (0.04 < 0.05)
760345702,739783171,810753203,951846209,VISal,45,2.963,2.778,0.701,6.304,0.0,0.0,0.022,0.022,1.0,0.0,1.0,-0.008,0.0,"{""1.0"": {""evoked_rate_hz"": 0.0, ""baseline_rate_hz"": 0.0, ""reliability"": 0.0, ""modulation_ratio"": 0.0, ""median_latency_ms"": null}, ""2.5"": {""evoked_rate_hz"": 8.33, ""baseline_rate_hz"": 4.44, ""reliability"": 0.067, ""modulation_ratio"": 1.53, ""median_latency_ms"": 6.3}, ""4.0"": {""evoked_rate_hz"": 0.0, ""baseline_rate_hz"": 4.44, ""reliability"": 0.0, ""modulation_ratio"": 0.0, ""median_latency_ms"": null}}",False,0.001,not light responsive,0.95,Not statistically significant (p=1.0000 >= 0.05); No positive modulation (mod_ratio=0.70 <= 1.0); Very low reliability (0.02 < 0.05)
