ref_unit,ref_type,session_id,specimen_id,cre,matched_to,n_partners,n_inh,n_inh_in,source_rate,target_rate,p10_fit_delta,p10_fit_sigma,p10_rho,p10_high_rho,p10_low_rho,waveform_duration,lam_spont_hz,train_n,train_lam0_hz,train_k1,train_k2,train_k3,train_k4,train_k5,train_k6,train_k7,train_k8,train_k9,train_k10,direct_like,dose_slope,train_following
950907362,driven,721123822,707296982,PV,,30,0,0,0.0,0.0,5.909570201041257,1.2353079743130564,0.2849241704292712,0.4438299103338776,-0.11234017933224485,0.233500837520938,18.194905215556698,45,25.797101449275363,12,19,12,7,15,15,14,16,20,8,False,0.5561700896661225,0.14774336554589124
950907386,control,721123822,707296982,PV,950907398.0,34,0,0,0.0,0.0,,,-0.019905672345873284,-0.019905672345873284,-0.019905672345873284,0.549413735343384,7.454834543178597,45,2.1256038647342996,0,2,1,0,2,0,1,0,1,1,False,0.0,0.0009324347810629983
950907394,driven,721123822,707296982,PV,,34,2,0,0.058823529411764705,0.0,2.0945922143959192,4.999999999999999,0.3431218704127364,0.5452382179780483,0.24206369663008043,0.206030150753769,5.385394461793084,45,19.32367149758454,7,11,7,10,7,14,10,7,11,15,False,0.30317452134796785,0.08960070256246692
950907396,control,721123822,707296982,PV,950907398.0,34,0,0,0.0,0.0,,,-0.037991215449468964,-0.11213344512443103,0.1102932439004552,0.576884422110553,7.369146789808728,45,14.106280193236715,0,4,6,6,4,2,3,1,2,2,False,-0.22242668902488621,-0.0448333197454492
950907398,driven,721123822,707296982,PV,,34,1,0,0.029411764705882353,0.0,5.7119520176754905,2.62677574293898,0.3710658349945423,0.39622320159476065,0.1698069021927959,0.274706867671692,9.56307662609009,45,16.135265700483092,14,7,8,10,6,11,8,4,9,15,False,0.22641629940196475,0.09482996663610024
950907402,control,721123822,707296982,PV,950907398.0,34,0,0,0.0,0.0,,,-0.029999022436924754,-0.10357038118241937,0.04357233630856987,0.549413735343384,8.651229590229597,45,11.932367149758454,3,3,1,3,2,0,2,3,1,1,False,-0.14714271749098923,-0.053712291391681447
950907406,control,721123822,707296982,PV,950907394.0,34,0,0,0.0,0.0,,,-0.08071597629903707,-0.03159252283089902,-0.1052777030331061,0.521943048576214,6.550262882604226,45,10.144927536231885,1,4,5,2,4,2,2,1,2,0,False,0.07368518020220707,-0.029111543370566893
950907432,control,721123822,707296982,PV,950907394.0,34,0,0,0.0,0.0,,,-0.06578404311812379,-0.0173393138854818,-0.0900064077344448,0.68676716917923,5.12348095149273,45,9.806763285024156,2,2,4,2,2,4,1,2,2,1,False,0.072667093848963,-0.028734822025493396
950907561,control_relaxed,721123822,707296982,PV,950907362.0,34,0,0,0.0,0.0,,,-0.10698766626303918,-0.10698766626303918,-0.10698766626303918,0.50820770519263,9.26478623935913,45,12.85024154589372,5,0,6,5,1,2,5,6,6,4,False,0.0,-0.009758819033202203
950907565,control,721123822,707296982,PV,950907394.0,34,0,1,0.0,0.029411764705882353,,,-0.02479164293776062,-0.07245637051626111,0.07053781221924037,0.563149078726968,4.321572919955843,45,9.082125603864734,2,2,3,2,5,4,0,2,0,4,False,-0.14299418273550146,-0.018009009551196616
950907832,control_relaxed,721123822,707296982,PV,950907889.0,16,0,0,0.0,0.0,,,-0.001547089229467491,-0.001547089229467491,-0.001547089229467491,0.549413735343384,2.947335365910775,45,0.48309178743961356,0,0,0,0,0,0,0,0,0,0,False,0.0,-0.003872212015144645
950907865,control_relaxed,721123822,707296982,PV,950907889.0,16,0,0,0.0,0.0,,,-0.008870604655594293,-0.03179948203413053,0.03698715010147817,0.700502512562814,3.944870155141136,45,4.63768115942029,1,0,0,0,0,1,2,0,0,1,False,-0.0687866321356087,-0.026267207167925483
950907889,driven,721123822,707296982,PV,,15,1,0,0.06666666666666667,0.0,5.663912102710341,0.10000000000000002,0.17771008739037275,0.15421608988724056,0.08373409737784393,0.233500837520938,2.8446717368732903,45,7.391304347826087,4,4,4,1,6,1,4,3,5,6,False,0.07048199250939663,0.028674648795871734
950907927,control,721123822,707296982,PV,950907949.0,15,3,1,0.2,0.06666666666666667,,,0.17044834940661877,0.09503456298903866,0.24586213582419886,0.260971524288107,14.709192078472974,45,13.768115942028986,9,9,7,8,8,4,8,3,4,9,False,-0.15082757283516018,0.05474758383425382
950907949,driven,721123822,707296982,PV,,13,0,1,0.0,0.07692307692307693,4.972610804229591,3.232943244882143,0.427694352209737,0.5912102515783836,0.34593640252541374,0.315912897822446,12.58720762002103,45,23.285024154589372,11,13,11,8,13,12,6,11,9,9,False,0.24527384905296984,0.07099634847702936
950907969,control_relaxed,721123822,707296982,PV,950907889.0,12,1,0,0.08333333333333333,0.0,,,-0.054313098059070176,-0.0782747593785945,-0.006389775420021539,0.384589614740368,3.6287955177107705,45,8.454106280193237,3,3,4,3,2,1,3,1,2,5,False,-0.07188498395857296,-0.005774052472685584
950908414,control,721123822,707296982,PV,950908424.0,34,0,1,0.0,0.029411764705882353,,,-0.046807813049146975,-0.09549654853980498,0.05056965793216902,0.618090452261307,2.7129066066913223,45,10.579710144927537,2,9,1,6,1,2,6,2,6,1,False,-0.146066206471974,-0.0012568614094721764
950908418,control,721123822,707296982,PV,950908424.0,34,1,0,0.029411764705882353,0.0,,,-0.011270771367234535,-0.011270771367234535,-0.011270771367234535,0.343383584589615,2.962694491514808,45,1.3526570048309179,0,3,0,2,1,0,2,1,3,2,False,0.0,0.020569582950992222
950908424,driven,721123822,707296982,PV,,35,2,0,0.05714285714285714,0.0,5.54446441827407,2.182120423270348,0.2736537324986267,0.5079589800797149,0.08620953443375617,0.206030150753769,2.480094597535452,45,7.246376811594203,4,3,4,7,9,0,5,6,5,4,False,0.4217494456459587,0.05099385610924306
950908452,control,721123822,707296982,PV,950908424.0,36,0,0,0.0,0.0,,,0.012347680664398817,-0.010098962956864846,0.05724096790692614,0.604355108877722,3.0621246204251276,45,2.608695652173913,1,0,0,0,1,0,0,0,0,1,False,-0.06733993086379099,-0.014281598398341278
950908475,control,721123822,707296982,PV,950908547.0,39,0,0,0.0,0.0,,,-0.04156167850180279,-0.0173393138854818,-0.0173393138854818,0.549413735343384,2.5350640996972547,45,11.256038647342995,2,5,3,3,2,2,2,2,5,4,False,0.0,-0.021278667400188116
950908547,driven,721123822,707296982,PV,,39,0,0,0.0,0.0,5.974314298477789,1.7681841622379175,0.4839304605572196,0.648134404925377,0.15552257182090487,0.192294807370184,2.737157857645059,45,7.053140096618358,4,7,5,10,3,6,5,6,4,8,False,0.4926118331044721,0.078323165918004
950908657,control_relaxed,721123822,707296982,PV,950908834.0,22,0,0,0.0,0.0,,,-0.04949508674094939,-0.04949508674094939,-0.04949508674094939,0.988944723618091,0.8285844075859968,45,6.3768115942028984,2,3,1,0,1,2,4,5,3,1,False,0.0,-0.0008905018325812159
950908834,driven,721123822,707296982,PV,,22,1,0,0.045454545454545456,0.0,6.576129406594523,1.207018420042157,0.19903853974114,0.3134616054924057,0.038846247689368014,0.260971524288107,0.5537368967769832,45,2.2222222222222223,3,2,0,4,1,1,2,1,4,1,False,0.2746153578030377,0.02504280828628986
950912938,control,721123822,707296982,PV,950913115.0,41,1,1,0.024390243902439025,0.024390243902439025,,,-0.0017810544519085987,0.02430699384110985,0.05387344857319743,0.206030150753769,6.049070362893672,35,5.652173913043479,1,0,3,2,0,0,2,3,1,1,False,-0.02956645473208758,-0.00739437151460515
950912946,control,721123822,707296982,PV,950913115.0,41,1,0,0.024390243902439025,0.0,,,-0.012082054685439103,-0.07533718310327904,0.044144726130418616,0.576884422110553,6.010268361367694,35,10.49689440993789,2,0,0,1,0,5,0,2,2,0,False,-0.11948190923369766,-0.05031266525804584
950913049,driven,721123822,707296982,PV,,41,9,0,0.21951219512195122,0.0,4.272551454184343,3.2682300939922366,0.772332625176918,1.0,0.2832693755569644,0.219765494137353,17.901465079016486,35,33.850931677018636,13,17,11,14,12,8,16,14,16,19,False,0.7167306244430356,0.21338643210702096
950913077,control,721123822,707296982,PV,950913049.0,41,0,3,0.0,0.07317073170731707,,,-0.08897463418138951,-0.12197386552021951,0.002689897315360434,0.50820770519263,14.628354575293852,35,13.975155279503108,4,3,1,3,2,1,1,2,2,1,False,-0.12466376283557994,-0.05438825135755676
950913087,control,721123822,707296982,PV,950913115.0,41,0,0,0.0,0.0,,,-0.05282492905685227,-0.08472871478584779,-0.08472871478584779,0.480737018425461,6.405563751913599,35,9.37888198757764,3,1,1,5,1,2,1,0,3,2,False,0.0,-0.019402097795265093
950913097,control,721123822,707296982,PV,950913049.0,41,1,1,0.024390243902439025,0.024390243902439025,,,-0.15495349642602835,-0.09078941329124902,-0.1899520872268171,0.494472361809045,16.543395025607243,35,21.30434782608696,5,5,3,3,5,5,2,2,2,2,False,0.09916267393556809,-0.07062634001211279
950913115,driven,721123822,707296982,PV,,41,1,0,0.024390243902439025,0.0,6.251351508908768,2.3960015917147883,0.3704436788062611,0.5305939710397561,0.1237754126075447,0.192294807370184,6.921307022196395,35,12.732919254658388,6,4,6,8,10,2,6,7,10,3,False,0.40681855843221143,0.08890610621539966
950913151,control,721123822,707296982,PV,950913168.0,41,0,1,0.0,0.024390243902439025,,,0.01750288329878255,-0.04390318649504354,0.07208605644885017,0.645561139028476,4.501840552045284,35,4.720496894409939,2,2,0,1,1,1,0,1,0,1,False,-0.1159892429438937,-0.01178216726272877
950913168,driven,721123822,707296982,PV,,41,0,1,0.0,0.024390243902439025,7.211211680076023,2.7895142853854287,0.25173244701528724,0.4699771499691618,0.05773715550073206,0.219765494137353,4.167981663915512,35,4.2236024844720506,4,4,4,2,3,3,0,2,3,4,False,0.41223999446842974,0.05133847744277396
950913177,control,721123822,707296982,PV,950913049.0,41,1,1,0.024390243902439025,0.024390243902439025,,,-0.04959870606215553,-0.08140472745797843,-0.08140472745797843,0.576884422110553,16.963750042138674,35,11.614906832298137,1,0,3,1,2,2,2,4,1,2,False,0.0,-0.040936791835420774
950913196,control,721123822,707296982,PV,950913168.0,41,1,0,0.024390243902439025,0.0,,,-0.01754341359458028,-0.01754341359458028,-0.01754341359458028,0.604355108877722,3.214099126401876,35,2.173913043478261,1,0,1,3,0,0,0,1,0,1,False,0.0,0.0028074546773113247
950913267,control,721123822,707296982,PV,950913168.0,38,0,1,0.0,0.02631578947368421,,,-0.03626218135925792,-0.06766406564287179,-0.06766406564287179,0.645561139028476,4.653815058022032,35,8.881987577639753,3,1,2,0,0,1,1,1,1,4,False,0.0,-0.030695591747015694
950918175,control,715093703,699733581,SST,950918280.0,49,0,1,0.0,0.02040816326530612,,,0.020136106483737422,-0.025438958330972466,0.11128623611315719,0.65929648241206,7.108038528674934,45,2.2705314009661834,0,4,2,0,0,0,1,1,2,0,False,-0.13672519444412964,0.0042993359238674405
950918280,driven,715093703,699733581,SST,,49,0,0,0.0,0.0,1.313444954375849,0.3187608074585846,0.19477082952265098,0.12156817766107382,0.19477082952265098,0.934003350083752,9.360978751513219,45,11.207729468599034,25,22,21,21,23,25,22,23,26,24,True,-0.07320265186157716,0.4701125662933455
950918422,control,715093703,699733581,SST,950918280.0,40,0,0,0.0,0.0,,,-0.007512564598679093,-0.054373614114896725,-0.054373614114896725,0.604355108877722,8.430539499095973,45,7.922705314009662,2,4,2,3,3,3,4,3,5,4,False,0.0,0.01269840460953742
950918802,control,715093703,699733581,SST,950918280.0,38,0,0,0.0,0.0,,,0.07250785947291707,-0.04342865809296828,0.09569516298609415,0.206030150753769,7.18240899889421,45,5.507246376811595,1,2,3,4,3,2,3,2,3,2,False,-0.13912382107906243,0.013015005520135157
950920150,control,719161530,703279284,SST,950920237.0,21,0,0,0.0,0.0,,,-0.005036796817342809,-0.005036796817342809,-0.005036796817342809,0.288442211055276,0.7178370492525981,45,1.1594202898550725,2,1,0,1,0,0,1,1,1,1,False,0.0,0.00862492841198912
950920237,driven,719161530,703279284,SST,,20,0,0,0.0,0.0,7.275284465555944,1.171367309105019,0.1299774162535413,0.3307518586565702,-0.003872212015144645,0.412060301507538,0.8067583053537082,45,0.5314009661835749,2,0,0,1,0,0,0,1,1,0,False,0.33462407067171485,0.006898190367392469
950935264,control_relaxed,719161530,703279284,SST,950935440.0,42,0,1,0.0,0.023809523809523808,,,0.022495378068186783,-0.0013461980764915918,0.07017853035754353,0.563149078726968,3.9149603936152393,45,7.004830917874396,1,2,0,1,1,2,3,3,2,4,False,-0.07152472843403512,-0.012982707645832764
950935366,control_relaxed,719161530,703279284,SST,950935440.0,39,0,0,0.0,0.0,,,-0.005036796817342809,-0.005036796817342809,-0.005036796817342809,0.741708542713568,2.9044915742844424,45,0.5797101449275363,12,13,10,14,16,10,10,8,12,16,False,0.0,0.2654903540943826
950935440,driven,719161530,703279284,SST,,39,1,0,0.02564102564102564,0.0,7.852383352985686,2.0659274390955464,0.4571004036861011,0.7964126513822879,0.049925706450676885,0.398324958123953,5.244737359854568,45,2.1256038647342996,2,1,0,1,1,3,1,1,0,1,False,0.746486944931611,0.007713436354947185
950935726,control,719161530,703279284,SST,950935909.0,37,0,0,0.0,0.0,,,0.024626593690486507,0.024626593690486507,-0.0450429353316216,0.590619765494137,0.8997214367321414,45,5.024154589371981,2,1,3,1,4,0,1,1,0,1,False,0.0696695290221081,-0.008624879079093959
950935804,control_relaxed,719161530,703279284,SST,950935440.0,37,0,1,0.0,0.02702702702702703,,,-0.025438958330972466,-0.025438958330972466,-0.025438958330972466,0.32964824120603,3.3814328570085785,45,4.975845410628019,0,1,1,2,0,1,1,0,2,0,False,0.0,-0.022109943288053373
950935909,driven,719161530,703279284,SST,,36,0,0,0.0,0.0,9.0,1.374213452863424,0.06449990424151217,0.13132133965283274,-0.002321531169808389,0.357118927973199,0.978942192167676,45,0.1932367149758454,0,1,0,0,0,0,0,0,0,0,False,0.13364287082264112,0.0006785709688202142
950943213,control,719161530,703279284,SST,950945543.0,36,0,1,0.0,0.027777777777777776,,,-0.02464665475183639,-0.02464665475183639,-0.02464665475183639,0.68676716917923,4.820340455735633,45,3.526570048309179,1,0,0,0,0,1,0,0,1,0,False,0.0,-0.021756875147379874
950943399,control,719161530,703279284,SST,950945543.0,35,0,0,0.0,0.0,,,0.002560539563979538,-0.0438319934795563,0.0953456056510512,0.494472361809045,4.3757341752300825,45,5.217391304347826,0,0,2,1,0,0,0,0,0,0,False,-0.1391775991306075,-0.03567163843908787
950943604,control,719161530,703279284,SST,950945543.0,35,0,0,0.0,0.0,,,-0.0333364558730283,-0.05682137532468805,0.013633383030291157,0.618090452261307,4.559235312820555,45,7.4396135265700485,2,1,1,4,0,1,0,2,1,1,False,-0.0704547583549792,-0.030663243299330754
950945543,driven,719161530,703279284,SST,,35,0,0,0.0,0.0,6.858604812219458,1.5918095432628327,0.20459272425364752,0.5087190355684293,0.08762106605565452,0.357118927973199,5.202701856970407,45,6.135265700483092,1,2,1,1,1,0,2,1,1,0,False,0.42109796951277484,-0.026966457500902354
950956604,driven,715093703,699733581,SST,,40,3,0,0.075,0.0,5.973876086468198,1.6912193862026739,0.7960188655308253,1.0,0.45605030808220093,0.480737018425461,5.55030052745162,45,2.6570048309178746,11,6,5,6,7,9,9,7,11,9,False,0.5439496919177991,0.16011351944921337
950956911,control,715093703,699733581,SST,950956604.0,36,1,0,0.027777777777777776,0.0,,,0.009048305308224303,0.009048305308224303,0.07983056921477971,1.75812395309883,4.603693781508444,45,7.632850241545894,0,2,2,3,1,2,3,1,0,4,False,-0.07078226390655541,-0.020447041653480026
950996533,driven,786091066,763884103,SST,,49,0,0,0.0,0.0,5.89785132837294,1.0749290523995492,0.3291256538235384,0.3059920556795225,0.3059920556795225,0.467001675041876,4.56109003442525,45,5.120772946859904,3,1,2,4,0,1,2,4,4,3,False,0.0,0.01374669220866733
950996704,control,786091066,763884103,SST,950996533.0,57,0,2,0.0,0.03508771929824561,,,-0.03379522509149697,-0.03379522509149697,-0.03379522509149697,0.535678391959799,4.513980184304426,45,4.541062801932367,2,0,2,2,2,1,1,2,1,2,False,0.0,-0.0024298981686635456
950997019,control_relaxed,786091066,763884103,SST,950998077.0,59,0,1,0.0,0.01694915254237288,,,0.0019877857964157963,-0.02069430998093839,0.04735197735112417,0.590619765494137,4.198344188494904,45,2.028985507246377,2,1,1,0,0,0,0,1,0,1,False,-0.06804628733206255,-0.002812812279663104
950997048,control_relaxed,786091066,763884103,SST,950998077.0,59,0,2,0.0,0.03389830508474576,,,-0.003484317038512965,-0.003484317038512965,-0.003484317038512965,0.796649916247906,1.691671890702323,45,0.3864734299516908,0,0,0,0,0,0,0,0,0,0,False,0.0,-0.0030965719440188546
950997059,control_relaxed,786091066,763884103,SST,950998077.0,58,0,1,0.0,0.017241379310344827,,,-0.003484317038512965,-0.003484317038512965,-0.003484317038512965,0.700502512562814,3.1790583404261628,45,0.48309178743961356,0,0,0,1,0,0,0,1,0,0,False,0.0,0.0005894422604782201
950997544,driven,786091066,763884103,SST,,52,2,0,0.038461538461538464,0.0,7.834925481875065,2.0030280699639764,0.4150323906937118,0.5950224243264158,0.12254858604056766,0.439530988274707,9.009544699925257,45,1.8357487922705316,2,1,1,2,2,2,0,1,1,0,False,0.47247383828584816,0.01226682356944594
950997664,control,786091066,763884103,SST,950997544.0,51,5,1,0.09803921568627451,0.0196078431372549,,,0.0005869020910533471,-0.0707997477595857,0.0005869020910533471,0.260971524288107,8.14700617134944,45,6.473429951690822,3,3,2,1,2,3,0,2,5,1,False,-0.07138664985063904,-0.0016644360695668616
950998077,driven,786091066,763884103,SST,,50,0,0,0.0,0.0,9.0,2.8852705796761002,0.34348906912286586,0.5925104566969512,0.11710598951006097,0.439530988274707,2.9400829189041637,45,2.3671497584541066,1,1,1,1,0,2,1,1,2,0,False,0.4754044671868903,0.00352941470640466
951001877,control,786091066,763884103,SST,951002295.0,65,1,3,0.015384615384615385,0.046153846153846156,,,-0.08097891339553333,-0.1581916929237857,0.07344664566097144,0.535678391959799,8.773567177956402,45,16.714975845410628,6,9,10,10,3,11,9,4,7,10,False,-0.23163833858475713,0.05760023306381299
951001967,control,786091066,763884103,SST,951002295.0,68,5,2,0.07352941176470588,0.029411764705882353,,,-0.027964983987746765,-0.004058821569427076,-0.07577730882438616,0.233500837520938,10.332474945590947,45,7.053140096618358,2,1,4,2,3,3,1,4,4,2,False,0.07171848725495908,0.0030842406868206696
951001988,control,786091066,763884103,SST,951002295.0,65,0,3,0.0,0.046153846153846156,,,-0.024740271237257968,0.1545892762292622,-0.07597728479912086,0.467001675041876,9.479358387039294,45,17.82608695652174,3,5,4,2,5,6,7,6,5,3,False,0.23056656102838305,-0.03538774648966334
951002295,driven,786091066,763884103,SST,,75,0,0,0.0,0.0,7.089282747926247,1.4403943436453666,0.5104711390696032,0.7797120125813215,0.19227737946484527,0.343383584589615,10.140609374189772,45,13.091787439613528,6,8,9,6,6,7,10,7,7,7,False,0.5874346331164763,0.06971854217508418
951006206,driven,786091066,763884103,SST,,64,3,0,0.046875,0.0,7.1339078671593255,1.2452621330128002,0.5749780240903124,1.0,0.22079304416557274,0.412060301507538,3.1987588232039617,45,8.115942028985508,9,3,6,8,2,5,3,10,2,3,False,0.7792069558344272,0.05385422881794736
951006324,control,786091066,763884103,SST,951006206.0,64,0,1,0.0,0.015625,,,-0.0005281034850639935,0.022739991944821212,0.022739991944821212,0.631825795644891,3.1362312039526863,45,7.246376811594203,0,0,3,1,1,1,3,1,1,0,False,0.0,-0.0337808862730578
951006501,control,786091066,763884103,SST,951006206.0,61,0,2,0.0,0.03278688524590164,,,0.005837394183665248,-0.016757210493978724,0.05102660353895319,1.35979899497487,2.870274686452397,45,3.671497584541063,5,5,1,2,2,2,0,2,1,0,False,-0.06778381403293192,0.015961634539114866
951006577,control,786091066,763884103,SST,951006206.0,58,0,1,0.0,0.017241379310344827,,,-0.05518890393635451,-0.05518890393635451,-0.05518890393635451,0.714237855946399,3.391480937334606,45,6.859903381642512,4,4,3,4,1,2,3,3,3,4,False,0.0,0.016362098357520158
951013346,control,786091066,763884103,SST,951014346.0,59,0,1,0.0,0.01694915254237288,,,-0.028759853450563977,-0.07660914895989254,-0.004835205695899702,0.65929648241206,8.387694678330378,45,8.067632850241546,7,8,3,6,6,5,3,5,6,1,False,-0.07177394326399283,0.05184944197443202
951013695,control,786091066,763884103,SST,951014655.0,60,0,1,0.0,0.016666666666666666,,,0.00352941470640466,0.0488235322197499,-0.019117644050267963,0.631825795644891,2.634725435848276,45,2.1739130434782608,2,1,1,0,0,0,3,1,0,0,False,0.06794117627001786,0.0005462470915455909
951013857,control,787025148,763236014,SST,951014211.0,65,1,1,0.015384615384615385,0.015384615384615385,,,-0.06997239624753786,-0.06997239624753786,-0.06997239624753786,0.618090452261306,8.60011560734629,45,9.855072463768117,1,8,5,3,3,6,1,3,4,4,False,0.0,0.009339764613561946
951014211,driven,787025148,763236014,SST,,57,4,1,0.07017543859649122,0.017543859649122806,8.178612489632911,2.976527632283464,0.5433186537737295,0.8557848380338093,0.20681660918595135,0.467001675041876,10.441682118555345,45,8.792270531400966,11,6,4,12,8,5,7,6,8,5,False,0.648968228847858,0.09878842173115757
951014283,control,786091066,763884103,SST,951014346.0,70,4,1,0.05714285714285714,0.014285714285714285,,,0.0685953328592436,0.045878145855810515,0.045878145855810515,0.65929648241206,7.379543885744741,45,2.8019323671497585,1,0,0,1,1,1,0,0,1,2,False,0.0,-0.006760395219122073
951014346,driven,786091066,763884103,SST,,70,0,1,0.0,0.014285714285714285,3.7092428477816726,4.999999999999999,0.193448845369602,0.0036721031036260035,0.359503494852331,0.686767169179229,7.863062256530291,45,12.608695652173914,2,1,4,5,4,2,3,2,3,2,False,-0.35583139174870504,-0.03730634106891952
951014440,control,787025148,763236014,SST,951014211.0,54,4,2,0.07407407407407407,0.037037037037037035,,,0.007131571486098612,0.007131571486098612,0.007131571486098612,0.32964824120603,10.978734305777708,45,12.173913043478262,7,5,1,3,5,4,0,1,1,1,False,0.0,-0.03370458656516143
951014476,control,787025148,763236014,SST,951014211.0,51,0,0,0.0,0.0,,,-0.06888379379398729,-0.044026031147615496,-0.044026031147615496,0.590619765494137,8.931169308082243,45,14.299516908212562,3,3,7,5,7,5,3,6,7,7,False,0.0,0.0108558125284681
951014655,driven,786091066,763884103,SST,,75,1,0,0.013333333333333334,0.0,9.0,2.853971420106789,0.1255952892727108,0.1928571900978869,-0.008928512377641378,0.50820770519263,2.384614958843173,45,1.6908212560386473,0,6,3,3,0,1,3,3,4,2,False,0.2017857024755283,0.042693669126146805
951015028,control,786091066,763884103,SST,951014346.0,75,0,2,0.0,0.02666666666666667,,,-0.003096571944018854,-0.003096571944018854,-0.003096571944018854,0.590619765494137,6.236487613267652,45,0.5314009661835749,1,0,0,0,0,0,0,0,1,0,False,0.0,0.00020312198784680006
951015311,control,786091066,763884103,SST,951015451.0,76,1,1,0.013157894736842105,0.013157894736842105,,,0.03934848491753854,0.08620953443375617,-0.054373614114896725,0.714237855946399,8.773995449321136,45,7.004830917874396,0,8,4,5,2,2,3,1,3,4,False,0.1405831485486529,0.017571295136988175
951015451,driven,786091066,763884103,SST,,78,3,1,0.038461538461538464,0.01282051282051282,4.84560217224118,1.1960821764610459,0.18183103821314942,0.22858355031525515,0.018197245855779302,0.439530988274707,10.096069152257357,45,5.70048309178744,1,11,4,6,5,10,6,4,6,7,True,0.21038630445947584,0.0928949179989563
951015560,control,786091066,763884103,SST,951015451.0,78,2,3,0.02564102564102564,0.038461538461538464,,,-0.05579300984612157,-0.05579300984612157,-0.05579300984612157,0.590619765494137,10.159881585602836,45,17.681159420289855,4,3,9,3,10,5,8,6,5,4,False,0.0,-0.006029408616251028
951016269,control,786091066,763884103,SST,951015451.0,67,5,0,0.07462686567164178,0.0,,,-0.02074501275245708,-0.12032989204537972,0.10373608636369623,0.315912897822446,8.924318698343038,45,12.51207729468599,4,4,4,1,5,4,1,5,0,1,False,-0.22406597840907594,-0.03404869550430593
951026361,driven,786091066,763884103,SST,,41,0,0,0.0,0.0,5.893625139372608,1.825101193226402,0.9320325611959952,1.0,0.7960976835879856,0.302177554438861,2.568771645679122,45,2.995169082125604,11,6,13,10,7,12,8,8,10,7,False,0.2039023164120144,0.18515163943297339
951026800,control,786091066,763884103,SST,951026361.0,38,0,0,0.0,0.0,,,-0.013618467984079853,-0.013618467984079853,-0.013618467984079853,0.714237855946399,2.5443601778892404,45,1.4009661835748792,1,0,0,0,1,0,0,0,0,0,False,0.0,-0.0067762346056023815
951032610,control,787025148,763236014,SST,951032757.0,50,1,0,0.02,0.0,,,0.049191065626219506,0.049191065626219506,-0.018723858257621954,0.631825795644891,4.297702311623924,45,4.782608695652174,0,1,2,3,0,2,1,0,0,2,False,0.06791492388384146,-0.013604409018797031
951032637,control,787025148,763236014,SST,951032757.0,48,1,0,0.020833333333333332,0.0,,,0.06639412954463421,0.01971383602186593,0.08973427630601837,0.700502512562814,5.555963337189554,45,8.16425120772947,3,3,2,5,3,0,1,2,3,3,False,-0.07002044028415244,-0.008188943287997495
951032682,control,787025148,763236014,SST,951032757.0,47,0,0,0.0,0.0,,,-0.01597161485179833,-0.01597161485179833,-0.01597161485179833,0.769179229480737,4.428325052535264,45,2.3671497584541066,0,0,0,0,0,0,0,1,1,0,False,0.0,-0.014588232298933437
951032757,driven,787025148,763236014,SST,,40,0,1,0.0,0.025,9.0,4.999999999999999,0.1875028973033071,0.025003476763968538,0.23393130317168956,0.425795644891122,4.9623793407858905,45,6.521739130434783,3,1,3,1,4,2,1,3,0,4,False,-0.208927826407721,-0.002051627574630502
951035553,control_relaxed,787025148,763236014,SST,951035781.0,26,1,1,0.038461538461538464,0.038461538461538464,,,0.0019877857964157963,-0.02069430998093839,-0.02069430998093839,0.32964824120603,4.895569020844353,45,1.9806763285024156,0,0,3,1,1,3,0,0,0,0,False,0.0,0.002090102745566975
951035575,control_relaxed,787025148,763236014,SST,951035781.0,26,0,0,0.0,0.0,,,-0.04538689100966516,-0.06914568398715755,-0.06914568398715755,0.357118927973199,8.435659435182504,45,10.67632850241546,2,3,3,4,3,5,6,5,4,5,False,0.0,0.0076503807674192185
951035781,driven,787025148,763236014,SST,,13,0,0,0.0,0.0,4.78816347362478,2.1289005122770237,0.2403060547665576,0.14534431161237735,0.0741230042467421,0.563149078726968,8.146148048769174,45,8.599033816425122,4,3,3,6,8,8,7,1,3,6,False,0.07122130736563524,0.045429602179633724
951035874,control_relaxed,787025148,763236014,SST,951035781.0,10,0,0,0.0,0.0,,,-0.04929838660510276,0.00592784426885003,-0.07691150204207915,0.590619765494137,10.192428232619609,45,26.183574879227056,12,5,7,9,11,8,6,13,13,6,False,0.08283934631092918,0.01358187487985001
951057299,driven,789848216,763808604,SST,,25,0,0,0.0,0.0,5.4279726499039445,0.7717565606813286,0.21219348167287042,0.48434482436769705,0.054632178007444514,0.439530988274707,11.146618833857236,75,10.608695652173912,11,17,9,1,6,2,9,4,7,5,False,0.4297126463602525,0.014476703849771894
951057307,driven,789848216,763808604,SST,,26,0,0,0.0,0.0,6.440158682854876,1.6809070453777855,0.3477142915372969,0.6330892889897295,0.021571437305945323,0.453266331658292,2.2569900969926473,75,2.347826086956522,1,10,10,5,8,4,5,8,3,7,False,0.6115178516837841,0.06391531092915137
951057315,driven,789848216,763808604,SST,,28,0,0,0.0,0.0,5.240393915432631,1.4390029764075494,0.39448356149799707,0.5242370840341406,0.13497651642571015,0.618090452261307,6.353833980831673,75,9.333333333333334,9,12,10,8,8,10,5,2,6,5,False,0.3892605676084304,0.030227575560877157
951057319,driven,789848216,763808604,SST,,28,0,0,0.0,0.0,5.2437637260115215,1.241711833429139,0.6518138699648592,0.9164353287915663,0.03900628110301146,0.315912897822446,3.488698544611405,75,5.971014492753623,15,13,17,12,11,7,12,12,8,11,False,0.8774290476885549,0.11610384630567039
951057327,control,789848216,763808604,SST,951057315.0,28,0,0,0.0,0.0,,,-0.06620089239715586,-0.0954118757505026,-0.05159540072048249,0.618090452261307,6.654052208154603,75,12.318840579710145,9,6,7,4,11,7,4,6,7,9,False,-0.043816475030020105,-0.0005704789387269021
951057331,control_relaxed,789848216,763808604,SST,951057299.0,28,0,0,0.0,0.0,,,-0.09934799630755545,-0.13075793905919988,-0.13075793905919988,0.219765494137353,15.099563538836767,75,27.36231884057971,12,28,24,16,16,16,18,18,19,19,False,0.0,0.06398184311161031
951057344,control_relaxed,789848216,763808604,SST,951057299.0,29,0,0,0.0,0.0,,,-0.06707059889128264,-0.11153187384508609,0.021851951016324235,0.65929648241206,15.058449487734055,75,13.623188405797102,8,7,6,7,6,6,8,8,8,12,False,-0.13338382486141032,-0.002144708231917601
951057351,control,789848216,763808604,SST,951057315.0,29,0,0,0.0,0.0,,,-0.012475612066815434,0.0019883252484247894,0.0019883252484247894,0.604355108877722,5.280157667138965,75,10.985507246376812,2,7,6,8,3,4,9,8,8,9,False,0.0,0.0013106611658731666
951057353,control,789848216,763808604,SST,951057319.0,29,0,0,0.0,0.0,,,-0.018278250725525726,0.00924278307786686,-0.03203876762722202,0.631825795644891,3.0205979419523987,75,5.27536231884058,2,1,1,5,2,2,4,2,1,3,False,0.041281550705088876,-0.011117514869440546
951057359,control_relaxed,789848216,763808604,SST,951057299.0,29,0,1,0.0,0.034482758620689655,,,-0.05371519305607158,-0.11307942928458266,-0.11307942928458266,0.604355108877722,5.576521452171017,75,14.869565217391305,9,6,12,7,6,10,10,5,6,8,False,0.0,-0.0076818070237129775
951057373,control_relaxed,789848216,763808604,SST,951057450.0,29,0,1,0.0,0.034482758620689655,,,-0.037103832628878376,-0.05111874928602538,-0.05111874928602538,0.700502512562814,6.435205540305791,75,6.028985507246377,1,7,4,2,6,4,4,1,5,3,False,0.0,0.0023571196783722043
951057375,control_relaxed,789848216,763808604,SST,951057450.0,29,1,0,0.034482758620689655,0.0,,,0.01804545785250346,-0.010010386208853582,0.032073379883181985,0.343383584589615,7.517019009945909,75,6.956521739130435,1,6,3,6,5,3,2,3,7,5,False,-0.04208376609203557,0.0005653462167559285
951057383,control_relaxed,789848216,763808604,SST,951057450.0,27,0,0,0.0,0.0,,,-0.0367012440752347,-0.0651040178855151,-0.0651040178855151,0.343383584589615,5.186366238060903,75,9.36231884057971,3,5,6,5,1,4,8,7,4,3,False,0.0,-0.011671284438782301
951057424,control_relaxed,789848216,763808604,SST,951057401.0,22,0,0,0.0,0.0,,,-0.003019040905879764,-0.003019040905879764,-0.003019040905879764,0.741708542713568,0.23811887930320907,75,0.37681159420289856,0,0,0,0,0,0,0,0,0,0,False,0.0,-0.003019040905879764
951057450,driven,789848216,763808604,SST,,18,0,0,0.0,0.0,6.644585122993638,1.1940332116400336,0.3177008647926366,0.6588504323963184,0.019194993139415154,0.604355108877722,7.3418560213937285,75,8.782608695652174,5,3,8,4,4,2,6,4,6,5,False,0.6396554392569032,-0.005559954337698153
951057487,control,789848216,763808604,SST,951057307.0,36,0,0,0.0,0.0,,,0.007982151712972342,-0.01919641947297362,0.021571437305945323,0.796649916247906,2.433437899641788,75,1.7391304347826086,1,3,0,1,1,2,2,0,2,0,False,-0.04076785677891895,0.002213884187051886
951057908,driven,789848216,763808604,SST,,18,0,0,0.0,0.0,6.382330769638866,1.811167081604091,0.4326320737929359,0.7803737059843623,0.1214948239374491,0.343383584589615,42.41942222522348,75,38.20289855072464,29,32,28,26,37,21,29,26,23,30,False,0.6588788820469131,0.15112832260068448
951058089,control,789848216,763808604,SST,951058101.0,8,1,0,0.125,0.0,,,-0.030995764458124693,-0.04551683156316871,-0.0019536302480366767,0.219765494137353,5.346968000180873,75,11.768115942028986,6,7,8,5,4,6,9,4,5,4,False,-0.04356320131513203,-0.013751368741904552
951058101,driven,789848216,763808604,SST,,8,0,0,0.0,0.0,6.904276844275108,1.217079158390643,0.2960041057007073,0.6920017962440594,-0.011994098055233242,0.370854271356784,5.786374421341112,75,14.057971014492754,10,9,15,15,6,10,10,11,7,11,False,0.7039958942992927,0.03614068578403967
951058117,control,789848216,763808604,SST,951058101.0,8,1,2,0.125,0.25,,,-0.030942532104769438,-0.030942532104769438,0.013881056247611835,0.260971524288107,5.207351534977912,75,18.115942028985508,15,5,13,6,10,8,10,18,7,14,False,-0.044823588352381274,0.007419284408085631
951058420,control,789848216,763808604,SST,951058439.0,25,0,1,0.0,0.04,,,-0.04310610199735957,-0.04310610199735957,-0.04310610199735957,0.15108877721943,2.662991351631932,75,5.333333333333333,5,5,3,6,4,5,4,0,5,1,False,0.0,0.009285251783714837
951058429,control,789848216,763808604,SST,951058439.0,25,1,2,0.04,0.08,,,0.007136563687733766,-0.0062805097759455085,0.03397071061509231,0.879061976549414,3.1246678838061395,75,1.2173913043478262,3,1,1,0,1,1,2,0,0,1,False,-0.04025122039103782,0.0036771126996743833
951058439,driven,789848216,763808604,SST,,25,0,2,0.0,0.08,9.0,2.127191010434701,0.12424250716254898,0.35328677452003615,0.029930161780054247,0.947738693467336,2.7619220370978335,75,2.0,3,1,1,4,1,1,1,0,5,3,False,0.3233566127399819,0.010968079538067731
951058515,control,789848216,763808604,SST,951058522.0,26,1,0,0.038461538461538464,0.0,,,0.13521765277015077,0.22624737353118754,0.04418793200911403,0.384589614740369,19.40540384911458,75,16.869565217391305,6,8,16,8,13,12,13,14,14,12,False,0.1820594415220735,0.032526969920923895
951058518,control,789848216,763808604,SST,951058522.0,26,0,0,0.0,0.0,,,-0.003455838685589993,0.12004641838340568,-0.11152031362096121,0.453266331658291,14.96166015909642,75,18.434782608695652,9,10,14,13,13,10,12,11,12,11,False,0.2315667320043669,0.018791149703180826
951058522,driven,789848216,763808604,SST,,26,11,0,0.4230769230769231,0.0,6.457077295822827,0.4088692097075808,0.3584218187107385,1.0,-0.11903171155103753,0.260971524288107,18.925739919582934,75,13.478260869565217,13,13,9,10,10,17,8,7,13,12,False,1.1190317115510375,0.05248151807755398
951059065,control_relaxed,791319847,769360779,VIP,951059163.0,34,2,1,0.058823529411764705,0.029411764705882353,,,-0.05716089975522348,-0.10521366792591545,0.08699740475685244,0.288442211055276,10.805983837725698,75,20.28985507246377,12,7,9,10,14,12,7,10,11,12,False,-0.19221107268276788,-0.013130596846366282
951059163,driven,791319847,769360779,VIP,,17,0,0,0.0,0.0,6.8195408552715975,2.3877019128513712,0.5093385385137478,0.7056031231082487,0.3130739539192469,0.274706867671692,19.627871607087215,75,23.36231884057971,29,22,18,22,19,21,13,19,19,16,False,0.39252916918900177,0.11274833380778633
951059775,driven,789848216,763808604,SST,,13,5,8,0.38461538461538464,0.6153846153846154,4.670356778935417,0.2157698120545881,0.38776411941184846,0.8163292358235545,-0.05610689401456144,0.343383584589615,28.777694415070386,75,17.391304347826086,9,10,12,10,18,9,6,10,12,13,True,0.872436129838116,0.017753825152529046
951059779,control,789848216,763808604,SST,951059775.0,13,8,5,0.6153846153846154,0.38461538461538464,,,0.13621971795023413,0.22714395816599897,0.09075759784235173,0.32964824120603,24.075703091563312,75,15.565217391304348,3,10,9,7,14,9,12,8,9,14,False,0.13638636032364726,0.010856865920169906
951059791,driven,789848216,763808604,SST,,13,5,4,0.38461538461538464,0.3076923076923077,6.7025793383793015,1.1691345066788288,0.3639153919344752,0.7489139705004508,-0.0043441179981970855,0.425795644891122,32.71222345132683,75,27.18840579710145,16,18,23,23,20,20,17,22,19,27,False,0.753258088498648,0.09677190945033862
951059809,control,789848216,763808604,SST,951059791.0,13,6,4,0.46153846153846156,0.3076923076923077,,,-0.032143795707491804,-0.06042170791865597,0.02441202871483651,0.247236180904523,39.7037534956162,75,8.115942028985508,5,2,3,2,3,5,3,3,4,4,False,-0.08483373663349247,-0.018707326565939392
951059814,control,789848216,763808604,SST,951059775.0,13,5,8,0.38461538461538464,0.6153846153846154,,,-0.01712179256911918,0.01735691226373229,-0.034361144985544934,0.233500837520938,34.75978885051504,75,30.92753623188406,16,19,24,19,19,24,13,15,14,23,False,0.05171805724927722,0.03690061133899793
951060020,control_relaxed,789848216,763808604,SST,951060069.0,17,0,6,0.0,0.35294117647058826,,,-0.0339550511994911,-0.0339550511994911,-0.0339550511994911,0.206030150753769,4.092989441548146,75,4.173913043478261,1,3,2,2,2,3,2,1,3,3,False,0.0,-0.003625703030972688
951060069,driven,789848216,763808604,SST,,16,1,0,0.0625,0.0,7.139189463440136,0.5437685688295962,0.17114642644306471,0.27118047842407417,0.056821795607625375,0.302177554438861,6.084879563201429,75,8.46376811594203,6,8,4,5,8,4,6,7,3,8,False,0.2143586828164488,0.014122565448844177
951060073,control,789848216,763808604,SST,951060092.0,16,3,5,0.1875,0.3125,,,0.05586283541752591,-0.034054989780804956,0.05586283541752591,0.357118927973199,16.55825581025175,75,16.608695652173914,10,9,13,17,8,12,11,3,9,13,False,-0.08991782519833086,0.01779312373143411
951060092,driven,789848216,763808604,SST,,15,3,1,0.2,0.06666666666666667,9.0,3.5806850171187774,0.18114361756543584,0.4297250193759285,-0.05281534884443967,0.247236180904523,13.369347221597621,75,11.594202898550725,6,8,6,9,14,14,10,7,10,7,False,0.48254036822036817,0.035934507922414684
951060300,driven,789848216,763808604,SST,,4,0,0,0.0,0.0,7.6754959625373855,0.5241475456438378,0.321802060941593,0.6609010304707966,0.025090462603540024,0.260971524288107,7.2544886628004654,75,7.391304347826087,6,7,6,4,4,6,6,4,8,9,False,0.6358105678672566,0.0239594771880847
951061792,driven,789848216,763808604,SST,,9,0,0,0.0,0.0,3.209247995523897,0.18471525630376012,0.0899400199565244,0.2665188220545122,-0.018723858257621954,0.535678391959799,0.9940178396812019,75,2.2028985507246377,1,2,4,1,1,2,1,0,1,4,True,0.2852426803121342,0.005290273193086627
951062128,control_relaxed,789848216,763808604,SST,951062302.0,23,1,1,0.043478260869565216,0.043478260869565216,,,-0.0011863785109066923,-0.014715924166459487,-0.014715924166459487,0.576884422110553,1.9499195278192643,75,2.4057971014492754,1,1,0,1,2,0,0,2,2,1,False,0.0,-0.00584034518087582
951062181,driven,789848216,763808604,SST,,23,0,0,0.0,0.0,3.479583553647407,0.7003727937350712,0.5597570059406538,0.9147916785691589,0.14791678569158792,0.233500837520938,3.5079707560658013,75,10.0,20,31,24,31,23,27,27,20,24,23,True,0.7668748928775709,0.2778086215500276
951062238,control,789848216,763808604,SST,951062181.0,23,0,2,0.0,0.08695652173913043,,,-0.007707983674948146,-0.021325659130015013,0.019527367235185587,0.590619765494137,2.9542158802761445,75,1.710144927536232,2,1,3,0,1,4,0,2,3,2,False,-0.0408530263652006,0.010555429454969472
951062264,control,789848216,763808604,SST,951062320.0,22,1,3,0.045454545454545456,0.13636363636363635,,,-0.06459909889983671,-0.10895739468732991,-0.020240803112343518,0.535678391959799,15.491431838409493,75,12.63768115942029,5,5,2,1,5,9,5,3,4,8,False,-0.0887165915749864,-0.037055175372485524
951062277,driven,789848216,763808604,SST,,22,1,0,0.045454545454545456,0.0,3.2998141253995272,0.12395371570533358,0.22559031528246193,0.6739327643294577,0.021798292988372985,1.34606365159129,2.5593496811438445,75,2.782608695652174,2,3,2,8,3,1,1,5,1,3,True,0.6521344713410847,0.01702658079146531
951062302,driven,789848216,763808604,SST,,22,0,0,0.0,0.0,2.72543030895296,0.25634485230825244,0.1358971968010733,0.38278371200076666,0.0124539392012266,0.824120603015075,1.635568345429776,75,3.391304347826087,2,3,1,0,1,1,2,1,2,2,True,0.37032977279954005,-0.006951779679319564
951062314,control,789848216,763808604,SST,951062277.0,19,0,0,0.0,0.0,,,-0.010515945590805847,-0.024171566477168088,-0.024171566477168088,0.65929648241206,2.381188793032091,75,3.652173913043478,0,1,2,0,0,0,1,1,3,0,False,0.0,-0.018665490418250764
951062320,driven,789848216,763808604,SST,,19,1,2,0.05263157894736842,0.10526315789473684,3.1175489505174703,0.6522251225760628,0.5918041686950373,0.8687941970805476,0.08155937956383365,0.343383584589615,19.29490983677604,75,14.057971014492754,28,35,30,32,29,35,24,30,30,35,True,0.787234817516714,0.34051731132592195
951062327,control,789848216,763808604,SST,951062320.0,18,4,1,0.2222222222222222,0.05555555555555555,,,-0.0030421939649170923,0.02931400584040282,-0.06775459357555692,0.274706867671692,22.958771369939626,75,29.18840579710145,5,18,13,9,11,9,11,8,9,12,False,0.09706859941595974,-0.08619890296421012
951062505,control,791319847,769360779,VIP,951062587.0,56,0,0,0.0,0.0,,,0.044773214835398964,0.03072576211239012,0.11501047845044315,0.233500837520938,13.664534338765904,75,6.869565217391305,1,5,3,1,2,2,3,3,3,3,False,-0.08428471633805304,-0.019869530249280877
951062587,driven,791319847,769360779,VIP,,46,1,1,0.021739130434782608,0.021739130434782608,3.829330587262401,1.3153366414580376,0.8127600018524954,1.0,0.4382800055574864,0.439530988274707,12.163440177258872,75,21.07246376811594,47,44,39,50,47,49,50,50,45,43,True,0.5617199944425135,0.5486452600452749
951062610,control,791319847,769360779,VIP,951062587.0,46,0,1,0.0,0.021739130434782608,,,-0.0303542170406073,-0.0303542170406073,0.012577208669418003,0.727973199329983,12.699319743853653,75,7.507246376811594,3,5,3,6,6,3,1,5,1,4,False,-0.042931425710025305,-0.009511130937255778
951064825,control,791319847,769360779,VIP,951064902.0,27,0,1,0.0,0.037037037037037035,,,-0.024171566477168088,-0.024171566477168088,-0.024171566477168088,0.631825795644891,3.9326772906359304,75,2.8115942028985508,0,3,2,1,1,0,0,2,1,2,False,0.0,-0.006383660956167844
951064843,control,791319847,769360779,VIP,951064902.0,26,0,0,0.0,0.0,,,0.006482054198025161,0.006482054198025161,0.006482054198025161,0.741708542713568,4.496179515302608,75,3.36231884057971,1,0,1,0,2,5,2,2,0,1,False,0.0,-0.008087995460822847
951064902,driven,791319847,769360779,VIP,,26,0,1,0.0,0.038461538461538464,4.9646637314697255,2.2739828914413147,0.794572615580006,0.9559798461957155,0.6038186157614401,0.549413735343384,4.844225007008497,75,9.44927536231884,32,15,25,30,22,32,28,33,25,26,False,0.3521612304342754,0.30686804702287807
951073237,driven,791319847,769360779,VIP,,38,0,0,0.0,0.0,3.5697310861095906,0.6902077127359936,0.8701862879612658,1.0,0.6105588638837974,0.549413735343384,11.290564182186959,75,11.391304347826088,37,33,41,47,42,37,46,49,44,44,True,0.38944113611620257,0.5180187746697789
951073305,control,791319847,769360779,VIP,951073237.0,46,0,1,0.0,0.021739130434782608,,,0.03286741588033204,-0.02664843545010906,0.15189911854121424,0.233500837520938,9.73106782932792,75,11.304347826086957,5,17,10,8,5,7,7,12,7,7,False,-0.1785475539913233,0.02941023128796898
951083086,control,794812542,774672366,SST,951083173.0,107,1,1,0.009345794392523364,0.009345794392523364,,,-0.014583896232682095,-0.042380715307550096,0.04100974191705391,0.535678391959799,6.6964508969194805,75,5.188405797101449,1,3,4,5,6,4,5,5,5,3,False,-0.083390457224604,0.014602763795929308
951083093,control,794812542,774672366,SST,951083173.0,109,0,0,0.0,0.0,,,-0.06213332328334221,-0.10638887842014813,-0.06213332328334221,0.549413735343383,6.014642900763442,75,11.826086956521738,8,7,9,2,6,9,8,5,4,7,False,-0.04425555513680592,-0.003962156052210813
951083143,control,794812542,774672366,SST,951083173.0,108,1,3,0.009259259259259259,0.027777777777777776,,,-0.022140403891391266,-0.008138480550413303,-0.008138480550413303,0.480737018425461,7.760276941172997,75,5.855072463768116,4,2,5,2,2,1,1,3,4,3,False,0.0,-0.01022855298597605
951083162,control,794812542,774672366,SST,951083231.0,107,2,0,0.018691588785046728,0.0,,,0.018502743552193862,-0.03923238918003003,0.13397300901664166,0.535678391959799,8.939307979751874,75,10.202898550724637,3,9,5,5,4,6,3,7,4,3,False,-0.1732053981966717,-0.014157145409019972
951083173,driven,794812542,774672366,SST,,107,15,2,0.14018691588785046,0.018691588785046728,4.6317479851381815,1.8828878841947079,0.7132725159993286,1.0,0.1850903086296706,0.260971524288107,7.380828521201734,75,13.565217391304348,20,26,25,23,26,23,27,26,22,21,False,0.8149096913703294,0.24056601306082728
951083178,control,794812542,774672366,SST,951083231.0,107,0,3,0.0,0.028037383177570093,,,-0.004990554546623583,0.009366453375471043,-0.03370457039081282,0.604355108877722,7.242925145094797,75,8.347826086956522,5,2,3,8,6,3,4,5,4,4,False,0.04307102376628387,-0.006344682424086824
951083181,control_relaxed,794812542,774672366,SST,951083371.0,107,1,3,0.009345794392523364,0.028037383177570093,,,-0.030039921889505713,-0.08807034002412575,-0.044547526423160726,0.714237855946399,4.941823158068169,75,10.376811594202898,4,5,3,3,5,4,1,1,3,2,False,-0.04352281360096503,-0.04164651001174978
951083191,control_relaxed,794812542,774672366,SST,951083371.0,108,0,4,0.0,0.037037037037037035,,,-0.039348958840508874,-0.06782427278134474,0.01760166904116284,0.563149078726968,6.463043008788174,75,7.507246376811594,4,4,2,5,7,5,9,4,6,1,False,-0.08542594182250758,0.00464751045036352
951083206,driven,794812542,774672366,SST,,107,21,5,0.19626168224299065,0.04672897196261682,3.828596747005324,0.9159150949183295,0.6679227608771183,1.0,0.049051542511748036,0.219765494137353,28.054771610674365,75,20.0,33,26,29,30,30,21,28,30,29,30,True,0.950948457488252,0.2739879411464
951083212,control,794812542,774672366,SST,951083231.0,107,0,1,0.0,0.009345794392523364,,,-0.001733266567257102,0.012577208669418003,0.012577208669418003,0.563149078726968,9.083635426174352,75,8.869565217391305,3,4,5,5,5,4,5,4,5,2,False,0.0,-0.013416614669912692
951083215,control_relaxed,794812542,774672366,SST,951083393.0,107,3,1,0.028037383177570093,0.009345794392523364,,,-0.041659651230060185,-0.22069490378522677,0.12109966927463675,0.68676716917923,12.122220685425038,75,22.840579710144926,11,6,11,8,6,10,9,8,5,11,False,-0.3417945730598635,-0.0644289645118759
951083225,control,794812542,774672366,SST,951083326.0,107,1,2,0.009345794392523364,0.018691588785046728,,,-0.02547103774470114,-0.010821451491205406,-0.09871896901217979,0.590619765494137,8.89433948754309,75,11.18840579710145,3,5,5,2,6,2,4,3,6,5,False,0.08789751752097438,-0.03384986406314687
951083228,control_relaxed,794812542,774672366,SST,951083408.0,107,1,2,0.009345794392523364,0.018691588785046728,,,0.00740315084848855,-0.0339550511994911,0.09011955494444783,0.576884422110553,3.5332386735473085,75,4.434782608695652,3,3,1,3,3,2,0,3,3,2,False,-0.12407460614393892,-0.004340926516412591
951083231,driven,794812542,774672366,SST,,107,3,1,0.028037383177570093,0.009345794392523364,4.9396773420099365,1.4787025295066514,0.6627047441297278,0.9578380930162159,0.1145999533405353,0.274706867671692,7.593251112968942,75,5.884057971014493,11,23,12,19,11,12,11,13,17,17,True,0.8432381396756806,0.15585124070415973
951083248,control,794812542,774672366,SST,951083343.0,106,0,1,0.0,0.009433962264150943,,,-0.0817809336561184,-0.0817809336561184,-0.0817809336561184,0.631825795644891,7.924733141250836,75,10.405797101449275,7,3,2,6,7,5,4,3,6,3,False,0.0,-0.020151888433710952
951083252,control,794812542,774672366,SST,951083326.0,106,0,1,0.0,0.009433962264150943,,,-0.033389253261254595,-0.04794403147620185,-0.004279696831360102,0.645561139028476,8.28233972214926,75,11.333333333333334,6,5,9,4,3,6,5,6,6,10,False,-0.04366433464484175,-0.007311658317038483
951083256,control_relaxed,794812542,774672366,SST,951083371.0,106,1,2,0.009433962264150943,0.018867924528301886,,,-0.01825151615028321,-0.01825151615028321,-0.01825151615028321,0.563149078726968,4.907989721072989,75,1.4202898550724639,0,1,0,1,0,1,1,1,1,1,False,0.0,-0.0019871287567101645
951083278,control,794812542,774672366,SST,951083297.0,107,0,0,0.0,0.0,,,0.013441716506163862,-0.00045347058529862183,-0.00045347058529862183,0.563149078726968,7.4227991139299325,75,5.942028985507246,2,0,1,0,5,0,2,2,1,5,False,0.0,-0.02351577552748299
951083281,control,794812542,774672366,SST,951083206.0,107,2,4,0.018691588785046728,0.037383177570093455,,,0.020204449295610508,0.03626667143830542,-0.060106661417864055,0.535678391959799,25.409339454734763,75,24.28985507246377,18,11,11,12,12,5,7,13,13,17,False,0.09637333285616947,-0.02178540744734426
951083283,control,794812542,774672366,SST,951083206.0,107,7,1,0.06542056074766354,0.009345794392523364,,,-0.1259863218807546,-0.228348714779005,-0.023623928982504157,0.206030150753769,24.15921537133057,75,28.028985507246375,12,13,26,12,10,14,11,18,19,12,False,-0.20472478579650086,-0.006094369818713257
951083285,control,794812542,774672366,SST,951083297.0,107,1,2,0.009345794392523364,0.018691588785046728,,,-0.013455396480201899,-0.07055147515514286,0.015092642857268575,0.563149078726968,9.988572797956833,75,9.217391304347826,3,1,5,4,3,3,2,6,5,3,False,-0.08564411801241144,-0.026288058996000025
951083292,control,794812542,774672366,SST,951083397.0,104,0,1,0.0,0.009615384615384616,,,-0.039243197582890056,-0.039243197582890056,-0.039243197582890056,0.549413735343384,4.64117666730087,75,4.492753623188406,7,3,0,3,1,1,5,2,2,6,False,0.0,0.004868077847966175
951083297,driven,794812542,774672366,SST,,104,2,0,0.019230769230769232,0.0,5.451271445547863,1.1990751848813006,0.6156629884609676,0.9077591172306323,0.07759117230632233,0.343383584589615,9.23481521426674,75,18.579710144927535,27,34,23,22,23,29,24,26,22,16,False,0.83016794492431,0.22031029870312197
951083300,control_relaxed,794812542,774672366,SST,951083401.0,106,2,2,0.018867924528301886,0.018867924528301886,,,-0.09023461004261102,-0.17159540183683572,0.07248697354583837,0.604355108877722,15.147101261335903,75,23.884057971014492,13,15,10,11,9,10,9,12,14,7,False,-0.24408237538267408,-0.0330002514879877
951083309,control,794812542,774672366,SST,951083349.0,104,1,3,0.009615384615384616,0.028846153846153848,,,-0.013566734566588188,-0.027263582331001544,0.013826960962238519,0.563149078726968,5.523415657301774,75,2.782608695652174,2,2,3,2,0,2,2,0,1,2,False,-0.041090543293240064,-0.0006969343953737329
951083319,control,794812542,774672366,SST,951083349.0,103,2,3,0.019417475728155338,0.02912621359223301,,,0.03677530423060198,-0.0051040303680675025,0.03677530423060198,0.480737018425461,5.625344239641684,75,6.144927536231884,4,3,4,3,9,4,3,6,3,11,False,-0.04187933459866948,0.019638062182220705
951083326,driven,794812542,774672366,SST,,103,4,0,0.038834951456310676,0.0,3.8214552790224876,0.8663105266045315,0.5531132857468117,0.8659339857240436,0.15091524291894234,0.357118927973199,8.968858703203361,75,13.855072463768115,23,24,27,17,24,29,26,25,18,21,True,0.7150187428051012,0.23135485148451623
951083329,control,794812542,774672366,SST,951083343.0,103,0,2,0.0,0.019417475728155338,,,-0.03254461443925374,-0.046497920039784195,-0.046497920039784195,0.480737018425461,6.167107502918938,75,7.478260869565218,7,3,3,3,5,1,0,3,8,4,False,0.0,-0.009277068538365466
951083339,control_relaxed,794812542,774672366,SST,951083408.0,104,0,2,0.0,0.019230769230769232,,,0.018389928113529852,0.018389928113529852,0.018389928113529852,0.549413735343384,3.7208215267610925,75,3.9420289855072466,1,2,0,2,1,4,1,1,0,2,False,0.0,-0.01277404396484721
951083343,driven,794812542,774672366,SST,,106,4,3,0.03773584905660377,0.02830188679245283,4.868346804616994,1.7593479109218182,0.6067251894424992,0.9546221372433652,0.18319847038057532,0.233500837520938,7.887901804775069,75,14.231884057971014,22,26,19,21,23,20,25,23,19,27,False,0.7714236668627898,0.21558720383332758
951083349,driven,794812542,774672366,SST,,104,2,3,0.019230769230769232,0.028846153846153848,4.316918783267363,1.0580892110991282,0.3957459302658073,0.6115509551708761,0.1367799003797247,0.384589614740368,6.304582607671506,75,10.144927536231885,8,12,13,9,16,24,21,14,11,14,True,0.4747710547911514,0.12079650814617611
951083371,driven,794812542,774672366,SST,,107,1,3,0.009345794392523364,0.028037383177570093,5.459930504214041,1.8370410762023932,0.4345994123608095,0.5536311150216917,0.15189911854121424,0.398324958123953,7.323440159716239,75,12.782608695652174,25,31,25,21,25,29,26,24,16,16,False,0.40173199648047747,0.24382898035619593
951083379,control,794812542,774672366,SST,951083343.0,106,0,3,0.0,0.02830188679245283,,,-0.03995558496796024,-0.03995558496796024,0.003375897739038102,0.535678391959799,6.517861742147453,75,6.811594202898551,2,5,3,1,4,5,6,2,1,3,False,-0.043331482706998346,-0.010948618345571134
951083383,control,794812542,774672366,SST,951083349.0,106,1,6,0.009433962264150943,0.05660377358490566,,,-0.02064221542412298,-0.03443467779471924,-0.03443467779471924,0.576884422110553,4.950388585155556,75,4.173913043478261,3,3,2,2,2,2,2,2,5,1,False,0.0,-0.000868489561107378
951083393,driven,794812542,774672366,SST,,105,0,0,0.0,0.0,7.989353524333813,4.076893037301701,0.4324977980023851,0.327957918687035,0.327957918687035,0.343383584589615,11.75990311962855,75,13.768115942028986,27,32,30,30,25,30,30,30,30,34,False,0.0,0.3271589100678468
951083397,driven,794812542,774672366,SST,,105,2,3,0.01904761904761905,0.02857142857142857,4.754222238358509,1.8914832019068608,0.6682538470121238,0.9567287626537552,0.22111772776759478,0.288442211055276,5.601361043797,75,9.681159420289855,21,30,27,26,21,26,28,23,24,25,False,0.7356110348861604,0.28108908875795985
951083401,driven,794812542,774672366,SST,,107,2,2,0.018691588785046728,0.018691588785046728,4.467321351373974,1.4379641962859568,0.4616796780100148,0.6675080364179503,0.14502066507472947,0.357118927973199,12.585610290852697,75,19.420289855072465,27,27,33,33,38,30,27,30,27,31,True,0.5224873713432209,0.30382366306784514
951083408,driven,794812542,774672366,SST,,106,0,3,0.0,0.02830188679245283,4.4683171739456915,2.099435219019263,0.7511879229694813,0.8682759592191371,0.38528780968930676,0.439530988274707,5.210777568612134,75,12.202898550724637,34,43,33,37,36,41,38,42,33,34,False,0.4829881495298304,0.4428461208591824
951083462,control_relaxed,794812542,774672366,SST,951083393.0,72,1,1,0.013888888888888888,0.013888888888888888,,,-0.0711622022245419,-0.1341717435318679,-0.03965743157087892,0.1785594639866,11.587738035172062,75,18.08695652173913,12,3,6,4,12,6,5,10,7,4,False,-0.09451431196098897,-0.04936450939116923
951083517,driven,794812542,774672366,SST,,71,1,0,0.014084507042253521,0.0,3.9487338739264275,2.540430998748274,0.11400131518475828,0.2524386096871398,0.04478266793356753,0.686767169179229,3.3336642224111817,75,4.753623188405797,2,1,0,3,1,1,2,1,3,0,False,0.2076559417535723,-0.01937112975915434
951083529,control,794812542,774672366,SST,951083517.0,72,0,0,0.0,0.0,,,-0.009308014619499152,-0.05136251522864495,0.07480098659879245,0.631825795644891,3.3062548557315417,75,4.753623188405797,3,2,1,3,0,3,4,4,1,1,False,-0.1261635018274374,-0.008291008783511359
951083559,control,794812542,774672366,SST,951083517.0,82,1,0,0.012195121951219513,0.0,,,0.01280110469659107,0.02632437723499393,0.02632437723499393,0.714237855946399,3.333235951056812,75,1.681159420289855,1,0,0,0,1,1,1,0,1,0,False,0.0,-0.006783189532782598
951083573,driven,794812542,774672366,SST,,84,2,0,0.023809523809523808,0.0,3.312541673128678,1.2424685638074577,0.8398241060976934,1.0,0.5675250864637722,0.247236180904523,29.777707269302343,75,18.782608695652176,47,47,51,49,51,45,48,44,46,48,True,0.4324749135362278,0.5754324810244624
951083575,control,794812542,774672366,SST,951083517.0,84,0,2,0.0,0.023809523809523808,,,0.0015956589559938646,-0.011896291598654869,0.02857956006529133,0.700502512562814,3.199187017139199,75,2.1159420289855073,0,0,1,2,0,0,1,1,3,1,False,-0.0404758516639462,-0.00486675938715791
951083670,control_relaxed,794812542,774672366,SST,951083573.0,94,0,3,0.0,0.031914893617021274,,,-0.03862618490661418,-0.06708169682186389,-0.06708169682186389,0.618090452261307,16.003643970074645,75,7.7101449275362315,3,5,1,4,10,5,8,5,6,3,False,0.0,0.007285046529811122
951083681,control_relaxed,794812542,774672366,SST,951083573.0,96,10,1,0.10416666666666667,0.010416666666666666,,,-0.12988888918730154,-0.1935446012541918,-0.09806103315385643,0.233500837520938,43.59802387480194,75,17.36231884057971,4,2,5,10,11,13,16,7,15,9,False,-0.09548356810033536,-0.008062604661423703
951083686,control,794812542,774672366,SST,951083778.0,98,0,1,0.0,0.01020408163265306,,,-0.04165583305909013,-0.04165583305909013,-0.04165583305909013,0.686767169179229,3.5242449751055513,75,4.782608695652174,0,0,1,2,2,1,0,2,3,3,False,0.0,-0.019607533081322938
951083703,control,794812542,774672366,SST,951083801.0,97,0,0,0.0,0.0,,,-0.021352474418033666,-0.035154534883142234,0.0062516465121834576,0.618090452261307,2.698966075235774,75,5.130434782608695,1,1,0,1,3,0,2,2,2,1,False,-0.04140618139532569,-0.023837849437433924
951083709,driven,794812542,774672366,SST,,97,0,1,0.0,0.010309278350515464,2.329469339847896,0.2927307884512016,0.13089053028539602,0.30742839132117494,-0.018487659821801547,0.65929648241206,1.5798930262686086,75,1.826086956521739,6,4,6,2,7,2,3,4,7,6,True,0.3259160511429765,0.048872940414638646
951083720,control,794812542,774672366,SST,951083709.0,97,2,1,0.020618556701030927,0.010309278350515464,,,-0.010515945590805847,-0.024171566477168088,0.016795296181918634,0.68676716917923,1.7614800805212216,75,3.246376811594203,2,1,0,1,1,1,0,1,1,2,False,-0.04096686265908672,-0.01262705055969609
951083760,control,794812542,774672366,SST,951083804.0,89,7,0,0.07865168539325842,0.0,,,-0.033348220817886916,-0.10715880801916455,0.06998660126390178,0.288442211055276,13.28369259847477,75,12.115942028985508,2,3,5,8,4,2,8,3,6,3,False,-0.17714540928306632,-0.03714274037445354
951083769,control,794812542,774672366,SST,951083876.0,85,0,1,0.0,0.011764705882352941,,,0.020326492819673848,-0.0065138772400611155,-0.0065138772400611155,0.824120603015075,0.9584712910786516,75,1.1014492753623188,0,1,1,0,1,0,2,0,0,1,False,0.0,-0.0007797263342872744
951083778,driven,794812542,774672366,SST,,89,0,1,0.0,0.011235955056179775,5.25954371957807,1.5018440513884048,0.20244503357374546,0.38120735363480257,-0.03132107727532913,0.741708542713568,2.939226305036991,75,3.36231884057971,3,9,8,7,6,7,7,5,4,6,False,0.4125284309101317,0.05765687380836125
951083784,control,794812542,774672366,SST,951083778.0,89,0,2,0.0,0.02247191011235955,,,0.0052930206424603,-0.008148965565074022,0.03217699305752894,0.700502512562814,2.2826863187887456,75,1.3333333333333333,0,0,0,0,0,1,1,1,1,2,False,-0.040325958622602964,-0.0026379683007625265
951083789,control,794812542,774672366,SST,951083709.0,85,0,1,0.0,0.011764705882352941,,,-0.033715321302304105,-0.033715321302304105,-0.033715321302304105,0.796649916247906,1.8745437180747355,75,3.536231884057971,1,1,0,0,1,0,2,2,3,1,False,0.0,-0.013606304069852141
951083797,control,794812542,774672366,SST,951083801.0,85,0,1,0.0,0.011764705882352941,,,-0.005373976650838878,-0.01896011147044481,0.021798292988372985,0.700502512562814,2.0638396567059973,75,1.7971014492753623,0,0,1,2,0,0,1,0,0,0,False,-0.040758404458817794,-0.009070091505587283
951083801,driven,794812542,774672366,SST,,85,1,2,0.011764705882352941,0.023529411764705882,5.70748271475736,3.3648345384400735,0.0867923640057432,0.07336283994700411,0.07336283994700411,0.782914572864322,2.3756212026868995,75,1.3623188405797102,6,6,4,3,1,2,3,5,3,4,False,0.0,0.03891577943950988
951083804,driven,794812542,774672366,SST,,82,18,3,0.21951219512195122,0.036585365853658534,2.2471474039827264,0.25036878061558965,0.16347710946074578,0.40450912876866646,-0.06337655577023844,0.288442211055276,11.667824778439135,75,8.347826086956522,9,6,8,4,7,4,7,2,3,3,True,0.4678856845389049,0.006484074150724481
951083821,control,794812542,774672366,SST,951083876.0,79,0,0,0.0,0.0,,,-0.0009279665266424473,-0.0009279665266424473,-0.0009279665266424473,0.453266331658292,1.2938077615498689,75,0.14492753623188406,0,0,0,0,0,0,1,0,0,0,False,0.0,0.00017478744617569218
951083857,control,794812542,774672366,SST,951083801.0,74,0,1,0.0,0.013513513513513514,,,-0.01166167618315178,-0.01166167618315178,-0.01166167618315178,0.741708542713568,2.767061220580504,75,1.536231884057971,1,2,1,0,1,1,0,2,1,1,False,0.0,0.001132523470364688
951083876,driven,794812542,774672366,SST,,74,2,0,0.02702702702702703,0.0,3.809354421877141,1.7366103569156932,0.9865111776508914,1.0,0.9595335329526739,0.357118927973199,1.2355628573556345,75,0.7246376811594203,38,41,39,44,40,42,40,43,45,45,False,0.04046646704732615,0.5534186119014342
951083886,control,794812542,774672366,SST,951083896.0,72,0,1,0.0,0.013888888888888888,,,-0.0060471964197508325,-0.0060471964197508325,-0.0060471964197508325,0.727973199329983,0.41285358561207336,75,0.8985507246376812,0,0,0,0,1,0,0,1,0,0,False,0.0,-0.004528399593682498
951083896,driven,794812542,774672366,SST,,72,0,0,0.0,0.0,6.574287979652895,2.0742354754470864,0.1568776897306605,0.11672900828926336,-0.0037170360349279923,0.673031825795645,0.35418041006346956,75,0.4927536231884058,1,0,5,1,0,3,3,1,1,2,False,0.12044604432419136,0.018806386669273534
951084068,control,794812542,774672366,SST,951083326.0,107,1,1,0.009345794392523364,0.009345794392523364,,,-0.025349036400999246,0.017373840115709055,-0.025349036400999246,0.618090452261307,9.72561418637404,75,8.202898550724637,5,3,1,4,5,3,1,2,4,2,False,0.0427228765167083,-0.025111301870090953
951084073,control,794812542,774672366,SST,951083297.0,106,1,1,0.009433962264150943,0.009433962264150943,,,-0.011536939646361212,0.0029135880628725222,-0.040437995064828675,0.576884422110553,7.80567370473615,75,11.420289855072463,3,3,7,6,5,3,7,0,3,4,False,0.043351583127701196,-0.03576951046872877
951084075,control_relaxed,794812542,774672366,SST,951083408.0,106,2,0,0.018867924528301886,0.0,,,-0.00467482926827943,0.02247854449572812,-0.01825151615028321,0.618090452261306,3.1255243441876672,75,3.246376811594203,1,2,0,1,2,2,0,1,0,0,False,0.040730060646011326,-0.013995465492884867
951084081,control_relaxed,794812542,774672366,SST,951083393.0,72,0,1,0.0,0.013888888888888888,,,-0.030517732351490356,-0.08857506938537714,-0.0014890638345469672,0.315912897822446,10.019408335471427,75,10.956521739130435,7,7,6,3,5,7,10,8,9,1,False,-0.08708600555083017,8.673663312407237e-05
951084112,control,794812542,774672366,SST,951083709.0,95,0,0,0.0,0.0,,,-0.009084494058987662,-0.009084494058987662,-0.009084494058987662,0.549413735343384,1.459120504336446,75,0.4057971014492754,0,0,0,0,1,0,0,0,0,0,False,0.0,-0.0019139831303342277
951084130,control,794812542,774672366,SST,951083778.0,98,2,0,0.02040816326530612,0.0,,,0.028463975425559722,0.08398031968695631,-0.040931454901186014,0.631825795644891,3.636880341304696,75,4.63768115942029,3,0,2,3,3,4,1,1,1,1,False,0.12491177458814232,-0.011507409132251945
951084156,control,794812542,774672366,SST,951083876.0,85,0,2,0.0,0.023529411764705882,,,0.029705191967004007,-0.01072375836770416,0.029705191967004007,0.782914572864322,1.379462032423743,75,1.7391304347826086,0,0,0,0,4,0,0,3,5,2,False,-0.04042895033470817,0.004917911601179116
951084229,control,794812542,774672366,SST,951083896.0,55,0,0,0.0,0.0,,,-0.001160092677394167,-0.001160092677394167,-0.001160092677394167,0.782914572864322,0.289939706908064,75,0.028985507246376812,1,0,0,0,0,0,0,0,0,0,False,0.0,0.0011017316027695091
951084720,control_relaxed,794812542,774672366,SST,951084769.0,45,4,3,0.08888888888888889,0.06666666666666667,,,-0.049684899215224,-0.021315037074272004,-0.06386983028570001,0.206030150753769,18.188684420067172,75,6.231884057971015,3,5,2,0,5,2,4,2,3,2,False,0.04255479321142801,-0.01187698264601377
951084733,driven,794812542,774672366,SST,,46,0,0,0.0,0.0,7.172017319842429,0.896262616029722,0.34134267583081834,0.9193480827547941,-0.008148965565074022,0.192294807370184,0.5344826502529746,75,0.8405797101449275,1,3,0,1,1,0,0,1,2,2,False,0.9274970483198681,0.008018328224782267
951084769,driven,794812542,774672366,SST,,47,4,7,0.0851063829787234,0.14893617021276595,7.227224441342995,2.511775061916875,0.29380311738095133,0.4933804972515521,-0.013239005496895941,0.315912897822446,17.22550214409046,75,18.318840579710145,11,10,9,8,5,9,8,7,7,13,False,0.506619502748448,-0.023524955459301788
951084790,control_relaxed,794812542,774672366,SST,951084769.0,38,0,0,0.0,0.0,,,-0.04891648845920659,-0.09262134214500686,0.038493218912393955,0.247236180904523,9.907201240626652,75,9.478260869565217,6,4,4,9,4,9,4,4,9,4,False,-0.13111456105740082,0.0032119509971478438
951085504,control_relaxed,831882777,803390291,SST,951085818.0,37,13,6,0.35135135135135137,0.16216216216216217,,,0.024123183984099263,0.07291702478489427,-0.024670656816695787,0.219765494137353,34.67584450771996,75,26.985507246376812,15,13,20,13,14,11,17,13,10,11,False,0.09758768160159006,-0.01427674031582563
951085725,control,831882777,803390291,SST,951085849.0,39,2,0,0.05128205128205128,0.0,,,0.017819725308037552,0.003375897739038102,0.04670738044603644,0.631825795644891,8.591122813304956,75,10.434782608695652,6,6,5,8,8,8,3,7,6,5,False,-0.04333148270699833,0.0028021742872373864
951085802,control,831882777,803390291,SST,951085837.0,38,9,2,0.23684210526315788,0.05263157894736842,,,-0.0369487336303998,-0.06657584030555408,0.022305479719908754,0.15108877721943,17.1218593695473,75,14.434782608695652,8,12,12,5,6,7,9,6,6,13,False,-0.08888132002546284,0.003299818711890263
951085818,driven,831882777,803390291,SST,,38,3,2,0.07894736842105263,0.05263157894736842,8.026636913394546,2.4489169613292923,0.31773829145608007,0.6743750936494928,-0.02339256281587993,0.357118927973199,23.246139341145547,75,20.608695652173914,18,16,12,16,14,17,18,12,9,16,False,0.6977676564653728,0.05346392599353741
951085828,control,831882777,803390291,SST,951085849.0,38,2,0,0.05263157894736842,0.0,,,0.02531650237470356,0.11007158912472934,-0.017061041000309328,0.1785594639866,9.802702396497365,75,7.565217391304348,6,5,7,3,3,5,5,1,5,9,False,0.12713263012503867,0.007018832491784534
951085837,driven,831882777,803390291,SST,,39,1,0,0.02564102564102564,0.0,6.6188032112058846,1.3803891161096395,0.4517714157788865,0.5999413034062144,0.02207874165963536,0.467001675041876,18.57112953904999,75,13.53623188405797,7,15,13,11,14,14,8,13,15,15,False,0.5778625617465791,0.07135774618345518
951085849,driven,831882777,803390291,SST,,39,8,0,0.20512820512820512,0.0,9.0,2.0750575923316785,0.24684803714081935,0.4248657738166257,0.05513662841302793,0.260971524288107,8.472491655813158,75,3.652173913043478,5,6,1,3,5,5,11,7,5,6,False,0.3697291454035978,0.04448627852951141
951085943,driven,797828357,776061251,PV,,58,2,2,0.034482758620689655,0.034482758620689655,5.288966704047801,2.8688402596216545,0.5441331931567349,0.7170481888559045,0.24546183694907855,0.247236180904523,18.859963364617162,75,21.536231884057973,13,19,13,11,16,13,11,18,10,20,False,0.47158635190682596,0.04007811285549129
951085967,control,797828357,776061251,PV,951085943.0,58,0,1,0.0,0.017241379310344827,,,-0.11862668898385927,-0.10330303571010777,-0.10330303571010777,0.645561139028476,15.173522017329772,75,17.971014492753625,6,18,8,8,6,5,8,7,13,6,False,0.0,-0.023759821784205923
951085972,control_relaxed,797828357,776061251,PV,951086157.0,58,0,1,0.0,0.017241379310344827,,,-0.05317224666890889,-0.05317224666890889,-0.05317224666890889,0.673031825795645,12.448349255141084,75,18.202898550724637,10,6,8,7,7,4,10,8,12,4,False,0.0,-0.03954185576109861
951086016,control,831882777,803390291,SST,951086270.0,57,0,0,0.0,0.0,,,-0.016232094355916327,-0.0023111067619996646,-0.0023111067619996646,0.851591289782245,8.22366601500906,75,6.086956521739131,2,4,3,4,1,1,2,0,1,2,False,0.0,-0.02190341330495219
951086019,control,797828357,776061251,PV,951085943.0,58,1,1,0.017241379310344827,0.017241379310344827,,,-0.17748218690260822,-0.15990782590406186,-0.21263090889970102,0.425795644891122,14.149905141407753,75,31.18840579710145,19,18,15,29,12,17,14,21,8,18,False,0.05272308299563916,0.009220708706032216
951086091,control_relaxed,797828357,776061251,PV,951086157.0,58,0,5,0.0,0.08620689655172414,,,-0.06472360942559917,-0.17432751039588143,0.013564891267459593,0.576884422110553,13.564304738991302,75,19.333333333333332,3,4,10,10,8,7,5,7,8,14,False,-0.18789240166334104,-0.04898556757382934
951086102,control_relaxed,797828357,776061251,PV,951086268.0,58,0,1,0.0,0.017241379310344827,,,-0.12539124429252016,-0.15622388112245222,-0.15622388112245222,0.618090452261307,10.8564947919686,75,16.3768115942029,6,6,4,8,2,7,9,6,4,4,False,0.0,-0.05486547476867835
951086106,control_relaxed,797828357,776061251,PV,951086268.0,58,1,2,0.017241379310344827,0.034482758620689655,,,-0.05513316296841462,-0.08404092085796024,-0.04067928402364182,0.576884422110553,9.19913516248808,75,10.289855072463768,7,2,5,2,2,2,5,5,2,4,False,-0.043361636834318415,-0.033683458654732316
951086110,control,797828357,776061251,PV,951086211.0,58,1,0,0.017241379310344827,0.0,,,-0.05440445865878537,-0.11642825034459628,-0.02339256281587993,0.604355108877722,14.025997778632304,75,19.652173913043477,6,7,7,11,6,4,6,12,4,5,False,-0.09303568752871635,-0.06414732280498407
951086118,control,831882777,803390291,SST,951086326.0,58,1,0,0.017241379310344827,0.0,,,-0.008873818248386315,-0.02514597660723126,0.07248697354583837,0.467001675041876,10.744042772551417,75,23.73913043478261,10,20,14,17,10,20,16,18,9,15,False,-0.09763295015306964,0.031072247327860448
951086142,control,797828357,776061251,PV,951086211.0,56,1,2,0.017857142857142856,0.03571428571428571,,,-0.07289169453639885,-0.07289169453639885,-0.11953915951624228,0.549413735343383,12.719051327956235,75,19.82608695652174,4,11,10,6,7,4,9,5,5,5,False,0.04664746497984343,-0.06875391748415809
951086147,control_relaxed,797828357,776061251,PV,951086314.0,54,0,2,0.0,0.037037037037037035,,,-0.01340306977078662,-0.10152507583781155,0.07471893629623831,0.645561139028476,6.919081843645589,75,10.81159420289855,6,5,2,0,3,5,6,3,3,2,False,-0.17624401213404986,-0.03946077153922721
951086157,driven,797828357,776061251,PV,,54,13,1,0.24074074074074073,0.018518518518518517,4.397769671249252,1.8593644921479116,0.6215514160817461,0.9506371412280538,0.06210568333302294,0.260971524288107,23.75469880368297,75,26.115942028985508,27,26,20,18,11,24,16,22,21,23,False,0.8885314578950309,0.10941761835560695
951086165,control_relaxed,797828357,776061251,PV,951086314.0,54,1,1,0.018518518518518517,0.018518518518518517,,,-0.02750181599930568,-0.02750181599930568,-0.02750181599930568,0.645561139028476,4.664283528680898,75,3.7971014492753623,4,2,3,3,0,0,0,2,2,0,False,0.0,-0.0088515792548368
951086184,control_relaxed,797828357,776061251,PV,951086314.0,54,0,3,0.0,0.05555555555555555,,,-0.015054537020363225,-0.0011496803488514004,-0.042864250363386876,0.741708542713568,4.116565632081144,75,4.579710144927536,1,4,4,3,3,3,2,4,1,0,False,0.041714570014535476,-0.002739876102313353
951086189,control,831882777,803390291,SST,951086270.0,61,2,0,0.03278688524590164,0.0,,,0.0698534100507746,0.15441219095524966,-0.014705370853700429,0.576884422110553,7.620231715709625,75,5.130434782608695,6,13,2,7,2,3,1,2,8,3,False,0.1691175618089501,0.02339483289753589
951086202,control_relaxed,797828357,776061251,PV,951086268.0,52,0,3,0.0,0.057692307692307696,,,0.013709620981789006,0.027799483539192024,-0.01447010413301702,0.755443886097153,9.355400498981957,75,5.507246376811594,2,5,2,6,3,8,1,5,2,4,False,0.04226958767220904,0.007905906725180566
951086211,driven,797828357,776061251,PV,,51,9,1,0.17647058823529413,0.0196078431372549,4.192334306254816,2.2935066504671284,0.4253200447768161,0.8706970100747836,-0.03442391940173103,0.260971524288107,13.343323455060565,75,8.666666666666666,18,12,6,16,12,17,10,13,13,6,False,0.9051209294765147,0.1039807058272441
951086268,driven,797828357,776061251,PV,,46,3,0,0.06521739130434782,0.0,5.523818802120107,1.6029145206662674,0.5678892425315879,1.0,0.006145257822652127,0.260971524288107,17.955518538243503,75,10.144927536231885,11,21,7,20,10,20,5,17,6,18,False,0.9938547421773479,0.11067409952285905
951086270,driven,831882777,803390291,SST,,61,1,1,0.01639344262295082,0.01639344262295082,4.7996593206317995,1.210310752824875,0.2535637689084439,0.3413797960956858,-0.009884312653281773,0.467001675041876,8.280197830131506,75,11.391304347826088,26,26,24,28,26,27,28,24,29,26,True,0.3512641087489676,0.29017310451367434
951086276,control,797828357,776061251,PV,951086211.0,43,0,0,0.0,0.0,,,-0.01176463053628748,0.002095158923113717,0.002095158923113717,0.673031825795645,11.044328883309728,75,4.811594202898551,1,7,3,1,4,4,2,3,2,5,False,0.0,0.0050978455139799195
951086304,driven,797828357,776061251,PV,,40,1,3,0.025,0.075,5.508403177271834,1.9116929084262662,0.4856584426772154,0.7428292213386077,0.09990227468512693,0.260971524288107,19.966448222013206,75,8.753623188405797,6,17,3,19,8,18,8,14,8,15,False,0.6429269466534808,0.09334680469120274
951086314,driven,797828357,776061251,PV,,40,4,1,0.1,0.025,4.574110729034269,1.6624803747199741,0.5142319877127799,0.7918137090197629,0.04234306149090887,0.260971524288107,7.495211619607866,75,6.63768115942029,7,14,7,11,7,16,5,7,10,15,False,0.7494706475288541,0.08466221239128299
951086326,driven,831882777,803390291,SST,,61,0,0,0.0,0.0,4.149044369303851,1.0074410419860342,0.4769799181749754,0.7879648316925576,0.024638225785764942,0.467001675041876,10.992011870702143,75,7.159420289855072,18,15,8,12,11,16,8,11,13,8,True,0.7633266059067927,0.11048421385867087
951086380,driven,797828357,776061251,PV,,37,0,0,0.0,0.0,4.198884960653156,1.906947012319018,0.6301760623182932,1.0,0.023664804520294135,0.233500837520938,13.91866401215166,75,12.173913043478262,19,26,14,31,19,27,16,23,16,25,False,0.9763351954797058,0.21516836602967365
951086580,driven,831882777,803390291,SST,,60,0,1,0.0,0.016666666666666666,4.474010287646469,1.6366037227367518,0.7832923412394601,1.0,0.34987702371838014,0.370854271356784,3.9974845632795843,75,9.884057971014492,41,36,35,35,33,36,30,34,35,29,False,0.6501229762816199,0.4141242737613443
951086712,control,831882777,803390291,SST,951086580.0,57,0,2,0.0,0.03508771929824561,,,0.012336435851530285,-0.058210961587646125,0.02644591533936557,0.590619765494137,3.6283146796769485,75,7.478260869565218,5,6,1,7,4,2,4,4,7,4,False,-0.0846568769270117,0.0006316824851528508
951086811,driven,797828357,776061251,PV,,13,0,0,0.0,0.0,0.0,4.612109392596107,0.22429175984602995,0.5609198640637905,0.07793171453396013,0.453266331658292,5.963337790645155,75,11.91304347826087,29,28,31,27,23,25,22,28,26,26,False,0.4829881495298303,0.2886708151350897
951086824,control_relaxed,797828357,776061251,PV,951086811.0,13,0,0,0.0,0.0,,,-0.016391021796569354,0.01107900581955414,-0.030126035604631108,0.453266331658292,3.3675969233301846,75,3.3043478260869565,1,1,1,1,2,1,2,2,3,0,False,0.04120504142418525,-0.0076205847839263315
951086853,control,831882777,803390291,SST,951086326.0,57,6,2,0.10526315789473684,0.03508771929824561,,,0.026411460498732647,-0.046244400658078354,-0.0026508839639917564,0.343383584589615,12.511518537781205,75,9.217391304347826,4,5,4,8,2,7,2,8,2,4,False,-0.0435935166940866,-0.010499011934523099
951086935,control,831882777,803390291,SST,951086580.0,58,1,0,0.017241379310344827,0.0,,,-0.012392265712484682,-0.02607324227616691,-0.02607324227616691,0.65929648241206,3.486985141870835,75,3.8260869565217392,4,5,1,2,5,4,2,3,4,5,False,0.0,0.01703519996001995
951086950,control_relaxed,797828357,776061251,PV,951086811.0,20,0,0,0.0,0.0,,,-0.004209001142040785,0.022931782672608966,-0.017779393049365662,0.164824120603015,5.2325211159313625,75,1.9420289855072463,1,0,4,3,1,0,1,5,5,3,False,0.04071117572197463,0.01548928485025916
951086967,driven,794812542,774672366,SST,,59,3,1,0.05084745762711865,0.01694915254237288,4.579558467156461,1.232041909242118,0.5674247907978172,1.0,0.08678566946205851,0.288442211055276,27.49373613645049,75,21.73913043478261,20,24,16,27,25,23,18,11,26,19,True,0.9132143305379414,0.14164789441372258
951087017,control,831882777,803390291,SST,951087135.0,58,0,0,0.0,0.0,,,0.010479329762990751,-0.01905860069184535,-0.0633654963740995,0.590619765494137,4.495135844887778,75,12.927536231884059,6,8,3,5,4,12,7,12,12,4,False,0.04430689568225414,-0.0010188749377631312
951087087,control_relaxed,794812542,774672366,SST,951086967.0,62,2,4,0.03225806451612903,0.06451612903225806,,,-0.07094114772771404,-0.15086212890142403,-0.007004362788746038,0.274706867671692,14.619899224107208,75,22.115942028985508,10,4,11,9,14,7,12,8,10,12,False,-0.143857766112678,-0.039179499491982975
951087135,driven,831882777,803390291,SST,,58,3,0,0.05172413793103448,0.0,4.242063101306496,1.617275416625433,0.8001637246377067,1.0,0.40049117391312,0.412060301507538,4.55637864460376,75,8.695652173913043,39,37,37,30,36,36,38,32,34,27,False,0.5995088260868799,0.42252672295841265
951087323,control_relaxed,794812542,774672366,SST,951086967.0,71,10,3,0.14084507042253522,0.04225352112676056,,,-0.12021804168407764,-0.10349836942013618,-0.10349836942013618,0.233500837520938,30.300626592987346,75,24.81159420289855,12,9,11,12,13,18,14,15,18,16,False,0.0,0.004836436986266037
951087364,control,794812542,774672366,SST,951087437.0,72,0,0,0.0,0.0,,,-0.011192608531335413,-0.011192608531335413,-0.011192608531335413,0.549413735343384,0.9931612707825707,75,0.7246376811594203,0,0,0,0,0,1,0,0,2,0,False,0.0,-0.0017906814102961479
951087386,control,831882777,803390291,SST,951087135.0,56,0,1,0.0,0.017857142857142856,,,-0.018042155607008784,-0.03179948203413053,-0.03179948203413053,0.618090452261307,4.281000181545181,75,3.5652173913043477,2,3,1,4,4,3,3,1,2,4,False,0.0,0.008109186946133974
951087429,driven,794812542,774672366,SST,,77,3,0,0.03896103896103896,0.0,4.936881688992894,1.0593902379473292,0.5338750286575855,0.9588713260580222,0.09516917327648962,0.247236180904523,2.196603776560502,75,1.6521739130434783,1,7,2,10,5,4,4,0,6,1,True,0.8637021527815325,0.040737812973231466
951087437,driven,794812542,774672366,SST,,77,0,0,0.0,0.0,4.580604720789996,1.0552278787236262,0.6334936389511375,0.915421608988724,0.1119268943816026,0.604355108877722,1.2180037318264902,75,5.36231884057971,16,25,21,17,9,9,8,8,9,7,True,0.8034947146071214,0.13570710939892738
951087445,control,794812542,774672366,SST,951087429.0,77,1,0,0.012987012987012988,0.0,,,-0.0073168061603356,0.006482054198025161,0.006482054198025161,0.700502512562814,1.773471678443564,75,4.2898550724637685,0,2,1,3,1,2,5,1,4,2,False,0.0,-0.0059369201244995244
951087454,driven,794812542,774672366,SST,,79,2,0,0.02531645569620253,0.0,4.977809593204291,2.069232947199805,0.5634781821059455,0.9096851411253681,0.09685141125368042,0.480737018425461,2.513952850148206,75,15.27536231884058,21,15,9,17,13,13,12,13,19,11,False,0.8128337298716877,0.0854668083233447
951087462,control,794812542,774672366,SST,951087437.0,79,0,1,0.0,0.012658227848101266,,,-0.009786710101681369,-0.009786710101681369,-0.009786710101681369,0.576884422110553,1.30665590218095,75,0.4927536231884058,0,1,0,0,0,0,0,1,0,1,False,0.0,6.599023458025779e-05
951087529,driven,794812542,774672366,SST,,89,0,0,0.0,0.0,5.561939005382111,1.3235836363605582,0.3778983099145898,0.8755796619829179,0.04611074186903764,0.343383584589615,0.6818079961560382,75,4.753623188405797,6,5,0,3,1,3,3,3,3,4,False,0.8294689201138803,0.004174127314086994
951087558,control,794812542,774672366,SST,951087529.0,89,0,1,0.0,0.011235955056179775,,,0.004139068359554682,-0.009318511797748634,0.031054228674161313,0.576884422110553,0.7006519357482904,75,0.927536231884058,0,1,0,0,1,0,0,2,1,0,False,-0.040372740471909946,-0.0007315691705627507
951087606,control,794812542,774672366,SST,951087437.0,89,0,2,0.0,0.02247191011235955,,,-0.0007221678418117924,-0.014245440380214655,0.02632437723499393,0.618090452261306,1.3696117912732475,75,1.826086956521739,0,1,1,0,1,1,3,0,0,0,False,-0.04056981761520859,-0.005245242207572531
951087615,control,794812542,774672366,SST,951087429.0,89,1,0,0.011235955056179775,0.0,,,-0.013529582606596102,-0.05575998188187094,-0.013529582606596102,0.618090452261307,2.1554897265410426,75,6.144927536231884,0,3,6,5,3,3,6,2,2,4,False,-0.04223039927527483,-0.002770210682185677
951087652,control,794812542,774672366,SST,951087454.0,90,0,2,0.0,0.022222222222222223,,,-0.018278250725525726,-0.03203876762722202,0.00924278307786686,0.727973199329983,2.945650375352532,75,3.9130434782608696,0,2,4,3,2,1,1,0,2,1,False,-0.041281550705088876,-0.009787759750735741
951087656,control,831882777,803390291,SST,951086580.0,57,0,0,0.0,0.0,,,-0.05733747936035557,-0.042853404300624676,-0.042853404300624676,0.618090452261306,3.8163257920917477,75,11.855072463768115,8,1,4,2,2,5,7,3,9,12,False,0.0,-0.021786722843375284
951087731,control,794812542,774672366,SST,951087454.0,89,0,1,0.0,0.011235955056179775,,,-0.00490782435751086,0.022251846571070516,-0.018487659821801547,0.727973199329983,2.279260147953791,75,2.1449275362318843,1,1,1,1,0,1,0,1,2,2,False,0.04073950639287206,-0.00374338900194695
951087789,control,794812542,774672366,SST,951087886.0,88,0,0,0.0,0.0,,,-0.0060471964197508325,-0.0060471964197508325,-0.0060471964197508325,0.700502512562814,1.7811805628222128,75,1.2173913043478262,1,1,0,0,3,4,2,3,1,1,False,0.0,0.011755406380487835
951087843,driven,794812542,774672366,SST,,85,1,2,0.011764705882352941,0.023529411764705882,4.047547213380208,2.0024573056248127,0.8216103601097152,1.0,0.4648310803291458,0.32964824120603,1.2783899927925715,75,2.9565217391304346,34,39,23,29,27,24,23,30,28,26,False,0.5351689196708542,0.36243036398377554
951087854,control,831882777,803390291,SST,951087135.0,54,1,0,0.018518518518518517,0.0,,,0.008672011106779828,0.06299135296394258,-0.018487659821801547,0.714237855946399,4.470724379266722,75,1.565217391304348,1,1,2,1,0,0,2,1,0,0,False,0.08147901278574413,-0.0017993927351507622
951087886,driven,794812542,774672366,SST,,84,1,0,0.011904761904761904,0.0,4.839004470623198,0.8907358573066673,0.6715042519385677,1.0,0.0555747243233818,0.467001675041876,1.5687579710550048,75,3.3333333333333335,20,5,13,14,15,11,17,11,14,13,True,0.9444252756766182,0.15510043439251917
951087899,control,794812542,774672366,SST,951087886.0,84,1,1,0.011904761904761904,0.011904761904761904,,,-0.01307018507682072,-0.01307018507682072,-0.01307018507682072,0.631825795644891,1.9550587326961772,75,2.260869565217391,0,2,1,0,1,1,1,2,0,2,False,0.0,-0.00467482926827943
951087922,control,831882777,803390291,SST,951088315.0,51,0,1,0.0,0.0196078431372549,,,0.025420838849260212,-0.015186626198687278,0.025420838849260212,0.755443886097152,3.017171496497179,75,2.63768115942029,6,6,2,5,4,4,4,7,7,4,False,-0.04060746504794749,0.04540095059981263
951087941,control_relaxed,797828357,776061251,PV,951088151.0,47,0,0,0.0,0.0,,,0.013369499280059179,-0.027740104916605023,0.013369499280059179,0.618090452261307,11.750679773016902,75,2.8405797101449277,4,1,1,2,2,3,2,1,1,2,False,-0.0411096041966642,0.0029308058778765578
951087959,control_relaxed,797828357,776061251,PV,951088151.0,47,3,0,0.06382978723404255,0.0,,,-0.13930165630220417,-0.18883651092403914,-0.13930165630220417,0.260971524288107,15.07329122068976,75,27.159420289855074,14,20,6,19,9,20,14,18,12,17,False,-0.04953485462183496,0.004194089812125003
951088011,control,794812542,774672366,SST,951087886.0,80,0,3,0.0,0.0375,,,-0.009318511797748634,-0.009318511797748634,-0.009318511797748634,0.631825795644891,1.8886766727689248,75,1.3333333333333333,2,1,0,0,2,0,3,0,1,1,False,0.0,0.0027525584105318962
951088025,control,831882777,803390291,SST,951088165.0,50,0,0,0.0,0.0,,,0.020319815936251134,-0.007671046465570261,-0.007671046465570261,0.686767169179229,4.125537689958457,75,6.144927536231884,2,1,3,0,5,0,1,3,1,0,False,0.0,-0.027979517654642856
951088062,control,831882777,803390291,SST,951088165.0,50,0,0,0.0,0.0,,,-0.021673440749506338,-0.05086411048520652,0.0804939033254443,0.727973199329983,6.130704041498527,75,11.159420289855072,4,7,5,6,5,5,2,4,4,4,False,-0.13135801381065082,-0.02632094728104938
951088078,control,797828357,776061251,PV,951088211.0,46,0,0,0.0,0.0,,,-0.003949809001425444,-0.003949809001425444,-0.003949809001425444,1.0713567839196,15.585494268086357,75,0.37681159420289856,1,0,0,0,0,0,0,0,0,1,False,0.0,-0.00034432346346408466
951088085,control,794812542,774672366,SST,951087843.0,78,0,1,0.0,0.01282051282051282,,,-0.006747298824645874,-0.006747298824645874,-0.006747298824645874,0.590619765494137,1.4488419918315811,75,0.2898550724637681,0,2,1,0,1,0,1,1,0,1,False,0.0,0.007033469787776489
951088113,control,831882777,803390291,SST,951088188.0,49,1,0,0.02040816326530612,0.0,,,0.005523650592587974,0.03240138976576127,-0.007915218993998677,0.65929648241206,0.7443355657788641,75,1.1304347826086956,0,1,1,1,0,0,1,2,1,1,False,0.040316608759759946,0.0016790738776415396
951088130,control,794812542,774672366,SST,951087843.0,78,1,1,0.01282051282051282,0.01282051282051282,,,-0.028693813332055625,-0.028693813332055625,-0.028693813332055625,0.631825795644891,1.5370658908316714,75,1.855072463768116,0,2,1,1,1,0,1,1,0,2,False,0.0,-0.0027718329207532255
951088151,driven,797828357,776061251,PV,,42,5,2,0.11904761904761904,0.047619047619047616,6.337430677733053,1.5947802922308343,0.5567255142669265,0.9113451028533853,0.11345102853385304,0.260971524288107,22.566924402555262,75,10.782608695652174,12,15,10,15,8,25,6,17,14,21,False,0.7978940743195323,0.11775329032660886
951088165,driven,831882777,803390291,SST,,50,5,1,0.1,0.02,3.867563776361446,0.8441897370738587,0.4021460588633424,0.6062913070563475,0.1688372037856224,0.302177554438861,5.353819854891588,75,13.130434782608695,13,15,15,18,19,14,14,15,14,16,True,0.4374541032707251,0.11583591307571758
951088188,driven,831882777,803390291,SST,,49,0,0,0.0,0.0,7.092573184836929,1.256568674483713,0.18483191082364417,0.18483191082364417,0.021798292988372985,0.590619765494137,0.9828826947425161,75,1.6521739130434783,7,10,6,8,6,4,5,9,5,6,False,0.16303361783527118,0.07586572404745115
951088206,control,831882777,803390291,SST,951088315.0,49,0,0,0.0,0.0,,,0.001050290559814276,0.015321000694674075,-0.027491129709905315,0.302177554438861,3.0552876445721613,75,10.956521739130435,3,3,2,1,3,6,5,5,3,2,False,0.04281213040457939,-0.04357759801171767
951088211,driven,797828357,776061251,PV,,37,6,2,0.16216216216216217,0.05405405405405406,5.7432837261948055,2.596917861871353,0.44396165816763516,0.5491581012170015,0.09831620243400294,0.288442211055276,14.328268606294705,75,14.840579710144928,12,8,7,15,10,13,7,15,10,12,False,0.4508418987829985,0.03759422327950381
951088315,driven,831882777,803390291,SST,,45,2,1,0.044444444444444446,0.022222222222222223,3.6785255749575096,0.8452845111585974,0.652908835157082,0.9547272393683149,0.23036306926135555,0.274706867671692,3.6518696026446342,75,16.666666666666668,32,25,25,22,31,27,28,29,27,20,True,0.7243641701069594,0.2626222494544937
951088319,control,797828357,776061251,PV,951088494.0,35,2,1,0.05714285714285714,0.02857142857142857,,,0.020326492819673848,0.07400723293914377,-0.0065138772400611155,0.302177554438861,4.6840140004604285,75,0.9855072463768116,0,3,3,1,0,3,0,1,2,1,False,0.08052111017920488,0.010899198427222631
951088422,control,794812542,774672366,SST,951088523.0,68,1,1,0.014705882352941176,0.014705882352941176,,,0.004600809828800292,-0.008850530578918624,-0.008850530578918624,0.727973199329983,0.4732398465781546,75,0.8695652173913043,0,0,0,0,0,0,0,0,0,0,False,0.0,-0.006980774542250897
951088456,control_relaxed,797828357,776061251,PV,951088151.0,27,0,0,0.0,0.0,,,0.10606123807673562,-0.03508698749009559,0.24720946364356683,0.288442211055276,20.964810094057423,75,18.782608695652176,27,36,26,39,30,37,28,28,29,36,False,-0.2822964511336624,0.32750984220663015
951088494,driven,797828357,776061251,PV,,25,1,0,0.04,0.0,1.9392374453391918,0.10000000000000002,0.2774912917322707,0.47818815513997326,-0.003484317038512965,0.412060301507538,4.805553706622333,75,0.37681159420289856,38,41,38,39,37,40,41,41,41,37,True,0.48167247217848624,0.5225629365288013
951088523,driven,794812542,774672366,SST,,68,0,0,0.0,0.0,5.239073616795466,1.3921327858662427,0.6480686362511218,1.0,-0.015186626198687278,1.67571189279732,0.5563244893258126,75,1.826086956521739,19,18,15,16,15,17,13,15,14,17,False,1.0151866261986873,0.20040385175682993
951088573,control,794812542,774672366,SST,951088523.0,51,1,2,0.0196078431372549,0.0392156862745098,,,0.018279821890904525,-0.008616621344961104,0.07207270836263578,0.673031825795645,0.6085735945588757,75,0.8115942028985508,1,1,1,0,0,2,2,1,0,1,False,-0.08068932970759689,0.0055642892868196184
951088604,control,831882777,803390291,SST,951088315.0,37,0,1,0.0,0.02702702702702703,,,0.0032514795828530708,0.0032514795828530708,-0.03827970876786139,0.32964824120603,3.8891319176282306,75,5.855072463768116,1,2,6,2,4,7,0,4,2,2,False,0.04153118835071446,-0.006036733264042536
951089209,control,794812542,774672366,SST,951087454.0,89,1,2,0.011235955056179775,0.02247191011235955,,,-0.007784075921718615,0.00602118539227753,-0.03539459854971091,0.714237855946399,2.977342455575865,75,3.710144927536232,2,4,4,5,2,3,1,2,3,1,False,0.041415783941988436,0.006958501677135615
951089246,control,794812542,774672366,SST,951087843.0,84,0,0,0.0,0.0,,,0.010502547898602114,-0.01776880787572354,0.06704525944725342,0.68676716917923,1.3023731886372563,75,6.0,1,1,1,5,1,3,0,4,0,3,False,-0.08481406732297697,-0.02259166538958394
951089606,control,794812542,774672366,SST,951088523.0,73,0,1,0.0,0.0136986301369863,,,-0.005347580873254078,-0.005347580873254078,-0.005347580873254078,0.645561139028476,0.5010774846121637,75,0.5217391304347826,1,2,1,0,1,0,0,1,0,0,False,0.0,0.0038508251370825987
951090193,control_relaxed,794812542,774672366,SST,951090313.0,16,8,6,0.5,0.375,,,0.020630361961703966,0.020630361961703966,0.020630361961703966,0.206030150753769,26.119841631633548,75,17.159420289855074,10,13,9,15,16,13,11,12,14,14,False,0.0,0.047105729576147615
951090215,control_relaxed,794812542,774672366,SST,951090313.0,16,2,1,0.125,0.0625,,,0.049492459836634195,0.004230196019331049,0.004230196019331049,0.576884422110553,10.212558716292014,75,15.391304347826088,14,6,10,11,10,7,11,15,8,12,False,0.0,0.02580449139792675
951090313,driven,794812542,774672366,SST,,18,8,2,0.4444444444444444,0.1111111111111111,6.36350363486039,0.4920115783218036,0.32656275278205477,0.8120640240322012,0.06032012016100665,0.357118927973199,19.998559163632134,75,21.82608695652174,9,11,11,9,14,13,13,8,10,16,False,0.7517439038711946,-0.009781582445209634
951090408,control,831882777,803390291,SST,951091108.0,38,0,1,0.0,0.02631578947368421,,,-0.012515815695540361,-0.02677660183209727,-0.02677660183209727,0.65929648241206,16.323561616606103,75,8.46376811594203,4,3,9,4,4,6,1,2,1,1,False,0.0,-0.020119197835132295
951090582,control_relaxed,831882777,803390291,SST,951091367.0,38,0,3,0.0,0.07894736842105263,,,-0.019347562468718202,0.009366453375471043,-0.03370457039081282,0.604355108877722,8.024091576773762,75,8.63768115942029,1,4,4,4,5,7,3,3,6,6,False,0.04307102376628387,-0.010109669520024225
951090658,control_relaxed,831882777,803390291,SST,951091367.0,38,0,1,0.0,0.02631578947368421,,,0.0063405250338732285,-0.02332095183078728,0.021171263466203467,0.590619765494137,11.54362533947267,75,13.36231884057971,7,9,5,7,6,8,11,8,8,14,False,-0.044492215296990746,0.010330875991519725
951090930,control_relaxed,831882777,803390291,SST,951091367.0,38,1,2,0.02631578947368421,0.05263157894736842,,,-0.00023191094515736808,-0.00023191094515736808,-0.00023191094515736808,0.727973199329983,12.69010768100893,75,0.057971014492753624,0,1,0,0,0,0,0,0,0,0,False,0.0,0.0008700761612294624
951091086,control_relaxed,794812542,774672366,SST,951091253.0,19,0,0,0.0,0.0,,,-0.006980774542250897,-0.006980774542250897,-0.006980774542250897,0.65929648241206,2.81074489872618,75,0.6376811594202898,0,1,0,0,2,2,2,0,0,1,False,0.0,0.0056067373374627805
951091108,driven,831882777,803390291,SST,,38,1,0,0.02631578947368421,0.0,7.3338368953595285,2.752926306817749,0.28816360428296206,0.32051980408828196,-0.019220293867577048,0.412060301507538,19.52274842694449,75,24.28985507246377,20,20,23,20,14,13,16,15,14,22,False,0.339740097955859,0.07213464585209467
951091253,driven,794812542,774672366,SST,,21,0,4,0.0,0.19047619047619047,9.0,1.0347254768187741,0.1583246781592887,0.49499480689557324,-0.05209415230088915,0.700502512562814,4.890858866898213,75,6.202898550724638,6,5,1,4,8,2,3,8,5,3,False,0.5470889591964624,0.012177462529448766
951091290,control,831882777,803390291,SST,951091513.0,44,2,2,0.045454545454545456,0.045454545454545456,,,-0.030947800713109,-0.059192945938125685,-0.01682522810060066,0.563149078726968,5.460031143909515,75,6.434782608695652,6,8,2,1,3,8,6,3,5,2,False,-0.04236771783752502,0.008939510997761965
951091321,control_relaxed,797828357,776061251,PV,951091685.0,26,1,1,0.038461538461538464,0.038461538461538464,,,-0.025934493590538794,-0.025934493590538794,0.01867135395687593,0.260971524288107,22.84157256972632,75,12.956521739130435,8,14,5,16,6,10,5,19,8,10,False,-0.04460584754741473,0.040159655259838146
951091367,driven,831882777,803390291,SST,,44,2,1,0.045454545454545456,0.022727272727272728,7.6973449376385075,1.1133539278558457,0.22161518014417533,0.2814909355177003,0.012050036336837934,0.398324958123953,14.4725729426727,75,16.144927536231883,10,7,10,8,8,12,9,10,12,7,False,0.2694408991808624,0.0032245576666474853
951091398,control,831882777,803390291,SST,951091513.0,45,2,1,0.044444444444444446,0.022222222222222223,,,-0.04393822172779495,-0.07253926889841947,0.013263872613454089,0.521943048576214,7.165835838096636,75,8.347826086956522,5,1,3,9,4,2,4,3,7,3,False,-0.08580314151187356,-0.010620934615690594
951091461,control_relaxed,797828357,776061251,PV,951091685.0,37,1,1,0.02702702702702703,0.02702702702702703,,,0.02724456781190491,0.05717550418692322,0.01227909962439575,0.631825795644891,16.370767044911652,75,14.81159420289855,4,5,7,3,5,6,4,3,6,6,False,0.04489640456252747,-0.052246533324816456
951091513,driven,831882777,803390291,SST,,45,2,0,0.044444444444444446,0.0,6.911661786513215,1.2572818003262443,0.39979568811394345,0.7427695806202614,-0.02892167751895413,0.576884422110553,6.809942365621241,75,10.405797101449275,8,5,7,11,10,8,7,9,10,8,False,0.7716912581392156,0.03346404888453806
951091540,driven,831882777,803390291,SST,,44,8,0,0.18181818181818182,0.0,7.092814660450563,1.39307572194856,0.4340481870770594,0.9575536140307794,-0.061159649230513626,0.274706867671692,13.084973844212678,75,7.36231884057971,10,4,11,10,8,7,6,10,10,9,False,1.018713263261293,0.05954136689697174
951091566,control,831882777,803390291,SST,951091513.0,43,2,2,0.046511627906976744,0.046511627906976744,,,-0.03674947549305613,-0.05135158078169072,0.036261050950116835,0.535678391959799,8.31017682299947,75,11.73913043478261,26,29,25,25,25,27,27,30,23,26,False,-0.08761263173180756,0.28673056444370965
951091664,control_relaxed,831882777,803390291,SST,951091540.0,48,2,2,0.041666666666666664,0.041666666666666664,,,-0.004058821569427076,-0.032746216471410704,0.053315968234540184,0.673031825795645,9.51361925098486,75,9.971014492753623,3,1,3,3,5,1,6,2,2,2,False,-0.0860621847059509,-0.04260255953675442
951091685,driven,797828357,776061251,PV,,55,1,1,0.01818181818181818,0.01818181818181818,5.793510441701024,1.9360186865371285,0.37415689920108514,0.8023653365898163,0.061235348801627676,0.206030150753769,26.569842517186313,75,27.043478260869566,19,27,12,20,10,16,10,13,8,14,False,0.7411299877881887,0.005117307648563087
951091711,driven,794812542,774672366,SST,,20,0,0,0.0,0.0,5.409403818543647,1.578651386457505,0.2630989050931666,0.5394368156832291,0.17098626822981244,0.1785594639866,7.600103454638853,75,14.753623188405797,8,7,3,6,7,6,6,5,5,10,False,0.36845054745341665,-0.030753482492026956
951091825,control_relaxed,797828357,776061251,PV,951091685.0,59,0,3,0.0,0.05084745762711865,,,-0.04344885619213523,-0.13418353933927743,0.047285826955006965,0.480737018425461,19.407681261216915,75,17.10144927536232,6,7,5,8,2,6,4,9,4,6,False,-0.1814693662942844,-0.059469580217040977
951091837,driven,794812542,774672366,SST,,20,0,0,0.0,0.0,7.8837807539266915,1.0560597687922082,0.3088722509964484,0.8373817061168114,-0.016364336769928822,0.123618090452261,7.904176116241105,75,1.681159420289855,2,3,1,1,2,4,1,1,2,0,False,0.8537460428867403,0.009433452446268935
951091848,control_relaxed,797828357,776061251,PV,951092354.0,61,1,1,0.01639344262295082,0.01639344262295082,,,0.03431524713716183,0.03431524713716183,-0.007671046465570261,0.563149078726968,10.807563221955366,75,6.811594202898551,3,2,5,1,5,2,4,2,0,1,False,0.041986293602732094,-0.020804663371224337
951091852,control_relaxed,794812542,774672366,SST,951091253.0,20,0,1,0.0,0.05,,,-0.003019040905879764,-0.003019040905879764,-0.003019040905879764,1.19497487437186,3.0831254801050996,75,0.8115942028985508,3,0,0,0,0,0,0,0,0,0,False,0.0,-0.0024878217311008707
951091875,control,797828357,776061251,PV,951092078.0,65,1,1,0.015384615384615385,0.015384615384615385,,,-0.08932127311221962,-0.13470965949189545,0.0014554996471320078,0.549413735343384,8.84398667045654,75,16.3768115942029,5,14,7,15,4,12,7,9,5,10,False,-0.13616515913902746,-0.006226144519978477
951091888,control_relaxed,794812542,774672366,SST,951091253.0,20,0,6,0.0,0.3,,,-0.01377517473876079,-0.01377517473876079,-0.01377517473876079,1.04388609715243,4.748244505893213,75,1.0724637681159421,0,0,1,0,3,0,1,0,3,1,False,0.0,0.0034867781111784283
951091891,control,797828357,776061251,PV,951092078.0,65,2,3,0.03076923076923077,0.046153846153846156,,,-0.07455896577325673,-0.08908003287830074,-0.04551683156316871,0.563149078726968,10.039653260296058,75,12.028985507246377,6,7,7,5,5,8,3,5,4,3,False,-0.043563201315132034,-0.02320932856269798
951091908,control,797828357,776061251,PV,951092169.0,64,1,1,0.015625,0.015625,,,-0.030630944904016695,-0.04455839010542233,-0.0027760545012054352,0.494472361809045,13.073410601116596,75,5.7101449275362315,3,3,0,1,0,3,1,1,0,1,False,-0.04178233560421689,-0.028597110379259372
951091916,control,797828357,776061251,PV,951092078.0,64,1,2,0.015625,0.03125,,,-0.05738667085697691,-0.072279440869047,-0.02760113083283671,0.549413735343384,8.241023452874101,75,13.507246376811594,4,4,4,11,3,9,3,5,6,5,False,-0.04467831003621029,-0.03389624199542844
951091926,control,797828357,776061251,PV,951092169.0,64,2,1,0.03125,0.015625,,,-0.044187438951746205,-0.02927047553814983,-0.02927047553814983,0.563149078726968,11.4736639492323,75,14.782608695652174,6,5,3,7,2,6,7,7,8,5,False,0.0,-0.041497543961317204
951091944,control,797828357,776061251,PV,951092169.0,61,2,5,0.03278688524590164,0.08196721311475409,,,-0.08189620156646643,-0.19326786937477916,0.09311641927516782,0.50820770519263,12.611717561475592,75,22.81159420289855,13,18,11,5,5,17,7,11,13,10,False,-0.28638428864994697,-0.02417532055986913
951092006,control_relaxed,794812542,774672366,SST,951091711.0,20,4,1,0.2,0.05,,,0.017251169457078025,0.05819903739636644,-0.02369669848221039,0.260971524288107,5.579947476078531,75,2.753623188405797,1,4,2,2,1,1,4,2,0,3,False,0.08189573587857683,0.00498720924963097
951092078,driven,797828357,776061251,PV,,63,4,4,0.06349206349206349,0.06349206349206349,5.812269299715734,1.969378989867016,0.6316310493155524,1.0,0.16011879243945937,0.206030150753769,10.768102278396306,75,13.130434782608695,11,10,14,13,7,10,11,10,5,11,False,0.8398812075605406,0.04030430766007538
951092089,control,831882777,803390291,SST,951092164.0,61,0,2,0.0,0.03278688524590164,,,0.0018637338682424365,0.04345274495706567,0.0018637338682424365,0.68676716917923,1.864693356387327,75,4.2898550724637685,1,0,2,2,3,2,2,2,3,0,False,0.041589011088823236,-0.011456464267843827
951092164,driven,831882777,803390291,SST,,62,1,0,0.016129032258064516,0.0,6.48179088074364,1.2971502290557448,0.604170609920212,1.0,0.05819903739636644,0.549413735343384,2.121227881071757,75,3.130434782608696,1,10,5,4,4,12,7,8,4,7,False,0.9418009626036336,0.0594033681555448
951092169,driven,797828357,776061251,PV,,64,8,1,0.125,0.015625,4.454395774360139,1.6469810440147525,0.17023880486711837,0.3671312918478022,-0.012589933043516566,0.274706867671692,14.249346719176584,75,6.3768115942028984,9,2,1,7,0,4,2,8,5,5,False,0.37972122489131876,0.007995909164997777
951092203,control,797828357,776061251,PV,951092245.0,63,1,0,0.015873015873015872,0.0,,,0.04389625822374115,0.12703571403037237,0.0023265303204255457,0.233500837520938,13.906036510212761,75,5.768115942028985,1,5,2,4,4,4,4,5,5,5,False,0.12470918370994682,0.0072295890686899815
951092245,driven,797828357,776061251,PV,,61,17,3,0.2786885245901639,0.04918032786885246,4.095190467475688,1.7730914508849622,0.16050784425438253,0.3052478711070752,0.0012938147164206042,0.247236180904523,12.940821830758154,75,10.289855072463768,6,7,4,6,3,5,2,7,5,3,False,0.3039540563906546,-0.01631062741683766
951092248,control,831882777,803390291,SST,951092663.0,62,0,2,0.0,0.03225806451612903,,,0.014372370645468804,0.02908323078508866,0.11734839162280788,0.65929648241206,11.132056594528201,75,12.956521739130435,6,5,6,6,7,5,8,2,4,5,False,-0.08826516083771922,-0.029351124713640448
951092333,control,797828357,776061251,PV,951092245.0,62,2,3,0.03225806451612903,0.04838709677419355,,,-0.08315130142760425,-0.19465217069221058,0.09206435027391995,0.65929648241206,12.350486115114615,75,22.579710144927535,13,18,9,6,5,14,6,13,11,10,False,-0.28671652096613054,-0.030263702609858795
951092349,control,831882777,803390291,SST,951092663.0,65,0,5,0.0,0.07692307692307693,,,0.005098806324129684,-0.03635541007903158,0.04655302272729095,0.631825795644891,10.200138187661222,75,4.115942028985507,3,6,4,4,4,5,2,1,5,2,False,-0.08290843280632253,0.01613118406722026
951092354,driven,797828357,776061251,PV,,62,4,2,0.06451612903225806,0.03225806451612903,4.225127461007643,2.398919752691715,0.6532867655461201,1.0,0.05441845148941853,0.247236180904523,15.726764446027794,75,21.014492753623188,18,19,16,16,9,8,13,17,9,17,False,0.9455815485105815,0.04092152991037916
951092413,control,831882777,803390291,SST,951092831.0,65,0,1,0.0,0.015384615384615385,,,-0.005911155715801241,-0.04964642335561869,0.08155937956383365,0.631825795644891,4.243312304796884,75,10.115942028985508,7,8,3,10,11,5,5,8,5,15,False,-0.13120580291945233,0.027028356560244972
951092425,driven,797828357,776061251,PV,,61,4,1,0.06557377049180328,0.01639344262295082,6.436619220909802,2.4687304663803085,0.32639775204784405,0.506025018168419,0.056956852866981676,0.219765494137353,27.26987965592404,75,15.73913043478261,21,11,8,12,9,13,8,14,9,7,False,0.4490681653014374,0.035187869202054675
951092499,control_relaxed,794812542,774672366,SST,951091711.0,26,5,3,0.19230769230769232,0.11538461538461539,,,0.050294741527664305,0.07822724912979181,0.12012601053298311,0.302177554438861,4.685288616800915,75,4.72463768115942,3,6,1,1,4,2,1,3,3,2,False,-0.04189876140319129,-0.002518453293648928
951092531,control,831882777,803390291,SST,951092663.0,62,0,2,0.0,0.03225806451612903,,,-0.015296858901687489,-0.044305340584592845,-0.0007926180602348068,0.604355108877722,7.929871884903019,75,8.753623188405797,2,4,2,3,3,5,7,1,4,5,False,-0.04351272252435804,-0.021057383991295333
951092621,control_relaxed,794812542,774672366,SST,951091711.0,53,1,0,0.018867924528301886,0.0,,,0.07557677011002693,0.1636170777185958,0.031556616305742496,0.412060301507538,6.724288534953489,75,9.855072463768115,10,7,5,5,2,2,3,3,3,2,False,0.1320604614128533,-0.02143802910718176
951092652,driven,797828357,776061251,PV,,55,2,1,0.03636363636363636,0.01818181818181818,5.484330004804858,1.60263543148699,0.4011858538192244,0.8289102439483498,-0.026538536309901085,0.233500837520938,19.800712259065154,75,11.043478260869565,7,5,5,4,6,4,6,6,5,4,False,0.8554487802582509,-0.016630494684055086
951092663,driven,831882777,803390291,SST,,62,2,1,0.03225806451612903,0.016129032258064516,4.337707118596627,1.5391561016715471,0.688626703796484,1.0,0.11036201084709739,0.521943048576214,9.47807273086999,75,13.246376811594203,32,12,32,15,25,24,23,16,22,17,False,0.8896379891529026,0.2113705414208777
951092717,control,797828357,776061251,PV,951093075.0,37,2,1,0.05405405405405406,0.02702702702702703,,,0.061895052436514456,0.1308733574044178,-0.03467457451855024,0.206030150753769,9.681347892779792,75,5.36231884057971,4,1,2,1,0,2,3,1,3,4,False,0.16554793192296804,-0.014604697662128721
951092744,control,831882777,803390291,SST,951092164.0,62,1,0,0.016129032258064516,0.0,,,0.00805705353838931,-0.005347580873254078,0.03486632236167608,0.700502512562814,1.8300033789258263,75,0.8695652173913043,0,0,0,1,1,0,0,0,2,0,False,-0.04021390323493016,-0.0016102104113588922
951092831,driven,831882777,803390291,SST,,60,1,0,0.016666666666666666,0.0,5.85511967477729,1.4293553750727614,0.542945009754727,0.7091468243893717,0.0443395658507928,0.604355108877722,4.8805800389044505,75,5.6521739130434785,15,8,16,10,14,14,11,12,15,14,False,0.6648072585385789,0.13370062651355322
951092857,control,831882777,803390291,SST,951093033.0,60,0,2,0.0,0.03333333333333333,,,0.0011325234703646883,-0.012365685671927681,-0.012365685671927681,0.769179229480737,6.556405740223608,75,1.3333333333333333,1,2,0,2,2,4,1,1,0,1,False,0.0,0.008143085121826318
951092943,driven,797828357,776061251,PV,,33,1,1,0.030303030303030304,0.030303030303030304,5.272233875538411,1.9255319662409904,0.3189654058601177,0.404094730127603,-0.021551891209823443,0.32964824120603,7.590707103020791,75,7.826086956521739,3,4,5,4,3,10,7,8,5,6,False,0.4256466213374264,0.013461241423332632
951092948,control,831882777,803390291,SST,951092831.0,59,0,0,0.0,0.0,,,-0.02396098872485149,-0.03779829938329543,0.0037136325920363845,0.769179229480737,3.8775685918077305,75,3.9130434782608696,2,3,2,1,1,6,2,2,1,3,False,-0.04151193197533182,-0.00015763125175052346
951093033,driven,831882777,803390291,SST,,58,1,1,0.017241379310344827,0.017241379310344827,5.506256159771515,2.014268556974208,0.3012013581988077,0.41300914088699847,0.03565787431435466,0.247236180904523,5.501573462597979,75,5.391304347826087,5,11,6,13,4,3,8,7,7,12,False,0.37735126657264384,0.06172543617001698
951093075,driven,797828357,776061251,PV,,25,0,2,0.0,0.08,6.538700093891619,0.9059966814972902,0.17446101067354783,0.24442194197239972,0.07651570685515519,0.206030150753769,9.959152935435576,75,7.072463768115942,2,6,4,3,4,4,2,4,3,4,False,0.16790623511724453,-0.007416835431439106
951093093,control,797828357,776061251,PV,951093075.0,21,1,0,0.047619047619047616,0.0,,,-0.07751370950065917,-0.07751370950065917,-0.07751370950065917,0.247236180904523,11.94088152097157,75,15.101449275362318,3,14,7,7,9,8,9,10,9,11,False,0.0,0.002483533057749469
951093294,driven,831882777,803390291,SST,,49,2,1,0.04081632653061224,0.02040816326530612,6.936415309808578,1.7281780303135241,0.6083703516388657,1.0,0.06819152631316326,0.425795644891122,3.2184590200392194,75,1.8840579710144927,3,9,6,8,6,4,6,3,9,8,False,0.9318084736868367,0.06873546823373754
951093434,control,831882777,803390291,SST,951093294.0,39,0,0,0.0,0.0,,,-0.024409083073153107,-0.024409083073153107,-0.024409083073153107,0.879061976549414,3.444586280529001,75,3.2753623188405796,4,2,2,1,4,4,2,2,2,3,False,0.0,0.009037826681345536
951093531,control,831882777,803390291,SST,951093033.0,42,0,3,0.0,0.07142857142857142,,,-0.020246017029740725,-0.048197962701788416,-0.048197962701788416,0.879061976549414,5.1028528574540655,75,5.420289855072464,3,7,5,5,3,5,2,2,3,4,False,0.0,0.009988240742865844
951093833,driven,794812542,774672366,SST,,86,0,0,0.0,0.0,6.916792642447026,1.771635182964454,0.5852848160259444,0.9570984292440632,0.05616544336939086,0.425795644891122,1.898098642565051,75,8.927536231884059,8,2,4,3,3,5,5,5,6,6,False,0.9009329858746723,-0.006726497077406056
951093882,control,794812542,774672366,SST,951094157.0,86,1,0,0.011627906976744186,0.0,,,-0.017779393049365662,-0.017779393049365662,-0.017779393049365662,0.563149078726968,1.385029560030545,75,2.0,1,2,0,0,1,1,1,0,2,1,False,0.0,-0.003935141181221661
951093884,control,831882777,803390291,SST,951092164.0,58,0,1,0.0,0.017241379310344827,,,-0.022036393728433922,-0.022036393728433922,-0.022036393728433922,0.645561139028476,2.1576309438399983,75,2.4057971014492754,1,3,0,1,1,0,0,0,0,2,False,0.0,-0.008558832600283593
951093935,control,794812542,774672366,SST,951093833.0,78,0,1,0.0,0.01282051282051282,,,-0.008877018327760984,-0.022510491548406404,0.018389928113529852,0.769179229480737,2.1439263999730698,75,3.246376811594203,2,0,1,4,2,3,5,2,3,1,False,-0.040900419661936256,0.0051623435717580305
951094003,control,794812542,774672366,SST,951094157.0,77,0,1,0.0,0.012987012987012988,,,0.0016322551433679824,-0.03996640089232502,0.0016322551433679824,0.673031825795645,1.9918900691719432,75,4.666666666666667,2,2,1,0,0,0,2,0,1,0,False,-0.041598656035693,-0.026966560421998364
951094014,control,794812542,774672366,SST,951093833.0,77,0,0,0.0,0.0,,,-0.005580731980946097,-0.005580731980946097,-0.005580731980946097,0.673031825795645,2.1739053947789255,75,0.8985507246376812,0,0,0,0,0,1,2,1,0,1,False,0.0,-0.0004995423760607765
951094064,control,794812542,774672366,SST,951094157.0,72,0,0,0.0,0.0,,,0.010968079538067731,-0.0161286854060948,0.024516462010148996,0.810385259631491,1.9379278785214025,75,2.4927536231884058,0,1,0,1,1,1,1,2,3,0,False,-0.040645147416243796,-0.0065403036391942105
951094157,driven,794812542,774672366,SST,,67,0,0,0.0,0.0,5.451441526563047,1.4329788686466232,0.6746879863091542,1.0,0.024063958927462274,0.357118927973199,1.665975568496852,75,2.1449275362318843,8,5,0,4,5,5,7,8,7,3,False,0.9759360410725377,0.05322583037383923
951094644,control,794812542,774672366,SST,951094682.0,25,1,1,0.04,0.04,,,-0.003484317038512965,-0.003484317038512965,-0.003484317038512965,0.906532663316583,3.8334568929602373,75,0.4057971014492754,0,0,0,0,0,1,0,1,2,0,False,0.0,0.0020990234776644408
951094682,driven,794812542,774672366,SST,,14,0,0,0.0,0.0,6.117219795367745,1.5917929585655226,0.6450476447076966,1.0,0.06292578202831912,0.370854271356784,4.406912236460824,75,6.579710144927536,11,9,6,15,9,12,10,5,13,7,False,0.9370742179716809,0.08227582465296754
951095002,driven,797828357,776061251,PV,,38,1,1,0.02631578947368421,0.02631578947368421,5.858838384452717,2.154219427862422,0.40954300585053544,0.8135398965843795,0.06769948292189804,0.302177554438861,6.172480791508173,75,16.81159420289855,16,19,13,18,18,18,11,20,11,10,False,0.7458404136624814,0.09093600509021695
951095063,control_relaxed,797828357,776061251,PV,951095002.0,41,0,1,0.0,0.024390243902439025,,,0.01211411871504743,-0.014951247895499217,0.025646802020320752,0.673031825795645,7.729609624348683,75,1.5942028985507246,1,3,1,1,0,0,0,2,3,1,False,-0.04059804991581997,0.0033700672740789627
951095191,control,797828357,776061251,PV,951095308.0,46,1,0,0.021739130434782608,0.0,,,-0.04007223574858928,-0.025824670875320935,-0.025824670875320935,0.288442211055276,10.835185882446709,75,8.26086956521739,5,9,6,2,13,5,8,6,12,6,False,0.0,0.03423907212198639
951095290,control_relaxed,797828357,776061251,PV,951095002.0,46,2,1,0.043478260869565216,0.021739130434782608,,,-0.04406321089854935,-0.04406321089854935,-0.0005605771111097966,0.521943048576214,6.436869113353875,75,10.115942028985508,2,1,2,5,4,8,8,5,4,4,False,-0.04350263378743956,-0.022126228695255278
951095301,control,794812542,774672366,SST,951093833.0,77,1,2,0.012987012987012988,0.025974025974025976,,,-0.0021154459570952144,-0.015657546578137043,-0.015657546578137043,0.796649916247906,1.6180091768074825,75,2.2318840579710146,0,0,0,1,0,1,1,0,2,1,False,0.0,-0.009871303812526487
951095308,driven,797828357,776061251,PV,,46,11,0,0.2391304347826087,0.0,5.010699372238238,1.829998878685684,0.4645877672871412,0.9481859129632717,-0.03628174073456544,0.260971524288107,13.505113323652711,75,33.130434782608695,24,33,20,23,12,22,16,20,13,29,False,0.9844676536978372,0.06496486055703177
951095342,control,797828357,776061251,PV,951095308.0,46,0,5,0.0,0.10869565217391304,,,-0.05123288363129521,-0.08126810887790363,0.05389040473183432,0.50820770519263,15.676254438272196,75,15.333333333333334,5,8,7,8,3,10,10,10,9,7,False,-0.13515851360973796,-0.014442083338278313
951095366,control_relaxed,797828357,776061251,PV,951095002.0,45,0,1,0.0,0.022222222222222223,,,-0.06340447512031094,-0.07777480586518001,-0.03466381363057281,0.645561139028476,4.600356800115221,75,8.81159420289855,4,4,6,5,5,10,3,3,5,4,False,-0.0431109922346072,-0.0029317232470581042
951095413,control,797828357,776061251,PV,951095308.0,45,0,1,0.0,0.022222222222222223,,,-0.07630459378614776,-0.0472152804405762,-0.09084925045893354,0.521943048576214,10.713646176284804,75,13.246376811594203,5,4,3,9,7,6,6,8,10,4,False,0.04363397001835734,-0.019881705831646963
951096119,control,831882777,803390291,SST,951096315.0,32,1,0,0.03125,0.0,,,-0.040066920510270485,-0.13050752229377227,0.0955939821649822,0.521943048576214,9.588566733154769,75,14.840579710144928,3,1,4,2,2,3,2,2,1,4,False,-0.2261015044587545,-0.09002588751806591
951096315,driven,831882777,803390291,SST,,47,2,0,0.0425531914893617,0.0,4.849002661126186,1.2270449052716108,0.3027175783248469,0.4421740626598775,0.2097465887681598,0.302177554438861,10.14960217111237,75,17.565217391304348,10,17,21,17,14,10,14,12,13,16,True,0.23242747389171772,0.0700937285776069
951097110,control,831882777,803390291,SST,951097357.0,59,0,0,0.0,0.0,,,-0.02419845648555093,-0.038038976167788105,0.0034825828789234172,0.302177554438861,0.5289150884562124,75,3.5072463768115942,0,1,2,0,2,3,3,1,2,2,False,-0.04152155904671152,-0.006514923487084233
951097343,control,831882777,803390291,SST,951097357.0,52,0,0,0.0,0.0,,,-0.005813937158931875,-0.005813937158931875,-0.005813937158931875,0.563149078726968,0.5558961820373794,75,1.2173913043478262,3,0,0,1,0,0,2,1,0,1,False,0.0,0.0009843481394032332
951097357,driven,831882777,803390291,SST,,52,0,0,0.0,0.0,6.455082718979235,1.3095650011899644,0.5436078911994938,0.9194602160940284,-0.006747298824645874,0.370854271356784,0.4565372342464149,75,1.0144927536231885,2,0,1,0,0,2,3,1,0,1,False,0.9262075149186743,0.0052930206424603
951099262,driven,797828357,776061251,PV,,17,0,0,0.0,0.0,4.409013588986798,1.6762669060815498,0.14607283695274287,0.319526791946717,-0.0006958941960044404,0.233500837520938,4.332717489154704,75,0.2318840579710145,1,1,1,0,0,0,0,0,1,0,False,0.3202226861427215,0.003486442060441303
951099355,control,797828357,776061251,PV,951099262.0,19,0,1,0.0,0.05263157894736842,,,-0.0024538885343467778,-0.07726388021601445,0.1920520898379892,1.44221105527638,4.275489788781106,75,13.710144927536232,5,4,6,6,7,5,6,7,6,7,False,-0.26931597005400365,-0.028136331733370084
951099688,control,794812542,774672366,SST,951099810.0,15,1,3,0.06666666666666667,0.2,,,-0.0055521941328784226,-0.06743232915644017,0.025387873378902456,0.1785594639866,15.67344675585586,75,17.246376811594203,9,14,8,7,7,7,6,10,5,10,False,-0.09282020253534262,-0.02090333088074272
951099810,driven,794812542,774672366,SST,,21,6,3,0.2857142857142857,0.14285714285714285,8.38473716162523,0.6477807749513533,0.38892747925855753,0.8070297302921761,0.1316337863147923,0.260971524288107,19.467930955568484,75,20.666666666666668,11,12,7,11,17,15,12,8,10,15,False,0.6753959439773838,0.005833398323984406
951101549,control,831882777,803390291,SST,951101808.0,69,6,1,0.08695652173913043,0.014492753623188406,,,-0.03849102453531801,-0.19825887446382848,-0.006537454549615909,0.233500837520938,8.991984775082296,75,19.768115942028984,7,10,6,13,7,10,9,12,9,10,False,-0.19172141991421257,-0.02609028452533137
951101768,control,831882777,803390291,SST,951101808.0,66,1,1,0.015151515151515152,0.015151515151515152,,,0.0031349045430485085,-0.055504218719125115,0.07643380862076553,0.645561139028476,7.459201696875993,75,10.173913043478262,7,7,4,4,2,3,5,5,3,7,False,-0.13193802733989063,-0.0168147932613875
951101808,driven,831882777,803390291,SST,,66,1,0,0.015151515151515152,0.0,6.743285787692178,1.8168090975919304,0.6699007193852414,1.0,0.09222697830941375,0.467001675041876,7.494319945664179,75,3.6231884057971016,9,9,9,8,5,9,13,10,3,7,False,0.9077730216905863,0.08313911578934095
951101812,driven,794812542,774672366,SST,,44,0,0,0.0,0.0,5.875864532356673,1.5689364802449823,0.6618397816670284,1.0,0.026098571201041764,0.343383584589615,0.7460486993114438,75,1.1014492753623188,4,2,0,1,2,0,0,0,1,2,False,0.9739014287989582,0.007291077910344075
951101820,control,831882777,803390291,SST,951101808.0,66,1,1,0.015151515151515152,0.015151515151515152,,,0.013598256640666549,0.05469832928063877,0.013598256640666549,0.700502512562814,6.319571696566697,75,4.086956521739131,1,3,2,2,4,3,4,2,6,4,False,0.04110007263997222,0.00947106092309925
951101824,control,794812542,774672366,SST,951101812.0,43,0,0,0.0,0.0,,,-0.0062805097759455085,-0.0062805097759455085,-0.0062805097759455085,0.631825795644891,0.5948689112190559,75,0.5797101449275363,0,0,1,0,0,0,0,0,0,0,False,0.0,-0.003308920577460462
951101951,control,797828357,776061251,PV,951102000.0,23,0,0,0.0,0.0,,,-0.0032516519996671172,-0.0032516519996671172,-0.0032516519996671172,0.535678391959799,1.719707920303837,75,0.37681159420289856,0,1,0,0,0,0,1,0,0,1,False,0.0,0.0009930352577437551
951102000,driven,797828357,776061251,PV,,23,1,0,0.043478260869565216,0.0,2.787213377296756,0.5176472712962391,0.17218238793378765,0.39916463640355554,-0.001392272660740768,0.631825795644891,2.2682150357747717,75,0.34782608695652173,49,49,50,51,47,47,52,51,52,48,True,0.4005569090642963,0.6603896441718141
951102134,control,797828357,776061251,PV,951102000.0,23,0,0,0.0,0.0,,,0.04011983105817675,-0.001614089330598178,-0.001614089330598178,0.480737018425461,2.19481768075492,75,5.855072463768116,3,3,1,5,9,2,6,1,2,1,False,0.0,-0.0018449135421090266
951102897,control_relaxed,797828357,776061251,PV,951103076.0,10,0,0,0.0,0.0,,,-0.2042866689480268,-0.2212484530177173,-0.11947774859957423,0.549413735343384,12.134240144410965,75,29.130434782608695,7,8,12,6,9,7,12,4,10,10,False,-0.10177070441814308,-0.11936024511560153
951102908,control_relaxed,797828357,776061251,PV,951103064.0,10,0,0,0.0,0.0,,,-0.01816639508940622,-0.032506766851228844,0.010514348434239025,0.494472361809045,8.571706159899025,75,9.681159420289855,2,4,2,5,6,1,3,4,5,1,False,-0.04302111528546787,-0.032984215151388385
951102928,control_relaxed,797828357,776061251,PV,951103076.0,10,2,0,0.2,0.0,,,-0.0761362979917288,-0.10561948423807753,-0.06139470486855443,1.52462311557789,11.534433802313252,75,11.565217391304348,6,4,8,4,5,4,3,8,5,3,False,-0.0442247793695231,-0.02380785524020341
951102938,control_relaxed,797828357,776061251,PV,951103076.0,10,0,1,0.0,0.1,,,-0.03971446380396563,0.0036069721878662763,-0.03971446380396563,0.549413735343384,13.014219185778005,75,9.565217391304348,6,5,3,2,2,5,4,1,7,4,False,0.04332143599183191,-0.0233903238135478
951102999,control_relaxed,797828357,776061251,PV,951103064.0,10,1,0,0.1,0.0,,,-0.013096783614273758,0.014284210537463371,-0.026787280690142322,0.68676716917923,4.807921363235876,75,4.028985507246377,3,6,1,2,0,2,3,2,2,2,False,0.04107149122760569,-0.001085744054918243
951103064,driven,797828357,776061251,PV,,10,2,3,0.2,0.3,4.363302148903254,1.9057556034248688,0.12236746691168723,0.16415949229684498,-0.04480063462894377,0.206030150753769,6.4258200491573385,75,4.405797101449275,3,11,8,5,2,16,4,4,3,6,False,0.20896012692578875,0.04975743156511559
951103076,driven,797828357,776061251,PV,,10,2,2,0.2,0.2,2.955259898621165,0.2821792582587358,0.22457136209331025,0.5015101613456995,0.0030203226913988555,0.1785594639866,9.723176492952396,75,4.840579710144928,6,9,9,10,4,8,4,8,4,7,True,0.49848983865430063,0.05614833781477839
951103084,driven,797828357,776061251,PV,,10,2,3,0.2,0.3,5.267874148922549,1.5449228348927604,0.12037558515723401,0.18803900168360063,0.025646802020320752,0.192294807370184,6.581296166780035,75,1.4492753623188406,2,4,3,3,3,6,4,7,1,5,False,0.1623921996632799,0.03959584874346124
951103680,control_relaxed,831882777,803390291,SST,951103862.0,5,0,0,0.0,0.0,,,-0.033341178166909936,-0.01918581956188378,-0.06165189537696227,0.824120603015075,6.231776074596232,75,6.550724637681159,4,3,5,6,3,3,4,4,3,2,False,0.0424660758150785,-0.0018156572986428928
951103795,control_relaxed,831882777,803390291,SST,951103876.0,6,0,0,0.0,0.0,,,0.02204267946838183,0.0972701656631217,0.05213367394627778,0.260971524288107,20.68122236562793,75,14.985507246376812,8,9,10,12,8,10,10,7,12,7,False,0.045136491716843925,0.012427265841042567
951103862,driven,831882777,803390291,SST,,8,0,0,0.0,0.0,9.0,2.5183341696471486,0.26579649397858546,0.49170526506209766,0.11048421385867085,0.480737018425461,7.495176488317549,75,6.956521739130435,5,8,6,9,7,8,5,5,2,4,False,0.3812210512034268,0.025938863520138706
951103876,driven,831882777,803390291,SST,,14,0,1,0.0,0.07142857142857142,8.170217402439564,0.19116499406029602,0.1374763400407859,0.3421429712175486,0.03514302445240455,0.50820770519263,14.902557354664633,75,11.217391304347826,8,10,6,8,13,12,11,11,14,11,False,0.3069999467651441,0.05779704110743571
951104026,control_relaxed,831882777,803390291,SST,951103862.0,32,0,0,0.0,0.0,,,-0.02702540389888269,-0.02702540389888269,-0.02702540389888269,0.604355108877722,4.147807798946086,75,2.898550724637681,1,2,2,4,4,7,3,3,3,3,False,0.0,0.020208251750091246
951104323,driven,831882777,803390291,SST,,42,1,2,0.023809523809523808,0.047619047619047616,4.603672644116149,1.7042946125167922,0.28993803965112297,0.46745352973834225,0.15680142208570857,0.343383584589615,5.1949311926913815,75,11.768115942028986,5,13,6,8,9,8,9,8,4,10,False,0.3106521076526337,0.018477721015786056
951104457,control,831882777,803390291,SST,951104323.0,44,0,0,0.0,0.0,,,-0.013220419575045515,-0.027491129709905315,0.015321000694674075,0.535678391959799,4.154231868846365,75,7.855072463768116,7,8,1,2,6,5,3,4,3,4,False,-0.04281213040457939,-0.0038052607666338952
951104539,driven,794812542,774672366,SST,,29,5,1,0.1724137931034483,0.034482758620689655,4.497976579342255,1.2782340909532839,0.7092665002091493,1.0,0.2731662505228732,0.357118927973199,26.559248041216524,75,20.492753623188406,34,32,36,33,37,31,31,31,27,30,True,0.7268337494771269,0.32767134089127625
951104837,control,831882777,803390291,SST,951104936.0,42,0,1,0.0,0.023809523809523808,,,0.01782442578258534,-0.009084494058987662,0.031278885703371846,0.645561139028476,2.5760520300114313,75,1.4202898550724639,1,0,0,0,0,1,3,3,1,1,False,-0.04036337976235951,0.0020585797039494994
951104849,control,831882777,803390291,SST,951104936.0,41,1,2,0.024390243902439025,0.04878048780487805,,,-0.007915218993998677,-0.007915218993998677,-0.007915218993998677,0.700502512562814,2.4497119886392995,75,0.6666666666666666,0,1,0,0,1,0,1,1,0,1,False,0.0,0.0013547363325676163
951104886,control,831882777,803390291,SST,951104936.0,41,0,1,0.0,0.024390243902439025,,,-0.0140102802977115,-0.0140102802977115,-0.0140102802977115,0.700502512562814,1.6449901657978232,75,1.565217391304348,2,0,0,0,1,1,0,0,0,0,False,0.0,-0.007199928545043757
951104936,driven,831882777,803390291,SST,,41,1,0,0.024390243902439025,0.0,5.908997721034613,1.6229258091700103,0.5387136525037902,0.7557895807373007,0.06386005949298615,0.425795644891122,2.1019556713709235,75,1.826086956521739,17,11,22,18,14,13,22,13,14,13,False,0.6919295212443146,0.19769794262571935
951104965,control,794812542,774672366,SST,951105085.0,61,1,1,0.01639344262295082,0.01639344262295082,,,-0.002580302934013534,-0.0161286854060948,0.024516462010148996,0.796649916247906,2.687402748667801,75,0.5797101449275363,0,1,2,0,0,0,0,0,0,0,False,-0.040645147416243796,-0.0006298580392028908
951105085,driven,794812542,774672366,SST,,70,0,1,0.0,0.014285714285714285,3.2153930930382626,1.502452500915131,0.9295670213916243,1.0,0.7887010641748728,0.398324958123953,3.169208022333343,75,5.391304347826087,49,50,51,49,49,52,48,49,47,51,False,0.21129893582512715,0.645014816355125
951105261,control,794812542,774672366,SST,951105085.0,76,0,1,0.0,0.013157894736842105,,,-0.00025817240891064437,-0.01377517473876079,0.026775832250789642,0.604355108877722,2.613740075716269,75,3.0434782608695654,2,1,2,2,1,0,0,2,2,0,False,-0.04055100698955043,-0.008252308275807006
951105561,control,794812542,774672366,SST,951105613.0,70,1,2,0.014285714285714285,0.02857142857142857,,,0.0025578480726188677,0.0025578480726188677,0.0025578480726188677,0.618090452261307,1.1434845161662197,75,6.028985507246377,3,3,2,6,2,1,1,3,5,2,False,0.0,-0.010235847955421134
951105605,control,794812542,774672366,SST,951106295.0,63,0,1,0.0,0.015873015873015872,,,-0.005347580873254078,-0.005347580873254078,-0.005347580873254078,0.576884422110553,0.6651054133356327,75,0.463768115942029,0,0,0,0,1,1,0,0,1,0,False,0.0,0.0002978321092117201
951105613,driven,794812542,774672366,SST,,63,0,0,0.0,0.0,4.215179729278857,1.9071614523824956,0.9730536156050016,1.0,0.9191608468150045,0.370854271356784,1.2693962943508148,75,0.6086956521739131,34,41,34,37,32,40,41,36,34,26,False,0.08083915318499546,0.47076244116886645
951105678,driven,831882777,803390291,SST,,15,0,1,0.0,0.06666666666666667,7.342600530643876,0.7626507379244281,0.14290666065614002,0.3255658969097495,0.0726531082509056,0.288442211055276,7.442927386461956,75,5.36231884057971,4,4,3,5,5,5,3,5,6,3,False,0.2529127886588439,0.016014374146604927
951105705,control,794812542,774672366,SST,951106295.0,61,0,0,0.0,0.0,,,-0.010020890692028436,-0.010020890692028436,-0.010020890692028436,0.673031825795645,0.4762377460587402,75,1.2463768115942029,0,1,0,1,0,1,2,1,0,1,False,0.0,-0.0005940290455695031
951105754,control,794812542,774672366,SST,951105613.0,58,0,2,0.0,0.034482758620689655,,,-0.014480654998914828,-0.014480654998914828,-0.014480654998914828,0.769179229480737,1.4132954694189233,75,1.6521739130434783,0,1,0,1,2,2,1,2,2,1,False,0.0,0.0029077548933025693
951106125,control,794812542,774672366,SST,951105085.0,68,0,0,0.0,0.0,,,-0.012130961424040703,-0.012130961424040703,-0.012130961424040703,0.604355108877722,2.4188766094782057,75,2.2028985507246377,2,1,0,1,2,0,2,1,1,1,False,0.0,-0.0028519619513082974
951106295,driven,794812542,774672366,SST,,63,0,1,0.0,0.015873015873015872,3.719316130503437,0.7336212676611106,0.04981453922026817,0.11672900828926336,-0.0037170360349279923,0.590619765494137,0.6012929815345964,75,0.2898550724637681,0,0,0,1,0,0,0,0,1,0,True,0.12044604432419136,0.00035132624664443345
951106335,control,794812542,774672366,SST,951106295.0,57,0,0,0.0,0.0,,,-0.006747298824645874,-0.006747298824645874,-0.006747298824645874,0.590619765494137,0.5006492132577943,75,1.6231884057971016,1,1,0,2,1,0,0,1,0,1,False,0.0,-0.0036148633494370594
951106531,control,794812542,774672366,SST,951105613.0,69,0,0,0.0,0.0,,,-0.0032516519996671172,-0.0032516519996671172,-0.0032516519996671172,0.68676716917923,0.9905916426563545,75,0.7246376811594203,0,0,0,0,0,0,1,1,1,1,False,0.0,-0.00044959616075090496
951116605,control,798911424,775876828,VIP,951116684.0,37,0,0,0.0,0.0,,,-0.009318511797748634,-0.009318511797748634,-0.009318511797748634,0.576884422110553,1.8633459694097387,75,1.2173913043478262,1,0,1,0,0,0,0,1,1,0,False,0.0,-0.004401180981139068
951116684,driven,798911424,775876828,VIP,,37,0,0,0.0,0.0,3.017135480581122,1.4237729553225968,0.03643164540646913,0.03643164540646913,0.03643164540646913,0.673031825795645,1.7560121905703805,75,0.4057971014492754,0,1,0,0,1,0,0,1,1,0,True,0.0,0.0020990234776644403
951116689,control,798911424,775876828,VIP,951116761.0,36,2,1,0.05555555555555555,0.027777777777777776,,,-0.007707983674948146,-0.021325659130015013,0.019527367235185587,1.6070351758794,3.219224146218689,75,3.2753623188405796,1,2,1,0,1,1,0,1,4,1,False,-0.0408530263652006,-0.010124425288904688
951116709,control,798911424,775876828,VIP,951116684.0,36,0,0,0.0,0.0,,,-0.01754341359458028,-0.01754341359458028,-0.01754341359458028,0.892797319932998,1.5642319827912334,75,2.898550724637681,1,2,3,2,2,1,2,3,1,1,False,0.0,0.0011036772716807688
951116755,control,798911424,775876828,VIP,951116761.0,36,1,0,0.027777777777777776,0.0,,,0.0030203226913988555,0.04456114257925724,0.0030203226913988555,1.30485762144054,2.9335268819551032,75,4.492753623188406,1,2,2,2,7,5,4,1,0,3,False,0.041540819887858384,0.000721694838999369
951116761,driven,798911424,775876828,VIP,,36,0,0,0.0,0.0,4.351750133472386,1.9676656241234156,1.0,1.0,1.0,0.467001675041876,2.719648543238441,75,6.869565217391305,51,53,51,51,55,56,52,53,54,50,False,0.0,0.6844602558344767
951116783,control,798911424,775876828,VIP,951116761.0,36,2,1,0.05555555555555555,0.027777777777777776,,,-0.027177707903572296,-0.08504687454602708,0.04515875039949617,0.590619765494137,3.2744694735624758,75,10.318840579710145,4,9,11,9,3,9,9,5,5,3,False,-0.13020562494552324,0.010967040988695822
951117389,control,798911424,775876828,VIP,951116684.0,37,0,0,0.0,0.0,,,-0.006970301677084357,-0.006970301677084357,-0.048927397580296204,1.20871021775544,1.911488326095039,75,5.884057971014493,5,3,0,6,4,2,3,3,3,6,False,0.041957095903211845,0.0007179422242950432
951125749,driven,839557629,821469666,PV,,41,11,5,0.2682926829268293,0.12195121951219512,3.7130337251754613,0.48492812788057454,0.3536572048903027,0.5807506193883045,0.16150123877660885,0.302177554438861,56.30694347738616,75,32.869565217391305,23,17,17,23,12,18,22,21,19,20,True,0.4192493806116957,0.03222699910164532
951125822,driven,839557629,821469666,PV,,42,0,0,0.0,0.0,3.874704041323873,1.248274073944138,0.8454182318728451,1.0,0.5362546956185358,0.343383584589615,37.43175108431645,75,47.130434782608695,41,37,43,35,45,44,48,41,43,45,True,0.4637453043814642,0.3623821267880786
951125846,driven,839557629,821469666,PV,,39,0,0,0.0,0.0,2.610999119617119,0.4055182293287337,0.8430231040050531,1.0,0.5290693120151593,0.274706867671692,19.05977723915264,75,20.231884057971016,31,38,32,29,35,36,31,28,34,37,True,0.4709306879848407,0.3431812765329184
951125860,control,839557629,821469666,PV,951125898.0,37,0,0,0.0,0.0,,,-0.009084494058987662,-0.009084494058987662,-0.009084494058987662,0.618090452261307,1.300231073567936,75,0.8405797101449275,0,0,2,0,0,1,2,0,0,0,False,0.0,-3.5650165814901136e-05
951125880,control,839557629,821469666,PV,951125924.0,37,1,0,0.02702702702702703,0.0,,,-0.05087503986228855,-0.05087503986228855,-0.05087503986228855,0.631825795644891,2.827017561469679,75,7.333333333333333,1,5,1,2,1,3,0,3,0,4,False,0.0,-0.03214379570749181
951125882,control,839557629,821469666,PV,951125846.0,37,0,1,0.0,0.02702702702702703,,,-0.036989909043809124,-0.0954118757505026,-0.05159540072048249,0.576884422110553,15.90770190929098,75,12.08695652173913,5,7,2,2,1,4,1,3,2,2,False,-0.043816475030020105,-0.058932772905416174
951125884,driven,839557629,821469666,PV,,37,7,1,0.1891891891891892,0.02702702702702703,3.078662959013032,0.7117768250892373,0.5789790714163082,0.8056826483459884,0.27130993129745656,0.302177554438861,10.190282662870707,75,25.159420289855074,12,10,16,6,14,11,10,10,13,6,True,0.5343727170485317,-0.04685502942422219
951125890,control,839557629,821469666,PV,951125884.0,37,3,1,0.08108108108108109,0.02702702702702703,,,-0.09366397198045916,-0.10844321484505996,-0.06410548625125756,0.535678391959799,9.794988433324198,75,11.594202898550725,1,4,2,3,3,2,2,2,0,1,False,-0.0443377285938024,-0.06793294266561045
951125892,control,839557629,821469666,PV,951125884.0,37,0,2,0.0,0.05405405405405406,,,-0.1024550864464071,-0.16456523216169766,-0.07140001358876184,0.576884422110553,9.15044042090004,75,19.10144927536232,7,8,3,7,0,3,1,7,2,1,False,-0.09316521857293582,-0.10451996246910951
951125898,driven,839557629,821469666,PV,,38,4,0,0.10526315789473684,0.0,2.855386384316822,2.4541855099362375,0.6400630342938081,0.8754064349478566,0.1693762329857109,0.274706867671692,1.561904718479006,75,3.9420289855072466,10,2,9,1,7,6,6,1,12,6,False,0.7060302019621457,0.050524333782955747
951125910,control,839557629,821469666,PV,951125884.0,38,0,2,0.0,0.05263157894736842,,,-0.011192608531335413,-0.011192608531335413,-0.011192608531335413,0.65929648241206,12.511083778702277,75,1.2753623188405796,2,0,1,1,1,0,2,0,1,0,False,0.0,0.0005209290815576445
951125914,control,839557629,821469666,PV,951125962.0,38,1,2,0.02631578947368421,0.05263157894736842,,,-0.020405572203429385,0.007172956775041676,-0.034194836692664925,0.700502512562814,5.824058751465864,75,3.5072463768115942,1,1,1,2,2,1,1,2,0,0,False,0.0413677934677066,-0.01337129217568835
951125916,control,839557629,821469666,PV,951125924.0,38,0,0,0.0,0.0,,,-0.02214737020442154,-0.05135158078169072,-0.05135158078169072,0.645561139028476,2.406883607856324,75,10.985507246376812,3,2,3,2,1,1,4,1,0,1,False,0.0,-0.06565684551979714
951125920,driven,839557629,821469666,PV,,38,13,5,0.34210526315789475,0.13157894736842105,3.725677755286049,2.3683310226276,0.8007376740348172,0.8007376740348172,0.8007376740348172,0.302177554438861,44.89309026867105,75,63.507246376811594,40,22,42,23,42,29,33,21,31,24,False,0.0,0.018276389033012798
951125924,driven,839557629,821469666,PV,,38,0,1,0.0,0.02631578947368421,6.291260580810688,2.457788660188625,0.1562912538054492,0.42845536548111074,-0.020615418783730813,0.618090452261306,2.6475719686419565,75,2.8405797101449277,2,0,2,2,2,0,1,2,4,2,False,0.44907078426484154,0.00020284638643435927
951125928,control,839557629,821469666,PV,951125962.0,38,1,2,0.02631578947368421,0.05263157894736842,,,-0.03854776394139701,-0.010478905456494391,-0.052582193183848325,0.673031825795645,5.144392508464443,75,6.086956521739131,4,0,1,4,2,1,1,0,2,2,False,0.04210328772735393,-0.0261030163733287
951125934,control,839557629,821469666,PV,951125962.0,38,0,3,0.0,0.07894736842105263,,,-0.014480654998914828,-0.014480654998914828,-0.014480654998914828,0.755443886097153,4.698562288575041,75,2.347826086956522,0,0,1,0,1,0,0,0,0,2,False,0.0,-0.013525657542602437
951125938,control,839557629,821469666,PV,951125974.0,36,0,1,0.0,0.027777777777777776,,,-0.007007213199947734,-0.020615418783730813,-0.020615418783730813,0.714237855946399,1.9593403035485202,75,2.927536231884058,1,0,0,0,0,1,0,0,0,0,False,0.0,-0.020966840619591164
951125942,control,839557629,821469666,PV,951125898.0,38,0,2,0.0,0.05263157894736842,,,-0.003019040905879764,-0.003019040905879764,-0.003019040905879764,0.755443886097153,1.4492694179690038,75,0.43478260869565216,0,1,1,0,0,0,0,0,0,0,False,0.0,-0.0008083588597435968
951125952,control_relaxed,839557629,821469666,PV,951125994.0,36,2,2,0.05555555555555555,0.05555555555555555,,,0.01663926341168535,0.0443395658507928,-0.03876134146652956,0.714237855946399,1.7649052220597707,75,4.666666666666667,1,2,1,1,2,1,3,5,2,5,False,0.08310090731732236,-0.006205780898642604
951125954,control,839557629,821469666,PV,951125924.0,36,0,1,0.0,0.027777777777777776,,,-0.024409083073153107,-0.024409083073153107,-0.024409083073153107,0.68676716917923,3.1323748590500275,75,2.782608695652174,1,0,0,0,2,0,3,1,1,1,False,0.0,-0.010240365649825526
951125962,driven,839557629,821469666,PV,,36,1,2,0.027777777777777776,0.05555555555555555,2.6586209532056873,0.3948079805787033,0.06601716541706253,0.15941544887535627,-0.0006958941960044404,0.741708542713568,5.570093986437607,75,0.11594202898550725,0,0,0,1,0,0,1,0,1,0,True,0.1601113430713607,0.0030757453394641226
951125974,driven,839557629,821469666,PV,,35,1,0,0.02857142857142857,0.0,4.500949465755893,4.5225586044868376,0.47952060752663916,0.6623917454226849,0.15597936355671205,0.288442211055276,2.429153705295564,75,7.6231884057971016,11,8,9,4,8,7,5,5,7,6,False,0.5064123818659728,0.03631895096349749
951125994,driven,839557629,821469666,PV,,29,0,0,0.0,0.0,4.673794009343025,1.520270117340133,0.20207506722693905,0.5047362486236173,0.009472497247234693,0.288442211055276,1.5563371941191961,75,3.681159420289855,3,3,3,2,5,3,4,2,1,1,False,0.4952637513763826,0.007188745473535765
951126057,control,839557629,821469666,PV,951125898.0,36,0,2,0.0,0.05555555555555555,,,-0.00864310295242888,0.018617521451690818,-0.022273415154488732,0.755443886097153,1.4291406760527676,75,3.9130434782608696,0,0,0,2,1,0,3,1,1,1,False,0.040890936606179554,-0.019417888249720957
951126300,driven,839557629,821469666,PV,,20,4,3,0.2,0.15,4.816854879836993,1.8696674072781603,0.6529371899538983,1.0,0.028224131870914927,0.219765494137353,52.29789766721836,75,71.2463768115942,34,41,34,38,37,37,40,39,39,33,False,0.9717758681290851,0.1088192377782093
951126316,control,839557629,821469666,PV,951126300.0,22,2,3,0.09090909090909091,0.13636363636363635,,,0.12320003581856251,0.32710700423285033,0.20476282318427758,0.32964824120603,51.54542533643481,75,54.17391304347826,23,19,23,19,16,16,19,24,19,17,False,0.12234418104857275,-0.14143496440645517
951126363,driven,839557629,821469666,PV,,32,1,1,0.03125,0.03125,2.926981850139845,2.808883423730077,0.35929268781056795,0.4321003369230034,0.12630821065077452,0.274706867671692,7.35298659489061,75,9.014492753623188,6,9,12,11,15,9,7,9,6,10,False,0.3057921262722289,0.05992580460082776
951126369,driven,839557629,821469666,PV,,31,1,1,0.03225806451612903,0.03225806451612903,4.1334737628496105,2.4029319740810062,0.5181584975242781,0.9173985995755906,0.00878319490708633,1.67571189279732,1.9250786151804586,75,3.420289855072464,4,15,6,10,7,4,6,8,3,10,False,0.9086154046685042,0.07229326529527787
951126373,driven,839557629,821469666,PV,,31,1,1,0.03225806451612903,0.03225806451612903,3.4252821538608194,1.4442447498431825,0.7477279517899268,1.0,0.29048486440916926,0.302177554438861,8.456212960342192,75,22.3768115942029,23,41,24,24,38,27,28,22,29,20,True,0.7095151355908307,0.244103934749843
951126397,control_relaxed,839557629,821469666,PV,951126363.0,34,0,0,0.0,0.0,,,-0.026225405078869016,-0.08404092085796024,0.04604398964499499,0.590619765494137,4.964518644532119,75,9.73913043478261,3,0,0,8,1,1,3,2,3,2,False,-0.13008491050295523,-0.047877106760610244
951126403,control_relaxed,839557629,821469666,PV,951126369.0,34,0,0,0.0,0.0,,,-0.03286205858436659,-0.01871326326129308,-0.01871326326129308,0.700502512562814,1.3225011710071761,75,7.6521739130434785,4,6,3,2,1,3,1,2,2,2,False,0.0,-0.026274830804200438
951126405,control,839557629,821469666,PV,951126373.0,34,1,0,0.029411764705882353,0.0,,,-0.10715880801916455,-0.10715880801916455,-0.10715880801916455,0.645561139028476,8.239936052518804,75,13.797101449275363,2,4,1,4,4,3,2,2,5,4,False,0.0,-0.07054189348549114
951126421,control_relaxed,839557629,821469666,PV,951126363.0,35,1,0,0.02857142857142857,0.0,,,-0.07095854333483177,-0.13129423591707584,0.00446107239297326,0.645561139028476,6.901588850641399,75,16.115942028985508,2,12,4,2,8,5,3,9,5,5,False,-0.1357553083100491,-0.0541831222111015
951126425,control_relaxed,839557629,821469666,PV,951126512.0,37,0,0,0.0,0.0,,,-0.13895731915164033,-0.15434863427531115,-0.1081746889042987,0.563149078726968,6.593233655328845,75,17.333333333333332,3,6,10,2,8,3,9,3,9,5,False,-0.04617394537101245,-0.05990514233238663
951126429,control_relaxed,839557629,821469666,PV,951126369.0,37,0,0,0.0,0.0,,,-0.0032516519996671172,-0.0032516519996671172,-0.0032516519996671172,0.631825795644891,2.446284549479595,75,0.2898550724637681,0,0,0,1,0,0,2,0,0,0,False,0.0,0.0016877549548708452
951126433,control_relaxed,839557629,821469666,PV,951126363.0,37,2,0,0.05405405405405406,0.0,,,-0.048110338258142434,-0.06287245569839797,-0.018586103377631384,0.686767169179229,7.505451108128485,75,13.159420289855072,8,4,3,6,2,6,2,3,0,4,False,-0.04428635232076659,-0.054724997635492365
951126441,control_relaxed,839557629,821469666,PV,951126512.0,38,0,0,0.0,0.0,,,-0.0028885348909878793,0.05206426154139502,-0.03036493310717933,0.686767169179229,4.5336779133037455,75,4.666666666666667,2,1,1,2,1,2,1,3,0,2,False,0.08242919464857434,-0.017278196644432343
951126445,control_relaxed,839557629,821469666,PV,951126369.0,38,0,0,0.0,0.0,,,-0.055515196355056314,-0.055515196355056314,-0.055515196355056314,0.631825795644891,2.0865368216149487,75,7.188405797101449,0,1,4,2,2,2,2,3,0,2,False,0.0,-0.03377231523561066
951126469,control_relaxed,839557629,821469666,PV,951126512.0,38,0,2,0.0,0.05263157894736842,,,-0.03891538586662094,-0.0535479969351649,-0.0535479969351649,0.755443886097152,4.866016290473942,75,12.579710144927537,2,1,6,0,4,1,4,2,3,0,False,0.0,-0.07196236221972363
951126475,control_relaxed,839557629,821469666,PV,951126550.0,38,0,0,0.0,0.0,,,0.02168856907863589,0.03509009552961348,-0.0051144838233192925,0.357118927973199,2.567485272081613,75,0.5797101449275363,1,0,0,0,0,1,0,0,1,1,False,0.04020457935293277,0.0007096732299258952
951126489,control,839557629,821469666,PV,951126514.0,38,0,0,0.0,0.0,,,-0.0007221678418117924,0.02632437723499393,-0.014245440380214655,0.453266331658291,1.2565474208986576,75,2.1159420289855073,0,0,0,0,0,0,0,0,0,0,False,0.04056981761520859,-0.017071618812912862
951126495,control,839557629,821469666,PV,951126514.0,37,1,0,0.02702702702702703,0.0,,,0.01302999384356081,0.026550130914196963,0.026550130914196963,0.65929648241206,1.5644743451066108,75,1.3623188405797102,0,0,1,0,0,0,0,1,1,0,False,0.0,-0.006914323644721073
951126512,driven,839557629,821469666,PV,,35,0,0,0.0,0.0,5.052161764653559,4.346101709499392,0.4286418849529455,0.52862955508618,0.2286665446864764,0.260971524288107,8.685766272408205,75,8.666666666666666,4,3,9,1,3,2,9,6,7,7,False,0.29996301039970363,0.0010885380753486989
951126514,driven,839557629,821469666,PV,,35,0,0,0.0,0.0,7.417417115731318,4.999999999999999,0.08996322066166529,0.23717505261345473,-0.0037170360349279923,0.412060301507538,1.6034470156252807,75,0.5797101449275363,0,1,1,1,0,0,1,1,2,0,False,0.2408920886483827,0.004728267037312253
951126550,driven,839557629,821469666,PV,,30,0,1,0.0,0.03333333333333333,3.5874200127434475,2.201080481329047,0.5206103282455327,0.7945472835337998,0.09600804754871864,0.274706867671692,4.245879731012028,75,3.4782608695652173,3,2,9,2,7,3,4,0,4,4,False,0.6985392359850812,0.023879471777061533
951126556,driven,839557629,821469666,PV,,26,2,0,0.07692307692307693,0.0,6.741890927102878,3.514431906715975,0.6357966738015366,0.954474584225192,0.22606793182826518,0.384589614740368,10.863096568198516,75,17.246376811594203,20,4,6,8,10,5,11,5,9,7,False,0.7284066523969268,-0.017842151477801965
951126558,driven,839557629,821469666,PV,,34,3,1,0.08823529411764706,0.029411764705882353,4.572612349160521,2.2820290694827796,0.6289773823448421,0.7217330367586315,0.3507104191034736,0.274706867671692,11.107211097820956,75,18.81159420289855,17,7,16,5,12,9,16,9,14,3,False,0.3710226176551579,0.004979709149802951
951126562,control_relaxed,839557629,821469666,PV,951126556.0,26,1,2,0.038461538461538464,0.07692307692307693,,,-0.0961627660171463,-0.14183621460119405,-0.050489317433098535,0.425795644891122,14.801477646107193,75,16.3768115942029,9,4,7,4,4,4,4,4,8,7,False,-0.09134689716809552,-0.056385453838950196
951126637,control_relaxed,839557629,821469666,PV,951126550.0,38,1,0,0.02631578947368421,0.0,,,-0.0018830983008310972,0.02519482327486704,-0.015422059088680167,0.824120603015075,2.548213072374578,75,1.9420289855072463,0,0,2,0,0,2,0,1,0,0,False,0.040616882363547206,-0.00888649626761613
951127789,control,839557629,821469666,PV,951127809.0,27,1,0,0.037037037037037035,0.0,,,0.08890081461970595,-0.007004362788746038,0.040948225915479974,0.315912897822446,28.73699111871163,75,23.536231884057973,10,7,4,8,10,15,16,9,11,12,False,-0.047952588704226015,-0.04300643415724981
951127809,driven,839557629,821469666,PV,,27,0,3,0.0,0.1111111111111111,6.267411923506573,2.2330673646257826,0.5316961550228854,0.8919298819283582,0.2975442325343281,0.260971524288107,25.974214222932066,75,38.17391304347826,15,19,20,18,19,23,21,18,19,20,False,0.59438564939403,-0.00972403434744353
951127966,control,839557629,821469666,PV,951127992.0,24,1,2,0.041666666666666664,0.08333333333333333,,,-0.03228189251034939,-0.20970534278556568,0.17740036690581534,0.673031825795645,21.46152159375376,75,23.681159420289855,9,14,7,11,11,11,8,8,8,10,False,-0.38710570969138103,-0.05227364373371278
951127984,control,839557629,821469666,PV,951127992.0,24,5,5,0.20833333333333334,0.20833333333333334,,,0.0812462516053421,0.15191961686646965,0.09891459292062403,0.192294807370184,23.32878360981311,75,35.391304347826086,11,10,13,16,16,13,21,17,14,11,False,0.05300502394584562,-0.0759802539444033
951127992,driven,839557629,821469666,PV,,24,14,2,0.5833333333333334,0.08333333333333333,7.176482364064267,4.999999999999999,0.23658093587117152,0.3527534021516454,0.054024203144712526,0.288442211055276,22.954046393287438,75,27.159420289855074,14,14,13,9,11,11,12,17,7,6,False,0.2987291990069329,-0.05379793490763478
951128030,driven,839557629,821469666,PV,,29,9,7,0.3103448275862069,0.2413793103448276,3.7444633295234846,1.0094881956485109,0.7279814179183381,1.0,0.18394425375501447,0.343383584589615,42.15429655474914,75,31.391304347826086,31,32,26,31,26,33,28,25,28,22,True,0.8160557462449856,0.19786188749019118
951128042,control_relaxed,839557629,821469666,PV,951128097.0,31,1,0,0.03225806451612903,0.0,,,-0.010958156269800274,-0.010958156269800274,-0.010958156269800274,0.618090452261306,0.5344823385417603,75,0.8985507246376812,0,0,0,0,0,1,0,0,0,0,False,0.0,-0.005871351999556405
951128058,control_relaxed,839557629,821469666,PV,951128030.0,32,4,0,0.125,0.0,,,0.014736472931005848,-0.11447841586492782,0.12779950062744783,0.398324958123953,23.41657918625627,75,23.565217391304348,6,6,7,9,7,15,13,10,9,15,False,-0.24227791649237565,-0.05129807431122825
951128093,control_relaxed,839557629,821469666,PV,951128097.0,35,0,0,0.0,0.0,,,-0.02607324227616691,-0.02607324227616691,-0.02607324227616691,0.755443886097152,0.5062164456381095,75,3.101449275362319,0,0,0,1,1,1,0,1,0,2,False,0.0,-0.01692098770113071
951128097,driven,839557629,821469666,PV,,35,0,0,0.0,0.0,3.0239238435211284,0.42346328261488136,0.704481952728156,1.0,0.1134458581844679,0.260971524288107,0.8381265517037058,75,0.8405797101449275,25,28,22,31,25,25,26,20,30,21,True,0.886554141815532,0.33286212331220133
951128109,control_relaxed,839557629,821469666,PV,951128097.0,39,0,1,0.0,0.02564102564102564,,,0.018507440757983305,0.07228785496302531,-0.008382766344537702,0.604355108877722,1.131492258355233,75,0.782608695652174,0,2,0,1,0,0,0,0,0,0,False,0.08067062130756301,-0.0022553877368417263
951128115,control,839557629,821469666,PV,951128117.0,40,2,0,0.05,0.0,,,0.027227077944685433,0.027227077944685433,-0.013305127140952675,0.741708542713568,5.841189595649895,75,1.5072463768115942,7,1,3,3,1,3,3,2,2,2,False,0.04053220508563811,0.024305753187224766
951128117,driven,839557629,821469666,PV,,40,0,1,0.0,0.025,2.608432016616647,0.20464555841600326,0.1761354397426516,0.32592899615307863,-0.07851360615507424,0.83785594639866,5.9366940519758655,75,13.652173913043478,9,6,4,2,6,9,7,3,9,5,True,0.4044426023081529,-0.026172419028616938
951128153,control,839557629,821469666,PV,951128173.0,42,1,0,0.023809523809523808,0.0,,,-0.038144614874716584,-0.023923455766843762,-0.06658693309046225,0.302177554438861,4.616334236491694,75,8.46376811594203,30,34,26,34,35,23,29,29,28,30,False,0.042663477323618484,0.35511345815177653
951128167,control,839557629,821469666,PV,951128212.0,42,0,0,0.0,0.0,,,-0.060529624461864176,-0.0895852306115043,-0.0024184121625839476,0.673031825795645,6.521712380860517,75,12.115942028985508,2,1,3,5,1,2,2,5,0,3,False,-0.08716681844892035,-0.06652355454936723
951128171,control,839557629,821469666,PV,951128173.0,42,0,0,0.0,0.0,,,-0.020368169568061485,-0.020368169568061485,-0.06288350996673071,0.618090452261307,3.644158829047947,75,8.08695652173913,1,1,2,1,0,1,6,0,2,6,False,0.04251534039866923,-0.03838537197356219
951128173,driven,839557629,821469666,PV,,42,2,0,0.047619047619047616,0.0,3.584728840524981,2.192210433699558,0.9856762451213249,1.0,0.9570287353639747,0.206030150753769,4.0681472226027084,75,7.188405797101449,28,25,26,32,25,30,33,28,34,35,False,0.0429712646360253,0.35883520339212127
951128189,control,839557629,821469666,PV,951128212.0,44,0,3,0.0,0.06818181818181818,,,-0.0632381964460748,-0.004978569243550155,-0.09236801004733712,0.494472361809045,6.11142866265298,75,11.565217391304348,1,3,1,1,0,1,2,3,1,1,False,0.08738944080378697,-0.07646083065255674
951128193,control,839557629,821469666,PV,951128212.0,44,1,1,0.022727272727272728,0.022727272727272728,,,-0.0027760545012054352,-0.04455839010542233,0.03900628110301146,0.604355108877722,9.222389966472969,75,6.927536231884058,2,1,1,1,1,0,0,2,1,1,False,-0.08356467120843378,-0.04289163115519211
951128197,control,839557629,821469666,PV,951128231.0,44,0,0,0.0,0.0,,,-0.08406938275868406,-0.09871896901217979,-0.0547702102516926,0.673031825795645,11.038259449980231,75,10.753623188405797,2,2,1,0,1,1,1,1,2,4,False,-0.04394875876048719,-0.06804115900512166
951128212,driven,839557629,821469666,PV,,42,0,3,0.0,0.07142857142857142,3.633857771619652,1.9664580041765436,0.33462556318760206,0.7338502252750408,-0.10895739468732991,0.576884422110553,8.00952619824359,75,12.840579710144928,11,4,10,9,10,10,8,6,12,8,False,0.8428076199623707,0.021840968149017835
951128217,control,839557629,821469666,PV,951128173.0,42,0,1,0.0,0.023809523809523808,,,0.032510631241078225,0.004868077847966175,-0.036595752241701904,0.576884422110553,3.32852302495718,75,4.695652173913044,9,4,3,3,5,1,3,4,3,1,False,0.04146383008966808,0.011557717252995963
951128219,driven,839557629,821469666,PV,,42,8,0,0.19047619047619047,0.0,4.649237692786083,3.0389925002346527,0.7301110731182016,0.44601746587420316,0.9147719178268006,0.302177554438861,6.287448086643896,75,7.971014492753623,23,27,18,26,17,20,24,25,18,18,False,-0.4687544519525974,0.24111820507613174
951128227,control_relaxed,839557629,821469666,PV,951128324.0,38,0,1,0.0,0.02631578947368421,,,0.040342386162429196,0.16551511840211236,-0.04310610199735957,0.549413735343384,2.7760533000221876,75,6.869565217391305,2,1,4,6,3,1,5,3,2,1,False,0.20862122039947192,-0.017052211104945852
951128231,driven,839557629,821469666,PV,,38,2,0,0.05263157894736842,0.0,4.386205221135068,2.8844763265177944,0.8660582791575062,0.9553527597191687,0.821411038876675,0.233500837520938,8.925598090984636,75,15.942028985507246,27,33,23,28,20,16,17,27,23,21,False,0.13394172084249367,0.21992879420359626
951128233,control,839557629,821469666,PV,951128239.0,38,0,1,0.0,0.02631578947368421,,,-0.01262705055969609,0.01474124810407948,-0.026311199891583877,0.604355108877722,3.7032602414828535,75,3.9130434782608696,0,1,0,1,1,0,1,1,0,1,False,0.041052447995663356,-0.02354508617785748
951128235,control,839557629,821469666,PV,951128239.0,38,0,1,0.0,0.02631578947368421,,,0.04742560913518457,0.061033814718967655,-0.020615418783730813,0.65929648241206,4.040737871908259,75,2.4927536231884058,1,0,0,1,2,0,0,1,1,0,False,0.08164923350269847,-0.011981062037243908
951128237,control_relaxed,839557629,821469666,PV,951128324.0,38,0,1,0.0,0.02631578947368421,,,0.009361390765284092,0.022931782672608966,-0.017779393049365662,0.673031825795645,2.1576298249786765,75,1.681159420289855,3,0,0,0,0,0,1,2,2,3,False,0.04071117572197463,0.0013251314567431678
951128239,driven,839557629,821469666,PV,,38,0,0,0.0,0.0,1.637942372743109,0.44739132682009786,0.10432110594354785,0.09054143065037167,0.09054143065037167,0.645561139028476,4.2244661757819895,75,5.884057971014493,7,11,8,6,8,6,9,6,12,10,True,0.0,0.06780261183720951
951128243,driven,839557629,821469666,PV,,38,0,0,0.0,0.0,2.3986990589528525,0.318482593469914,0.4946975310814993,0.6340913156107408,0.2681826312214818,0.233500837520938,21.705207852271595,75,31.014492753623188,33,34,42,25,36,31,31,30,31,35,True,0.36590868438925905,0.27888160840268605
951128246,control_relaxed,839557629,821469666,PV,951128324.0,38,0,0,0.0,0.0,,,-0.01142711516491605,-0.01142711516491605,-0.01142711516491605,0.700502512562814,1.9383550194230825,75,1.6521739130434783,0,1,1,0,1,0,0,0,0,2,False,0.0,-0.0065497596266796574
951128272,control,839557629,821469666,PV,951128239.0,35,1,1,0.02857142857142857,0.02857142857142857,,,0.059281038249359264,0.08694924300673104,0.003944628734615685,0.700502512562814,4.187206589681723,75,4.463768115942029,0,0,0,0,0,1,0,1,0,0,False,0.08300461427211536,-0.03359179565215416
951128292,driven,839557629,821469666,PV,,34,5,0,0.14705882352941177,0.0,2.918759799189788,0.9220360772791413,0.46693896283421615,0.705413637355751,-0.010010386208853582,0.32964824120603,8.78855133751239,75,4.434782608695652,10,7,8,4,9,8,6,5,11,10,True,0.7154240235646045,0.07164084921729125
951128322,control_relaxed,839557629,821469666,PV,951128243.0,28,0,1,0.0,0.03571428571428571,,,0.11452688993694404,0.22722346758133297,-0.06256773207566715,0.700502512562814,20.8178301235388,75,24.956521739130434,14,8,9,3,9,8,6,7,10,6,False,0.2897911996570001,-0.09074034335607367
951128324,driven,839557629,821469666,PV,,28,1,0,0.03571428571428571,0.0,4.97033563583299,3.8361235202637816,0.6983897244254965,0.7532279563481336,0.4241985648123116,0.302177554438861,2.3169466758901627,75,3.420289855072464,13,16,16,11,7,9,14,7,10,9,False,0.32902939153582195,0.12573575075094134
951128421,driven,839557629,821469666,PV,,24,0,0,0.0,0.0,4.493468724066711,0.33597288101835193,0.04,0.12,0.0,0.673031825795645,0.286085097873314,75,0.0,0,0,3,0,1,0,2,0,2,0,True,0.12,0.010666666666666668
951128671,control,839557629,821469666,PV,951128709.0,19,1,1,0.05263157894736842,0.05263157894736842,,,-0.03084289433396131,-0.03084289433396131,-0.03084289433396131,0.741708542713568,19.279052044708237,75,3.0144927536231885,1,1,1,1,0,3,2,0,2,0,False,0.0,-0.009384416521413527
951128675,control,839557629,821469666,PV,951128709.0,18,0,1,0.0,0.05555555555555555,,,-0.03566190886739166,-0.04965734006830236,-0.007671046465570261,0.782914572864322,16.29614380116388,75,7.333333333333333,2,2,3,2,3,3,1,5,2,2,False,-0.041986293602732094,-0.02507431765470077
951128677,control,839557629,821469666,PV,951128709.0,17,0,0,0.0,0.0,,,-0.012463537498541932,-0.056483691302826364,0.11959692391431137,0.906532663316583,15.687570561526185,75,12.840579710144928,6,8,5,3,3,1,4,2,7,3,False,-0.17608061521713775,-0.046127786330053426
951128709,driven,839557629,821469666,PV,,17,4,1,0.23529411764705882,0.058823529411764705,4.96875356085139,3.1350327982260255,0.5672999066853102,0.8002922646239893,0.30102292618396254,0.302177554438861,18.837504535864845,75,28.17391304347826,14,16,18,20,20,27,21,19,22,19,False,0.49926933844002674,0.0745889070952426
951128732,control,839557629,821469666,PV,951128744.0,24,0,0,0.0,0.0,,,-0.04418032242748172,-0.07278800249398808,-0.029876482394228552,0.494472361809045,14.71625169629164,75,8.956521739130435,5,2,3,3,3,2,1,3,3,4,False,-0.04291152009975953,-0.032742726752473486
951128744,driven,839557629,821469666,PV,,27,1,0,0.037037037037037035,0.0,2.3939209894919813,1.5460363911559982,0.9847082931773629,0.9541248795320885,1.0,0.425795644891122,13.544930225208535,75,17.44927536231884,19,15,7,12,16,15,17,15,12,12,False,-0.045875120467911534,0.0648235458326715
951128753,control,839557629,821469666,PV,951128768.0,29,0,0,0.0,0.0,,,0.009820710849430711,0.023384810700808372,-0.01730748885332461,0.782914572864322,0.5708853824328256,75,2.289855072463768,0,1,2,2,0,0,2,0,0,1,False,0.040692299554132984,-0.007623791450368997
951128761,control_relaxed,839557629,821469666,PV,951128781.0,30,0,2,0.0,0.06666666666666667,,,-0.04418032242748172,-0.029876482394228552,-0.029876482394228552,1.08509212730318,17.3659650204566,75,8.869565217391305,3,1,3,1,5,2,2,2,3,6,False,0.0,-0.03345592625943074
951128768,driven,839557629,821469666,PV,,34,1,0,0.029411764705882353,0.0,2.644946934067261,0.37291196929702475,0.7184373950453351,1.0,0.15531218513600528,0.233500837520938,0.7357697577041219,75,1.0724637681159421,13,13,17,15,20,16,21,17,25,21,True,0.8446878148639947,0.230761723454243
951128777,control,839557629,821469666,PV,951128768.0,37,0,0,0.0,0.0,,,-0.0062805097759455085,-0.0062805097759455085,-0.0062805097759455085,0.714237855946399,0.7794534103734003,75,0.4057971014492754,2,1,3,1,5,3,1,1,3,2,False,0.0,0.026177063125656447
951128781,driven,839557629,821469666,PV,,38,2,1,0.05263157894736842,0.02631578947368421,2.4273606732966595,0.3579609111429604,0.8567414323227093,1.0,0.7134828646454185,0.274706867671692,13.264840922799632,75,20.202898550724637,18,19,20,23,20,17,24,21,18,24,True,0.28651713535458145,0.14429624417173734
951128815,control_relaxed,839557629,821469666,PV,951129038.0,43,0,0,0.0,0.0,,,-0.005580731980946097,-0.005580731980946097,-0.005580731980946097,0.810385259631491,1.012432891276219,75,0.6086956521739131,0,0,1,1,0,0,1,0,0,0,False,0.0,-0.0008619150553334579
951128823,control,839557629,821469666,PV,951128866.0,43,1,1,0.023255813953488372,0.023255813953488372,,,-0.03854776394139701,-0.052582193183848325,-0.052582193183848325,0.631825795644891,5.657033020671563,75,6.492753623188406,0,1,2,1,0,2,1,1,0,0,False,0.0,-0.04207932244665831
951128827,control,839557629,821469666,PV,951128845.0,43,0,2,0.0,0.046511627906976744,,,-0.08001519116316089,-0.1250158241282926,-0.035014558198029185,0.673031825795645,8.327731628961962,75,13.304347826086957,1,2,3,1,1,0,2,1,2,2,False,-0.09000126593026342,-0.0900592747762734
951128837,control,839557629,821469666,PV,951128845.0,45,1,3,0.022222222222222223,0.06666666666666667,,,-0.10560798550436122,-0.1516749849003763,-0.059540986108346176,0.535678391959799,10.206985235950137,75,17.18840579710145,0,4,1,0,1,1,1,4,2,5,False,-0.0921339987920301,-0.11834229998779441
951128845,driven,839557629,821469666,PV,,45,2,3,0.044444444444444446,0.06666666666666667,2.14683431688552,0.23508519453812263,0.34148327764058684,0.5061124582304402,0.09453950675580694,0.274706867671692,8.340151490995384,75,3.5652173913043477,1,1,1,0,4,2,3,1,4,3,True,0.41157295147463324,-0.001494181921607466
951128847,control,839557629,821469666,PV,951128862.0,43,1,4,0.023255813953488372,0.09302325581395349,,,-0.06658693309046225,-0.06658693309046225,-0.06658693309046225,0.604355108877722,5.3915049358190865,75,8.173913043478262,0,1,2,2,1,1,1,1,2,1,False,0.0,-0.05049546302113056
951128853,control_relaxed,839557629,821469666,PV,951128891.0,39,1,1,0.02564102564102564,0.02564102564102564,,,-0.020852110670143108,-0.020852110670143108,-0.020852110670143108,0.645561139028476,2.606457942600283,75,2.463768115942029,0,1,3,0,1,0,1,0,0,0,False,0.0,-0.011746426967106299
951128855,control,839557629,821469666,PV,951128845.0,39,0,4,0.0,0.10256410256410256,,,-0.02379564552601408,0.020717208627290873,-0.112821353832624,0.563149078726968,10.039102962946636,75,14.405797101449275,4,7,3,2,1,1,3,4,4,0,False,0.13353856245991486,-0.07876008004964781
951128860,control,839557629,821469666,PV,951128862.0,39,1,0,0.02564102564102564,0.0,,,-0.04965734006830236,-0.04965734006830236,-0.04965734006830236,0.65929648241206,5.594933710504452,75,7.0144927536231885,0,3,1,2,1,1,1,4,0,0,False,0.0,-0.03938649214490819
951128862,driven,839557629,821469666,PV,,39,2,0,0.05128205128205128,0.0,1.4434151704872697,0.6971711777790494,0.17105357882864813,0.3477142915372969,-0.01919641947297362,0.480737018425461,5.572663613065212,75,0.9565217391304348,43,44,43,45,42,42,44,46,48,45,True,0.3669107110102705,0.5861787864019031
951128866,driven,839557629,821469666,PV,,39,1,4,0.02564102564102564,0.10256410256410256,1.9861747119521254,0.23062599745100534,0.14161046317751733,0.15641028277790497,0.02321190637441628,0.535678391959799,6.906728103896609,75,15.043478260869565,0,1,2,3,4,4,5,4,2,0,True,0.1331983764034887,-0.09029278952221993
951128870,driven,839557629,821469666,PV,,39,5,0,0.1282051282051282,0.0,3.805964342382726,2.3788153763491033,0.5980474236725568,0.7990237118362785,0.15589958971236936,0.315912897822446,1.9122304820424356,75,0.5217391304347826,9,9,11,11,5,4,7,4,2,6,False,0.6431241221239091,0.08686325637565906
951128876,control,839557629,821469666,PV,951128862.0,38,0,2,0.0,0.05263157894736842,,,-0.037076603793903255,-0.037076603793903255,-0.037076603793903255,0.782914572864322,4.464297994358421,75,4.753623188405797,3,2,2,3,4,3,2,3,4,5,False,0.0,0.004174127314086995
951128880,control,839557629,821469666,PV,951128897.0,38,0,0,0.0,0.0,,,-0.028005439055225376,-0.04189740444786356,-0.00022150826994901652,0.673031825795645,2.519947179470927,75,5.101449275362318,0,0,0,1,0,1,0,0,1,0,False,-0.04167589617791454,-0.037489209726853774
951128882,control,839557629,821469666,PV,951128912.0,36,1,0,0.027777777777777776,0.0,,,-0.07526733010074403,-0.07526733010074403,-0.030464524679879697,0.741708542713568,3.071132091092118,75,12.695652173913043,2,1,0,0,1,0,1,0,0,0,False,-0.04480280542086433,-0.09952275793702157
951128891,driven,839557629,821469666,PV,,35,0,0,0.0,0.0,0.6468097366078999,4.999999999999999,0.3838156162007586,0.43739686696591,0.07572342430113789,0.755443886097152,1.985464840929167,75,0.4057971014492754,4,4,4,3,3,5,7,3,4,6,False,0.36167344266477214,0.054268109381647125
951128893,driven,839557629,821469666,PV,,34,6,0,0.17647058823529413,0.0,1.9208073326854527,2.23624887738702,0.1698756876142355,0.2769885021156245,0.15648658580156188,0.288442211055276,4.134100972711227,75,1.710144927536232,2,3,4,0,4,3,4,2,5,4,False,0.1205019163140626,0.02812753248377466
951128895,control,839557629,821469666,PV,951128870.0,35,0,0,0.0,0.0,,,0.0018271461659569123,-0.01166167618315178,-0.01166167618315178,0.769179229480737,1.4668285332576354,75,1.6231884057971016,3,2,3,0,1,0,1,0,2,1,False,0.0,0.004489698131177506
951128897,driven,839557629,821469666,PV,,35,2,1,0.05714285714285714,0.02857142857142857,5.740016147967128,4.999999999999999,0.4938038671437577,0.5074848437074398,0.4664419140163932,0.302177554438861,2.036000831272058,75,2.782608695652174,14,16,9,26,14,15,18,16,16,15,False,0.04104292969104667,0.19426173265985575
951128905,driven,839557629,821469666,PV,,34,0,0,0.0,0.0,1.8995876133981857,0.17441931934171012,0.18916790104742343,0.3513343208379387,-0.013540123690720737,0.700502512562814,1.3910245477432992,75,0.7246376811594203,1,1,1,0,1,1,2,0,2,1,True,0.3648744445286594,0.0075969153365205485
951128912,driven,839557629,821469666,PV,,34,0,0,0.0,0.0,0.0,3.7773871388066227,0.08318536826492257,0.06970280015117142,-0.011192608531335413,0.425795644891122,3.091260833008354,75,2.289855072463768,5,1,2,3,7,1,8,1,1,2,False,0.08089540868250683,0.023609830117499585
951128946,control,839557629,821469666,PV,951128893.0,27,2,0,0.07407407407407407,0.0,,,-0.04132726031770377,-0.011994098055233242,-0.011994098055233242,0.549413735343384,4.449736776801995,75,10.666666666666666,5,8,6,7,7,4,6,9,6,7,False,0.0,0.005306903304485328
951128948,driven,839557629,821469666,PV,,27,3,2,0.1111111111111111,0.07407407407407407,4.856468822867497,3.034278810733564,0.8652483072627722,0.9550827690875907,0.7304966145255445,0.315912897822446,7.86477056488853,75,15.27536231884058,12,10,6,9,6,13,7,10,11,17,False,0.22458615456204623,0.022187740694976456
951129034,control_relaxed,839557629,821469666,PV,951128781.0,45,0,3,0.0,0.06666666666666667,,,-0.04490162150749286,0.045959389058376085,-0.09033212679042733,0.604355108877722,10.88108395459175,75,15.797101449275363,0,2,2,5,0,3,1,5,0,1,False,0.13629151584880342,-0.10596368145143409
951129036,control,839557629,821469666,PV,951128870.0,38,0,0,0.0,0.0,,,0.0006691731474504514,0.027678114413735574,-0.01283529748569211,0.714237855946399,1.4963792394750883,75,1.855072463768116,0,0,0,0,0,0,0,0,0,0,False,0.040513411899427684,-0.01495124789549922
951129038,driven,839557629,821469666,PV,,36,0,1,0.0,0.027777777777777776,0.0,3.6555870075950905,0.09917806206554633,0.15295847627058834,0.031952544309243804,0.755443886097153,1.9173697352976449,75,0.9855072463768116,5,3,5,2,5,0,3,2,10,1,False,0.12100593196134454,0.04046471151771326
951129083,control,839557629,821469666,PV,951128870.0,43,0,0,0.0,0.0,,,-0.01377517473876079,-0.01377517473876079,-0.01377517473876079,0.645561139028476,1.4646871777346315,75,1.3333333333333333,1,0,0,1,1,1,0,1,0,0,False,0.0,-0.0039855999785861325
951131276,control_relaxed,829720705,811322619,PV,951131391.0,20,0,1,0.0,0.05,,,-0.032996465057777376,-0.032996465057777376,-0.032996465057777376,0.796649916247906,6.305010747919251,75,2.289855072463768,2,3,0,1,0,1,4,2,1,0,False,0.0,0.0005241098282054157
951131333,control_relaxed,829720705,811322619,PV,951131391.0,24,0,1,0.0,0.041666666666666664,,,-0.025701865116422598,-0.053803286078516366,-0.011651154635375712,1.00268006700168,7.496461630999767,75,7.333333333333333,5,1,2,1,1,2,0,1,1,3,False,-0.04215213144314065,-0.03638548253916644
951131379,driven,829720705,811322619,PV,,27,2,4,0.07407407407407407,0.14814814814814814,4.840312915793794,0.39115075181659126,0.2520735355166099,0.5512441213099659,0.14736383048893525,0.274706867671692,27.20636549193848,75,12.869565217391305,10,9,5,4,8,7,8,5,8,5,True,0.40388029082103066,-0.00646643907931444
951131391,driven,829720705,811322619,PV,,29,3,2,0.10344827586206896,0.06896551724137931,5.800490572620363,1.9831844326080064,0.6325732811260733,0.9081433202815183,0.08143320281518293,0.260971524288107,11.85497911378568,75,17.681159420289855,16,14,7,16,15,14,17,25,12,12,False,0.8267101174663354,0.07537449772979678
951131431,control_relaxed,829720705,811322619,PV,951131391.0,40,1,0,0.025,0.0,,,-0.046187010233494245,-0.18884887526533436,0.04892089978773252,0.288442211055276,13.28968812108968,75,23.855072463768117,11,8,10,8,10,5,11,11,9,9,False,-0.2377697750530669,-0.06180713886393855
951131450,control,829720705,811322619,PV,951131472.0,68,0,1,0.0,0.014705882352941176,,,0.01439549743467995,0.02847556175704167,0.02847556175704167,0.879061976549414,3.391052513383007,75,7.507246376811594,4,1,1,2,1,1,1,2,0,1,False,0.0,-0.04207600612878016
951131466,control,829720705,811322619,PV,951131478.0,65,0,0,0.0,0.0,,,0.00759691533652055,-0.005813937158931875,0.0344186203274254,0.50820770519263,0.6209934509226269,75,0.7536231884057971,1,1,0,1,0,0,0,0,1,1,False,-0.040232557486357276,0.0006597848897141734
951131470,driven,829720705,811322619,PV,,65,2,1,0.03076923076923077,0.015384615384615385,3.095713347489955,1.9153899266799161,0.9268369446572803,1.0,0.7805108339718407,0.233500837520938,28.085178292830363,75,11.420289855072463,47,45,42,44,43,50,48,49,44,40,False,0.21948916602815927,0.5646554102684328
951131472,driven,829720705,811322619,PV,,65,1,0,0.015384615384615385,0.0,2.4453039395129044,0.20942342814420228,0.1468723833013591,0.3286864655486104,-0.048927397580296204,1.01641541038526,3.8557269232113174,75,6.956521739130435,9,9,10,11,9,13,7,6,9,7,True,0.3776138631289066,0.0696376988759646
951131478,driven,829720705,811322619,PV,,67,0,0,0.0,0.0,6.4353526842923845,4.999999999999999,0.03933194157183574,0.03933194157183574,0.03933194157183574,0.631825795644891,0.7875910043080765,75,0.11594202898550725,0,0,3,1,3,2,1,0,1,2,False,0.0,0.016421451559819354
951131480,control,829720705,811322619,PV,951131478.0,67,0,0,0.0,0.0,,,-0.009552583807784506,-0.009552583807784506,-0.009552583807784506,0.645561139028476,0.8269919680907535,75,2.463768115942029,0,1,0,3,1,0,2,0,1,1,False,0.0,-0.007666804277722805
951131486,driven,829720705,811322619,PV,,67,2,1,0.029850746268656716,0.014925373134328358,1.5988268805496113,3.9070030609021846,0.258114770799022,0.27160359314813076,0.02880479086417429,0.206030150753769,5.848473493654754,75,2.5217391304347827,5,5,3,7,8,8,3,5,5,4,False,0.24279880228395648,0.05172798546947559
951131506,driven,829720705,811322619,PV,,74,5,1,0.06756756756756757,0.013513513513513514,4.688182429182013,3.0982103971610453,0.804725760163458,0.7296202833032495,0.8648101416516247,0.233500837520938,13.755219073608918,75,17.71014492753623,44,43,45,46,44,45,35,46,38,40,False,-0.13518985834837527,0.5022456174312795
951131520,control_relaxed,829720705,811322619,PV,951131583.0,74,0,3,0.0,0.04054054054054054,,,-0.04152029988761758,-0.02725289851929406,-0.07005510262426465,0.576884422110553,6.4086524135215095,75,9.44927536231884,3,6,6,4,1,1,10,1,2,2,False,0.042802204104970584,-0.026755631588516716
951131522,driven,829720705,811322619,PV,,74,10,3,0.13513513513513514,0.04054054054054054,3.6432610596409254,3.5284482818186667,0.7178104102432943,0.8306862461459766,0.36507342304741236,0.302177554438861,26.26031408980877,75,8.985507246376812,23,29,20,29,27,26,26,28,26,32,False,0.4656128230985643,0.30656948703237163
951131524,control,829720705,811322619,PV,951131534.0,74,1,1,0.013513513513513514,0.013513513513513514,,,-0.12371221381754456,-0.12371221381754456,-0.12371221381754456,0.645561139028476,9.729040154902977,75,14.376811594202898,5,6,7,2,1,4,2,4,6,5,False,0.0,-0.059063873708480395
951131528,control,829720705,811322619,PV,951131486.0,74,0,3,0.0,0.04054054054054054,,,-0.07755320686404478,-0.09211473668653188,-0.0484301472190706,0.618090452261306,6.209077966535341,75,11.797101449275363,2,1,2,1,2,1,2,1,5,3,False,-0.043684589467461274,-0.06966780666096581
951131530,control,829720705,811322619,PV,951131506.0,74,0,1,0.0,0.013513513513513514,,,-0.17091198766816426,-0.15487209742613461,-0.15487209742613461,0.947738693467337,16.34583244231993,75,24.26086956521739,5,9,5,12,8,10,8,9,8,6,False,0.0,-0.0846869959484677
951131532,control,829720705,811322619,PV,951131486.0,77,10,0,0.12987012987012986,0.0,,,-0.03863326357711574,-0.06830849967931904,0.020717208627290873,0.453266331658292,7.169690594410826,75,15.91304347826087,3,12,13,7,8,10,9,11,9,8,False,-0.08902570830660991,0.000528883775441611
951131534,driven,829720705,811322619,PV,,77,18,1,0.23376623376623376,0.012987012987012988,3.3929376435419063,1.2928725123347733,0.5297486209112533,0.9596927389352502,0.07293299551075659,0.247236180904523,10.596717900812799,75,1.4202898550724639,18,15,15,15,14,11,17,14,13,9,True,0.8867597434244936,0.1787211824860882
951131536,control,829720705,811322619,PV,951131564.0,77,0,2,0.0,0.025974025974025976,,,-0.05037686620948867,-0.00661116345075997,-0.05037686620948867,0.727973199329983,5.192361792404089,75,10.376811594202898,8,4,4,6,1,4,4,3,2,1,False,0.0437657027587287,-0.032954049566589136
951131548,control,829720705,811322619,PV,951131564.0,77,1,4,0.012987012987012988,0.05194805194805195,,,-0.015657546578137043,-0.015657546578137043,-0.015657546578137043,0.549413735343383,3.8792818472118307,75,1.710144927536232,1,0,0,0,1,1,1,0,1,1,False,0.0,-0.005664973340850701
951131554,control,829720705,811322619,PV,951131589.0,78,1,0,0.01282051282051282,0.0,,,-0.07893492307525464,-0.09413118959744132,-0.0029535904643212246,0.892797319932998,19.317607308493802,75,16.89855072463768,2,8,6,5,2,8,5,6,3,5,False,-0.0911775991331201,-0.06843561256266119
951131556,driven,829720705,811322619,PV,,78,0,0,0.0,0.0,2.5487549560785583,3.147602563481288,0.06384889515451223,-0.003019040905879764,-0.003019040905879764,0.631825795644891,0.43854985775501376,75,0.2608695652173913,0,2,0,0,2,2,0,0,2,0,False,0.0,0.008599815049923796
951131564,driven,829720705,811322619,PV,,78,1,4,0.01282051282051282,0.05128205128205128,2.387398199605093,0.24949445299964598,0.19445282243430362,0.29167403351981874,1.0400263273471267e-05,0.604355108877722,4.490853328534253,75,6.318840579710145,5,4,3,7,6,7,3,4,6,4,True,0.29166363325654526,0.01687066410293544
951131566,control_relaxed,829720705,811322619,PV,951131583.0,78,0,4,0.0,0.05128205128205128,,,-0.046497920039784195,-0.046497920039784195,-0.046497920039784195,0.563149078726968,7.079325340517947,75,4.2898550724637685,0,1,2,2,0,1,2,1,1,1,False,0.0,-0.019735780482860284
951131568,control,829720705,811322619,PV,951131564.0,78,1,1,0.01282051282051282,0.01282051282051282,,,-0.020615418783730813,-0.020615418783730813,-0.020615418783730813,0.563149078726968,5.185937722222131,75,2.579710144927536,2,2,1,1,1,4,0,1,1,1,False,0.0,-0.0017962046043004346
951131583,driven,829720705,811322619,PV,,74,11,2,0.14864864864864866,0.02702702702702703,4.595959518054937,4.296895009803935,0.664540742189954,0.5624444463347225,0.6937111124343057,0.288442211055276,12.7487814117688,75,9.420289855072463,24,22,29,34,30,33,25,36,25,27,False,-0.13126666609958326,0.3314696491852714
951131589,driven,829720705,811322619,PV,,74,1,0,0.013513513513513514,0.0,3.4486366321946007,1.747886978331904,1.0,1.0,1.0,0.260971524288107,17.40965846445221,75,20.405797101449274,51,55,50,52,51,48,56,46,47,56,False,0.0,0.6263949875320265
951131593,control_relaxed,829720705,811322619,PV,951131689.0,72,0,1,0.0,0.013888888888888888,,,0.018735006849994622,-0.008148965565074022,-0.008148965565074022,0.810385259631491,1.5062303219964681,75,0.6666666666666666,1,0,0,1,1,0,1,1,1,1,False,0.0,0.004035663214896294
951131612,driven,829720705,811322619,PV,,69,0,5,0.0,0.07246376811594203,1.639634066782442,1.3983832955484017,0.34809811388707185,0.4473005748173,0.19220853242528466,0.32964824120603,16.504721111487033,75,10.492753623188406,23,22,22,15,20,18,22,21,15,14,True,0.25509204239201533,0.19085101155362424
951131625,control,829720705,811322619,PV,951131643.0,67,0,1,0.0,0.014925373134328358,,,-0.009318511797748634,-0.009318511797748634,-0.009318511797748634,0.741708542713568,0.8612536757278639,75,1.0724637681159421,0,1,0,0,2,0,0,0,0,1,False,0.0,-0.0032373326977879783
951131629,control,829720705,811322619,PV,951131643.0,62,0,1,0.0,0.016129032258064516,,,-0.004415516894735419,-0.004415516894735419,-0.004415516894735419,0.700502512562814,1.0424124548590854,75,0.6376811594202898,0,0,0,0,0,0,0,0,0,1,False,0.0,-0.0037743311782215323
951131643,driven,829720705,811322619,PV,,63,1,0,0.015873015873015872,0.0,2.9783506369316637,2.5102305345211855,0.05025510277364847,0.11713854624029293,-0.0032516519996671172,0.65929648241206,1.0496930677319714,75,0.4057971014492754,3,1,1,4,0,1,1,1,3,1,False,0.12039019823996006,0.01815104990965911
951131647,control_relaxed,829720705,811322619,PV,951131556.0,62,0,0,0.0,0.0,,,-0.0018567941751595478,-0.0018567941751595478,-0.0018567941751595478,0.755443886097152,0.47409637942851585,75,0.37681159420289856,0,0,0,0,0,0,0,0,0,0,False,0.0,-0.003019040905879764
951131657,control_relaxed,829720705,811322619,PV,951131556.0,63,0,0,0.0,0.0,,,-0.00046387567300120635,-0.00046387567300120635,-0.00046387567300120635,0.686767169179229,0.3785918693900705,75,0.2028985507246377,0,0,0,0,0,0,0,0,0,0,False,0.0,-0.001624506489166871
951131689,driven,829720705,811322619,PV,,48,0,0,0.0,0.0,4.664720314668216,1.8505690992307875,0.11857043428953315,0.11857043428953315,0.0384404737703998,0.769179229480737,1.1593305321707248,75,0.37681159420289856,1,5,0,2,1,1,1,1,0,0,False,0.08012996051913335,0.013029263748614314
951131691,control_relaxed,829720705,811322619,PV,951131689.0,48,0,0,0.0,0.0,,,-0.0032516519996671172,-0.0032516519996671172,-0.0032516519996671172,0.769179229480737,0.6321285059046878,75,0.34782608695652173,0,1,0,0,0,0,0,0,0,0,False,0.0,-0.001449435099650593
951131715,control_relaxed,829720705,811322619,PV,951131583.0,48,2,0,0.041666666666666664,0.0,,,0.06809195515700882,0.13977718937570047,0.01074376778205552,0.260971524288107,13.642583709751918,75,10.695652173913043,7,5,10,3,4,6,5,6,7,6,False,0.12903342159364495,-0.003638437731375449
951131780,control,829720705,811322619,PV,951131472.0,65,1,1,0.015384615384615385,0.015384615384615385,,,0.029589741260791256,0.0018637338682424365,0.0018637338682424365,0.673031825795645,2.9088189783906775,75,5.7101449275362315,6,4,5,1,6,6,5,4,4,3,False,0.0,0.014668168347683693
951131784,control,829720705,811322619,PV,951131486.0,74,0,6,0.0,0.08108108108108109,,,-0.029562332969402833,-0.04406321089854935,-0.0005605771111097966,0.590619765494137,7.237785738339583,75,10.115942028985508,3,3,4,1,1,4,2,1,3,2,False,-0.04350263378743956,-0.049594967514505414
951131792,control_relaxed,829720705,811322619,PV,951131556.0,78,0,0,0.0,0.0,,,0.012646717726608954,0.03933194157183574,-0.0006958941960044404,0.686767169179229,0.304929197970283,75,0.057971014492753624,0,0,1,0,0,0,0,0,0,2,False,0.04002783576784018,0.003537979829690799
951131798,control_relaxed,829720705,811322619,PV,951131689.0,74,0,2,0.0,0.02702702702702703,,,-0.00023191094515736808,-0.00023191094515736808,-0.00023191094515736808,0.727973199329983,0.9250661062019822,75,0.028985507246376812,0,0,0,0,0,0,1,0,0,0,False,0.0,0.0011017316027695087
951131804,control,829720705,811322619,PV,951131643.0,63,1,0,0.015873015873015872,0.0,,,0.01195962430806911,0.03866341824568886,-0.001392272660740768,0.631825795644891,0.9066504383470353,75,0.4057971014492754,0,0,0,0,0,0,0,1,0,0,False,0.04005569090642963,-0.0019139831303342277
951131836,control,829720705,811322619,PV,951131478.0,75,0,0,0.0,0.0,,,-0.00023191094515736808,-0.00023191094515736808,-0.00023191094515736808,0.563149078726968,0.9494775728934234,75,0.028985507246376812,2,1,1,1,2,0,0,2,1,1,False,0.0,0.014438157082038276
951132054,driven,829720705,811322619,PV,,10,0,0,0.0,0.0,4.518895929420393,1.3655982949275993,0.752784754718275,1.0,0.2583542641548248,0.192294807370184,18.90475373146662,75,29.971014492753625,25,33,28,42,31,35,38,28,32,32,True,0.7416457358451751,0.27809789961585324
951132090,control_relaxed,829720705,811322619,PV,951132140.0,27,0,0,0.0,0.0,,,-0.02736812445225481,-0.055515196355056314,-0.013294588500854061,0.782914572864322,5.243326082514291,75,8.405797101449275,7,6,5,4,4,3,4,3,0,4,False,-0.04222060785420225,-0.012515815695540361
951132138,driven,829720705,811322619,PV,,36,1,1,0.027777777777777776,0.027777777777777776,5.224346213533312,2.395990135460114,0.6224890881340046,0.9485212392910006,0.12486106794701071,0.206030150753769,15.886725559982652,75,33.10144927536232,23,27,15,19,17,17,14,12,18,20,False,0.8236601713439899,0.013054238164583957
951132140,driven,829720705,811322619,PV,,35,0,0,0.0,0.0,5.223333108804638,1.3278326487305439,0.3366151097077587,0.6381536962042321,0.050153452536109054,0.233500837520938,6.478460642832123,75,14.173913043478262,8,4,6,6,6,5,1,3,6,5,False,0.5880002436681231,-0.04539879315350114
951132159,driven,829720705,811322619,PV,,36,3,1,0.08333333333333333,0.027777777777777776,5.394172033664474,2.252563862865923,0.6411617533811217,0.9551452191726402,0.14775916428016392,0.233500837520938,14.317967621548458,75,15.797101449275363,12,17,14,22,16,9,17,11,17,16,False,0.8073860548924763,0.0937452186191395
951132171,control,829720705,811322619,PV,951132159.0,36,1,7,0.027777777777777776,0.19444444444444445,,,-0.033346123508694585,0.04263520910223884,-0.048542390030881274,0.521943048576214,11.5547609006155,75,16.492753623188406,4,6,2,5,6,6,4,6,6,5,False,0.09117759913312012,-0.06497269197919625
951132173,control_relaxed,829720705,811322619,PV,951132138.0,36,3,2,0.08333333333333333,0.05555555555555555,,,-0.0950663465732641,-0.11048981624331008,-0.06421940723317217,0.521943048576214,8.379557145346288,75,19.217391304347824,3,11,4,11,6,5,7,6,5,7,False,-0.04627040901013792,-0.06511711703975828
951132175,control_relaxed,829720705,811322619,PV,951132140.0,36,0,2,0.0,0.05555555555555555,,,-0.047711954613730546,-0.047711954613730546,-0.047711954613730546,0.645561139028476,3.329381439636208,75,5.536231884057971,4,2,2,0,0,1,3,0,3,3,False,0.0,-0.02019844521304876
951132184,driven,829720705,811322619,PV,,37,2,0,0.05405405405405406,0.0,5.524562307091868,1.6269326781208333,0.4647093625763443,0.9154804256699491,-0.01423489196061082,0.219765494137353,14.451160009987724,75,6.63768115942029,1,3,3,6,5,2,4,5,3,4,False,0.9297153176305599,-0.003918863828915419
951132195,control,829720705,811322619,PV,951132184.0,38,0,0,0.0,0.0,,,-0.025386621615118187,-0.039243197582890056,0.0023265303204255457,0.65929648241206,12.927370562827237,75,5.507246376811594,4,2,4,7,0,2,3,2,8,3,False,-0.041569727903315604,0.0037257349838540794
951132197,control,829720705,811322619,PV,951132205.0,38,1,2,0.02631578947368421,0.05263157894736842,,,-0.04383581962720373,0.11926352718954689,-0.07645568899055386,0.521943048576214,9.13802569816282,75,23.565217391304348,10,6,7,5,10,6,5,8,8,5,False,0.19571921618010074,-0.09476675425977826
951132205,driven,829720705,811322619,PV,,38,5,1,0.13157894736842105,0.02631578947368421,3.3005077513029657,0.27946672235418524,0.1877315230470212,0.3231096025391843,0.052353443554858034,0.274706867671692,11.93335277000557,75,18.492753623188406,7,6,13,8,4,3,6,2,5,3,True,0.27075615898432626,-0.07132780847926852
951132224,driven,829720705,811322619,PV,,37,2,3,0.05405405405405406,0.08108108108108109,2.8273529452568025,0.46540548998360376,0.7740717901010664,1.0,0.32221537030319924,0.233500837520938,19.157005553944845,75,44.608695652173914,39,26,29,31,40,32,32,28,30,27,True,0.6777846296968008,0.16936216545654603
951132226,control_relaxed,829720705,811322619,PV,951132224.0,37,0,1,0.0,0.02702702702702703,,,-0.11655882256522851,-0.1822387533043596,-0.03445890914131465,0.535678391959799,25.35751809357091,75,25.043478260869566,8,14,8,14,5,5,9,9,9,11,False,-0.14777984416304496,-0.07195014054564011
951132399,control_relaxed,829720705,811322619,PV,951132140.0,37,0,2,0.0,0.05405405405405406,,,-0.08479529864301653,-0.08479529864301653,-0.08479529864301653,0.535678391959799,4.1842110451821135,75,10.81159420289855,4,4,5,1,2,2,4,5,3,3,False,0.0,-0.04236835411695931
951133750,control_relaxed,829720705,811322619,PV,951134026.0,66,0,2,0.0,0.030303030303030304,,,-0.02809007078195744,-0.10152507583781155,0.11877993932975077,0.576884422110553,8.775279868554914,75,11.797101449275363,8,3,2,3,2,3,2,4,2,2,False,-0.22030501516756232,-0.05354952464278688
951133776,control_relaxed,829720705,811322619,PV,951134026.0,66,1,2,0.015151515151515152,0.030303030303030304,,,-0.0502582791039576,-0.03525458940247249,-0.08026565850692781,0.576884422110553,8.932027180994695,75,13.594202898550725,5,0,3,6,4,6,10,5,3,9,False,0.04501106910445532,-0.03907527492566546
951133791,control_relaxed,829720705,811322619,PV,951133909.0,65,0,2,0.0,0.03076923076923077,,,-0.019070753912374325,-0.004512600285054688,-0.004512600285054688,0.576884422110553,13.290544663780608,75,11.217391304347826,7,7,5,3,3,7,7,5,5,8,False,0.0,-0.010753328966791112
951133814,control_relaxed,829720705,811322619,PV,951133909.0,67,0,4,0.0,0.05970149253731343,,,-0.07292966501275354,-0.1049574162071641,-0.05691578941554828,0.535678391959799,14.470860491879064,75,24.463768115942027,14,12,11,10,7,14,14,11,15,11,False,-0.048041626791615825,-0.023208011335277105
951133828,control_relaxed,829720705,811322619,PV,951134026.0,67,1,4,0.014925373134328358,0.05970149253731343,,,-0.08415642957861837,-0.14793033720089002,-0.05226947576748254,0.604355108877722,11.336770785774384,75,22.666666666666668,8,18,13,15,11,10,8,13,12,15,False,-0.09566086143340749,-0.0022091039183234377
951133909,driven,829720705,811322619,PV,,64,5,0,0.078125,0.0,5.849598301787041,1.7412659492248999,0.2410170078932785,0.44150308127995963,0.09781266975993483,0.219765494137353,23.005451864283277,75,10.956521739130435,4,5,13,2,6,9,6,7,6,5,False,0.3436904115200248,8.673663312407237e-05
951134026,driven,829720705,811322619,PV,,57,15,0,0.2631578947368421,0.0,5.274260594986801,3.106470196055895,0.46671207984722296,0.7777966999363429,0.06674613973264018,0.260971524288107,16.212211782535203,75,14.057971014492754,11,13,13,7,6,11,6,5,10,6,False,0.7110505602037027,0.012268009270950868
951134066,driven,829720705,811322619,PV,,51,4,2,0.0784313725490196,0.0392156862745098,8.00326805618201,4.388151159292397,0.2329037109620306,0.20340000753749338,0.15914445240068742,0.288442211055276,15.891436544782755,75,12.289855072463768,7,11,12,10,12,8,4,4,9,11,False,0.04425555513680596,0.026141058757164694
951134199,driven,829720705,811322619,PV,,35,1,1,0.02857142857142857,0.02857142857142857,5.727521475870735,1.6750792150093834,0.3293925628561325,0.34397098540273835,0.1252946472036511,0.357118927973199,10.730766831942994,75,10.46376811594203,14,6,9,5,9,8,11,7,7,8,False,0.21867633819908724,0.03446544794938998
951135554,driven,829720705,811322619,PV,,8,1,0,0.125,0.0,6.039263287194933,1.779046230023347,0.24887263699646991,0.4121611941711504,0.0202686569519173,0.247236180904523,8.898622016048511,75,26.695652173913043,17,15,16,20,15,13,18,20,12,14,False,0.39189253721923306,0.026040397662502202
951135766,control,829720705,811322619,PV,951135554.0,7,0,1,0.0,0.14285714285714285,,,-0.02752879344463812,0.00024225502683858407,-0.041414317680376476,0.192294807370184,7.4159466180525575,75,4.2898550724637685,1,3,2,2,1,1,3,4,3,2,False,0.04165657270721506,-0.004557034088663448
951136040,control_relaxed,829720705,811322619,PV,951136394.0,63,3,1,0.047619047619047616,0.015873015873015872,,,-0.04822548353221033,-0.062390692769132096,-0.01989506505836681,0.700502512562814,9.487495116061348,75,8.376811594202898,7,12,5,10,5,4,12,3,4,8,False,-0.04249562771076529,0.0304913823739823
951136140,control,829720705,811322619,PV,951136247.0,67,1,2,0.014925373134328358,0.029850746268656716,,,-0.007550413952925105,-0.035154534883142234,0.047657827907509144,0.302177554438861,13.449433332947708,75,3.3333333333333335,1,10,9,4,6,5,6,5,6,3,False,-0.08281236279065138,0.04828979238703538
951136175,driven,829720705,811322619,PV,,70,7,2,0.1,0.02857142857142857,6.182421610579478,2.80938994164888,0.36698452266753406,0.6201907136005205,0.19818039537887644,0.288442211055276,18.60239416156912,75,6.028985507246377,3,19,13,8,10,10,11,14,8,9,False,0.42201031822164403,0.09750398624481077
951136247,driven,829720705,811322619,PV,,74,4,1,0.05405405405405406,0.013513513513513514,6.619558217195465,1.8281252317589525,0.40131368316598165,0.6495494730727698,0.21148631441373197,0.247236180904523,13.309388602981018,75,11.768115942028986,11,12,14,16,12,10,19,11,9,6,False,0.4380631586590378,0.07707606602976899
951136394,driven,829720705,811322619,PV,,78,10,2,0.1282051282051282,0.02564102564102564,4.924498480925473,2.136815771814091,0.4098141382376161,0.7276065253404382,0.18281957602131466,0.233500837520938,17.701311250713115,75,19.27536231884058,12,27,23,27,18,16,22,17,15,17,False,0.5447869493191235,0.13506594653818518
951136485,control,829720705,811322619,PV,951136175.0,81,5,0,0.06172839506172839,0.0,,,-0.07439094293303193,-0.015520206333961697,-0.10382631123256707,0.288442211055276,15.276010621351158,75,10.521739130434783,5,9,10,5,8,6,8,7,5,11,False,0.08830610489860537,0.019513319117798942
951136623,control,829720705,811322619,PV,951136717.0,87,0,3,0.0,0.034482758620689655,,,-0.04859653114668145,-0.01905860069184535,-0.0633654963740995,0.576884422110553,10.847684909254633,75,13.304347826086957,6,9,2,8,2,4,4,3,3,7,False,0.04430689568225414,-0.04111783794958358
951136657,driven,829720705,811322619,PV,,85,13,8,0.15294117647058825,0.09411764705882353,6.976984773542705,0.43815999368540076,0.19985836441760346,0.47627092943697685,0.08347412651470942,0.233500837520938,23.971203748304326,75,13.18840579710145,8,8,9,6,7,5,7,6,6,5,False,0.39279680292226743,-0.012000332494650068
951136681,control,829720705,811322619,PV,951136717.0,85,2,2,0.023529411764705882,0.023529411764705882,,,-0.03237788520701385,0.012508109801986744,0.012508109801986744,0.549413735343384,10.522626958047548,75,14.231884057971014,4,10,3,5,3,4,4,7,1,10,False,0.0,-0.04438960861048381
951136694,control_relaxed,829720705,811322619,PV,951137073.0,85,2,2,0.023529411764705882,0.023529411764705882,,,-0.033132873072012944,0.028546701439749023,-0.11023234121171539,0.590619765494137,8.00995897421096,75,16.782608695652176,3,3,5,8,10,5,11,10,5,12,False,0.1387790426514644,-0.033896785987006926
951136717,driven,829720705,811322619,PV,,82,14,1,0.17073170731707318,0.012195121951219513,7.548501980230225,3.6683792609112658,0.4108164394603682,0.784445038826964,0.05155817083864158,0.247236180904523,13.150928205159383,75,10.289855072463768,11,8,13,5,7,4,6,7,11,7,False,0.7328868679883225,0.02856918661439022
951136796,control_relaxed,829720705,811322619,PV,951136394.0,80,2,4,0.025,0.05,,,-0.11539320278836414,-0.16186791957121266,-0.06891848600551564,0.631825795644891,9.14787593910849,75,19.043478260869566,8,5,11,8,5,5,6,11,2,7,False,-0.09294943356569701,-0.05897798444570375
951136806,control,829720705,811322619,PV,951136717.0,80,1,5,0.0125,0.0625,,,-0.11475016988055184,-0.19437518201487697,0.04449985438809844,0.521943048576214,11.969327563024535,75,21.47826086956522,10,12,12,6,6,9,5,9,7,12,False,-0.23887503640297542,-0.048141332815794656
951136818,control_relaxed,829720705,811322619,PV,951136394.0,80,1,4,0.0125,0.05,,,-0.01434347389753062,-0.01434347389753062,0.029758416271927227,0.576884422110553,10.776591865907628,75,13.27536231884058,6,12,7,6,8,8,5,4,3,9,False,-0.04410189016945785,-0.011221847670465987
951136863,control_relaxed,829720705,811322619,PV,951137073.0,75,3,2,0.04,0.02666666666666667,,,-0.05823874531310721,-0.07253926889841947,-0.029637698142482693,0.563149078726968,8.812967746955735,75,9.478260869565217,3,6,4,3,4,3,1,3,4,2,False,-0.04290157075593677,-0.03130884723671716
951137028,driven,829720705,811322619,PV,,63,2,0,0.031746031746031744,0.0,6.352804372234652,2.2419726899159795,0.5313219314619858,0.736368586447367,-0.010587085285093108,0.302177554438861,5.7032895075424985,75,13.44927536231884,16,9,15,4,8,6,12,9,8,10,False,0.7469556717324601,0.030429291840897765
951137039,control,829720705,811322619,PV,951137028.0,63,2,1,0.031746031746031744,0.015873015873015872,,,-0.06708169682186389,-0.06708169682186389,-0.06708169682186389,0.65929648241206,6.074600764059683,75,6.0,2,1,5,2,3,3,1,3,0,7,False,0.0,-0.011400511732789586
951137073,driven,829720705,811322619,PV,,59,2,1,0.03389830508474576,0.01694915254237288,4.575953607816205,2.0659864033126207,0.6086523254488889,0.8043261627244445,0.36406002885444444,0.233500837520938,14.426748543296283,75,27.768115942028984,25,14,25,15,18,13,25,16,9,15,False,0.44026613387,0.04262320343089139
951137656,control_relaxed,829720705,811322619,PV,951137073.0,75,1,3,0.013333333333333334,0.04,,,-0.024781960166903854,-0.10125822585100115,0.08228481179083237,0.549413735343384,7.227078954702986,75,15.507246376811594,6,8,4,8,7,2,8,4,6,8,False,-0.18354303764183352,-0.04000553525302476
951137719,control,840012044,820866121,PV,951137773.0,39,0,0,0.0,0.0,,,0.018279821890904525,0.03172804350883734,-0.008616621344961104,0.906532663316583,0.764266332972149,75,1.0724637681159421,73,75,73,71,72,73,72,73,72,70,False,0.040344664853798444,0.9650346237933747
951137773,driven,840012044,820866121,PV,,38,0,0,0.0,0.0,3.411719070202316,0.5372051738046493,0.10063907971664969,0.275141944846255,0.03352259312833996,0.83785594639866,0.7484066278011061,75,1.2173913043478262,0,3,3,4,3,1,2,2,2,1,True,0.24161935171791502,0.018487317781165708
951137890,control,840012044,820866121,PV,951137957.0,40,1,2,0.025,0.05,,,-0.011811701804805032,0.016690036274203558,0.016690036274203558,0.673031825795645,1.7857170741233723,75,8.898550724637682,3,7,5,3,3,3,1,1,3,3,False,0.0,-0.027968750592865375
951137912,control,840012044,820866121,PV,951138089.0,40,0,3,0.0,0.075,,,-0.018402519020418888,-0.07577730882438616,0.010284875881564742,0.700502512562814,7.9444263686516035,75,9.043478260869565,1,3,1,2,5,2,1,5,4,3,False,-0.0860621847059509,-0.03632815096129823
951137919,control,840012044,820866121,PV,951137927.0,40,0,1,0.0,0.025,,,-0.03646794136655419,-0.0660813111198843,-0.021661256489889126,0.645561139028476,12.867793222559682,75,12.666666666666666,1,5,3,4,5,5,3,2,3,7,False,-0.044420054629995175,-0.05057542536371433
951137927,driven,840012044,820866121,PV,,40,12,1,0.3,0.025,3.885052193893683,2.064127015827461,0.7390141955538299,1.0,0.40126786038819784,0.1785594639866,12.035801662100377,75,16.405797101449274,15,20,17,16,21,16,22,19,9,13,False,0.5987321396118022,0.11516702622817791
951137943,control,840012044,820866121,PV,951137927.0,40,0,4,0.0,0.1,,,-0.12057805438153875,-0.12057805438153875,-0.12057805438153875,0.631825795644891,14.43276034632935,75,19.942028985507246,5,6,10,6,5,5,6,11,4,4,False,0.0,-0.07600150806611608
951137950,control_relaxed,840012044,820866121,PV,951138038.0,40,0,2,0.0,0.05,,,-0.12722713214226458,-0.20774335586671205,-0.014504418928038125,0.645561139028476,17.814306673203877,75,24.08695652173913,8,3,3,6,3,7,8,3,2,9,False,-0.19323893693867392,-0.12844609411826394
951137957,driven,840012044,820866121,PV,,40,2,0,0.05,0.0,5.555180542973536,2.0875701164066585,0.5339831030766103,0.917761724072343,0.013140688868116106,0.274706867671692,1.5808268289407097,75,4.492753623188406,10,3,6,1,12,3,9,3,7,2,False,0.9046210352042269,0.04080339725901184
951137964,control,840012044,820866121,PV,951138190.0,40,0,1,0.0,0.025,,,-0.05293344209195524,-0.0817809336561184,-0.038509696309873664,0.645561139028476,11.255246983276887,75,10.985507246376812,1,10,2,7,4,6,6,1,4,7,False,-0.04327123734624473,-0.021982384637838245
951137972,control,840012044,820866121,PV,951137927.0,40,0,0,0.0,0.0,,,-0.10342679211109863,-0.08831135660272742,-0.13365766312784108,0.645561139028476,13.545045497431245,75,15.681159420289855,1,7,4,5,3,6,4,8,1,5,False,0.045346306525113664,-0.06714974689100772
951137979,control,840012044,820866121,PV,951138133.0,40,0,1,0.0,0.025,,,-0.04528529222648439,-0.04528529222648439,-0.04528529222648439,0.686767169179229,4.554307228171107,75,5.101449275362318,1,4,3,2,5,5,5,1,2,2,False,0.0,1.0400263273471419e-05
951137987,control,840012044,820866121,PV,951138133.0,40,0,1,0.0,0.025,,,-0.009813222430268076,-0.02345934705770413,-0.02345934705770413,0.631825795644891,4.213537887333834,75,3.652173913043478,3,1,0,2,3,4,1,1,1,2,False,0.0,-0.0049368449948242014
951138006,control,840012044,820866121,PV,951138089.0,40,0,2,0.0,0.05,,,-0.042293577158558915,0.07514795266212378,-0.10101434206890027,0.65929648241206,5.583044860887404,75,12.956521739130435,10,6,1,5,5,2,5,2,3,1,False,0.17616229473102404,-0.0500564634291447
951138030,control,840012044,820866121,PV,951138190.0,40,0,3,0.0,0.075,,,-0.030832173296466675,0.05507050781157221,-0.07378351385048612,0.604355108877722,8.44250683915841,75,8.608695652173912,1,0,0,1,3,4,4,0,2,1,False,0.12885402166205834,-0.04844214111134509
951138038,driven,840012044,820866121,PV,,40,1,1,0.025,0.025,6.0170049024218,3.227116020148903,0.44223704097311667,0.6653422245838699,0.1394514346442372,0.357118927973199,26.20666255276737,75,25.18840579710145,19,7,9,7,10,8,10,4,14,6,False,0.5258907899396328,-0.0699317151178838
951138046,control_relaxed,840012044,820866121,PV,951138323.0,40,0,0,0.0,0.0,,,-0.012365685671927681,-0.012365685671927681,-0.012365685671927681,0.796649916247906,3.4046929236106447,75,2.3768115942028984,1,1,3,1,2,1,2,0,2,0,False,0.0,-0.0015303482021087453
951138062,control_relaxed,840012044,820866121,PV,951138038.0,40,0,2,0.0,0.05,,,-0.06917913070424805,-0.09972710586722655,0.03773878236617676,0.645561139028476,19.248967030162813,75,16.92753623188406,12,7,9,7,6,7,5,6,3,4,False,-0.1374658882334033,-0.04425634545882965
951138069,control,840012044,820866121,PV,951138133.0,40,0,2,0.0,0.05,,,-0.025701865116422598,-0.053803286078516366,-0.011651154635375712,0.645561139028476,4.726620781651087,75,7.449275362318841,3,1,3,4,1,2,2,5,1,3,False,-0.04215213144314065,-0.026025552308805256
951138089,driven,840012044,820866121,PV,,40,8,1,0.2,0.025,4.112122970345771,4.999999999999999,0.4548130913658604,0.6987124978600807,0.13917856531451644,0.274706867671692,6.53977085931356,75,10.55072463768116,7,3,8,4,15,4,10,4,12,1,False,0.5595339325455643,0.010581370804728315
951138096,control,840012044,820866121,PV,951138089.0,40,0,2,0.0,0.05,,,-0.059181930052630546,0.02908323078508866,-0.10331451047149015,0.700502512562814,6.862537291578298,75,12.173913043478262,3,2,5,4,3,4,6,5,5,5,False,0.1323977412565788,-0.04056328998312933
951138109,control_relaxed,840012044,820866121,PV,951138428.0,39,0,0,0.0,0.0,,,0.009013015635269036,0.0503041399837995,-0.03227810871326142,0.769179229480737,1.6134035206433925,75,3.9420289855072466,1,1,2,1,2,0,4,2,0,0,False,0.08258224869706092,-0.014150095655016837
951138133,driven,840012044,820866121,PV,,38,4,1,0.10526315789473684,0.02631578947368421,5.669753865643158,2.5373519698012035,0.45493705939507,0.7903604074596423,0.07758579282242618,0.260971524288107,5.062675075005076,75,6.202898550724638,6,7,14,8,16,2,12,8,8,2,False,0.7127746146372161,0.06542179788247138
951138176,control_relaxed,840012044,820866121,PV,951138323.0,38,0,1,0.0,0.02631578947368421,,,-0.006896595662620145,0.021466688722242392,-0.06362316443234523,0.769179229480737,3.334395852041698,75,8.26086956521739,7,3,4,3,7,2,1,3,3,3,False,0.08508985315458761,-0.017040269181270974
951138190,driven,840012044,820866121,PV,,38,2,1,0.05263157894736842,0.02631578947368421,3.6144563351464374,2.839802432754436,0.4396870436573957,0.568990033582612,0.008677077240007767,0.370854271356784,10.519699575884735,75,8.289855072463768,7,7,11,1,11,6,13,4,22,5,False,0.5603129563426043,0.05538644890230865
951138290,control,840012044,820866121,PV,951138190.0,35,0,0,0.0,0.0,,,-0.009073999314584368,0.032970750656856646,-0.05111874928602538,2.08777219430486,9.175053761788474,75,6.811594202898551,3,5,4,4,6,1,1,1,5,3,False,0.08408949994288203,-0.009540611913334964
951138323,driven,840012044,820866121,PV,,35,5,1,0.14285714285714285,0.02857142857142857,5.057826889828014,2.355942623466328,0.4692831943133029,0.612720168823221,0.13937815294049108,0.384589614740369,6.259868495078668,75,9.478260869565217,21,16,14,11,14,8,18,7,19,4,False,0.47334201588272995,0.11108944547797601
951138337,driven,819701982,795770036,VIP,,8,1,0,0.125,0.0,1.1137592486857317,1.1575554198933953,0.11447315139716795,0.15472437178820578,0.15472437178820578,0.576884422110553,1.4869582485899278,75,0.927536231884058,5,5,3,3,5,5,3,7,6,4,True,0.0,0.054342248730099095
951138352,driven,819701982,795770036,VIP,,8,0,0,0.0,0.0,2.5631485894332657,0.21840491399360557,0.09038516885363515,0.237528744480253,-0.0032516519996671172,0.480737018425461,1.5700428972726599,75,0.11594202898550725,7,10,8,7,5,5,4,7,11,5,True,0.2407803964799201,0.09115740639380866
951138392,control_relaxed,840012044,820866121,PV,951138323.0,33,1,0,0.030303030303030304,0.0,,,-0.01564698347225697,-0.057965607783601006,-0.01564698347225697,0.315912897822446,3.9190617399687935,75,8.08695652173913,2,1,5,4,2,4,5,4,6,1,False,-0.04231862431134403,-0.018471131963110322
951138402,control,819701982,795770036,VIP,951138337.0,8,0,0,0.0,0.0,,,-0.01730748885332461,-0.01730748885332461,-0.01730748885332461,0.618090452261307,1.4261437119252474,75,1.7391304347826086,0,1,1,1,0,2,0,0,0,2,False,0.0,-0.004546184348266192
951138428,driven,840012044,820866121,PV,,33,1,0,0.030303030303030304,0.0,7.930587317154475,3.389654228630817,0.16932179724092114,0.34635157815679035,-0.021325659130015013,0.370854271356784,3.106359010122919,75,2.463768115942029,8,7,11,4,8,2,9,7,7,1,False,0.36767723728680535,0.06712627836097457
951138636,driven,819701982,795770036,VIP,,12,0,0,0.0,0.0,0.0,1.3684615370410984,0.12134933183660863,0.1631898398443892,0.2050303478521697,0.343383584589615,7.246351833566123,75,5.130434782608695,10,9,6,5,5,2,6,7,5,4,True,-0.0418405080077805,0.04006519136870171
951138643,control,819701982,795770036,VIP,951138636.0,12,0,0,0.0,0.0,,,-0.0651040178855151,-0.0651040178855151,-0.0651040178855151,0.425795644891122,8.68106097319062,75,7.826086956521739,5,1,0,3,2,2,3,3,1,2,False,0.0,-0.03338160610620697
951138681,control,840012044,820866121,PV,951137957.0,40,0,0,0.0,0.0,,,-0.009786710101681369,-0.009786710101681369,-0.009786710101681369,0.727973199329983,1.8358680337182918,75,1.1014492753623188,0,1,0,1,1,0,0,0,0,0,False,0.0,-0.004815128456602948
951138706,control,819701982,795770036,VIP,951138636.0,13,0,0,0.0,0.0,,,-0.004182635950521574,-0.004182635950521574,-0.004182635950521574,0.714237855946399,6.550410833002,75,0.5507246376811594,3,0,0,1,0,1,1,0,1,0,False,0.0,0.004959027929615445
951138741,driven,819701982,795770036,VIP,,14,0,1,0.0,0.07142857142857142,2.8466033103577395,0.27795178724837555,0.2856136463790223,0.3817810401356924,0.010849664217107844,0.741708542713568,11.482384102230574,75,2.0869565217391304,51,51,50,50,50,50,50,51,51,50,True,0.37093137591858455,0.6664778564649028
951138775,control,840012044,820866121,PV,951137957.0,39,0,1,0.0,0.02564102564102564,,,-0.05772031086659586,-0.05772031086659586,-0.05772031086659586,0.618090452261307,1.738566599290542,75,6.927536231884058,5,3,0,2,4,2,2,2,3,5,False,0.0,-0.017523996883849598
951138878,control_relaxed,819701982,795770036,VIP,951138741.0,17,0,0,0.0,0.0,,,-0.028932378686583014,-0.028932378686583014,-0.028932378686583014,1.30485762144054,6.911871881910381,75,3.8260869565217392,1,1,3,4,1,0,3,2,2,2,False,0.0,-0.004961215145769811
951139279,control,819701982,795770036,VIP,951139460.0,21,0,0,0.0,0.0,,,-0.007707983674948146,-0.021325659130015013,-0.021325659130015013,0.1785594639866,4.034744717732059,75,2.9855072463768115,2,0,1,2,1,3,1,2,1,0,False,0.0,-0.006419259324897175
951139460,driven,819701982,795770036,VIP,,20,0,0,0.0,0.0,2.5399971657652882,0.20285255769193747,0.16000028673096164,0.43096793617258694,-0.0161286854060948,0.645561139028476,3.257003882640092,75,1.5072463768115942,1,2,1,2,2,0,3,0,2,2,True,0.44709662157868174,0.008111657804440113
951139701,driven,829720705,811322619,PV,,37,8,2,0.21621621621621623,0.05405405405405406,5.525931511982914,1.9769070231201247,0.39438111931142894,0.7328151996962188,0.09157167896714347,0.32964824120603,31.68565549414521,75,39.391304347826086,30,21,24,21,19,21,26,20,23,29,False,0.6412435207290753,0.05713862016268841
951139740,control_relaxed,829720705,811322619,PV,951139701.0,37,8,0,0.21621621621621623,0.0,,,0.10248346574044173,0.08554919150912935,-0.016056453878745196,0.315912897822446,22.38017569990601,75,30.347826086956523,23,19,18,23,12,15,21,18,19,18,False,0.10160564538787455,0.0413568180085463
951139814,driven,829720705,811322619,PV,,44,7,4,0.1590909090909091,0.09090909090909091,3.958175906203441,1.3967864925380318,0.4898613538099557,0.6468270910992001,0.35251633368186697,0.164824120603015,31.656533042653667,75,51.971014492753625,28,16,21,27,30,26,21,28,32,31,True,0.29431075741733315,0.009850858761086547
951140151,control,829720705,811322619,PV,951140485.0,70,0,0,0.0,0.0,,,-0.010357936803313757,-0.038038976167788105,0.0034825828789234172,0.480737018425461,4.768801431740311,75,5.159420289855072,1,2,2,9,4,5,2,6,6,4,False,-0.04152155904671152,0.014831235215310106
951140288,driven,819701982,795770036,VIP,,8,2,0,0.25,0.0,0.0,2.02126620863399,0.2841173789566151,0.5430536461425203,0.08610729228504056,1.57956448911223,10.310633592973073,75,18.231884057971016,16,19,20,21,20,16,19,21,17,15,False,0.4569463538574797,0.1268291657525285
951140392,control_relaxed,819701982,795770036,VIP,951140288.0,9,1,4,0.1111111111111111,0.4444444444444444,,,-0.023095888749266873,-0.008480233195705913,-0.008480233195705913,0.412060301507538,5.256602979030176,75,11.797101449275363,12,13,9,11,12,4,8,12,3,12,False,0.0,0.04169486910099775
951140485,driven,829720705,811322619,PV,,69,1,0,0.014492753623188406,0.0,4.137586721608051,2.429248685069117,0.6496307275418998,1.0,0.2554652960265368,0.288442211055276,4.955956009708027,75,13.217391304347826,21,26,30,21,25,15,24,18,15,15,False,0.7445347039734632,0.19969705083153805
951140566,control,829720705,811322619,PV,951140485.0,74,0,1,0.0,0.013513513513513514,,,-0.04782571903668704,-0.12267041325359325,0.1018636693971254,0.604355108877722,4.745246507739798,75,14.753623188405797,6,4,2,4,7,2,3,2,3,4,False,-0.22453408265071867,-0.06976307571588822
951140586,control,829720705,811322619,PV,951140832.0,73,3,0,0.0410958904109589,0.0,,,-0.03409158579579776,0.027645225296488666,-0.018657383022726168,0.782914572864322,10.918777952601637,75,18.92753623188406,7,4,7,8,10,5,6,8,4,10,False,0.04630260831921483,-0.05644488531200931
951140617,driven,829720705,811322619,PV,,74,2,0,0.02702702702702703,0.0,3.124170172394127,2.359343959854217,0.8400829582247343,1.0,0.5202488746742029,0.247236180904523,8.689625599462138,75,10.579710144927537,40,33,38,28,34,25,30,26,32,24,False,0.4797511253257971,0.36151736373888727
951140635,control,829720705,811322619,PV,951140821.0,74,0,2,0.0,0.02702702702702703,,,-0.04782571903668704,-0.07776359672344951,-0.03285678019330579,0.618090452261306,8.733737548044918,75,16.28985507246377,5,5,5,2,3,5,4,4,5,2,False,-0.04490681653014372,-0.07843466346994973
951140644,control,829720705,811322619,PV,951140821.0,74,0,2,0.0,0.02702702702702703,,,-0.053666172363086,-0.08253373872919795,-0.08253373872919795,0.645561139028476,7.282325958267826,75,11.18840579710145,6,3,1,2,5,3,2,2,2,3,False,0.0,-0.05134802819397588
951140654,control,829720705,811322619,PV,951140832.0,74,3,1,0.04054054054054054,0.013513513513513514,,,-0.020056920521151426,-0.07752491604346982,0.05177807388174655,0.494472361809045,10.768882981689279,75,9.565217391304348,0,2,4,3,1,2,2,3,3,2,False,-0.12930298992521638,-0.04785957206225428
951140672,control,829720705,811322619,PV,951140485.0,74,1,2,0.013513513513513514,0.02702702702702703,,,-0.029753191576038313,-0.057965607783601006,-0.057965607783601006,0.590619765494137,6.038197699695253,75,6.260869565217392,2,1,1,0,1,1,0,0,1,2,False,0.0,-0.038746165045901206
951140737,control,829720705,811322619,PV,951140617.0,74,2,0,0.02702702702702703,0.0,,,-0.056522417789457886,-0.0707997477595857,-0.0707997477595857,0.549413735343384,10.23054590044118,75,7.507246376811594,1,4,6,2,3,5,1,2,2,1,False,0.0,-0.02366977232487507
951140771,control_relaxed,829720705,811322619,PV,951141154.0,76,0,4,0.0,0.05263157894736842,,,-0.1788205148448792,-0.2125011009833043,-0.11145934256802896,0.576884422110553,16.338551829447045,75,28.753623188405797,3,9,11,5,1,11,5,9,7,9,False,-0.10104175841527534,-0.1411637524002325
951140788,control_relaxed,829720705,811322619,PV,951141154.0,74,0,2,0.0,0.02702702702702703,,,-0.09425391720160248,-0.12423347657698885,-0.07926413751390929,0.604355108877722,12.711950076058905,75,14.057971014492754,4,2,6,3,3,5,2,2,4,3,False,-0.044969339063079566,-0.06830227396072383
951140800,control,829720705,811322619,PV,951140617.0,76,3,1,0.039473684210526314,0.013157894736842105,,,-0.04490696145344105,-0.07353454943846684,-0.03059316746092816,0.576884422110553,7.935011488754781,75,8.347826086956522,6,3,5,0,4,5,2,3,3,1,False,-0.042941381977538676,-0.023449691190501897
951140821,driven,829720705,811322619,PV,,76,9,1,0.11842105263157894,0.013157894736842105,3.9824737117146904,0.9494845510164851,0.6771332684553616,1.0,0.07351285730668965,0.32964824120603,7.494748545617911,75,8.695652173913043,12,14,23,9,17,11,16,17,13,12,True,0.9264871426933103,0.133790084437619
951140832,driven,829720705,811322619,PV,,76,6,1,0.07894736842105263,0.013157894736842105,3.610176059838718,2.4686527714206816,0.6908569558220055,0.9558367079745722,0.20506074354229992,0.247236180904523,10.019836398472952,75,11.304347826086957,18,17,26,13,10,11,13,11,15,10,False,0.7507759644322722,0.11552270700828453
951140870,control,829720705,811322619,PV,951140832.0,76,0,1,0.0,0.013157894736842105,,,-0.19713551057439618,-0.2470161568483294,-0.09737421802652986,0.535678391959799,11.58002890999787,75,27.855072463768117,8,11,8,9,11,9,6,7,7,13,False,-0.14964193882179955,-0.10133294350639524
951140888,control,829720705,811322619,PV,951140821.0,76,0,1,0.0,0.013157894736842105,,,-0.004648451846589248,-0.004648451846589248,-0.004648451846589248,0.83785594639866,5.643759790523019,75,0.3188405797101449,0,0,0,0,0,0,0,0,0,0,False,0.0,-0.002553980503453622
951140899,driven,840012044,820866121,PV,,49,8,0,0.16326530612244897,0.0,3.234867305472469,1.776726483278365,0.7151281363483032,0.9550202320549952,0.23534394493491886,0.260971524288107,11.557867303567598,75,12.608695652173912,25,8,17,13,20,10,16,17,14,11,False,0.7196762871200764,0.1165689597626312
951140936,control,829720705,811322619,PV,951141978.0,74,0,1,0.0,0.013513513513513514,,,-0.020378781776030558,-0.020378781776030558,-0.020378781776030558,0.673031825795645,1.7589104158201578,75,2.4057971014492754,3,2,0,0,1,0,2,1,2,0,False,0.0,-0.004481101471171933
951140946,control,829720705,811322619,PV,951141065.0,74,0,2,0.0,0.02702702702702703,,,-0.02064221542412298,-0.03443467779471924,0.006942709317069532,0.714237855946399,5.462601011391798,75,4.057971014492754,0,4,2,0,1,0,2,2,3,0,False,-0.041377387111788774,-0.013713864376698864
951140997,control,829720705,811322619,PV,951140617.0,76,0,1,0.0,0.013157894736842105,,,-0.009194064170004845,0.09172534224699565,-0.08127935446786233,0.604355108877722,9.553020631917322,75,9.971014492753623,2,2,4,3,5,5,4,2,4,6,False,0.17300469671485796,-0.029606128739204852
951141001,control,840012044,820866121,PV,951140899.0,50,0,2,0.0,0.04,,,-0.026576165126351803,-0.04044881600643764,0.0011691366338198673,0.604355108877722,10.521842779286226,75,5.449275362318841,1,3,1,3,1,1,1,2,1,1,False,-0.041617952640257506,-0.02366722230331388
951141017,control,840012044,820866121,PV,951140899.0,50,1,1,0.02,0.02,,,-0.06435226396032133,-0.10870027495866805,-0.06435226396032133,0.631825795644891,12.549741837778226,75,13.043478260869565,5,13,5,5,5,4,5,3,3,2,False,-0.04434801099834672,-0.03598737202713424
951141048,control,840012044,820866121,PV,951140899.0,50,1,2,0.02,0.04,,,-0.014940692135311328,-0.014940692135311328,0.027348503370326644,0.590619765494137,13.827948346428226,75,8.202898550724637,4,2,4,4,4,3,5,3,3,1,False,-0.04228919550563797,-0.020840004778965568
951141057,control,840012044,820866121,PV,951141384.0,50,0,1,0.0,0.02,,,-0.0212402810851732,-0.07877494480828155,0.0938290463610435,0.686767169179229,7.916564724432204,75,9.043478260869565,2,2,2,2,0,1,3,3,5,1,False,-0.17260399116932507,-0.044928384579234315
951141065,driven,829720705,811322619,PV,,69,1,0,0.014492753623188406,0.0,5.121594966862678,3.3017617247271267,0.7830409402713967,0.9566081880542793,0.5660818805427934,0.274706867671692,6.492165325886966,75,10.608695652173912,28,20,37,16,25,17,19,20,20,16,False,0.39052630751148587,0.22783741744930586
951141066,control_relaxed,840012044,820866121,PV,951141260.0,50,0,2,0.0,0.04,,,-0.11247033312953031,-0.1751447180945743,0.012878436800557605,0.590619765494137,13.855809990647625,75,19.971014492753625,3,6,4,5,5,6,10,2,3,3,False,-0.1880231548951319,-0.09971582027437242
951141129,control,829720705,811322619,PV,951141978.0,64,0,0,0.0,0.0,,,-0.007915218993998677,-0.007915218993998677,-0.007915218993998677,0.755443886097152,1.442846162867814,75,0.782608695652174,1,1,2,1,0,0,1,0,0,0,False,0.0,0.0017697343022620566
951141154,driven,829720705,811322619,PV,,60,1,2,0.016666666666666666,0.03333333333333333,3.6043631398061975,2.2801720558528547,0.5876480124168321,0.8386448744239777,0.19322437211988883,0.247236180904523,17.801526745551662,75,34.31884057971015,31,28,32,26,24,28,28,24,26,21,False,0.6454205023040889,0.15428966180242135
951141183,driven,840012044,820866121,PV,,50,0,0,0.0,0.0,1.5468713108597287,4.999999999999999,0.12340174307754535,0.2603702207216789,0.05491750425547858,0.590619765494137,3.94220833670491,75,4.63768115942029,4,8,4,5,5,3,7,2,8,3,False,0.20545271646620034,0.030004522843079872
951141209,control,829720705,811322619,PV,951141978.0,57,1,0,0.017543859649122806,0.0,,,-0.010255125591417476,-0.010255125591417476,-0.010255125591417476,0.68676716917923,1.930647225351174,75,1.0434782608695652,0,2,1,0,0,1,1,0,0,2,False,0.0,0.0010288061413446501
951141238,control,840012044,820866121,PV,951141183.0,50,1,1,0.02,0.02,,,-0.01776880787572354,-0.01776880787572354,-0.01776880787572354,0.727973199329983,3.9662122148016237,75,7.7101449275362315,1,2,4,2,5,4,2,2,1,3,False,0.0,-0.02675089473202392
951141248,control,840012044,820866121,PV,951141384.0,49,1,0,0.02040816326530612,0.0,,,-0.03470174028734619,-0.048684196237175195,-0.048684196237175195,0.755443886097152,7.833837073134602,75,6.550724637681159,0,2,2,1,4,0,3,2,1,1,False,0.0,-0.03132214930884135
951141253,control,840012044,820866121,PV,951141183.0,49,0,1,0.0,0.02040816326530612,,,0.005790670825915355,0.047216059541502216,-0.035634717889671506,0.810385259631491,3.18651481733873,75,4.608695652173913,2,2,3,0,6,1,2,2,3,4,False,0.08285077743117372,-0.002972422454727261
951141260,driven,840012044,820866121,PV,,49,2,2,0.04081632653061224,0.04081632653061224,4.359327417475932,3.1060016837833553,0.6688161493722864,0.8580640640166942,0.3849442774056748,0.32964824120603,24.58168573375592,75,21.07246376811594,27,18,19,14,23,14,25,6,19,15,False,0.47311978661101944,0.10044684694338002
951141284,control,840012044,820866121,PV,951141183.0,49,0,0,0.0,0.0,,,-0.08180933622003125,-0.09642838130408574,-0.0525712460519223,0.83785594639866,4.144098097125483,75,10.55072463768116,4,3,2,3,1,3,3,2,1,3,False,-0.043857135252163434,-0.051801328689988234
951141292,driven,829720705,811322619,PV,,56,7,2,0.125,0.03571428571428571,3.528807526181006,2.6352985645116984,0.6630359374087789,0.7702517755059856,0.4945539061131683,0.192294807370184,27.725430362640704,75,16.405797101449274,21,24,19,16,16,19,19,15,21,20,False,0.27569786939281726,0.14861432076938083
951141312,control,829720705,811322619,PV,951141065.0,56,2,2,0.03571428571428571,0.03571428571428571,,,-0.02345934705770413,-0.02345934705770413,-0.02345934705770413,0.439530988274707,6.211647594608125,75,2.3768115942028984,2,0,0,0,4,0,1,2,0,2,False,0.0,-0.004248205320703342
951141384,driven,840012044,820866121,PV,,46,4,1,0.08695652173913043,0.021739130434782608,4.596005109031674,2.098050298512556,0.6844386560781801,0.9569689076470245,0.2684714299994174,0.206030150753769,8.352063655615437,75,11.420289855072463,19,7,19,5,21,3,24,6,19,9,False,0.688497477647607,0.09717128706674981
951141466,control_relaxed,840012044,820866121,PV,951141655.0,43,0,1,0.0,0.023255813953488372,,,-0.023807855240203412,-0.0969369877573608,0.03469545077352249,0.700502512562814,2.8736071207208562,75,9.681159420289855,2,2,3,1,3,2,2,1,4,1,False,-0.1316324385308833,-0.050272653898691955
951141476,control,840012044,820866121,PV,951141384.0,40,0,0,0.0,0.0,,,-0.015882523124140277,-0.058210961587646125,0.02644591533936557,0.865326633165829,7.25388623269079,75,8.521739130434783,4,1,3,3,1,1,1,4,6,2,False,-0.0846568769270117,-0.03343902401643123
951141485,driven,829720705,811322619,PV,,50,3,0,0.06,0.0,4.446709085599524,1.6094548828579909,0.3747478935362123,0.7553361322533005,-0.019432782277914683,0.32964824120603,8.358143578073095,75,2.260869565217391,3,1,0,1,4,1,3,0,3,1,False,0.7747689145312152,0.0048288515491232125
951141536,driven,829720705,811322619,PV,,39,2,1,0.05128205128205128,0.02564102564102564,2.797429395758657,0.40920327067273493,0.4686666739064979,0.790263160752565,-0.006736828387688189,0.233500837520938,15.666594088414218,75,6.63768115942029,19,15,18,12,11,8,13,7,12,14,True,0.7969999891402532,0.12684367725804416
951141575,driven,840012044,820866121,PV,,34,2,1,0.058823529411764705,0.029411764705882353,5.021701131970577,2.075998381568579,0.7427991438485037,0.9092232272406484,0.4553393634438902,0.315912897822446,10.493981135066827,75,15.072463768115941,19,5,10,7,10,6,15,6,18,6,False,0.4538838637967582,0.0252778276564254
951141611,driven,819701982,795770036,VIP,,43,0,2,0.0,0.046511627906976744,2.2942932001169436,0.8025961664551076,0.5056360263726035,0.5991643457075163,0.4388300839905229,0.741708542713568,2.8137429992038667,75,0.5507246376811594,14,22,14,16,18,19,17,16,14,15,True,0.1603342617169934,0.2165558968221064
951141633,control,819701982,795770036,VIP,951142843.0,53,0,0,0.0,0.0,,,-0.0006854866952480942,-0.042380715307550096,0.04100974191705391,0.604355108877722,1.937928016955479,75,4.956521739130435,0,3,2,2,0,3,3,4,2,2,False,-0.083390457224604,-0.011316249158257383
951141638,driven,840012044,820866121,PV,,27,2,1,0.07407407407407407,0.037037037037037035,5.502578686172527,2.225897157641412,0.6261478705458684,0.7451008208267286,0.43922180581880277,0.233500837520938,15.0572898175242,75,32.78260869565217,23,9,22,11,30,14,24,14,22,12,False,0.3058790150079258,0.013835303007286054
951141655,driven,840012044,820866121,PV,,15,0,3,0.0,0.2,7.09929984159023,3.179719562324296,0.4092574383518839,0.752712416054277,0.010849664217107844,0.302177554438861,5.3070002627751975,75,3.8260869565217392,12,3,11,2,7,4,6,4,8,0,False,0.7418627518371691,0.04728027073048089
951141820,control,819701982,795770036,VIP,951141611.0,58,0,2,0.0,0.034482758620689655,,,0.0010570987721916958,-0.026311199891583877,0.055793696099742836,0.741708542713568,2.238146257814217,75,3.2753623188405796,0,1,1,0,1,2,0,1,1,1,False,-0.08210489599132671,-0.015599354423261899
951141978,driven,829720705,811322619,PV,,69,0,0,0.0,0.0,2.5092921987030645,0.30801579858137323,0.07121162289683826,0.11159372624914964,-0.009552583807784506,0.769179229480737,1.6265745700718186,75,1.2173913043478262,2,4,0,2,2,1,2,2,0,2,True,0.12114631005693415,0.01310178866062341
951142253,control,819701982,795770036,VIP,951142472.0,52,0,0,0.0,0.0,,,0.00874686084469861,-0.004648451846589248,-0.004648451846589248,0.700502512562814,1.2107232052890915,75,0.4927536231884058,0,0,0,0,1,1,1,0,1,1,False,0.0,0.0027431897252507263
951142472,driven,819701982,795770036,VIP,,44,0,1,0.0,0.022727272727272728,2.2753466797310358,0.5740560400175861,0.1535478065737491,0.13989535184106763,0.057980623444978834,0.604355108877722,1.480105906430527,75,3.9130434782608696,0,2,4,3,3,4,3,1,3,2,True,0.08191472839608879,0.002593834033673823
951142843,driven,819701982,795770036,VIP,,47,1,0,0.02127659574468085,0.0,1.5859107442818148,1.1390356320856054,0.24304786952839197,0.31063288117764265,0.3511838881671931,1.18123953098827,2.542647212522581,75,1.565217391304348,14,10,11,16,8,11,14,15,14,10,True,-0.04055100698955044,0.15346601179927286
951142888,control,819701982,795770036,VIP,951142472.0,54,0,0,0.0,0.0,,,0.0022899595824157266,0.029255095809918006,-0.011192608531335413,0.796649916247906,1.2946643967417486,75,1.391304347826087,1,1,0,0,0,1,0,0,0,0,False,0.040447704341253415,-0.007147838097210072
951142908,control,819701982,795770036,VIP,951142472.0,52,0,0,0.0,0.0,,,0.017023259246934434,-0.023934104951109966,0.09893798764302322,0.686767169179229,1.2642571284094086,75,2.1449275362318843,0,1,2,0,1,0,0,2,0,1,False,-0.12287209259413319,-0.00781261895736025
951143163,driven,840012044,820866121,PV,,63,10,4,0.15873015873015872,0.06349206349206349,4.321655455926572,0.8404757757211218,0.38665017893979997,0.7371357909741999,-0.1171728883596502,0.260971524288107,38.93343299150886,75,58.63768115942029,31,31,33,22,31,38,33,44,22,34,True,0.8543086793338501,0.08136248366577553
951143182,control,840012044,820866121,PV,951143163.0,63,11,3,0.1746031746031746,0.047619047619047616,,,-0.04344885619213523,-0.08881619776570632,0.001918485381435858,0.576884422110553,31.482800686561077,75,16.144927536231883,10,4,4,10,9,8,6,5,9,10,False,-0.09073468314714217,-0.024084358561663546
951143393,control,840012044,820866121,PV,951143163.0,61,19,1,0.3114754098360656,0.01639344262295082,,,0.11781118160936246,0.20603006344842628,0.15309873434498797,0.233500837520938,37.530920685572305,75,30.579710144927535,22,19,19,20,12,9,14,18,22,12,False,0.05293132910343831,0.0072221331656986704
951143428,driven,840012044,820866121,PV,,62,24,5,0.3870967741935484,0.08064516129032258,4.774790828327388,1.7373304920322195,0.440441819069083,0.6891343439272684,0.31609555663999034,0.233500837520938,42.02050317101835,75,49.42028985507246,29,36,36,27,25,34,25,35,29,27,False,0.373038787287278,0.11498642320113017
951143654,control_relaxed,840012044,820866121,PV,951143673.0,55,0,0,0.0,0.0,,,-0.0585713033833256,-0.13418353933927743,0.001918485381435858,0.412060301507538,5.990253507170938,75,17.014492753623188,4,1,8,6,5,4,3,4,5,6,False,-0.13610202472071328,-0.07553809696154645
951143673,driven,840012044,820866121,PV,,51,0,1,0.0,0.0196078431372549,4.440649870601347,1.9638297146570962,0.4071269696506073,0.7035634848253036,0.1953866016686813,0.274706867671692,8.084163230428901,75,7.536231884057971,10,7,10,5,6,6,2,5,4,10,False,0.5081768831566223,0.029908142190493432
951143700,control_relaxed,840012044,820866121,PV,951143770.0,45,0,1,0.0,0.022222222222222223,,,-0.01896011147044481,-0.01896011147044481,-0.01896011147044481,0.370854271356784,1.5242462591413135,75,2.318840579710145,1,0,2,0,1,0,2,0,0,2,False,0.0,-0.00785747043620732
951143733,driven,840012044,820866121,PV,,45,2,0,0.044444444444444446,0.0,4.103382966391649,1.6896631250472214,0.6383666162433781,0.858491284616974,0.10377813590750218,0.206030150753769,8.402214615210356,75,16.695652173913043,20,10,24,8,24,15,23,13,26,13,False,0.7547131487094718,0.12530374743695635
951143770,driven,840012044,820866121,PV,,44,0,1,0.0,0.022727272727272728,4.4119777446409145,2.259978924393971,0.6194854859298623,0.915441219095525,0.15441219095524966,0.247236180904523,2.9220435175945823,75,7.7101449275362315,10,7,17,6,17,6,14,9,12,9,False,0.7610290281402754,0.08812040702666937
951143807,driven,840012044,820866121,PV,,46,4,1,0.08695652173913043,0.021739130434782608,3.264879493506752,2.166480715214114,0.8914835307067898,1.0,0.6744505921203695,0.384589614740369,17.09461897098277,75,17.217391304347824,29,7,32,9,32,13,25,18,32,17,False,0.3255494078796305,0.17979413472931544
951143852,control_relaxed,840012044,820866121,PV,951143733.0,46,3,5,0.06521739130434782,0.10869565217391304,,,-0.10872938429997729,-0.12371221381754456,-0.07876372526484277,0.549413735343384,10.547989860784432,75,14.898550724637682,6,2,2,3,3,8,3,2,7,1,False,-0.044948488552701796,-0.07100410002657297
951143865,control_relaxed,840012044,820866121,PV,951143673.0,46,0,0,0.0,0.0,,,0.013333333333333334,0.04,0.0,0.590619765494137,7.067856177441259,75,0.0,1,0,0,0,0,0,0,0,0,0,False,0.04,0.0013333333333333335
951143881,control,840012044,820866121,PV,951143807.0,46,2,3,0.043478260869565216,0.06521739130434782,,,-0.08970354178899606,-0.12083792869725309,-0.07413634833486754,0.631825795644891,13.658635277710335,75,18.08695652173913,4,6,2,4,1,7,7,13,5,6,False,-0.046701580362385545,-0.07093734805706697
951143908,control,840012044,820866121,PV,951143807.0,46,1,3,0.021739130434782608,0.06521739130434782,,,-0.1098420461399143,-0.09463873043936752,-0.09463873043936752,0.549413735343384,13.95182550303448,75,14.666666666666666,4,2,2,6,3,0,1,3,3,3,False,0.0,-0.08401240747461503
951143912,control_relaxed,840012044,820866121,PV,951143673.0,46,5,3,0.10869565217391304,0.06521739130434782,,,-0.05110781737430103,-0.007311658317038482,-0.05110781737430103,0.563149078726968,10.446402019553698,75,11.797101449275363,1,2,4,0,3,2,3,4,4,2,False,0.04379615905726254,-0.062341314834520836
951143919,control,840012044,820866121,PV,951144796.0,46,2,0,0.043478260869565216,0.0,,,-0.08151886678700215,-0.08151886678700215,-0.08151886678700215,0.412060301507538,2.5285513730805986,75,15.101449275362318,4,6,7,3,12,3,8,3,8,3,False,0.0,-0.04265295865909443
951143933,control,840012044,820866121,PV,951143807.0,46,0,2,0.0,0.043478260869565216,,,-0.07315330806086878,-0.05782254651714209,-0.05782254651714209,0.673031825795645,13.809088156495093,75,16.318840579710145,4,8,8,6,6,6,8,2,9,8,False,0.0,-0.04070290637514245
951143940,driven,840012044,820866121,PV,,46,5,1,0.10869565217391304,0.021739130434782608,3.2717645802645734,2.4191488329270268,0.7120597301741748,0.9568089595261262,0.3089433524180197,0.219765494137353,3.2345225735321574,75,11.246376811594203,21,7,12,7,14,9,14,11,16,8,False,0.6478656071081066,0.07946138530807313
951143991,control_relaxed,840012044,820866121,PV,951143733.0,46,0,0,0.0,0.0,,,-0.009073999314584368,-0.05111874928602538,0.032970750656856646,0.947738693467337,7.483637637330762,75,6.956521739130435,1,6,6,1,2,1,5,6,2,6,False,-0.08408949994288203,-0.006482853034183734
951143999,control,840012044,820866121,PV,951144042.0,44,1,2,0.022727272727272728,0.045454545454545456,,,-0.006747298824645874,-0.006747298824645874,-0.006747298824645874,0.769179229480737,3.401263798168257,75,1.3043478260869565,0,0,1,0,1,0,0,1,0,0,False,0.0,-0.00644745715319372
951144006,control,840012044,820866121,PV,951144148.0,44,0,1,0.0,0.022727272727272728,,,-0.004415516894735419,-0.004415516894735419,-0.004415516894735419,0.673031825795645,1.7244214568406928,75,0.34782608695652173,0,0,0,0,1,0,1,0,0,0,False,0.0,-0.00011238645465773516
951144013,control_relaxed,840012044,820866121,PV,951143770.0,44,0,0,0.0,0.0,,,-0.011219157772312291,0.0161110897350475,-0.02488428152599219,0.741708542713568,2.1290582590424365,75,3.8260869565217392,3,1,2,0,1,1,3,4,0,1,False,0.04099537126103969,-0.00908554297810539
951144029,control,840012044,820866121,PV,951144148.0,44,0,1,0.0,0.022727272727272728,,,-0.00490782435751086,-0.018487659821801547,-0.018487659821801547,0.727973199329983,1.5915428459481713,75,2.4927536231884058,0,0,1,0,0,2,1,0,2,0,False,0.0,-0.011981062037243908
951144042,driven,840012044,820866121,PV,,44,9,1,0.20454545454545456,0.022727272727272728,4.663396385462011,2.0470767671345067,0.21017482360612172,0.5097636836175928,0.06038039360038619,0.288442211055276,3.7883263324777636,75,4.086956521739131,33,39,39,43,40,38,39,42,34,37,False,0.44938329001720667,0.49578081821676545
951144069,control,840012044,820866121,PV,951143940.0,44,0,1,0.0,0.022727272727272728,,,-0.04722617186847049,-0.04722617186847049,-0.04722617186847049,0.604355108877722,2.895467795416078,75,5.797101449275362,1,0,0,0,0,0,0,1,1,1,False,0.0,-0.04188253355935651
951144076,control,840012044,820866121,PV,951143940.0,44,1,1,0.022727272727272728,0.022727272727272728,,,-0.007941682185884839,0.019299984900220158,-0.02156251572893734,0.782914572864322,2.7244401639769933,75,2.869565217391304,1,0,0,1,0,2,1,1,4,1,False,0.0408625006291575,-0.008214793921744472
951144148,driven,840012044,820866121,PV,,44,1,1,0.022727272727272728,0.022727272727272728,2.035516513985117,0.2997383018201617,0.16899092682677636,0.3767431951200823,0.0027891121921316217,0.673031825795645,1.6969884533015918,75,3.8260869565217392,5,3,5,1,7,3,3,3,2,2,True,0.3739540829279507,0.015660424015908093
951144165,driven,840012044,820866121,PV,,44,1,0,0.022727272727272728,0.0,5.783964083534422,3.634642951185396,0.5040739113387017,0.5040739113387017,0.36882134170380204,0.233500837520938,4.924224135268675,75,14.840579710144928,21,20,14,12,19,16,20,13,27,18,False,0.13525256963489968,0.14419455112217966
951144184,control,840012044,820866121,PV,951143940.0,43,0,0,0.0,0.0,,,-0.030869959500557854,-0.04480063462894377,-0.003008609243786021,0.618090452261306,3.2636701397924526,75,6.579710144927536,2,1,1,2,1,1,0,0,1,0,False,-0.04179202538515775,-0.041399102499465615
951144260,control,840012044,820866121,PV,951144438.0,40,0,0,0.0,0.0,,,0.006831319071330258,-0.020378781776030558,0.061251520766051885,0.590619765494137,2.1470611676149716,75,2.9565217391304346,1,0,0,0,1,0,2,0,1,2,False,-0.08163030254208245,-0.01437738663823294
951144438,driven,840012044,820866121,PV,,37,4,0,0.10810810810810811,0.0,4.511357932396282,1.6930681901147007,0.2054502326556043,0.2727849587017396,0.030379944935652704,0.288442211055276,1.9614597530457396,75,1.710144927536232,3,0,3,0,1,2,3,1,3,1,False,0.24240501376608686,0.009203729221984456
951144783,control_relaxed,840012044,820866121,PV,951143733.0,46,1,2,0.021739130434782608,0.043478260869565216,,,-0.0984930637259024,-0.11333756458706325,-0.11333756458706325,0.65929648241206,7.068284818121557,75,11.942028985507246,2,4,2,0,5,4,3,3,2,1,False,0.0,-0.06210673096756088
951144789,control,840012044,820866121,PV,951144148.0,44,1,0,0.022727272727272728,0.0,,,-0.00023191094515736808,-0.00023191094515736808,-0.00023191094515736808,0.741708542713568,1.5019569437657936,75,0.08695652173913043,0,0,0,0,0,0,0,0,0,0,False,0.0,-0.0006958941960044405
951144796,driven,840012044,820866121,PV,,44,6,0,0.13636363636363635,0.0,3.0334308296283683,0.41514705963752774,0.40464719759977325,0.7023235987998866,-0.020604804114674472,0.315912897822446,2.841030429018174,75,8.608695652173912,16,2,7,7,15,4,11,6,2,5,True,0.7229284029145611,0.03583318085809546
951147227,control_relaxed,840012044,820866121,PV,951147532.0,29,1,3,0.034482758620689655,0.10344827586206896,,,0.012878773750932652,0.14024925455726395,-0.0030425363498587593,0.288442211055276,16.575535107141334,75,24.869565217391305,10,15,15,12,12,19,15,21,15,21,False,0.1432917909071227,0.032031060240428774
951147532,driven,840012044,820866121,PV,,45,3,0,0.06666666666666667,0.0,5.999863567630441,2.3433120040620277,0.4077603920320354,0.7662212073810667,0.11164058804805305,0.233500837520938,11.268106203685841,75,16.840579710144926,11,8,15,12,15,4,15,9,14,10,False,0.6545806193330137,0.028174398822764186
951147750,control_relaxed,840012044,820866121,PV,951147532.0,44,0,1,0.0,0.022727272727272728,,,-0.037427643328917355,-0.05268393220140143,0.08462266765095529,0.65929648241206,9.099613002055946,75,16.695652173913043,3,4,4,3,2,8,7,5,10,2,False,-0.13730659985235671,-0.06975046916246802
951147756,control_relaxed,840012044,820866121,PV,951147532.0,44,0,0,0.0,0.0,,,-0.10164468348767465,-0.08590690229499358,-0.038693558716950384,0.549413735343384,16.90173066484846,75,21.391304347826086,10,5,7,6,6,2,4,7,5,3,False,-0.047213343578043195,-0.09962484740102821
951147830,control,840012044,820866121,PV,951147981.0,41,1,1,0.024390243902439025,0.024390243902439025,,,-0.01365017761041424,0.0008305392125916808,-0.042611611256426075,0.590619765494137,7.282605158270786,75,8.927536231884059,1,1,2,4,4,2,5,4,4,6,False,0.043442150469017754,-0.026775104416074176
951147856,control,840012044,820866121,PV,951147981.0,35,0,0,0.0,0.0,,,-0.014379372306556792,-0.04465935356943909,0.04618059021920779,0.645561139028476,9.600265316644544,75,15.53623188405797,3,5,6,1,7,4,6,7,3,3,False,-0.09083994378864688,-0.06440339675380304
951147944,control,840012044,820866121,PV,951147981.0,34,0,1,0.0,0.029411764705882353,,,-0.042380715307550096,-0.042380715307550096,-0.042380715307550096,0.65929648241206,6.339167020933882,75,5.101449275362318,2,0,0,0,2,0,0,0,0,1,False,0.0,-0.034711460838696195
951147981,driven,840012044,820866121,PV,,34,4,0,0.11764705882352941,0.0,4.347464067686928,2.810559416490992,0.4194266296611322,0.5210269694704341,0.17268294726711336,0.32964824120603,7.75925359476267,75,11.44927536231884,9,7,8,7,11,10,9,4,8,8,False,0.3483440222033208,0.022439350480950773
951149872,control,840012044,820866121,PV,951149983.0,86,0,2,0.0,0.023255813953488372,,,0.03597999727317996,0.05178360387525898,-0.04303803573721514,0.439530988274707,11.026781500677808,75,21.91304347826087,9,9,17,15,8,13,13,21,12,10,False,0.09482163961247411,0.010170269378749116
951149983,driven,840012044,820866121,PV,,70,3,1,0.04285714285714286,0.014285714285714285,6.711124719418639,1.0551437400920438,0.3011750550905026,0.7769707622629264,-0.07054034113795352,0.453266331658291,13.377446991434548,75,12.144927536231885,8,11,12,7,10,13,9,12,8,9,False,0.8475111034008799,0.04343271161743403
951150056,control,840012044,820866121,PV,951149983.0,64,1,1,0.015625,0.015625,,,-0.0019536302480366767,0.04160957106709535,-0.04551683156316871,0.425795644891122,10.961628117272443,75,14.115942028985508,6,4,10,12,6,7,9,11,8,10,False,0.08712640263026405,0.00434615240807762
951150074,control,840012044,820866121,PV,951150221.0,64,2,3,0.03125,0.046875,,,0.04138730983689175,0.04138730983689175,0.04138730983689175,0.425795644891122,9.572832313105442,75,13.971014492753623,10,7,6,9,7,3,9,10,5,3,False,0.0,-0.015374201075041366
951150080,control,840012044,820866121,PV,951150221.0,64,2,0,0.03125,0.0,,,-0.024323447268501483,0.04781200676449157,-0.08203181049489594,0.412060301507538,6.328879644606719,75,9.478260869565217,4,3,4,6,2,7,3,5,7,4,False,0.1298438172593875,-0.014048448119784656
951150132,control,840012044,820866121,PV,951149983.0,58,2,3,0.034482758620689655,0.05172413793103448,,,-0.011326137328775895,0.049051542511748036,-0.08679823712943081,0.453266331658292,15.797552272399637,75,16.72463768115942,7,10,12,9,11,7,8,9,7,8,False,0.13584977964117884,-0.009029977315118709
951150152,control,840012044,820866121,PV,951150221.0,58,1,2,0.017241379310344827,0.034482758620689655,,,0.11693895101394636,0.11693895101394636,0.11693895101394636,0.412060301507538,8.887007224627911,75,13.420289855072463,6,11,11,4,10,8,7,6,8,13,False,0.0,0.01135624264668784
951150221,driven,840012044,820866121,PV,,47,1,2,0.02127659574468085,0.0425531914893617,9.0,1.2220865372447796,0.30782072640964087,0.5673879540060255,0.09151470341265364,0.453266331658292,8.052015179406517,75,7.6521739130434785,6,6,8,9,5,4,8,6,7,5,False,0.4758732505933718,0.027590422746296268
951152216,control,840012044,820866121,PV,951152382.0,48,4,0,0.08333333333333333,0.0,,,0.016553447391529096,-0.014179257377485625,0.07801885692955854,0.302177554438861,10.812032519848282,75,17.594202898550726,5,10,7,7,11,5,5,8,6,4,False,-0.09219811430704417,-0.04677088138899298
951152299,control,840012044,820866121,PV,951152376.0,50,0,2,0.0,0.04,,,-0.07576612045715071,-0.07576612045715071,-0.030942532104769438,0.50820770519263,6.674792673607574,75,13.043478260869565,1,11,1,10,2,8,2,10,9,7,False,-0.044823588352381274,-0.01970757046670785
951152318,control,840012044,820866121,PV,951152382.0,49,1,1,0.02040816326530612,0.02040816326530612,,,-0.05587462018927078,-0.08604246648039279,-0.040790697043709766,0.673031825795645,11.667170677043703,75,16.08695652173913,4,5,4,10,5,4,6,5,2,5,False,-0.04525176943668303,-0.06152099511274931
951152324,control,840012044,820866121,PV,951152410.0,49,2,3,0.04081632653061224,0.061224489795918366,,,-0.024983343357536814,-0.06954783654699494,0.10871013621083757,0.590619765494137,11.435704709682536,75,14.231884057971014,3,2,6,7,3,2,5,11,4,3,False,-0.1782579727578325,-0.05186020666921402
951152371,control,840012044,820866121,PV,951152382.0,48,0,0,0.0,0.0,,,-0.0031159893175759083,-0.0031159893175759083,-0.04672972798355747,0.480737018425461,11.674886209289076,75,11.53623188405797,4,8,6,1,2,6,4,9,7,3,False,0.04361373866598156,-0.02357047804320523
951152376,driven,840012044,820866121,PV,,48,6,0,0.125,0.0,3.797901858924181,0.9174775034958972,0.4933978293459068,0.6492754203163971,0.357004937246728,0.288442211055276,5.4810283789763705,75,50.17391304347826,28,22,34,23,28,22,28,23,24,21,True,0.2922704830696691,0.010041123975920236
951152382,driven,840012044,820866121,PV,,47,4,0,0.0851063829787234,0.0,4.692660344197142,2.1983517833890467,0.7753373694032525,1.0,0.32601210820975757,0.219765494137353,11.169090206536897,75,24.753623188405797,28,16,26,17,24,15,31,13,18,16,False,0.6739878917902424,0.11256965505193786
951152387,control,840012044,820866121,PV,951152376.0,47,1,2,0.02127659574468085,0.0425531914893617,,,0.037342283918285486,-0.06632854704436068,0.15582323358988112,0.590619765494137,5.186980872291629,75,14.057971014492754,8,7,4,4,6,14,11,5,7,11,False,-0.2221517806342418,-0.004144455831797683
951152399,control_relaxed,840012044,820866121,PV,951152506.0,45,0,1,0.0,0.022222222222222223,,,0.002677256041545917,-0.02464665475183639,0.016339211438237067,0.65929648241206,3.108930854204709,75,2.927536231884058,2,1,0,2,0,2,1,2,1,4,False,-0.04098586619007345,-0.00322276451256618
951152410,driven,840012044,820866121,PV,,43,0,0,0.0,0.0,7.417640553917286,2.1141164927593006,0.2659904386207331,0.38343196844141586,0.1632291000276358,0.206030150753769,11.544579442478344,75,13.797101449275363,6,6,8,2,4,8,10,10,6,3,False,0.22020286841378006,-0.022896079032729378
951152414,control_relaxed,840012044,820866121,PV,951152506.0,43,1,0,0.023255813953488372,0.0,,,0.021693568691380633,0.06422863092219017,0.06422863092219017,0.535678391959799,6.999702309273804,75,8.927536231884059,3,1,3,2,2,1,2,2,4,1,False,0.0,-0.04395962499207541
951152419,control_relaxed,840012044,820866121,PV,951152581.0,42,0,1,0.0,0.023809523809523808,,,0.0013641180616131739,-0.012130961424040703,-0.012130961424040703,0.796649916247906,1.8825898678708235,75,2.0869565217391304,1,0,0,0,0,1,1,2,0,0,False,0.0,-0.010056898104258066
951152492,control,840012044,820866121,PV,951152549.0,39,0,1,0.0,0.02564102564102564,,,0.0032514795828530708,-0.03827970876786139,0.0032514795828530708,0.700502512562814,1.8941631662388818,75,5.27536231884058,4,1,1,1,3,1,2,0,0,1,False,-0.04153118835071446,-0.02363478809340886
951152496,control_relaxed,840012044,820866121,PV,951152581.0,39,0,1,0.0,0.02564102564102564,,,0.009206465862152048,-0.004182635950521574,-0.004182635950521574,0.673031825795645,1.1676172131329972,75,0.6956521739130435,0,0,0,0,0,1,0,1,0,0,False,0.0,-0.002899183362330241
951152506,driven,840012044,820866121,PV,,39,0,2,0.0,0.05128205128205128,4.695656652702461,1.9670018134194078,0.5890499494422479,0.7798481872012043,0.38357492416337174,0.247236180904523,5.5860453456494925,75,13.101449275362318,17,4,11,6,5,4,10,9,9,7,False,0.39627326303783256,0.010913450238774007
951152539,control,840012044,820866121,PV,951152549.0,37,1,0,0.02702702702702703,0.0,,,-0.012157535301824684,-0.025835339832930425,-0.025835339832930425,0.618090452261306,1.778858823238597,75,2.3768115942028984,2,0,1,0,1,2,3,0,0,0,False,0.0,-0.006966062439297939
951152549,driven,840012044,820866121,PV,,34,0,0,0.0,0.0,9.0,4.999999999999999,0.0737924850813258,0.0737924850813258,0.0737924850813258,0.796649916247906,1.668269527721595,75,0.2898550724637681,15,12,11,12,12,12,13,14,13,15,False,0.0,0.1700777721913987
951152581,driven,840012044,820866121,PV,,33,1,0,0.030303030303030304,0.0,5.7164155766430165,2.0129247820283376,0.3351927414614211,0.6675963707307105,0.0027891121921316217,0.274706867671692,1.8401544405212764,75,5.449275362318841,6,2,9,3,9,4,3,5,6,3,False,0.6648072585385789,0.025078835901605822
951152856,control_relaxed,840012044,820866121,PV,951152581.0,41,0,2,0.0,0.04878048780487805,,,-0.022510491548406404,-0.022510491548406404,-0.022510491548406404,0.824120603015075,1.2267696270141841,75,3.652173913043478,0,0,0,0,2,1,0,2,3,0,False,0.0,-0.018665490418250764
951154103,control,840012044,820866121,PV,951154223.0,27,0,2,0.0,0.07407407407407407,,,-0.05578770125594112,-0.07005510262426465,-0.02725289851929406,0.673031825795645,12.816356340923868,75,7.7101449275362315,6,2,5,7,8,5,8,6,4,2,False,-0.042802204104970584,0.011539539187540507
951154166,control,840012044,820866121,PV,951154223.0,29,2,5,0.06896551724137931,0.1724137931034483,,,-0.001846374600737803,-0.001846374600737803,0.03989722434095961,0.892797319932998,9.925174952310774,75,5.246376811594203,2,0,5,4,1,3,3,1,3,1,False,-0.041743598941697414,-0.01088308001890968
951154219,control,840012044,820866121,PV,951154223.0,30,9,5,0.3,0.16666666666666666,,,0.05544353680578012,0.0702022315431898,-0.01834993688126831,0.357118927973199,12.84078885970088,75,11.652173913043478,4,8,4,9,9,5,6,3,6,7,False,0.08855216842445811,-0.008420712200161076
951154223,driven,840012044,820866121,PV,,30,1,3,0.03333333333333333,0.1,7.689610867986616,1.9535188012444757,0.3699911384881561,0.684995569244078,0.1449879736624976,0.288442211055276,12.686906855473733,75,13.420289855072463,8,17,9,9,7,13,12,8,7,6,False,0.5400075955815804,0.029169643680080848
951154350,control,840012044,820866121,PV,951154403.0,39,0,0,0.0,0.0,,,0.07313197562446346,0.07313197562446346,0.024349448025751026,0.425795644891122,12.013940987405155,75,28.0,26,11,8,12,9,16,8,10,10,11,False,0.04878252759871243,-0.04923156162725322
951154378,control,840012044,820866121,PV,951154403.0,40,0,3,0.0,0.075,,,-0.08666813197007042,-0.11643986161308605,-0.027124672684039165,0.865326633165829,10.900332499989764,75,12.434782608695652,3,2,8,1,1,2,2,4,6,6,False,-0.08931518892904688,-0.05304671620333976
951154403,driven,840012044,820866121,PV,,31,1,1,0.03225806451612903,0.03225806451612903,5.646865549199704,2.3298646950841113,0.4798407907033514,0.7705179958985374,-0.009720818046435464,0.302177554438861,11.302826098790016,75,15.565217391304348,15,19,13,19,15,14,17,14,15,15,False,0.7802388139449729,0.10297553947569607
951154420,control,840012044,820866121,PV,951154403.0,35,0,0,0.0,0.0,,,0.0582683220403256,0.17978208693834813,0.13421442510158965,0.219765494137353,13.34101253360918,75,20.318840579710145,15,13,10,8,9,12,8,12,8,9,False,0.04556766183675848,-0.0133655529206488
951154517,control,840012044,820866121,PV,951154535.0,34,1,0,0.029411764705882353,0.0,,,-0.07664064397997034,-0.1399724465670274,0.05002296119414383,0.576884422110553,13.473462503821402,75,19.82608695652174,6,4,2,10,6,5,4,8,7,13,False,-0.18999540776117124,-0.0703164232114741
951154535,driven,840012044,820866121,PV,,34,7,0,0.20588235294117646,0.0,4.937183337587823,2.8335074983280957,0.5474331695952057,0.8545320902270304,0.03021393484686927,0.288442211055276,17.472680051006005,75,27.536231884057973,21,6,14,7,15,8,13,10,20,5,False,0.8243181553801611,-0.04866980754899479
951154567,control_relaxed,840012044,820866121,PV,951154666.0,34,0,4,0.0,0.11764705882352941,,,-0.010833506476077694,0.0036069721878662763,0.0036069721878662763,0.549413735343384,8.146744769752475,75,8.55072463768116,3,3,3,2,3,12,7,5,2,6,False,0.0,-0.005124029896997774
951154586,control,840012044,820866121,PV,951154535.0,34,0,0,0.0,0.0,,,-0.09273998299467145,-0.0771294118090333,-0.030297698252118806,0.673031825795645,15.156305814673145,75,19.6231884057971,6,3,4,6,5,10,6,7,6,15,False,-0.046831713556914484,-0.06390059261299771
951154594,control_relaxed,840012044,820866121,PV,951154666.0,34,0,1,0.0,0.029411764705882353,,,-0.015422059088680167,-0.015422059088680167,-0.015422059088680167,0.65929648241206,3.199374037747684,75,1.1594202898550725,0,0,1,0,1,4,0,1,1,2,False,0.0,0.004139068359554682
951154666,driven,840012044,820866121,PV,,26,0,1,0.0,0.038461538461538464,4.182933802794177,2.000387565813589,0.5928440370861839,1.0,-0.04697247606409842,0.288442211055276,6.30916217331299,75,10.173913043478262,13,2,10,5,17,3,7,4,11,7,False,1.0469724760640984,0.029469806147381206
951154670,control,840012044,820866121,PV,951154709.0,26,1,0,0.038461538461538464,0.0,,,0.011655862487017972,-0.015422059088680167,0.02519482327486704,0.357118927973199,1.9824631463803641,75,3.130434782608696,2,0,1,2,0,2,2,0,0,1,False,-0.040616882363547206,-0.01168823773967565
951154694,driven,840012044,820866121,PV,,22,3,1,0.13636363636363635,0.045454545454545456,4.349227980184605,2.1702342739862517,0.5816465087111081,0.8207056465904748,0.10352823295237441,0.274706867671692,6.796526626812335,75,15.652173913043478,19,12,15,10,21,12,14,12,18,12,False,0.7171774136381004,0.08572818138512732
951154709,driven,840012044,820866121,PV,,20,3,0,0.15,0.0,5.017235983414676,2.2595771111772742,0.5237955919735064,0.9567086901794096,0.13417380358819353,0.274706867671692,2.0861941910125905,75,8.579710144927537,9,1,12,3,10,4,11,6,8,4,False,0.8225348865912161,0.026060281125502478
951154718,control,840012044,820866121,PV,951154694.0,19,0,0,0.0,0.0,,,-0.0007977325881251118,0.012911825392534135,0.012911825392534135,0.521943048576214,7.506784234066879,75,6.028985507246377,29,32,27,35,32,30,30,29,33,29,False,0.0,0.3787469300661953
951168714,control,835479236,813701562,VIP,951168769.0,66,1,1,0.015151515151515152,0.015151515151515152,,,0.0027525584105318954,-0.01072375836770416,-0.01072375836770416,0.673031825795645,0.6830828588981992,75,1.6521739130434783,1,4,1,0,2,0,1,1,1,2,False,0.0,0.004258828396157174
951168730,control,835479236,813701562,VIP,951168771.0,64,0,0,0.0,0.0,,,-0.021192771182484645,-0.007203829111491704,-0.04917065532447053,0.206030150753769,2.479226752452461,75,6.9855072463768115,10,5,0,1,5,5,4,2,4,2,False,0.04196682621297882,-0.003896333901719766
951168769,driven,835479236,813701562,VIP,,62,0,0,0.0,0.0,6.077124855115417,2.551893026871685,0.10577378223708687,0.25710437293542604,-0.03179948203413053,0.673031825795645,0.8882218491253073,75,3.0434782608695654,7,4,5,5,7,4,4,3,3,6,False,0.28890385496955656,0.040930731152281144
951168771,driven,835479236,813701562,VIP,,62,1,1,0.016129032258064516,0.016129032258064516,3.605662848953684,1.7647955252351906,0.9437580468443184,0.8734556053997166,1.0,0.521943048576214,3.092074132442005,75,6.927536231884058,45,49,48,49,45,46,49,44,42,50,False,-0.12654439460028344,0.6011644167338928
951168822,control,835479236,813701562,VIP,951168771.0,49,2,1,0.04081632653061224,0.02040816326530612,,,0.001936793268252655,0.03005124979590751,-0.012120434995574775,0.618090452261306,3.224836318183975,75,6.521739130434782,3,3,4,3,6,4,2,2,3,3,False,0.04217168479148228,-0.007202360239733742
951171479,control_relaxed,839068429,817060751,SST,951171507.0,34,21,2,0.6176470588235294,0.058823529411764705,,,0.07068148608961636,0.14216752562118434,0.013492654464361983,0.206030150753769,23.531921184515518,75,8.26086956521739,3,1,2,10,3,6,5,8,0,5,False,0.12867487115682236,-0.007069286150082043
951171487,control_relaxed,839068429,817060751,SST,951171507.0,36,14,1,0.3888888888888889,0.027777777777777776,,,0.006133405181550594,0.02033149939324273,0.02033149939324273,0.315912897822446,15.394294525123035,75,7.971014492753623,5,4,3,6,3,4,5,8,3,6,False,0.0,0.0009477493792521292
951171507,driven,839068429,817060751,SST,,36,1,1,0.027777777777777776,0.027777777777777776,4.476112039870846,0.7712798921533229,0.2550238277397905,0.022218773908475067,0.11534079544100123,0.425795644891122,23.40086946314432,75,20.028985507246375,18,22,16,15,13,22,7,19,19,15,True,-0.09312202153252616,0.08601428764250695
951171572,control,839068429,817060751,SST,951171599.0,41,0,0,0.0,0.0,,,-0.014715924166459487,-0.014715924166459487,-0.014715924166459487,0.631825795644891,2.5876290866822473,75,2.550724637681159,2,0,2,1,2,0,1,1,1,0,False,0.0,-0.007007213199947735
951171574,control,839068429,817060751,SST,951171607.0,41,0,2,0.0,0.04878048780487805,,,-0.008840038267797008,-0.05087503986228855,-0.008840038267797008,0.576884422110553,5.118726058263194,75,6.63768115942029,4,8,2,5,3,1,3,2,5,7,False,-0.04203500159449154,0.0017053314866527353
951171595,control,839068429,817060751,SST,951171607.0,41,2,1,0.04878048780487805,0.024390243902439025,,,-0.031109029527199974,-0.0450429353316216,-0.0450429353316216,0.604355108877722,5.39282116178465,75,6.173913043478261,2,13,6,3,9,5,7,2,4,2,False,0.0,0.023613231066402347
951171599,driven,839068429,817060751,SST,,41,5,0,0.12195121951219512,0.0,5.182728506936976,1.146182128072237,0.6847532756106482,1.0,0.0542598268319446,0.439530988274707,2.2522908584677155,75,2.898550724637681,12,2,13,10,8,14,17,11,10,16,False,0.9457401731680554,0.13074186123232331
951171607,driven,839068429,817060751,SST,,41,0,1,0.0,0.024390243902439025,1.7104125493039437,0.1483659570876608,0.10459276548830451,0.037771330076983946,0.11795705257056861,0.686767169179229,6.242087709101912,75,0.3188405797101449,44,47,46,43,46,49,45,46,47,46,True,-0.08018572249358466,0.6110090555646599
951171609,control,839068429,817060751,SST,951171599.0,41,0,0,0.0,0.0,,,-0.02895939369187505,-0.042864250363386876,-0.042864250363386876,0.714237855946399,2.1700623274112787,75,6.9855072463768115,0,2,3,2,1,1,3,1,4,2,False,0.0,-0.03068570236258027
951171620,control,839068429,817060751,SST,951171607.0,39,0,3,0.0,0.07692307692307693,,,-0.07776359672344951,-0.12267041325359325,0.012050036336837934,0.796649916247906,6.036944655060072,75,12.405797101449275,5,2,3,2,2,5,3,3,5,4,False,-0.1347204495904312,-0.05427501089918085
951171630,control,839068429,817060751,SST,951171599.0,41,0,0,0.0,0.0,,,0.0015202692292810556,-0.025835339832930425,0.056231487353704014,0.727973199329983,2.0141707372834508,75,3.072463768115942,3,0,1,1,0,1,0,1,1,1,False,-0.08206682718663444,-0.012585670147680281
951172152,control,839068429,817060751,SST,951172228.0,54,0,6,0.0,0.1111111111111111,,,0.009815972070877766,-0.004745557751609328,0.03893903171585194,0.618090452261306,10.865301213030223,75,11.73913043478261,10,6,3,6,3,4,8,3,8,5,False,-0.04368458946746127,-0.016445561141818284
951172158,control,839068429,817060751,SST,951172228.0,54,13,0,0.24074074074074073,0.0,,,-0.07988589803058375,-0.06509294052331549,-0.06509294052331549,0.288442211055276,9.825881187644951,75,10.63768115942029,7,2,5,4,4,10,6,5,6,5,False,0.0,-0.010431940284774423
951172228,driven,839068429,817060751,SST,,62,3,0,0.04838709677419355,0.0,9.0,2.489994829716001,0.22165937049418225,0.3946239548288084,0.005453640075899489,0.315912897822446,9.62416432239713,75,9.27536231884058,13,12,12,8,7,12,7,10,6,5,False,0.3891703147529089,0.055089794515357435
951172258,driven,839068429,817060751,SST,,63,0,0,0.0,0.0,1.6349915162643762,0.10000000000000002,0.128047260019058,0.128047260019058,0.08652570097234646,0.727973199329983,0.38587451292630004,75,4.3768115942028984,8,11,7,12,16,11,10,5,6,10,True,0.04152155904671154,0.09692652600020643
951172411,control,839068429,817060751,SST,951172453.0,56,10,0,0.17857142857142858,0.0,,,-0.029514435910153305,-0.015411498431932028,-0.015411498431932028,0.288442211055276,5.655781151725547,75,8.08695652173913,0,3,2,1,3,1,1,3,1,0,False,0.0,-0.04549760054872358
951172451,control,839068429,817060751,SST,951172453.0,51,1,1,0.0196078431372549,0.0196078431372549,,,-0.003976168079985876,-0.01754341359458028,-0.01754341359458028,0.65929648241206,6.037372928659325,75,2.550724637681159,1,0,1,1,0,1,0,1,0,2,False,0.0,-0.011089674875082658
951172453,driven,839068429,817060751,SST,,48,6,2,0.125,0.041666666666666664,6.772526646524793,0.8714964401462375,0.11830525589816901,0.1320817362747601,0.049422854015213465,0.302177554438861,4.854909521123792,75,3.8840579710144927,12,8,14,14,13,10,13,11,11,14,False,0.08265888225954665,0.13348938838625857
951172474,control,839068429,817060751,SST,951172453.0,46,7,3,0.15217391304347827,0.06521739130434782,,,-0.037584919867211235,-0.009542084195124444,-0.05160633770325463,0.288442211055276,4.730710177340633,75,6.608695652173913,3,2,2,4,2,2,2,4,2,4,False,0.04206425350813019,-0.016337603474723
951173095,control,839068429,817060751,SST,951173108.0,56,2,0,0.03571428571428571,0.0,,,-0.06020367685133273,-0.07453075356553994,-0.031549523422918335,0.412060301507538,6.07034999580175,75,9.072463768115941,6,3,2,1,2,4,3,2,3,2,False,-0.042981230142621604,-0.035134782117907125
951173106,driven,839068429,817060751,SST,,53,4,0,0.07547169811320754,0.0,6.679584386338675,4.360090914638319,0.3209826692169748,0.3065354919662721,0.17651089670994813,0.274706867671692,10.694420046928565,75,10.26086956521739,7,14,21,8,11,12,13,14,16,10,False,0.13002459525632398,0.09682223243919777
951173108,driven,839068429,817060751,SST,,53,1,0,0.018867924528301886,0.0,5.247451021324927,2.002872180220174,0.805422266475924,1.0,0.41626679942777195,0.50820770519263,7.6900807481738545,75,4.405797101449275,22,21,30,16,16,15,16,10,14,14,False,0.583733200572228,0.20444808224056188
951173138,driven,839068429,817060751,SST,,63,2,1,0.031746031746031744,0.015873015873015872,5.964499169007124,2.198085502661718,0.2878074337068177,0.25873834936832046,0.25873834936832046,0.65929648241206,17.411891451200503,75,12.608695652173912,28,23,32,31,27,32,30,24,25,29,False,0.0,0.3082985678275026
951173174,control_relaxed,839068429,817060751,SST,951173106.0,70,0,1,0.0,0.014285714285714285,,,-0.0037065971135012044,-0.0037065971135012044,-0.0037065971135012044,0.673031825795645,7.7894402232003825,75,6.434782608695652,4,1,1,1,1,2,1,5,1,1,False,0.0,-0.027558467350762384
951173184,control_relaxed,839068429,817060751,SST,951173324.0,73,0,0,0.0,0.0,,,0.011042755912455723,-0.002321531169808389,0.037771330076983946,0.535678391959799,0.7704642050548433,75,0.14492753623188406,0,0,0,0,0,0,0,0,0,0,False,-0.04009286124679234,-0.0011600926773941667
951173186,control_relaxed,839068429,817060751,SST,951173138.0,73,9,2,0.1232876712328767,0.0273972602739726,,,-0.14540001755911156,-0.12970960635967166,-0.17678083995799132,0.247236180904523,17.31510161776949,75,21.73913043478261,2,2,4,5,5,4,6,7,5,5,False,0.04707123359831966,-0.11855496199320807
951173212,control_relaxed,839068429,817060751,SST,951173138.0,79,1,2,0.012658227848101266,0.02531645569620253,,,-0.1084316867438019,-0.1084316867438019,-0.1084316867438019,0.576884422110553,13.167700082610455,75,18.405797101449274,2,4,6,6,7,10,5,11,7,7,False,0.0,-0.05822397596781455
951173226,control_relaxed,839068429,817060751,SST,951173138.0,77,3,1,0.03896103896103896,0.012987012987012988,,,-0.05415494246790959,-0.08303589979579752,-0.03971446380396563,0.618090452261307,8.98046910272096,75,11.130434782608695,2,4,6,5,10,5,4,3,13,7,False,-0.04332143599183189,-0.007135432240469405
951173294,driven,839068429,817060751,SST,,70,0,0,0.0,0.0,5.262533080798354,1.5630925169656704,0.6361394469876265,0.7978552483264593,0.11056309263642033,0.384589614740369,0.43212806164554574,75,2.2028985507246377,20,1,22,15,18,25,24,25,18,25,False,0.6872921556900389,0.24412917076200444
951173324,driven,839068429,817060751,SST,,70,0,0,0.0,0.0,5.60339634348017,2.091634037317567,0.9595991643723188,0.8787974931169565,1.0,0.315912897822446,0.6843812116051359,75,1.1884057971014492,25,38,32,30,26,21,30,28,34,37,False,-0.12120250688304346,0.39561451982707296
951173379,control_relaxed,839068429,817060751,SST,951173294.0,53,0,1,0.0,0.018867924528301886,,,-0.0018567941751595478,-0.0018567941751595478,-0.0018567941751595478,0.590619765494137,0.4672464967842323,75,0.4057971014492754,0,0,0,0,0,0,0,1,0,0,False,0.0,-0.0019139831303342277
951173381,control_relaxed,839068429,817060751,SST,951173294.0,53,1,0,0.018867924528301886,0.0,,,-0.010515945590805847,-0.024171566477168088,-0.024171566477168088,0.494472361809045,0.6312752852978537,75,3.101449275362319,1,1,0,0,0,1,2,1,1,1,False,0.0,-0.014187329132041649
951173480,control_relaxed,839068429,817060751,SST,951173294.0,65,0,0,0.0,0.0,,,-0.004415516894735419,-0.004415516894735419,-0.004415516894735419,0.549413735343383,0.25182487636033785,75,0.7536231884057971,0,0,1,0,0,1,0,0,0,0,False,0.0,-0.00336440389596483
951173632,control,839068429,817060751,SST,951173655.0,21,0,3,0.0,0.14285714285714285,,,0.015087609510642598,0.02857956006529133,-0.011896291598654869,0.673031825795645,4.881462484277433,75,1.1304347826086956,0,2,2,1,2,0,0,1,0,1,False,0.0404758516639462,0.0030245198697201906
951173655,driven,839068429,817060751,SST,,23,0,5,0.0,0.21739130434782608,1.8771401970934873,0.21967519821494408,0.04,0.04,0.08,0.618090452261307,4.087871504862967,75,0.0,0,0,0,0,0,0,0,0,0,0,True,-0.04,0.0
951173708,control,839068429,817060751,SST,951173655.0,21,1,3,0.047619047619047616,0.14285714285714285,,,0.0160007278973944,-0.010958156269800274,0.06991849623178376,0.673031825795645,3.495997390696323,75,1.2173913043478262,0,0,0,0,1,0,0,0,1,1,False,-0.08087665250158403,-0.005747563261274643
951173716,control,839068429,817060751,SST,951173655.0,21,2,1,0.09523809523809523,0.047619047619047616,,,-0.00677373135235015,-0.020378781776030558,0.020436369495010664,0.618090452261307,3.4064882084525974,75,2.2028985507246377,1,1,1,2,2,1,2,1,1,0,False,-0.040815151271041225,-0.0014949227605758095
951174020,control_relaxed,839068429,817060751,SST,951174555.0,26,0,0,0.0,0.0,,,-0.004284829179887046,0.009472497247234693,0.009472497247234693,0.865326633165829,3.2300394855606602,75,3.971014492753623,2,5,2,5,1,4,1,1,0,3,False,0.0,0.0007547907655629466
951174048,control_relaxed,839068429,817060751,SST,951174555.0,30,2,2,0.06666666666666667,0.06666666666666667,,,-0.0140102802977115,-0.0140102802977115,-0.0140102802977115,0.604355108877722,1.546495966899966,75,1.536231884057971,3,2,0,0,1,0,0,1,1,0,False,0.0,-0.001567118358093786
951174056,control,839068429,817060751,SST,951174086.0,30,0,3,0.0,0.1,,,0.0052930206424603,-0.008148965565074022,-0.008148965565074022,0.590619765494137,2.3156753511570525,75,1.0724637681159421,0,0,1,0,0,0,0,0,0,0,False,0.0,-0.007271799183167824
951174064,control_relaxed,839068429,817060751,SST,951174169.0,30,1,3,0.03333333333333333,0.1,,,0.0015956589559938646,-0.011896291598654869,-0.011896291598654869,0.934003350083752,6.519180727818134,75,1.7681159420289856,0,2,1,0,0,0,0,1,0,0,False,0.0,-0.008836131364853509
951174086,driven,839068429,817060751,SST,,29,0,2,0.0,0.06896551724137931,7.811767272308524,1.1480615559543783,0.12261640575099601,0.23060207888933495,-0.012365685671927681,0.796649916247906,2.6784230897237293,75,2.0579710144927534,0,0,1,1,0,1,1,0,0,1,False,0.24296776456126262,-0.009822709165334176
951174103,control,839068429,817060751,SST,951174154.0,32,1,1,0.03125,0.03125,,,-0.01945954786774208,-0.03323602824433319,0.008093412885440137,0.192294807370184,12.060184554944072,75,2.4927536231884058,3,2,0,1,2,2,0,1,2,3,False,-0.04132944112977333,0.0016208339578803368
951174129,control,839068429,817060751,SST,951174086.0,36,0,4,0.0,0.1111111111111111,,,0.0027525584105318954,-0.01072375836770416,-0.01072375836770416,0.782914572864322,2.08183796596531,75,1.7391304347826086,0,1,0,0,2,1,0,0,1,0,False,0.0,-0.007250211762393423
951174136,control,839068429,817060751,SST,951174086.0,36,3,3,0.08333333333333333,0.08333333333333333,,,-0.0161286854060948,-0.0161286854060948,-0.0161286854060948,0.769179229480737,2.0385823324408303,75,1.7681159420289856,3,3,0,0,2,0,1,1,1,1,False,0.0,0.001982486665868779
951174154,driven,839068429,817060751,SST,,41,9,4,0.21951219512195122,0.0975609756097561,7.431563668533522,1.4832878373771423,0.3101909865637732,0.6917874620816858,0.03133202368529848,0.315912897822446,11.884164105651386,75,12.347826086956522,11,2,6,6,5,5,7,2,6,4,False,0.6604554383963873,-0.024350816823822233
951174158,control,839068429,817060751,SST,951174154.0,41,1,6,0.024390243902439025,0.14634146341463414,,,-0.0018567941751595478,-0.0018567941751595478,-0.0018567941751595478,1.08509212730318,11.282439698701939,75,0.17391304347826086,0,0,0,0,0,0,0,0,0,0,False,0.0,-0.0013922726607407678
951174169,driven,839068429,817060751,SST,,44,7,2,0.1590909090909091,0.045454545454545456,7.2159796275019215,1.8807198128260558,0.20745347392433516,0.38357492416337174,0.03133202368529848,0.521943048576214,10.204903322983215,75,13.18840579710145,9,6,11,7,6,2,7,3,4,4,False,0.3522429004780733,-0.023853923504836304
951174173,control_relaxed,839068429,817060751,SST,951174195.0,44,0,1,0.0,0.022727272727272728,,,-0.018750605234383492,0.00878319490708633,-0.032517505305118405,0.892797319932998,4.995811535277791,75,3.36231884057971,2,0,1,0,0,1,1,2,4,0,False,0.041300700212204736,-0.012197049790146854
951174187,driven,839068429,817060751,SST,,43,8,4,0.18604651162790697,0.09302325581395349,6.708170188608296,0.9763466204928679,0.3529073873466095,0.7901321256259274,-0.10180634046388123,0.206030150753769,33.648600146052765,75,37.42028985507246,15,28,16,20,22,16,19,22,24,16,False,0.8919384660898086,0.007137249404417362
951174189,control,839068429,817060751,SST,951174187.0,41,2,4,0.04878048780487805,0.0975609756097561,,,-0.13614707579216798,-0.20297925672111905,-0.05260684963097916,0.206030150753769,36.63109749124561,75,27.681159420289855,14,9,14,13,13,10,9,13,10,11,False,-0.15037240709013988,-0.054877897506353565
951174195,driven,839068429,817060751,SST,,41,8,0,0.1951219512195122,0.0,7.666489297643504,1.22039693112054,0.3791829025352476,0.8306862461459766,0.0687743538028714,0.412060301507538,8.102936497853047,75,6.956521739130435,4,3,7,9,8,2,3,6,6,8,False,0.7619118923431052,0.02170994396957492
951174245,control_relaxed,839068429,817060751,SST,951174169.0,49,0,1,0.0,0.02040816326530612,,,-0.0029535904643212246,0.04263520910223884,-0.0029535904643212246,0.521943048576214,13.843944095829798,75,13.652173913043478,5,9,8,7,7,6,7,11,5,9,False,0.04558879956656007,-0.00535152936716674
951174255,control_relaxed,839068429,817060751,SST,951174195.0,52,1,0,0.019230769230769232,0.0,,,-0.01769431145577005,-0.032028034152330194,0.05397430202703065,0.192294807370184,6.659226194773629,75,9.855072463768115,6,8,5,6,3,11,4,5,8,9,False,-0.08600233617936084,0.011744279747995048
951174270,driven,839068429,817060751,SST,,52,0,2,0.0,0.038461538461538464,1.8126314944886004,0.13041189563948635,0.3859551431578649,0.3592575406864677,0.47939675180775504,0.631825795644891,1.8651315247436588,75,0.11594202898550725,0,0,0,1,3,2,1,1,1,0,True,-0.12013921112128734,0.011083169071677262
951174303,control,839068429,817060751,SST,951174270.0,50,0,0,0.0,0.0,,,0.00759691533652055,-0.005813937158931875,-0.005813937158931875,0.686767169179229,1.8137386928333858,75,0.5217391304347826,0,0,1,0,2,2,0,1,0,0,False,0.0,0.0038508251370825987
951174336,control,839068429,817060751,SST,951174360.0,47,2,3,0.0425531914893617,0.06382978723404255,,,0.007136563687733766,0.03397071061509231,-0.0062805097759455085,0.645561139028476,2.968792590016772,75,1.1884057971014492,0,1,1,0,3,0,2,3,1,1,False,0.04025122039103782,0.006600257533140047
951174360,driven,839068429,817060751,SST,,48,0,1,0.0,0.020833333333333332,5.5792385058376155,1.5977449375860868,0.6891810287348457,0.9594583950523712,0.14862629609979458,0.398324958123953,2.7092587888698936,75,1.536231884057971,15,22,16,15,14,12,13,15,13,11,False,0.8108320989525766,0.18470816780554092
951174362,control,839068429,817060751,SST,951174360.0,48,0,2,0.0,0.041666666666666664,,,0.012572162467722902,-0.014480654998914828,0.06667779740099836,0.673031825795645,2.105393013924185,75,1.5072463768115942,0,0,0,0,0,0,0,0,0,0,False,-0.08115845239991318,-0.012130961424040703
951174388,control,839068429,817060751,SST,951174360.0,41,0,1,0.0,0.024390243902439025,,,-0.005140873480853661,0.022025096072682923,-0.018723858257621954,0.618090452261307,2.480132413269926,75,1.7681159420289856,2,0,1,1,2,0,0,1,0,1,False,0.04074895433030488,-0.0034268223494923642
951174545,control_relaxed,839068429,817060751,SST,951174169.0,30,2,5,0.06666666666666667,0.16666666666666666,,,0.01058400270528513,0.03732497560514229,-0.0027864837446434513,0.810385259631491,7.033109046920864,75,0.37681159420289856,0,0,0,0,0,0,0,1,0,1,False,0.04011145934978574,-0.00034432346346408466
951174555,driven,839068429,817060751,SST,,29,1,6,0.034482758620689655,0.20689655172413793,8.377698824694738,0.19015868984907455,0.05993331588826504,0.15393998429943853,-0.007214304405430312,0.83785594639866,2.4749931300788988,75,0.6086956521739131,2,0,1,0,0,0,0,0,1,0,False,0.16115428870486884,0.00047792686575801903
951174573,control,839068429,817060751,SST,951174270.0,50,1,0,0.02,0.0,,,0.01058400270528513,0.03732497560514229,-0.0027864837446434513,0.645561139028476,1.496816229386702,75,0.34782608695652173,0,1,0,0,1,0,0,0,0,1,False,0.04011145934978574,0.001224662190335123
951174890,control_relaxed,839068429,817060751,SST,951174982.0,22,0,1,0.0,0.045454545454545456,,,-0.004209001142040785,-0.017779393049365662,0.022931782672608966,0.769179229480737,9.107666361698886,75,2.4057971014492754,2,3,2,1,0,0,0,0,3,1,False,-0.04071117572197463,-0.003121857761468047
951174912,control_relaxed,839068429,817060751,SST,951174995.0,27,0,0,0.0,0.0,,,-0.004648451846589248,-0.004648451846589248,-0.004648451846589248,0.755443886097152,4.632207249512609,75,0.8405797101449275,0,0,0,0,0,0,0,0,1,0,False,0.0,-0.005404969092879678
951174933,control_relaxed,839068429,817060751,SST,951174995.0,27,1,3,0.037037037037037035,0.1111111111111111,,,-0.004182635950521574,-0.004182635950521574,-0.004182635950521574,0.851591289782245,5.158127229394403,75,0.8115942028985508,2,0,0,0,1,0,0,1,0,1,False,0.0,0.00019621527487262555
951174957,control,839068429,817060751,SST,951174984.0,37,0,2,0.0,0.05405405405405406,,,-0.04224508781933008,-0.02796775784920227,-0.02796775784920227,1.0713567839196,11.593794605358344,75,7.768115942028985,5,3,8,3,1,5,6,3,2,2,False,0.0,-0.010201314640825404
951174963,control,839068429,817060751,SST,951174984.0,37,0,5,0.0,0.13513513513513514,,,-0.016391021796569354,0.01107900581955414,-0.030126035604631108,0.755443886097152,11.207920092432044,75,3.971014492753623,1,2,1,4,1,1,2,2,0,0,False,0.04120504142418525,-0.013008917350613871
951174982,driven,839068429,817060751,SST,,43,1,0,0.023255813953488372,0.0,7.62244351335167,1.4412136958644892,0.3704176749211276,0.7235980036239097,0.03259301268368393,0.480737018425461,17.511679199826283,75,16.52173913043478,10,12,13,8,12,8,13,9,14,10,False,0.6910049909402257,0.02456313002204415
951174984,driven,839068429,817060751,SST,,43,1,0,0.023255813953488372,0.0,7.606747360067011,2.0459879813503954,0.4222740033792227,0.6807303702885178,-0.049028783337727214,0.260971524288107,14.507768174670824,75,16.492753623188406,13,11,8,13,14,13,13,13,10,10,False,0.729759153626245,0.03848179809878281
951174995,driven,839068429,817060751,SST,,45,4,0,0.08888888888888889,0.0,7.186363168488597,1.2261856513245435,0.3296198175489395,0.706708670177661,0.07822724912979181,0.398324958123953,9.156061278414393,75,5.536231884057971,3,3,3,5,10,4,6,1,6,8,False,0.6284814210478692,0.023006680198979255
951175021,control_relaxed,839068429,817060751,SST,951174982.0,63,0,2,0.0,0.031746031746031744,,,-0.07141061646327661,-0.08716665494067774,-0.039898539508474364,0.645561139028476,23.65098124510765,75,18.17391304347826,10,11,8,7,3,8,10,4,1,7,False,-0.04726811543220338,-0.05009475606274749
951175035,driven,839068429,817060751,SST,,69,1,0,0.014492753623188406,0.0,7.07859449566008,0.8935630414130858,0.3808077485978922,0.7980894832384432,0.030829519544526875,0.604355108877722,0.5319158102713258,75,1.0724637681159421,2,1,0,1,1,0,0,2,1,4,False,0.7672599636939164,0.007521244596558274
951175041,control_relaxed,839068429,817060751,SST,951174982.0,68,0,2,0.0,0.029411764705882353,,,-0.03261730493813171,-0.12241011406318664,0.05717550418692322,0.576884422110553,13.109883146711399,75,14.521739130434783,6,2,5,6,6,7,5,5,4,6,False,-0.17958561825010985,-0.04531660338330089
951175051,control_relaxed,839068429,817060751,SST,951174995.0,67,0,2,0.0,0.029850746268656716,,,-0.022499857170094506,-0.0651040178855151,0.0627084642607467,0.65929648241206,7.193711646640468,75,8.144927536231885,2,1,2,5,2,2,2,0,8,4,False,-0.12781248214626179,-0.02748220926285593
951175057,control_relaxed,839068429,817060751,SST,951175035.0,67,0,0,0.0,0.0,,,-0.00488144081860789,-0.00488144081860789,-0.00488144081860789,0.65929648241206,0.3349099546152793,75,0.3188405797101449,23,25,19,29,21,23,22,26,19,27,False,0.0,0.3102428614136239
951175077,control,839068429,817060751,SST,951175091.0,68,0,0,0.0,0.0,,,-0.010255125591417476,-0.010255125591417476,-0.010255125591417476,0.631825795644891,5.0506305559820825,75,1.3043478260869565,0,0,0,1,0,1,0,0,0,0,False,0.0,-0.007794776372943643
951175091,driven,839068429,817060751,SST,,70,1,0,0.014285714285714285,0.0,4.637677302381849,1.1819982373644244,0.2699125981856477,0.47271465424519,-0.0140102802977115,0.467001675041876,4.282307718923501,75,2.6666666666666665,4,13,4,2,3,2,3,7,8,2,True,0.4867249345429015,0.04381748527771465
951175093,control,839068429,817060751,SST,951175091.0,70,0,2,0.0,0.02857142857142857,,,-0.01919641947297362,-0.01919641947297362,-0.01919641947297362,0.590619765494137,4.185517885492486,75,1.4782608695652173,0,1,0,2,0,1,1,0,0,1,False,0.0,-0.0038011212658656283
951175097,control_relaxed,839068429,817060751,SST,951175035.0,70,1,0,0.014285714285714285,0.0,,,-0.00046387567300120635,-0.00046387567300120635,-0.00046387567300120635,0.769179229480737,0.7490505250922295,75,0.057971014492753624,0,1,0,0,0,0,0,0,0,0,False,0.0,0.0008700761612294624
951175104,control_relaxed,839068429,817060751,SST,951175035.0,72,0,0,0.0,0.0,,,-0.0018830983008310972,-0.015422059088680167,-0.015422059088680167,0.68676716917923,0.3824483241322818,75,1.7971014492753623,0,3,1,0,0,1,1,0,2,0,False,0.0,-0.003659528012259737
951175139,control,839068429,817060751,SST,951175091.0,68,0,1,0.0,0.014705882352941176,,,-0.07229059297351959,-0.07229059297351959,-0.07229059297351959,0.535678391959799,5.278043837185041,75,8.753623188405797,5,2,2,5,4,6,5,3,5,7,False,0.0,-0.009616965123045529
951175181,control,839068429,817060751,SST,951175223.0,68,1,2,0.014705882352941176,0.029411764705882353,,,-0.008616621344961104,-0.008616621344961104,-0.008616621344961104,0.1785594639866,0.9871706462764945,75,1.2753623188405796,0,0,0,0,0,0,0,0,0,0,False,0.0,-0.010255125591417476
951175215,control,839068429,817060751,SST,951175229.0,62,1,0,0.016129032258064516,0.0,,,-0.012600464354936754,-0.012600464354936754,-0.012600464354936754,0.618090452261306,1.0676860829359223,75,1.3623188405797102,0,0,0,0,0,0,0,0,1,0,False,0.0,-0.00961021206144054
951175217,control,839068429,817060751,SST,951175223.0,62,0,0,0.0,0.0,,,-0.008850530578918624,-0.008850530578918624,-0.008850530578918624,0.631825795644891,1.2038770874981457,75,0.5507246376811594,0,0,0,0,0,0,1,0,0,1,False,0.0,-0.001737075516349458
951175223,driven,839068429,817060751,SST,,62,2,0,0.03225806451612903,0.0,4.44594851051542,1.6331293753151528,0.7561291155025373,1.0,0.26838734650761176,0.370854271356784,1.2034488138988935,75,2.6666666666666665,30,32,21,31,27,21,27,25,25,33,False,0.7316126534923882,0.3489241566420906
951175229,driven,839068429,817060751,SST,,57,1,0,0.017543859649122806,0.0,4.8913508580617036,1.4513367945294822,0.6479870195159242,0.9593831176364528,0.18766235272905588,0.357118927973199,1.1349250380185294,75,2.5217391304347827,10,22,13,19,22,14,17,15,10,21,True,0.7717207649073969,0.2013835401299601
951175239,control,839068429,817060751,SST,951175229.0,54,0,0,0.0,0.0,,,-0.0009542462655959638,-0.014480654998914828,0.026098571201041764,0.563149078726968,0.8860980768529575,75,2.4347826086956523,0,2,1,1,1,0,0,1,0,0,False,-0.04057922619995659,-0.011511846298793238
951175249,control,839068429,817060751,SST,951175223.0,51,0,2,0.0,0.0392156862745098,,,-0.009552583807784506,-0.009552583807784506,-0.009552583807784506,0.645561139028476,1.1550538971833864,75,1.6231884057971016,0,1,0,0,0,0,0,1,0,0,False,0.0,-0.01036866458328253
951175755,driven,839068429,817060751,SST,,20,0,2,0.0,0.1,5.974878154145386,1.189428684594738,0.6845338972448363,1.0,0.05360169173450883,0.673031825795645,5.752142711557309,75,4.086956521739131,9,5,5,2,3,2,6,10,6,7,False,0.9463983082654912,0.04253461382691791
951175767,control_relaxed,839068429,817060751,SST,951175852.0,23,0,1,0.0,0.043478260869565216,,,-0.02014219963431846,-0.02014219963431846,-0.02014219963431846,0.755443886097152,12.885467780703205,75,2.4927536231884058,2,1,2,1,3,2,0,1,2,0,False,0.0,-0.001099545241144512
951175780,control,839068429,817060751,SST,951175755.0,21,0,4,0.0,0.19047619047619047,,,0.0027525584105318954,-0.01072375836770416,-0.01072375836770416,0.796649916247906,6.031805371869045,75,1.826086956521739,0,0,1,0,2,1,1,0,3,0,False,0.0,-0.0038922876420172518
951175786,control,839068429,817060751,SST,951175755.0,23,0,3,0.0,0.13043478260869565,,,-0.003484317038512965,-0.003484317038512965,-0.003484317038512965,0.769179229480737,6.59926789087831,75,0.7246376811594203,0,1,0,1,0,0,0,1,0,0,False,0.0,-0.0017906814102961479
951175817,control_relaxed,839068429,817060751,SST,951175852.0,23,0,2,0.0,0.08695652173913043,,,0.007633291549788063,-0.033715321302304105,0.007633291549788063,0.714237855946399,7.827128299934583,75,4.72463768115942,3,3,3,0,0,1,2,2,1,0,False,-0.04134861285209217,-0.017750087252530335
951175852,driven,839068429,817060751,SST,,32,8,1,0.25,0.03125,7.03630016630067,1.1645865688235402,0.3846292600862262,0.7902145204839408,0.03498679422612749,0.247236180904523,8.894386109271252,75,5.072463768115942,3,4,5,6,3,4,3,2,8,4,False,0.7552277262578133,0.016904884109724606
951175894,control_relaxed,839068429,817060751,SST,951175852.0,34,0,0,0.0,0.0,,,-0.048441051282030606,-0.048441051282030606,-0.048441051282030606,0.618090452261307,5.324297385904286,75,7.072463768115942,4,12,4,3,7,4,9,4,7,4,False,0.0,0.023624019441798514
951176034,driven,839068429,817060751,SST,,37,1,0,0.02702702702702703,0.0,5.362868572271953,1.5532502556026029,0.7940703186486017,0.9588140637297203,0.42339689221608445,0.590619765494137,8.970190536338906,75,3.8840579710144927,29,37,22,30,18,27,24,25,24,34,False,0.5354171715136359,0.33980143877048274
951176046,control,839068429,817060751,SST,951176034.0,34,2,0,0.058823529411764705,0.0,,,-0.09062496324886395,-0.10536313842790265,-0.10536313842790265,0.233500837520938,10.638316205426518,75,13.710144927536232,5,0,3,2,1,3,4,3,4,2,False,0.0,-0.07574901279772298
951802055,control_relaxed,756029989,734865738,SST,951802492.0,29,0,0,0.0,0.0,,,0.10231206819311776,0.15360852143922532,0.076663841570064,0.590619765494137,3.184951555572404,45,20.579710144927535,4,3,6,8,7,7,14,9,7,6,False,0.07694467986916131,0.007048736818405484
951802068,control_relaxed,756029989,734865738,SST,951802492.0,29,0,0,0.0,0.0,,,-0.029350592142338493,0.01743807113685871,-0.0527449237819371,0.164824120603015,4.922932734374604,45,6.135265700483092,1,4,2,2,2,1,3,2,0,1,False,0.07018299491879582,-0.008294340091795038
951802492,driven,756029989,734865738,SST,,19,1,0,0.05263157894736842,0.0,9.0,3.4953653080198133,0.32111318358445506,0.6605565917922275,-0.018330224623317393,0.439530988274707,5.725637529979527,45,3.671497584541063,3,3,5,2,4,0,3,1,4,4,False,0.6788868164155448,0.03655778637434269
951802501,control_relaxed,756029989,734865738,SST,951802492.0,19,0,0,0.0,0.0,,,0.022873084640739876,-0.0009592791485103753,0.1420349035869911,0.65929648241206,3.8575098536019063,45,7.777777777777778,4,3,2,2,0,3,1,0,0,1,False,-0.1429941827355015,-0.026360627270069666
951817551,control_relaxed,756029989,734865738,SST,951817953.0,52,1,0,0.019230769230769232,0.0,,,0.025367388323956443,-0.00028083829909733907,0.076663841570064,0.549413735343384,16.115531525860774,45,19.61352657004831,7,7,9,7,9,6,5,7,4,6,False,-0.07694467986916134,0.004295130452755572
951817559,control_relaxed,756029989,734865738,SST,951817953.0,52,1,1,0.019230769230769232,0.019230769230769232,,,-0.1070426556385726,-0.0530405748757154,-0.13404369602000119,0.274706867671692,14.430902327431106,45,29.565217391304348,9,13,6,10,9,12,9,10,12,8,False,0.08100312114428579,0.009053436632476342
951817568,control_relaxed,756029989,734865738,SST,951817953.0,52,1,1,0.019230769230769232,0.019230769230769232,,,0.13132222939976052,0.18096095914834565,0.18096095914834565,0.810385259631491,14.482637581125683,45,14.347826086956522,1,3,10,5,4,5,3,5,4,3,False,0.0,-0.014451641043574975
951817731,driven,756029989,734865738,SST,,45,2,1,0.044444444444444446,0.022222222222222223,8.065872330489643,1.9734449416548663,0.38417831872594965,0.7868309564820596,0.14732382592823795,0.590619765494137,11.395497989569588,45,7.1980676328502415,6,3,2,4,5,1,3,2,5,5,False,0.6395071305538216,0.0254671664386499
951817798,control,756029989,734865738,SST,951817731.0,49,0,1,0.0,0.02040816326530612,,,-0.02751626872868983,-0.07889208216512432,-0.0018283620104725805,0.563149078726968,11.253226041909501,45,19.130434782608695,14,6,10,10,5,4,4,5,5,8,False,-0.07706372015465174,0.018494733409442632
951817953,driven,756029989,734865738,SST,,42,0,0,0.0,0.0,8.713766829926112,4.999999999999999,0.11649693595722273,0.06874001357653206,0.06874001357653206,0.467001675041876,14.934512687614255,45,5.4106280193236715,3,1,3,2,4,2,2,3,1,4,False,0.0,0.013777597712802367
951844858,control,762602078,744915204,SST,951846428.0,53,1,1,0.018867924528301886,0.018867924528301886,,,-0.0782747593785945,-0.0782747593785945,-0.0782747593785945,0.206030150753769,4.25546908343642,45,9.371980676328503,4,5,3,1,2,6,5,0,4,2,False,0.0,-0.001210427147348672
951844886,control,762602078,744915204,SST,951846428.0,54,1,1,0.018518518518518517,0.018518518518518517,,,0.0495459493148402,0.0995698467193223,0.02453400061259915,0.563149078726968,4.8860550993239755,45,15.458937198067634,3,5,9,2,6,5,4,10,6,8,False,0.07503584610672315,0.01421228366033595
951845018,control,762602078,744915204,SST,951846428.0,49,0,2,0.0,0.04081632653061224,,,-0.0013017574991000846,0.021984329884599915,-0.047873932266500094,0.494472361809045,3.1955479077956355,45,5.120772946859904,2,0,2,0,1,2,1,2,4,3,False,0.06985826215110001,-0.0024593480602043355
951846054,control_relaxed,755434585,730760270,VIP,951846590.0,55,1,1,0.01818181818181818,0.01818181818181818,,,0.06042524726094804,0.06042524726094804,-0.0841247146989061,0.631825795644891,3.4655011623238106,45,8.16425120772947,3,4,5,2,4,3,2,3,3,0,False,0.14454996195985415,0.0012998938253013057
951846106,control_relaxed,755434585,730760270,VIP,951846590.0,55,0,0,0.0,0.0,,,-0.04256261320955867,-0.06625721805523047,-0.06625721805523047,0.851591289782245,4.551956390260177,45,8.985507246376812,3,1,4,3,1,7,3,3,3,4,False,0.0,0.0018803222435651288
951846257,control_relaxed,755434585,730760270,VIP,951846590.0,56,0,3,0.0,0.05357142857142857,,,-0.026231874555412822,-0.026231874555412822,-0.026231874555412822,0.590619765494137,6.106460410588772,45,2.898550724637681,0,0,0,1,0,0,1,1,1,0,False,0.0,-0.01436193063941343
951846428,driven,762602078,744915204,SST,,53,1,0,0.018867924528301886,0.0,7.451364854411942,1.328289433770966,0.493611417233666,0.7237880457638178,0.102311148732408,0.315912897822446,4.132350912624832,45,3.429951690821256,5,4,3,3,0,5,1,1,1,8,False,0.6214768970314098,0.042985799724303365
951846590,driven,755434585,730760270,VIP,,46,0,0,0.0,0.0,6.303676631990835,1.678976244640628,0.4280232690579941,0.8570058172644985,0.07053781221924037,1.67571189279732,4.357946528128683,45,8.309178743961352,13,10,8,15,9,17,12,12,8,8,False,0.7864680050452582,0.1972630938030469
951846741,control_relaxed,755434585,730760270,VIP,951846827.0,27,0,0,0.0,0.0,,,-0.001547089229467491,-0.001547089229467491,-0.001547089229467491,0.892797319932998,1.6781853074374227,45,0.24154589371980678,0,0,0,0,0,0,0,0,0,0,False,0.0,-0.001934235374330595
951846827,driven,755434585,730760270,VIP,,19,0,0,0.0,0.0,6.7051363799408525,0.5660040028640307,0.16170085418679994,0.44113390279119996,0.021984329884599915,0.549413735343384,3.037871091208976,45,5.024154589371981,2,1,3,5,1,6,3,5,7,5,False,0.41914957290660004,0.04689575646654424
951854655,control_relaxed,760345702,739783171,PV,951855055.0,49,1,0,0.02040816326530612,0.0,,,-0.02445461179829542,-0.13229193935601075,-0.051413943687724256,0.590619765494137,15.382560722070473,45,22.415458937198068,6,8,10,5,10,7,8,8,12,2,False,-0.08087799566828649,0.005652080402371024
951854667,control_relaxed,760345702,739783171,PV,951855055.0,49,1,0,0.02040816326530612,0.0,,,0.05028181688956773,0.0759498758925524,0.0759498758925524,0.274706867671692,18.548964124684904,45,17.72946859903382,4,11,10,7,4,5,2,5,5,10,False,0.0,0.008946877299778371
951854741,control_relaxed,760345702,739783171,PV,951855055.0,50,0,0,0.0,0.0,,,-0.08066380313761501,-0.08066380313761501,0.002464181719124623,0.604355108877722,16.07452940030329,45,27.14975845410628,6,10,8,10,5,12,9,6,8,6,False,-0.08312798485673963,-0.021685271168126373
951855031,control,760345702,739783171,PV,951855309.0,44,0,0,0.0,0.0,,,0.05056965793216902,0.05056965793216902,0.05056965793216902,0.521943048576214,14.216076139488745,45,10.096618357487923,5,4,5,4,3,2,4,3,2,1,False,0.0,-0.004622235620986325
951855055,driven,760345702,739783171,PV,,44,0,1,0.0,0.022727272727272728,6.731266109391374,2.0004608041862704,0.5174929552872276,0.8190598582327103,0.18576936204719655,0.274706867671692,28.18883151712226,45,41.54589371980676,15,21,19,21,16,12,10,17,14,14,False,0.6332904961855138,0.09837552084707993
951855309,driven,760345702,739783171,PV,,38,0,2,0.0,0.05263157894736842,6.552382326894585,1.5721778339955355,0.3560626335421422,0.3818201282004565,0.3045476442255136,0.302177554438861,16.42455561254022,45,21.932367149758456,12,9,8,13,9,6,9,12,10,10,False,0.07727248397494291,0.0677529925596424
951855999,control,762602078,744915204,SST,951856247.0,48,0,0,0.0,0.0,,,-0.029555337542743917,0.06621725199611597,-0.07744163231217387,0.467001675041876,4.961820127515722,45,9.130434782608695,7,2,1,3,0,3,4,4,3,3,False,0.14365888430828982,-0.0040588215694270765
951856202,control,762602078,744915204,SST,951856247.0,48,0,0,0.0,0.0,,,-0.020884046590802098,-0.09380433563300225,0.052036242451398054,0.576884422110553,6.975907126946312,45,10.144927536231885,2,2,4,2,4,5,3,4,2,6,False,-0.14584057808440032,-0.0026004731666412844
951856247,driven,762602078,744915204,SST,,47,0,0,0.0,0.0,7.180889751178829,1.0060392252367905,0.31152736213219284,0.5726721558061887,0.0741230042467421,0.412060301507538,6.604974176424221,45,7.632850241545894,6,4,9,5,2,3,5,3,7,9,False,0.49854915155944657,0.06222806588788989
951856423,control,762602078,744915204,SST,951856247.0,42,3,2,0.07142857142857142,0.047619047619047616,,,0.00033674316689432776,-0.02404528748757167,0.04910080447582631,0.260971524288107,6.387938939416615,45,9.516908212560386,5,4,4,3,4,3,8,4,4,2,False,-0.07314609196339797,0.01921024658072513
951875119,control_relaxed,751348571,732548380,VIP,951875895.0,51,2,1,0.0392156862745098,0.0196078431372549,,,0.029126815135570076,0.08022540381264534,0.003577520797032443,0.247236180904523,11.03108215045697,45,18.21256038647343,1,8,8,7,11,9,6,7,6,7,False,0.0766478830156129,0.023104748336838652
951875895,driven,751348571,732548380,VIP,,43,0,0,0.0,0.0,6.999679614173034,1.554552349838533,0.3403234008077814,0.6194173466198738,0.010485101211672058,0.32964824120603,12.100561974951662,45,12.270531400966185,4,6,5,8,8,2,10,6,10,9,False,0.6089322454082018,0.06355334700096751
951889393,control,762120172,745276236,VIP,951889441.0,37,0,0,0.0,0.0,,,0.00866525479320497,-0.062144369864423246,0.00866525479320497,0.398324958123953,5.065207719093342,45,6.3768115942028984,1,5,7,3,4,3,3,1,6,2,False,-0.07080962465762822,0.029510377895978497
951889441,driven,762120172,745276236,VIP,,32,1,0,0.03125,0.0,8.86824092766882,0.32216603571365543,0.25344710849110075,0.3497765138470878,0.060788297779126754,0.425795644891122,4.917623760933409,45,8.792270531400966,4,6,4,2,2,3,2,6,2,3,False,0.28898821606796105,0.008190432381379757
951909036,control,758798717,735109609,SST,951909078.0,64,2,1,0.03125,0.015625,,,0.0321239130716393,0.08306475975207935,-0.06975778028924078,0.590619765494137,9.738487818793413,45,16.231884057971016,6,6,4,2,7,7,4,4,8,4,False,0.15282254004132012,-0.007084471958904102
951909044,control,758798717,735109609,SST,951909078.0,63,1,3,0.015873015873015872,0.047619047619047616,,,0.027353650095058926,0.051669808842682456,-0.0942271436430587,0.590619765494137,8.780564014919403,45,11.449275362318842,4,4,6,2,2,4,7,5,2,2,False,0.14589695248574117,-0.003375654214868669
951909050,control,758798717,735109609,SST,951909078.0,65,1,0,0.015384615384615385,0.0,,,0.07169073285507668,-0.02602603210754683,0.12054911533638844,0.631825795644891,11.209729441621006,45,12.898550724637682,4,5,4,6,2,5,4,6,2,2,False,-0.14657514744393527,-0.010149139406786443
951909078,driven,758798717,735109609,SST,,60,3,0,0.05,0.0,7.858254975520462,2.1273860703003677,0.49622135958545466,0.8560632455958442,0.20834785077714305,0.384589614740369,10.548479085866626,45,9.468599033816426,5,6,7,5,6,4,11,2,10,4,False,0.6477153948187012,0.06513397746787977
951909504,control_relaxed,758798717,735109609,SST,951909525.0,20,2,0,0.1,0.0,,,-0.07524799744622362,-0.07524799744622362,0.007463386972716671,0.164824120603015,27.51949371753832,45,27.584541062801932,8,11,3,12,5,9,7,7,11,9,False,-0.0827113844189403,-0.019703280909339285
951909525,driven,758798717,735109609,SST,,16,0,0,0.0,0.0,0.0,1.698108188659924,0.28761733449144156,0.46571300086858114,0.28761733449144156,0.412060301507538,38.96526851842617,45,39.08212560386474,10,9,12,9,9,17,10,15,15,19,False,0.17809566637713958,0.01268426353583244
