specimen_id,cre,group,stim,n_units,t-97.5,t-92.5,t-87.5,t-82.5,t-77.5,t-72.5,t-67.5,t-62.5,t-57.5,t-52.5,t-47.5,t-42.5,t-37.5,t-32.5,t-27.5,t-22.5,t-17.5,t-12.5,t-7.5,t-2.5,t2.5,t7.5,t12.5,t17.5,t22.5,t27.5,t32.5,t37.5,t42.5,t47.5,t52.5,t57.5,t62.5,t67.5,t72.5,t77.5,t82.5,t87.5,t92.5,t97.5,t102.5,t107.5,t112.5,t117.5,t122.5,t127.5,t132.5,t137.5,t142.5,t147.5,t152.5,t157.5,t162.5,t167.5,t172.5,t177.5,t182.5,t187.5,t192.5,t197.5,t202.5,t207.5,t212.5,t217.5,t222.5,t227.5,t232.5,t237.5,t242.5,t247.5,t252.5,t257.5,t262.5,t267.5,t272.5,t277.5,t282.5,t287.5,t292.5,t297.5,t302.5,t307.5,t312.5,t317.5,t322.5,t327.5,t332.5,t337.5,t342.5,t347.5,t352.5,t357.5,t362.5,t367.5,t372.5,t377.5,t382.5,t387.5,t392.5,t397.5
699733581,SST,LGd,opto,29,1.044840130644369,1.1811857455131227,0.9867294462348002,1.0592854146340949,0.8728707751959344,1.1670489155478347,1.1335073666767341,1.029364804066669,0.991107404623197,0.9482924600788749,0.9142413250112744,0.9948412534166731,1.070284488778514,1.043421571420838,0.949126772246399,0.9628793344499907,1.1258852552959424,1.242060494913715,1.089006206901598,0.8043905211098822,0.7733361954590391,0.9889425759021379,0.6625014746111432,0.8113276299243374,0.5275230896715926,0.4801061632938405,0.4062314007690357,0.3700324767246018,0.5310331900424881,0.5259529721199923,0.4744504527110804,0.48235017024690846,0.46026143945240283,0.5228749452703225,0.4292177155166109,0.4081479272440932,0.49295270490031656,0.7122881921970388,0.5755742265499929,0.49899695615160766,0.5427633811414606,0.6081863632716844,0.6288120730499469,0.7957993391118374,0.6901889845780819,0.820706042926134,0.8844107852855047,0.9842415826253156,0.8216932838296345,0.9438552976569512,1.068646330882206,1.1058040170751589,1.1060376369764724,0.9158302536173472,0.8914196192165403,1.1409019755595984,1.1843316092371077,0.9727009782700573,0.8482247630514423,0.625329478260491,1.0173941339126586,0.8280250504097534,0.9750010503552716,0.7908987695819079,0.9574496317718896,1.0280806141158776,0.7044751364744631,0.6781768505004858,0.8447567092113755,0.8112201096930238,0.6417140349599791,1.1079105255223956,0.963406727482384,0.7586875834086394,0.964378961804831,0.8886950232018181,0.7676902155439354,0.8169922261922633,0.9233644396047679,0.7503132233775219,0.7702828209999892,0.7979925094226986,1.120193280432932,0.9089706275195085,1.0609721279310798,1.0001522827606544,1.04394150670021,0.9782635579590073,1.1286078916128761,1.056328524333758,1.126842529116236,1.1900883611730673,1.0138894771462819,1.0356917454117447,0.9746310432548193,0.9108563110767695,0.9560465159341894,1.087510062077855,1.0330862161749033,0.9042402442555268
699733581,SST,LGd,flash,24,1.0670835202448712,0.9402042680209765,1.117706178077799,1.1856330811310138,0.9081703221587502,1.052469659332096,0.9785923900640565,1.1280004279958828,1.05410515812978,0.835774625914904,1.1403520034561914,1.028081833643866,1.1143761249392126,0.9504530421807336,1.2462708661305615,0.8940010696012597,1.0712596181806073,1.0389337677482555,1.1164919220846417,1.0094276825112087,0.9865316332372914,1.0369251122258871,1.0165411252569478,1.1342728438072212,1.1562500374528595,1.181640412618158,1.3530715717684672,3.3615917226590906,2.548404550492933,1.3924405857235334,0.9252043264474388,0.7382363040169863,0.37009477216435244,0.7932970063927373,0.9008371159720671,0.7909549213278738,0.5602618628690762,0.4416840249766761,0.39554567050824735,0.3948167548619807,0.3865526192753265,0.3795850263664968,0.26897124329405997,0.3471279479307148,0.39615510784228736,0.4837529048079347,0.5761491915421008,0.4091559777161684,0.4374117060928233,0.33815519187207577,0.3706231822826774,0.32786444071607596,0.3644804728146463,0.43251198178365174,0.47671345789202274,0.5901749959298884,0.4542954508737642,0.6390232772049144,0.643260575609579,0.7716377680579236,0.7264886690827,0.6430781242364221,0.8268154991268687,0.8748763524875279,0.6758751460771345,0.7144063433557263,0.7516880418565961,0.7616523278892556,0.6508045476709411,0.6755671166741495,0.7641864127622081,0.7789980370449715,0.764099828227896,0.7662960074487287,0.8045301897926507,0.7715327359382309,1.4901179342972333,2.162171465526898,2.111842275908429,0.9869780844029062,0.7824891948275483,0.5972610474706351,0.39034673297883554,0.5318417063365354,0.5315545967795716,0.5091285904264657,0.7541543108085201,1.3885594804310843,1.2529291662916242,0.6260763217795619,0.5454537102235223,0.538285596057583,0.5791188103003643,0.4859956716750196,0.521188776912341,0.5364774228157604,0.42844116902067114,0.4553232319440042,0.458969220643465,0.4550480405633779
699733581,SST,LP,opto,83,0.9868815163929434,0.981968557626411,0.8659872249663073,0.9660369901574706,0.9626105363735248,0.9719623015207304,1.0108379496583768,1.0141917167043857,0.9398329353856111,1.0435494141818957,1.1224152233447058,1.0759860647068868,1.0915222206820834,1.0716805133474567,1.131215311256563,1.0349625970436533,0.9983353221598155,0.9445101046835946,0.9915717492870395,0.8549797340870685,0.9262760517273332,0.9061480011487996,0.8588041223709457,0.6595969340905025,0.47422325052914277,0.22061143707068542,0.2097561240767957,0.23044521236476237,0.1784633008813876,0.18901396251724578,0.23566100878751722,0.2613461155662764,0.3111479540301366,0.4280802432468028,0.4048735405493424,0.48457317034842856,0.3776714781962765,0.45609021454195103,0.42774269082479843,0.5738841701026103,0.6019495415661356,0.6567113883189728,0.6819306450641865,0.6311998020950309,0.7843286806311082,0.7685416125700345,0.8775262919515932,1.0275180069145662,1.0394273199167086,0.9741725387363048,1.01510866132421,1.0332566307601885,1.0039402947628924,0.9390637820177523,0.9458290104793804,0.8854112059738557,0.8073527606426808,0.7215844632748257,0.7412670752364137,0.7422049920149296,0.6945146566016159,0.6703381399636655,0.7156439650382121,0.6763181747881064,0.6837149052053956,0.7575522696858719,0.6903758086976532,0.7549620016712942,0.6879829762666493,0.7378147050293711,0.7109110201312725,0.7277635847798484,0.7473067640517275,0.73281144388489,0.6986539882426648,0.7880685293802839,0.8264149863179099,0.9202950659206911,0.7644569285875856,0.7558230550372407,0.9160915625427899,0.8206495465637255,0.9155791975129091,0.7492439317376163,0.8391946239003817,0.9311043719210514,0.9234619479111612,0.9348553114275009,0.8566556860715426,0.913460380012831,0.9916818705339928,0.9184441199461743,0.9573422856755677,0.8973009184130945,0.9140006935281896,0.9227529150617784,1.0419886633966091,1.0041257734139788,0.9516667467145135,0.8877960650645198
699733581,SST,LP,flash,42,0.9504481858666975,0.8083780507455218,1.0098765028586167,1.0391139318536209,1.1448662034018335,1.026774779124404,1.1293391927881753,0.9418636417621987,1.0483140012062837,1.0457955874075322,1.0045889699450419,1.072185853280496,0.9963042504848164,0.9911611005935612,1.0819066321918926,1.0317158835615696,1.034193483811049,1.097817012987458,0.9533398845578321,1.0992394569250261,0.9480786232253701,0.8701732800249861,0.929259374809682,0.9391195423553702,0.9785874901970258,0.9593159004266975,0.8888497913496448,1.037345299941286,1.0614576194906538,1.1005329690902603,1.2262203653221613,0.8602193731242639,0.7741479414349828,0.778693292039318,0.7646716034147357,0.6836552992657217,0.5944067319001851,0.5751159864408445,0.51693957648527,0.4264313450880846,0.4559017618105676,0.35890628928308377,0.36432751471529407,0.39427160707113534,0.4257018709852438,0.3795042325379091,0.3227155159930654,0.2875076913857942,0.3536250524952702,0.35797254351904984,0.2735843061467331,0.24303146875264894,0.3686157557825458,0.36504432231569023,0.3317360131557236,0.33442697687067746,0.3922266020715942,0.42362423716504666,0.3945921960668501,0.4073015362799974,0.6280568538478793,0.6361577854118774,0.5416655738107333,0.7097214787282898,0.7852226221700205,0.7842354448425143,0.8911626143864216,0.9638239801802522,0.9037897505271539,1.0305670633940198,0.8741299375924664,1.0048606836898422,1.0357710134946854,0.9523779294809933,1.1587384793469337,0.959517493402342,1.0510809522358706,1.080486090294373,1.122010346197042,1.1407749605878235,1.3497520990873435,1.2782073707486568,1.2121807245905873,1.0882098507471891,1.043424282025931,0.9870789038610671,0.8742004843465766,1.011523532997622,1.3234379824789835,1.1414630191350046,0.9981877497484957,0.8037253600556384,0.7173037192428048,0.6727976841447822,0.5185766109667991,0.5182699117224626,0.4397462444657923,0.45936495577010417,0.3500916737117793,0.4023844059490519
699733581,SST,hippocampal formation,opto,4,0.8420926806265678,2.2070767547219194,0.9292783315141419,0.2977346278317152,0.9110782380013149,0.5571513375844965,0.7060186515003541,0.5826966163037858,0.3593956454299994,0.64435763390207,0.3593956454299994,1.0599455519171725,1.2759219830144959,0.42105666302828365,1.283246522790959,0.508262959345857,0.5826966163037858,1.9710237899184877,0.27218934911242604,0.1488673139158576,0.6315849945424253,0.13609467455621302,0.4827176806265678,0.7059980060703548,0.42105666302828365,0.5826966163037858,0.21052833151414183,0.6188123551827809,0.9982845343188884,0.508262959345857,0.5699033315141419,0.6932460121407097,0.28496198847207066,0.4338086569579288,0.2233009708737864,0.3593956454299994,0.28496198847207066,0.28496198847207066,0.42105666302828365,0.2233009708737864,0.42105666302828365,0.8059769417475728,0.1488673139158576,0.42105666302828365,0.5826759708737864,0.28496198847207066,0.4338293023879283,0.1488673139158576,0.3593956454299994,0.13609467455621302,0.21052833151414183,0.28496198847207066,0.34662300607035484,0.3593956454299994,0.6315849945424253,0.28496198847207066,0.1488673139158576,0.3593956454299994,0.2233009708737864,0.508262959345857,1.2088128658330302,0.9366235167206042,0.9366235167206042,0.21052833151414183,0.7133225458468178,0.8548653199862124,0.1488673139158576,1.1343792088751012,0.9982845343188884,0.2233009708737864,1.4065685579875273,1.00373263390207,0.9982845343188884,0.6315849945424253,1.1960402264733854,1.147151848234746,0.8548653199862124,0.6443369884720707,0.4338293023879283,0.6188123551827809,0.508262959345857,0.508262959345857,0.42105666302828365,0.7060186515003541,0.508262959345857,0.1488673139158576,0.4466019417475728,1.2088128658330302,1.2832258773609597,0.28496198847207066,0.2977346278317152,0.5826759708737864,0.2977346278317152,0.5571513375844965,0.2977346278317152,0.4338293023879283,0.0744336569579288,0.4954903199862124,0.5699033315141419,0.21052833151414183
699733581,SST,hippocampal formation,flash,3,0.6685163659797083,0.7775192714533509,1.0153465171093405,0.9062365728911862,1.1308739692547032,0.6902741315766322,0.9377980170979502,1.0544541928041902,1.3140392040571036,0.9934817127679049,0.7807984033914713,0.660863095747111,1.1330243776319462,1.5506306874077038,1.2617416790697813,0.8953041707204683,0.950987866390423,0.6368478830284324,0.8528103243429864,0.9051078493303087,0.9084940200129411,0.9269726536717443,1.0371042827062642,0.8975616178422232,0.768844316404388,0.8887796240487486,0.8418779221722685,1.0371042827062642,1.2060579833998266,0.6575839638089905,0.961813229816629,0.9585340978785085,1.0469079613161048,0.8211418413917103,0.9302517856098648,0.8287951116243076,0.9291230620489873,0.9281013772326219,0.6673876424188309,0.9389267406588276,0.7873229500631913,0.5724892323095148,1.1003342098643045,0.7633077373445126,0.7633077373445126,0.6237650724804714,0.6477802851991501,0.5169125753840719,0.3249653467881966,0.7132676594789452,0.4863728159936734,0.9084940200129411,0.8222705649525878,0.6379766065893099,0.4329465674454736,0.6925315786983871,0.6379766065893099,0.28134277684983716,0.3457014275687548,0.22791652830163742,0.2824715004107146,0.4984339417252686,0.737175833453112,0.4863728159936734,0.9444633197187032,0.847414501232144,0.5442069200408711,0.834331690684183,0.8670218584518247,1.1560179055342592,0.8080590308437495,0.8964328942813458,1.0469079613161048,0.8004057606111522,0.7797767185751058,0.8222705649525878,1.3610479446780952,0.8626140029528268,0.9717239471709812,0.8856075308551398,0.7361541486367464,1.0055428384995002,1.2334593668011378,1.5409340475423754,1.2530667240208184,0.9727456319873468,1.1887080733019009,0.9062365728911862,0.9836780341580645,0.768844316404388,0.94231291134146,0.6827279000885467,0.9084940200129411,0.4536826482260318,0.5409277881027507,0.6412557385274303,0.5626855536996743,0.9607915450002634,1.2105728776433364,0.6150901174315085
699733581,SST,other / unassigned,opto,10,0.5192369959334289,0.7204492757931341,0.8737950390034379,0.9300050178622209,1.2762642004113691,0.9224087021345829,1.4012425034166396,1.315854331379899,1.3232719005033653,1.1204224437982302,0.7415984478610926,0.8223762603258736,1.0121311247337685,0.6236454275716217,0.8741223089672896,0.9091595050383952,1.0782553591247845,0.8730306812685278,0.6424242043994062,0.7744762935694517,0.9273213619916177,0.499835874372285,0.656208084937825,0.7503512903239695,0.827032896693688,0.4795793897783242,0.7686765717060196,0.8706606691162898,0.5131039961334439,0.9751339184789203,0.6629779418705513,0.4699000266136849,0.41698006214221134,0.6985639552776135,0.44151643189707535,0.5587040457295919,0.6444358200264768,0.8288374452082288,0.2578837187804651,0.8138964174829372,0.5707236248090221,0.6655597800961909,0.6813481716364048,0.6863451105181031,0.5079182635089202,0.7470582630774273,0.47670387778233325,0.33114653685381323,0.6006238458801088,0.8696762104547228,0.7793985255515348,0.5046704456564909,0.6140978901170543,0.7979535622088696,0.6304840264381013,0.8494861803776461,0.4507652762257541,0.4329859043111582,0.6090364948088605,0.4733497611246495,0.7684499616853279,0.9779420506097838,0.5421169119335884,0.7929939764691573,0.5577679678572667,0.8415857344797228,0.6371319225408703,1.0175204926810273,0.6189604492244731,0.9084454679020443,1.0510347205085222,0.7084787717722434,0.8437684367275144,0.6992541159919837,0.46655548208104936,0.7758950822523064,1.1172933368494533,0.6007052120476913,0.47251356572472253,0.6624159196919305,0.7629614998568672,0.8994041849948416,0.9240500716604764,0.5844153214923979,0.8061322407337409,0.6467712317979216,1.0168777973407557,0.9296192710955953,0.8594041187440753,0.6035371193782407,0.7726231558994022,0.7265197830071861,0.766563704352152,0.8277951588635188,0.8549383284135089,0.9313099869641187,0.6937505076541959,0.6758076602274513,0.8308356741291456,1.0824156466348889
699733581,SST,other / unassigned,flash,29,1.2661902180537754,0.984736988972281,1.057177931377556,0.956248480439324,0.7691611192705068,0.9783876450307752,0.9233754338643785,0.9985206538280941,1.0695344633939636,1.1809576404213242,0.8877693618438891,0.8746748629424359,0.8006135008747068,0.794189715917872,0.922068735387769,1.0246808027416867,0.7522143208043818,0.8876508172559112,0.7970274661888314,0.8682309394024647,1.0687364956849092,0.8284407706701254,1.1301499323574125,0.9218735125703177,0.8523751184472516,1.0478082677563125,0.7743125746531128,0.6931492348721909,0.9167541606518984,0.80671392048536,0.8533653886286321,0.8094458956611092,0.8797258091168345,0.7036046724597008,0.7459378374517144,0.656509943745385,0.5338150803254403,0.4421409282639283,0.42841251150616994,0.5005843868847719,0.4709358897770988,0.50501206394297,0.3576072819171377,0.42033950250398466,0.4935196781540945,0.4828432382281973,0.482647940910515,0.4282257773443035,0.3610832838160443,0.38174215149065704,0.3966594082028784,0.474238265868514,0.3673649820920277,0.47586604822316386,0.4436684250610939,0.4548515370230789,0.6580593195200798,0.4570660538677939,0.5633996662569882,0.5811931226091189,0.6969947081982152,0.6031246095477049,0.5615538302232701,0.5616978076251099,0.8458360966058849,0.7505197487630649,0.8384027016079683,0.8740593024208029,0.8039426708528469,0.9299658374941834,1.049257522711569,1.0360596688489658,1.0061169918840094,0.980594903307518,1.0040359790222357,1.0691575271722766,1.1497449025350712,1.2829164098152819,1.109679926799194,1.1254758483299525,0.9733164273303009,1.057295330446803,0.9892142480142986,0.9467190650208284,0.9265930847520077,0.8671527254798213,0.7407485061916387,0.7183479741605286,0.7158005627765924,0.7025437960591497,0.6689859412937874,0.6907051910098795,0.5545674770629488,0.617297245548964,0.599446858634452,0.6617286596603221,0.6757254546062392,0.5810676404063962,0.6751026457945891,0.6497386759011794
699733581,SST,thalamus,opto,4,1.0267036511918126,1.1647701461128857,1.0494498436251718,0.9684305278552341,1.1713558049248947,1.96268359915819,0.37585760789672834,0.978618374757297,1.4001036254422772,0.9065552164286015,1.43435648925555,1.605399401141171,1.265639318611258,0.6688512384699767,0.8261488727513855,0.9119573086842931,1.0891047996941363,1.3676954231825462,0.8699318539860952,1.1251151900439211,0.8885947786416135,1.2758271655133209,0.5121665762812896,0.7973428585817086,0.16089982237146266,0.3638250994411233,0.21311312397172355,0.3860454547987912,0.6166379368697158,0.32179964474292533,0.7229092016237797,0.4701411215830916,1.1815436518269575,0.472511620212325,0.6010032403240568,0.7954981970281663,0.7636605892320314,0.769720410968349,0.7348545750623544,0.32179964474292533,0.6712217370992101,0.9582426809531712,0.9785736173693924,1.0164286692727194,1.2463152989585147,0.5223544231833526,0.9299625038591854,0.716849379887462,0.9018142191701346,0.7936535354746241,0.9726456880380097,1.1274856886731544,0.8075307054837715,0.8939521135094008,1.550815600911677,0.6670065769164346,0.747500055610681,1.1629254845593437,1.0452346834423962,0.9840204670129886,0.4881015593700795,0.7600584011419773,1.271086168254854,1.0128264811826655,1.12458935296823,1.2998921824245309,0.3116117978408624,0.9606131795824046,1.0284611777283243,1.2758271655133209,1.21935394634238,1.1515507055843646,0.42991557105053135,1.0566965974344058,0.6850541497204529,0.9180171304206108,1.0428641848131628,1.233231116351527,0.8855665505317541,1.3827561597480107,0.9689563649309254,1.319697281765061,0.9708010264844673,1.1815436518269575,0.6544482313851383,1.054896693268768,0.544530021153116,0.8158738908322922,0.8261488727513855,1.370591758887471,1.172587494385715,1.0128264811826655,1.1269598515974633,0.8015580187644841,0.6369688732859371,1.247021151343644,1.3178526202115188,0.7517152157934567,1.0506815330859922,0.9809888733865302
699733581,SST,thalamus,flash,7,0.9365811429985816,1.1081284265806144,0.9950090591904474,1.0514431106162068,0.6857968891799048,0.8469662048630401,0.8277219255332654,0.8736411536204474,0.9513974969145634,1.1343861987372759,1.0750018690993812,0.8784979350816078,0.848023615494218,0.8255901455329626,0.8632928727234911,1.0273376480987648,0.9757204293996019,0.7920400883692099,0.8797280052329779,1.0288564893016379,0.910067181300387,0.9964546571255254,0.7757010397452513,1.0506804095247897,0.7437471126332138,0.8345149337709035,0.8814293050221439,0.8429819238099362,0.9033158611401111,0.8355833594422724,0.8323618311544623,0.6991181210995338,0.484294900342909,0.72552043184336,0.8551700648865196,0.6892804545810034,0.6824116694504593,0.6879721142653062,0.8050189112832781,0.6469685057835938,0.6235244973800512,0.7531502915719965,0.6983110856288792,0.7398001448021365,0.7309961579997665,0.6247334560262846,0.819521159700454,0.572557361800053,0.7828180182881402,0.7086977179678016,0.7972248681357155,0.6607638731934232,0.6159526273057413,0.6601550310087821,0.7855016760068999,1.0413584233475295,0.6843374369287372,0.8113076558444998,0.825300564502257,0.7858886733686082,1.0434305657956977,0.8030298670432702,0.7260254254787449,0.6605694592470225,0.8910543345515054,0.6079429491012318,0.790518305721889,0.9706897080284846,0.8621483410727331,0.917252189181367,1.1317189725725685,1.032952335885351,0.6892718642203615,0.8045321683917731,0.8694690427343955,0.9558196987715196,0.8830598080725434,0.8192118542663561,0.8549916979815315,0.7471411544834996,0.8444385766457757,0.8671855793566312,0.7679685608006955,0.8279440764759143,0.7039616255403506,0.8237292409617744,0.8220551059809106,0.7429947187505119,0.8580144217436719,0.995461565941682,1.14061579168372,0.9326798450815404,0.8142831728499782,0.6720425301922248,0.8694759280571603,0.7765290463400557,0.6834724970361031,0.8561717352806565,0.7891276437053649,0.7765721562961229
699733581,SST,visual cortex,opto,91,1.0540958178700202,0.9862237318507,1.1425030483097884,0.8793428041555192,0.9457477449427125,1.0104323949006095,1.0271367894926289,0.9621596376790147,1.0608676768409329,1.0853432491531942,1.0694036390092738,1.186552952518301,1.1831828851685753,0.9658920012433788,1.0445152751584188,0.9732124095730005,0.9715042868898713,1.0529389797901325,1.0113101769220192,0.7793734181634138,1.0024967996776,0.6983203512368892,0.3159318208611744,0.16738271277821265,0.09242241597503996,0.09114684638710922,0.08345957484483352,0.09274971722845625,0.12792631037506036,0.09431578411359645,0.17116802057343858,0.21814186376991676,0.1536851620834053,0.22424543370223302,0.2527664698808887,0.33339264103738464,0.34675941166545854,0.36634413153830453,0.40491316418843254,0.4129140373932844,0.46537469242068047,0.5286138101358457,0.5431031970222114,0.6851701728435973,0.6963507860931122,0.7262828138866142,0.9192133214351058,0.8535264235094099,0.898370258892351,0.9607014075385508,1.0460909593426064,1.065574067359249,1.4165366065429705,1.242437077050398,1.455647905117816,1.2383535568676232,1.0403051925332907,1.2077642592898221,1.116183236559053,1.008013091354444,0.9147069614337646,1.0779632249867759,0.8611846795652979,0.8597938724044589,0.8298907855404284,0.7934671512701321,0.770575716972012,0.9066181637193672,0.7757521489140051,0.7786444161569192,0.8160566771291333,0.901495024377271,0.8037121308525748,0.874735612566591,0.8032609700661888,0.8538738715977826,0.8105047466287658,0.8029937310427925,0.8184590109244932,0.8136511463659674,0.7326998412377309,0.884573588743188,0.9596314759511376,0.9138709345916752,0.91412888425746,0.7963519657635019,1.0380378669423875,1.0369203043567004,1.0630220018581316,0.9987323579442011,0.9982242860925077,0.9186655402891964,0.9529760518121125,0.9708767884791505,0.9757202838761142,0.8953408074056582,0.9331107881127493,1.11342253059094,0.9895552387729063,1.0328595975900188
699733581,SST,visual cortex,flash,38,1.114950862286794,1.0779071780320948,0.9429670443710365,0.9568217742240441,0.9431805368598599,0.97786093977939,1.0568176341998599,1.0252283412321712,1.0781298925406049,1.0105196911858678,1.020603280456904,0.9287972010207145,1.053071279021349,0.9529387128328575,1.24050197251222,0.9497452530575509,1.0222643204264226,1.2269190542740225,0.9733215627337767,1.2317973419059098,1.21249760402269,0.9014164441444688,1.162700790045377,0.8311026349632458,0.9925665616865149,1.039311933828967,1.3401136158854488,0.8238674924191194,1.168059123491053,1.0261773313403229,0.7783238253307544,0.7878339503205796,0.5324303618501564,0.5583172446270708,0.3888891097610049,0.35299935160800117,0.290158526387568,0.2614918990086075,0.3538875632183941,0.38781147186033377,0.3822145394718712,0.2596456660883837,0.3600919744250247,0.254809759898583,0.29442269293694867,0.27818869560501597,0.28823708382549457,0.3340597783772659,0.4363262349820756,0.33679969649505365,0.3774587703054138,0.31843123113744004,0.2843329318458299,0.44259474811916005,0.4564710274566165,0.4998144841462185,0.40384635502282396,0.47264358600408696,0.45477043516193194,0.43567223762858936,0.7254266913452989,0.7365872734445577,0.8072528620203274,0.5488036761015787,0.6496119971269679,0.8722216825944719,0.9167708418413617,0.5683573073805173,0.6503033113779815,0.7831550086866508,0.9264101668423459,0.8901072796561939,0.861397309701308,1.0903197992566462,0.6248075524103913,0.8709196192108366,0.7681035193106034,0.8480783616741301,0.7345107481808637,0.9270624354534813,0.5514454525811029,0.792399685673512,0.6071708504502432,0.7850667899452832,0.6879013734831504,0.4754923526389197,0.5314105662590248,0.49453303623133765,0.3616981003676329,0.5297704101466032,0.3984341352774478,0.4908961956214354,0.6413006443347087,0.8361647961594231,0.626545161119939,0.635823204775168,0.5051784668269215,0.6220002691935256,0.6692710575315266,0.5677347507790881
703279284,SST,LGd,opto,36,0.9650003669435934,1.1019970682882128,1.1281964475588502,1.1129781237317964,1.1497353619505686,1.0622712528890474,0.9967192992031203,1.216135126869985,0.9436561534698737,0.9087185754736554,0.9519570283963181,0.9037889526983496,0.9540148373871296,0.9078200666997085,0.9672658596804702,0.9610143584202943,1.032772946842699,0.9260033988924994,0.9268458509693597,0.7812342736598845,0.6547430055859693,0.7688735558836807,0.7497143989286564,0.9839643590395765,0.5710411245934318,0.4399304960904199,0.3039607216066675,0.35673037699789684,0.2539416564404903,0.3473434063990355,0.35034418967967107,0.2519782353197725,0.3976021414325497,0.3338388646115347,0.3709623521463892,0.541986265713523,0.4491842819080662,0.5461003696857778,0.4969849710846177,0.35956023339036186,0.5498738959855296,0.6148226867868266,0.6405009019505438,0.7487819234939751,0.6569666437745181,0.8855513012148761,0.7371357741799641,1.0393566223731048,1.0970956760652943,1.0674318691004347,1.0249754234559052,1.1340060007241803,1.117738432510552,0.9091065012230791,0.9220569907601318,0.8188450144432664,0.9741083887236576,0.9857011100780506,0.8115552321173553,0.6989850568291132,0.8267398956965889,0.7485563369644528,0.8717056762943284,0.9206799476484606,0.8906188225929815,0.893979398675748,0.9626979619579858,0.9309806519734312,0.8783447032872722,0.9101024575828094,0.7630833380274985,0.8665966475521484,0.8461659593457043,0.7905203238667818,0.7893761832631528,0.9649374511512256,1.0495355476383843,0.8843949529642372,0.9970199869387658,0.9811991629378674,0.9258027423261969,0.9539713253594194,0.8491904686326681,0.9336301982760585,0.9336019613988795,0.9420652473164003,0.9346741957762293,0.754917044424231,0.9076386333899994,0.9113952260225096,1.1564925328488482,0.9834754717100057,0.9972391153536974,0.921813481787029,0.8750905979708887,1.0512434426444381,0.8978907141379739,1.0112385517807436,1.1102880382539073,0.6402462992442511
703279284,SST,LGd,flash,28,0.996766925714595,1.0935394644456997,1.038852426101149,1.1245838281116813,0.9712428372949121,0.9873069662289955,1.086997315712409,0.9343858612964956,1.0204002017169942,1.0678070440628356,1.0141178295368019,0.997734205697253,0.9841338788628254,1.0293988743167213,1.0750293990416717,1.1381880162991826,0.8874709492844374,0.9171358757608468,0.9671714245385504,1.0852596052532475,0.902744021872614,0.9092137332828008,1.0588746760605376,1.0852578245522422,0.9001560993907571,0.9189675069005926,0.8573792361666489,1.123214016425347,1.271823123837177,0.9452483716917336,0.7721254397256668,0.8117517546238325,0.5207869239885677,0.4659360529264497,0.715307589855709,0.6994853943024533,0.6413156743944596,0.5950030094343243,0.5669984840913058,0.4800863132687116,0.45542380639535357,0.5154133952392476,0.5246076590507632,0.5011733737667357,0.46296491918630217,0.3044873571757018,0.31884966534583276,0.33995614188551865,0.523778852416132,0.49706820139701424,0.5044902593091521,0.5997767272253277,0.6038712200025987,0.7147059310441687,0.7412440052206458,0.8337574902703214,0.819573677144369,0.7514568348981564,0.6622614859605555,0.8111536841147616,0.7554344494671809,0.8132116400035035,0.8354002228510737,0.8131614511447742,0.7267839832212533,0.801115028661302,0.6908470908416829,0.7576908962461609,0.8598638040152219,0.8500304139935595,0.832325481537663,0.8246455361705076,0.7957646879724891,0.7435092020264699,0.8078285268145969,0.816575037052831,0.924992576123674,1.0995429741434513,1.5190449897475602,1.0455633465015477,0.5767578861751985,0.7097031325194545,0.8076318998533157,0.6981076567311625,0.8298716507224592,0.6480386677048209,0.6923145591132975,0.6348076018210261,0.6319964897415098,0.5978746350277763,0.411060700534836,0.3937108914769887,0.4635154131364145,0.45508927927114934,0.4787207767420412,0.36704421928856695,0.42514693775500867,0.4138463849209891,0.3416712866226826,0.39977423160187564
703279284,SST,LP,flash,10,1.1413919356571165,1.1114517730620874,0.8441917566699104,0.9303688973764241,1.1600580649702776,0.6718801322682209,1.0030067044037796,1.0952185139723252,0.8908999819936877,0.9660842689086738,1.183536543994841,1.3091346652596432,1.0576786305747043,1.4685982646678049,0.8074436915496139,1.2336901908989772,0.8665984140255395,0.9029746628164579,0.8135236798373565,0.5731264643308058,0.9274357062294103,1.0544468597770125,0.8155591850521118,0.9317077569125635,1.0520700628134088,0.7068692692834408,1.1406123132688257,0.890205978558703,0.6500806318891195,0.7576754337037941,1.218471654044397,0.898014072544294,1.040497478372386,0.6560504605247743,0.5314990170880322,0.6500609750117081,0.6391255127290094,1.08985726145908,0.5116877056958196,0.9668573791046697,1.0251645126903863,0.37547931162610004,0.19755920973808858,0.20002345363135648,0.3769241708565898,0.22628547286212566,0.23227978507272237,0.25050249464174723,0.42729636534581933,0.2423757989806267,0.26614359827933,0.29644412657375285,0.5285356017338094,0.4332209062182975,0.28575515565787046,0.2881508573429836,0.3811990576535117,0.2233364044074821,0.4426528910146952,0.23103276758901758,0.2963371463667516,0.3860901530027818,0.3664087352453155,0.30141857584355486,0.44367268666829707,0.7229142438209115,0.671232219663257,0.2884537886597938,0.5801630577991709,0.8643208488971954,0.6397915753333601,0.7068964385576308,0.583136163469274,0.8614883070801449,1.1999032672700531,1.3833011861147881,0.9618993765571237,0.8307578296572448,0.709505492500905,0.770281347351575,1.0618807915322659,0.6651133117388277,0.6644137381134533,0.6137544916540325,1.0140920285132826,0.5705114010592895,0.7433104505686199,0.7774823744297705,0.4169828165807486,0.42538276709234146,0.45818700027077935,0.7843669023543677,0.537052527442391,0.5091633230539617,0.4757986798130184,0.34144381586079897,0.34650857513721645,0.6665499858972774,0.4784183582510078,0.3034786509195272
703279284,SST,midbrain,opto,19,1.4054936087007406,0.7694545718576716,1.0364573159794643,0.5538333120274967,0.8682086036908322,0.9159855048770132,1.3503174202515373,0.5817879175451984,1.0800694811204663,1.0214611339964128,0.9004185249009413,1.122097938861264,1.177042453133761,0.9912165757926998,1.0109197479021939,0.8867546255956064,0.9760612141974795,0.8890298682315324,0.8351207829772426,0.7333465402411787,1.1254990058585874,1.2776873857073432,0.7946423293994787,0.896537588257707,0.43975713923260606,0.4929708912996005,0.4452820376600678,0.5234498342634477,0.6021421943599432,0.5614664837477534,0.4234730899852888,0.4634376100517223,0.3311023153907301,0.5186974345596402,0.48376322633729746,0.46912289151070563,0.6554924267827802,0.6977531916984172,0.44472417485925975,0.6260219934135589,0.7757043808088471,0.7521838481522366,0.6280989815121479,0.9294440384866923,1.0860240652669315,0.5543149768826174,0.7671607013569232,0.6479920688168526,0.6897913231598133,0.8509942763685644,0.7199298743523898,0.7128829675897139,0.6751688721258607,0.6827414675679733,0.6740078833965139,0.8742103834000081,0.9162308770603682,0.7780224146707431,0.6829052092918513,0.6595652134921791,0.8113160307998873,1.010168759702551,0.5939324819800046,0.8446441227739548,0.7447258720131521,0.8186814096089933,0.8313697430342708,0.870521108227037,0.6216275939222242,0.6967163462827873,0.7541170426000119,0.6894425210999217,0.7908473651171611,0.7790610398768834,0.8579059651261636,0.7541950211944615,0.8033476434265051,1.081850253527424,0.9464216103064182,1.0614725190239342,0.6756919305964245,0.8590281727116631,0.8343751444028706,0.8712117494311121,0.8522498502959666,0.8320708711222958,0.754132619062987,1.1031423783483036,1.0071440100651217,1.1242136720580451,0.6875184060880758,0.8839385152871557,0.9878503382905897,0.8270077156018028,0.732928028766462,0.798349305320292,1.2845272429447494,0.8687669564155457,0.9488328983342564,0.9941234469248597
703279284,SST,midbrain,flash,22,1.1189168269703873,0.991499486043219,0.8782319928415457,1.0221412418880553,0.9949010921592977,0.9997790738525093,0.9035513863722288,1.1394044215774426,0.9329457795328349,1.1595192287431257,0.7630076391194547,0.8066151086118023,1.0352681737052505,0.923586877646655,1.0059058284596,0.9320187474752154,0.9525424778482866,0.8778464600010962,0.8948827951498862,1.0126093141448076,1.027130188825115,1.0827804759688475,0.9562918336078376,1.1158952562714268,0.7504382560745408,0.9305754744302862,0.8254430185547129,0.9919775265136553,1.5836768366692882,1.3832378868620203,1.1472067065879559,1.1847670904561953,0.9586861107206459,0.8869910351429803,0.6695246266751478,0.8197978905808405,0.5101812287793949,0.5661350274238675,0.4644348764176978,0.49951961573060866,0.4094976847581117,0.5223222813585914,0.6092139738107313,0.524393001609037,0.45360543090286315,0.5197138864940816,0.48427693599235583,0.4452924710309483,0.4309579820559815,0.405009251961719,0.45388353447374197,0.586212740327072,0.37470683810021316,0.5026707754825771,0.49614874400460995,0.4898639229621197,0.49730433780241173,0.5450322694959813,0.48073031631484986,0.6581415692636893,0.42058478632566704,0.6073589747180369,0.631749974890178,0.5943309084138501,0.6910750868357611,0.8016615863438772,0.5742762311095593,0.6862680871577875,0.519726572778115,0.6522178774597044,0.7294015508937567,0.7582403184283485,0.9505376331518544,1.1159837317494272,1.149620460540971,1.0687291296386396,1.1608018181098245,1.0323559804689346,1.1700106014173277,1.0193529231906793,0.914455324831141,0.8199459020664975,0.7896596483207147,0.9938371356256887,0.9954103630990132,0.9955108613618158,0.7633661239536603,0.8567385154822865,0.7688135849040325,0.6501076623200789,0.7338903961499952,0.7801283398304879,0.8117416328275543,0.8957472903907974,0.7758013314693635,0.8621617988398639,0.6838656077974378,0.6146528119060364,0.6725795057819646,0.7361803226189614
703279284,SST,thalamus,opto,4,2.0319845162304784,1.616816782929531,0.9705109227813046,0.5825503052541237,0.6754436348347597,0.8170353344243952,0.7105198875580712,0.8914252081869922,1.1870370977399711,0.8629685225144461,0.774857162856218,0.8773578579048136,0.4689700583405434,0.7105198875580712,1.3856415372846422,0.6395630452091591,0.48335939373091075,0.6395630452091591,0.7322337582915498,0.7711021463343445,0.9947302401378768,0.699662952191332,0.22009569377990432,1.1546889081379985,0.401322999517014,0.2236280938035324,0.19208424110384895,0.2271604938271605,0.29127515262706183,0.3589222114505912,0.8099334155795295,1.0943663846575804,0.7072101040326885,1.6420630536866376,0.7224037763253449,1.4359114623006102,1.2339972392305563,1.4326016787752276,1.0345884627835962,0.7466230936819171,1.1767247639796659,1.1128698404756197,0.5545388525780682,0.9811081228521887,0.8775804744030589,0.7385313402341265,1.1870370977399711,0.5969396406444909,0.8740480743794308,1.1085331035497026,1.026719325834051,1.2609817385060773,0.6963531686659492,0.738753956732372,1.9083145520548381,0.7322337582915498,1.3997088875668209,1.0338212446789168,1.0343658462853509,1.6660597545449647,1.9335608228119447,0.48335939373091075,0.7312068048910154,1.286228009263184,2.5155665264596343,1.33238381385148,0.3624546114742193,0.5040463110638549,1.2215687488568487,1.8369124767094354,0.6537297641012811,0.8251270878721859,0.8523342036459522,1.0908339846339523,0.5149032464305943,0.46517792302106026,0.650197364077653,1.3750072184161481,1.133779374306809,0.7278970213656326,0.9949528566361223,1.2465924031157098,0.945004916728343,0.6961305521677039,1.1970896962044213,1.2503474196375834,0.5653957879448075,0.7496108920991112,1.143869091568869,1.2864506257614292,0.7422863567560001,1.6978262237428934,0.7069874875344431,1.083509449290841,0.9207855993717706,0.6537297641012811,0.4760348583877996,0.9525520685696995,0.9558618520950821,1.4249551583239275
703279284,SST,thalamus,flash,13,0.8721499642212932,0.7486074041072457,0.6027559230263712,0.822116472004807,1.0770495535095697,0.7808162392485373,0.9005439260618483,0.9409794499236322,1.1550542849326202,0.8553809223817689,1.0760001770063004,0.9344120100010058,1.0444790076758967,0.9064260523135217,0.9259863100526565,0.611479402949998,1.086054022241351,0.7278394334755359,0.889005130791073,0.7513035785781785,0.6508719149211685,1.051693277948776,1.0029579776483075,0.707433124310052,0.8667188119751371,0.8771848962156119,0.5479157532580453,0.6340134473795256,0.8498250190565665,0.6124957140584685,0.7479983479969329,0.9073513227389436,0.8542327994263027,0.5244027032402241,0.5982544817902995,0.5798277599373874,0.7053516754916237,0.7743702903879208,0.5337280660187061,0.6531492083503412,0.612683694698509,0.6897380525026574,0.536516764699718,0.6215858376868313,0.7422091096204222,0.48591556221690546,0.4702001558364945,0.34298798533587926,0.4478812688786252,0.7486063493799792,0.5812476612691632,0.746718678262786,0.5108091935211284,0.47192168762067455,0.7213823595539213,0.4267778994634676,0.4966399173436825,0.5583245150992145,0.752492205463635,0.7351788728177684,0.708296588026864,0.6873762777411614,0.5782267534542771,0.8082015993928577,0.5230602366058797,0.5551355301512638,0.7071035762990588,0.6536662165372585,0.7035294954535577,0.6138560527770578,0.6181756847600032,0.7797563747293041,0.6891516612491404,0.620691048107598,0.7786549534507259,0.7810330665341524,0.766301345503233,0.7552601913494279,0.7737522094973185,0.7498839326384441,0.5186605722228401,0.539958535394627,0.9699234669655088,0.7931129574042054,0.6263701858260714,0.6280605144668824,0.8096974379097132,0.662745482928162,0.44127347465988886,0.7124710357471619,0.6958308729523098,0.9434815267380393,0.6425672876090812,0.7304485772253073,0.7927633037708558,0.6953983027898263,0.5958615477061853,0.7968196860647077,0.6404459499783128,0.5575897967076121
703279284,SST,visual cortex,opto,57,0.9717478178114869,1.0703374301301976,1.0874779187945849,0.971469424065402,1.1961120843911837,1.1127831885128012,1.0665930534360135,0.8207789789601705,1.0447871878237331,0.7758276870920233,0.9265391292287837,0.8532415650144561,0.9567840565357085,0.9543061754633424,0.8525657423402311,0.9868819421224881,0.9479080226947322,1.0463520913688802,1.0591225156307675,0.8315904116668802,1.2009875201294007,0.9303916413448896,0.3910101606814606,0.21017587586964787,0.15749167405699843,0.1519038888577579,0.13957460479156958,0.12210937021630901,0.13033128762575447,0.1602899441082722,0.18613192638108242,0.338099732199704,0.38691015123495637,0.33568263804891996,0.4605062062814956,0.5016361845168558,0.37457405049714804,0.5270565117526491,0.5059261651172167,0.6616705405023512,0.716281688676146,0.9397649042215305,0.8762179974120039,0.9559645179864781,0.8265883425028434,1.1172772802302422,0.8689832482496638,0.9248705609981778,0.9324943165420523,1.1385817064091084,1.1070586457870217,1.0977913064785358,1.1159017519684935,1.1031359193313115,1.2353073366509504,0.9980135373365535,0.9285162224085237,1.0463382675568391,1.0228236201733407,0.9550234162720533,0.8493459819941632,0.7649513686593282,0.9150157061874088,0.9811069457536061,0.9854144978986635,0.8594826255117196,0.8996642445044273,0.935411068195943,0.8733473285301344,0.885941679802494,0.8620548234433704,0.9743828016064204,0.9816903377169918,1.2038885435149687,0.7911586853894226,0.9680761957338297,0.7703880149956069,0.8716234721716404,0.8362176846608816,0.965450489710474,0.938286037308426,0.8049660025894658,0.8553464919764898,0.9403728756176231,0.8105223945409299,0.8266716782493452,0.8310338262173536,0.8235060069640682,0.9513546173428962,0.7938805390789861,1.0510601391078125,0.8066178225545744,1.0379033418501558,0.9833603602517241,1.0542945212199648,0.8126827491256454,0.8635707108127922,0.9640756554812709,0.8703227169906764,1.0750059882735705
703279284,SST,visual cortex,flash,17,0.9021438742665209,1.1342051271112623,1.0459068455639544,0.7720231762979937,0.8795244972924747,0.7856530564554545,0.8610650841337424,1.2159375254793874,0.8940746420693633,0.8828813185442371,1.1687631217791996,0.9081190368580333,0.9137557951843139,1.3487092585779292,1.302923486614055,0.9118581331961297,1.0449493647939538,1.0569362026130826,0.7791866029726212,0.5849915651161031,1.4483332471856352,0.970796142225578,1.133281023365246,0.7567049211230534,0.9381734022694193,0.7027108780057982,1.030145080301995,1.2171563345759495,1.482525074359133,0.677940043860976,0.5950302543617607,0.5376722388923425,0.5123512023972665,0.28270244294196273,0.5176388451297201,0.5730251706204715,0.39444146244107686,0.3546766902290747,0.38342192204495734,0.26317525628660826,0.24990149987230012,0.2998448074819946,0.24186809104034493,0.3980995340876253,0.5080243209572788,0.20804191783600287,0.3990864874443145,0.29424289973570633,0.4215931731176654,0.4858267358410875,0.4556152842329098,0.5068170439148222,0.39862805077741614,0.6165184506609321,0.43268006834230016,0.7472127373995373,0.7242362329799154,0.7822673520672456,0.5949587549105506,0.3932059103479682,0.6553375846655191,0.9034621834253808,0.9616200194834157,0.8584181519089567,0.688506967985153,0.6493192812333362,0.7847845773460477,0.556851356898897,0.695002346341833,0.7937007112901471,0.990474005953583,0.4626678854472313,0.5956912006656951,0.8167085571089865,0.7987645519352317,0.6832324977134311,0.813282652336731,0.8970787249278591,1.3722281200459614,0.6641155970314155,0.5668221580286724,0.3481124317053795,0.3393945053822512,0.6968288534414804,0.6999404733912749,0.21407669954938957,0.7454827409665102,0.4747465073783116,0.3626482982180369,0.372563195143621,0.5325956240997765,0.28536174895225536,0.6353057702973569,0.535900092507925,0.7915879915472342,0.8351004324189358,0.8453265968424473,0.5951773739587206,0.7543436682411155,0.5290653318137035
707296982,PV,LP,opto,29,0.9939937079681156,1.0231331008585318,0.9807588197720124,1.072839186886883,0.9177079550533402,1.0242199645932473,1.0444114777099822,1.0090919554968323,1.4450601928288411,1.211481778967306,0.831078135976289,0.997571964192996,1.263599235669932,1.0492736677874606,0.8384137295034387,0.8242044384474766,0.9054728448762887,0.9400511918616619,1.0516211834638391,0.9800700429614413,1.224314152963506,1.1686887734517017,1.9943908611400176,0.6030772517174988,0.37762150968922603,0.20821952420076217,0.24547697142309333,0.23706688938453324,0.24455526069418798,0.1311229308784386,0.28129061032184555,0.2355036682703791,0.1852883348697288,0.22510032586369486,0.27681129929352594,0.1979950049004089,0.3773898567195436,0.2862170798021098,0.3928486806563495,0.3673492821565323,0.4802047127947404,0.318239359988813,0.6189644909706448,0.5997704235884511,0.4610931227229635,0.9014301826387082,0.8624932286678363,0.8699855007418174,0.6942601229703043,0.8417910454360331,0.8239513045985895,0.9506719834599138,0.8177927377962403,0.6548890660234974,0.5490769196696672,0.7604815865695221,0.6724734010132891,0.5853995173018199,0.7581952976855386,0.6139583241019831,0.5937836626450148,0.48442650621163486,0.5831544774903022,0.5240552535044551,0.4807044046848741,0.5630791320972388,0.44882844874809547,0.43926745598238914,0.5437150571349108,0.5168932127227955,0.4353511872913037,0.45158337007190735,0.6693360407338468,0.6612443898300205,0.557598224553377,0.5791050144283397,0.4166800117837309,0.5932015164264041,0.6737013107805807,0.6727795282800658,0.572496617966781,0.5803773032691547,0.7994439173147252,0.6197882921500633,0.6916024891016541,0.9690389938527578,0.8134018297714426,0.7838715029821528,0.7126586719227181,0.7130954747627127,0.7571618518607146,0.780621850339582,0.8201931709460302,1.001943383082183,0.953457574177487,0.7896903646350929,0.6672280122522584,0.7856031909243505,0.5356232043154575,0.8843428623585857
707296982,PV,LP,flash,16,1.1658611108000354,1.3106300856788462,0.9435508383399637,0.9522059879560041,0.960820260071784,1.147173681550855,1.2875565723603493,1.0146375112515986,1.235429257350723,0.7561078279264825,1.2139904590657373,1.1537276988719773,0.9015920148862,0.8096138606949959,0.9402586798462249,1.0430421850930014,0.836031306714375,1.114557831893089,0.6938947681886534,1.077100572861767,0.8511559397710344,1.043217820329183,0.9300801666081925,0.9055988955483592,0.8927956846438035,1.1113780585870128,0.9346168430158287,1.1171386584689806,1.5288668717520917,1.39211876722762,1.1831703614093434,0.8841081316035037,0.7985289158587271,0.6827773282203541,0.6967180154740189,0.7425038552899503,0.8137082654558633,0.753039718804655,0.6220209966624436,0.7112545388064243,0.2921866344802224,0.41443962584142513,0.49958111011388656,0.3276013602175523,0.3310021181558079,0.16264387660904753,0.1717231836904239,0.25564857533516194,0.2458183307743543,0.18298138016052423,0.2653789504951155,0.2640745840269565,0.3314134531334887,0.4367159503499562,0.4489037431500701,0.4889431930773626,0.43905124607091484,0.47706397173301124,0.4812525630414419,0.56552592725669,0.8741626096190237,0.7315857562385064,1.0448088396349662,1.140906241029676,1.2238233311908346,1.1406488381638513,1.056689807084996,1.2956348731294818,1.2991927279991948,1.5060450625955502,1.4853298834800839,1.701113473904644,1.2918896182287207,1.3301636513797754,1.3443402561951552,1.4816373473844626,1.3524268247045343,1.2900522688491538,1.6058684576034055,1.717530868280131,1.5430877748628242,1.6153318541411055,1.2412048978576629,1.3043957989432848,0.9444531231497852,0.7038481462247435,1.4163560055214395,1.0494495718029997,1.4565686091571903,1.0388397106281146,1.1283434873493785,0.6809024064440028,0.8175368886463585,0.7376079084462389,0.39537370794632365,0.47216444047687955,0.45295216346166545,0.31313005648378717,0.3899920643572724,0.4908548285357456
707296982,PV,hippocampal formation,flash,3,0.990510627714324,0.8171890383622004,0.4646731332147162,0.7577848025819098,0.9954017457030715,0.7595449280865111,1.2273490537853735,0.7546538100977637,0.7546538100977637,0.28822055137844615,1.0512857304741596,1.2818621715769165,0.46291300771011495,1.046005353960356,0.9311063919340336,1.108929840749849,1.2849931640610628,0.9834701256959191,1.2273490537853735,0.7001406923062207,0.5223172434904054,1.2291091792899749,1.2259781868058284,0.8814843921312382,0.5799613537660946,0.40702902293902693,0.2917408023876485,0.40702902293902693,0.2323365666073581,0.5817214792706958,0.5205571179858043,0.695249574317473,0.7001406923062207,0.40702902293902693,0.3458646616541354,0.6987698253266754,0.7528936845931623,0.7001406923062207,0.8171890383622004,1.2832330385564616,0.9869903767051215,0.695249574317473,0.6393655895463851,0.8717021561537432,0.4052688974344258,0.6376054640417839,1.5138094796592185,0.6934894488128719,0.4052688974344258,1.6392691947131481,1.6920221870000898,1.0526565974537048,1.1697049435096842,0.9373683769023261,0.46780412569886254,1.4020415101170425,0.3476247871587365,0.5848524717548421,0.9950124871780156,1.2273490537853735,0.9950124871780156,0.3476247871587365,0.8748331486378894,0.11528822055137844,0.8154289128575991,0.9359975099227812,1.0526565974537048,0.9373683769023261,0.8122979203734527,1.224218061301227,0.6393655895463851,0.8765932741424907,0.6460168330397338,0.8189491638668015,1.1714650690142854,0.8783533996470917,0.7595449280865111,0.5272083614791528,0.2899806768830473,0.9918814946938692,1.3395062818526056,0.5205571179858043,0.8154289128575991,1.165203084045993,1.0446344869808109,0.5205571179858043,1.167944818005083,0.7528936845931623,0.9324772589135787,1.4583147534131864,0.8171890383622004,0.46291300771011495,1.6326179512197994,1.2818621715769165,1.1683340765301393,1.6361382022290016,1.0495256049695583,0.5205571179858043,2.4582183585799497,1.4038016356216436
707296982,PV,visual cortex,opto,105,1.0532238257117865,1.015431591444461,1.0408773178995818,0.860660585487136,0.9450141160054607,0.9912272002171274,1.051042180452361,1.0546596576381604,0.8899948791973605,1.0037659757977182,1.0570913943342493,1.0119942896089336,0.9642196701058907,1.0075243029900816,1.1945211608682222,1.009106950273942,0.9710915989032894,1.1435091458068731,1.189088546902699,0.9761378392285899,1.0763065913539318,0.37250591443973163,0.29582012040066075,0.1134652957075101,0.020621475941196333,0.04569708250802834,0.030977167056841642,0.02852659933985919,0.033778204427110624,0.017272865902937497,0.0752788240433525,0.09176263945668006,0.11885512592064959,0.13932042162434188,0.22070745274680176,0.21750270471416683,0.33369167114330406,0.40359519132245714,0.496874422993885,0.6024013539212804,0.6434100936135219,0.6776295095851892,0.9282629913029673,0.9678607659030776,1.1061418136887964,1.2878362429402441,1.1118123042632457,1.4009931030895746,1.4120759050835598,1.3156504123963053,1.5201719167546381,1.4340842074529996,1.454695204433563,1.4554932560024871,1.2770396950500122,1.1477151810720656,1.2412019245518817,1.1631589563701028,1.0868925798496596,0.9475814986650734,0.9368156535395179,0.7522973004449988,0.958635721538416,0.835301757867377,0.7504159228187708,0.8287328150230387,0.6658898446425798,0.7105275192207527,0.695474654488099,0.7227812386685789,0.8659990948519611,0.8696027242747016,0.7241607164626098,0.7991784720298097,0.833757848942877,0.6669389929141534,0.9430423761101694,0.9158698116959174,0.8843927860117439,0.9566544601470598,0.8946528223032036,1.0055888528868033,1.0021098661687575,1.0102608570328482,0.8984988176661074,0.8955522279872762,0.9714416597660983,0.9065167811886863,1.1099746549119145,1.0775602641296775,1.198242466030801,1.0344359456109748,1.017266357504103,0.9931219074423705,1.0071806194048283,0.9540113119592757,1.0619115512483694,0.9916204806647015,1.0304665011510603,1.0624064916775033
707296982,PV,visual cortex,flash,59,1.0483816455369015,0.9597891100615912,1.0503293397906697,0.7712045477007984,0.8510420478818953,0.9394313606408939,1.014116851599447,1.0380588505379054,0.851120019935562,1.1054691461777244,0.8947624406925306,1.2036353940203108,0.9200527621964435,0.9096512034382935,0.9964967164027314,1.0514440738842175,0.8025417819136842,1.0558809974483625,1.15243163955233,1.1254341030517583,1.0600708673409573,1.0591777409858898,1.0008713960973559,1.0297463117031374,0.9984588098383594,0.8740070590581138,1.0645360288007486,1.1378255049825885,1.2964703562938762,0.8350003929454863,0.7997165507591805,0.5757537842929511,0.6317100110427744,0.36157892937298725,0.40001791352086197,0.5462355166154059,0.44344489278362004,0.37089359057483073,0.31294505112995147,0.33610930307224485,0.41070263992331085,0.306442884198305,0.3655902710597405,0.3515984317004757,0.3620120197714165,0.2787032929774118,0.4148381256804127,0.40480116451494075,0.3363110790440236,0.4219047398545642,0.4135853128610568,0.4229717603084849,0.3893564557393398,0.37580870283585177,0.4241917455871309,0.6337390128840356,0.6542126574726151,0.6152580661282813,0.6177143582452365,0.7199780170878958,0.7416045980579882,0.6849456202712788,0.9786783395918343,0.8602298454973466,0.7850152992175087,0.8867018423452568,0.9359062057787716,1.061128552373579,0.8989140501506043,0.9371420066943781,0.7212609793417055,1.0180500337579963,1.0360732214280461,0.9093671743401163,0.8669128520360357,0.8771714269653669,1.1016800604094832,0.8680675643254778,1.0493523307299344,1.159538143662357,0.9184104138477844,0.5610765089563615,0.5557045114001636,0.5935524143022516,0.6241034773409847,0.5283483968092728,0.5241035715116481,0.4779589153487756,0.47985220362127207,0.41573364281803316,0.25354594788299556,0.32789214754633317,0.35173251274728934,0.3475918811499752,0.43640202104657444,0.31476125848001796,0.30880465605812923,0.29554488489798175,0.3079135978732533,0.2839312521513152
726170935,PV,LGd,opto,10,1.2565257110065384,1.0888491894522732,1.1747606780550433,0.6017505669902863,0.7895402784156377,1.18958589621098,1.375355200338598,0.7978732699688763,0.7466102717759998,0.9728867919330701,1.4818569698775022,0.9531486133079115,0.9338609634538313,0.7839933357125272,0.8031484568297408,1.1263288034527998,0.8891290447869121,0.8054330723480303,1.0744314991061654,0.7420580921888427,0.7052662428734395,0.8143818187697782,0.4400357224715609,0.42787274059666025,0.24848611453927455,0.5437456537044166,0.5111692219828115,0.7908486738265592,0.7164090271213075,0.558423608168543,0.7578517073377751,0.6475198633249036,0.8371740241728842,0.7954463629785367,0.7506262527681135,0.7059667868587982,0.4987839526378699,0.5180112801185772,0.6623783723713504,0.5518896600046427,0.5659771891078922,0.7720948517668654,0.5970975270634905,0.6312254191840903,0.8635052088371766,0.8505284982706864,0.6114633859071661,0.9996586880565814,0.6127178955863207,0.8479289828885106,0.7746093285925536,0.9153378303682496,0.7330705947730956,0.6058170833405112,0.7470518195990312,0.7093291078467935,0.7601833356151166,0.7074157549921036,0.937463958119735,0.8200378715517862,0.5597742207450486,0.9481164733349624,0.6198957769443417,0.9165857408481424,1.2306190354871218,0.7091593806731566,1.090678288241029,0.69405415004376,0.7574652350845131,1.095001836166309,0.864840096328771,0.6251747354679461,0.8398236264181327,0.6656015305962929,0.7874232340411379,0.8567031328283117,0.8078160545712351,0.9453433528053219,0.8979107546485144,0.9092715260541346,0.7109549744920095,0.7139380296199066,0.740942974301537,0.6124392116740676,0.8687103251971511,0.8954957808952368,0.7380723527849924,1.155360552009881,0.7290389032093338,1.3252038767030254,0.6333444632824676,0.7625365239256434,0.7358343244042523,0.9719153683140032,0.7852825130393243,1.3571039707507093,0.7009306910422586,0.927987524693697,1.180307373406351,0.7900433460006676
726170935,PV,LGd,flash,23,1.1012851828119508,0.9651177642159137,1.0296552724608892,1.0240162848360463,0.9886181198598291,0.9657910277395321,0.9627642341091246,0.9653608456127712,0.9830175710671468,1.0577653509273162,0.9219143367315759,0.8959350660874618,0.9022744026587481,0.8907730863348556,0.8815467559859597,0.9574173391767214,0.9666332955352069,1.0300851603526937,0.8323182652514036,1.075783610457897,0.9516229819272318,0.8723877530361627,0.9611666274215602,0.9353233072292986,1.0643977166751017,1.4659545476985294,1.5102245962035412,0.9418605309688926,1.2070151930155135,1.0313178187985819,0.4133019782906198,0.5582687680199206,0.7650857524866194,0.7066537200431972,0.533138362682219,0.43932232095920715,0.609313342654778,0.6649922477803031,0.5094311288935721,0.940711750002612,0.6626773961523656,0.1424692657472629,0.07522258429870458,0.12192741368478123,0.07735557708821851,0.09242389059135508,0.15857935860809477,0.19739613008336399,0.2185240442891006,0.23260443195492542,0.3012656787500286,0.33778033806679525,0.2782882811821487,0.3307459825301929,0.3276153533227352,0.3962524315169637,0.44847635720414514,0.6472000925476238,0.6024195720935114,0.7448418389198537,0.9811327484261156,1.025282043340148,1.1131489766850335,1.207195574161162,1.1417975162835103,1.045739752522291,1.1408064526147452,1.0962729172351893,1.1567330982846946,1.031909905544845,1.1565253376668827,1.1617936171329604,1.044932677724776,1.2125769988746846,1.3457727618785136,2.2573018550369564,2.3944452762839203,1.627229749397054,1.360992726126157,1.5958914604831647,1.4339980902912302,1.6529266868100447,1.6491641223258997,1.1013796954280373,1.0242949218419368,1.2124419815713119,0.976685493690353,0.7242299365106077,0.6265332804166669,0.5845879742600758,0.7725486569975609,0.6489934444519038,0.37868986090313383,0.20067026747148461,0.1852205898776341,0.20385515486681366,0.16056629429744246,0.261315951383716,0.21496058038151597,0.22427335816834806
726170935,PV,other / unassigned,opto,24,0.8348171242529284,1.1645699417853212,1.1306263192177695,1.0862561497563603,0.97649783872441,1.0764864846260702,0.9637893791924554,0.7149754847562183,0.9147018316318064,0.8855706730820022,0.8547964745726978,1.316325519255374,0.9751525719333697,0.9132651792973846,0.9412649460130064,1.026548570598384,0.8958392813839602,0.7735729241298709,0.9217423315208948,0.9770404091121154,1.1339818978785816,0.8516406451657669,0.9634613464686576,0.7557629688779487,0.6835533012053655,0.6461722934220637,0.5936601543275435,0.6431847815734444,0.7183715004062844,0.8349097594773123,0.569267188938948,0.6049206463312619,0.9109112461739599,0.7621816208634508,0.7848929282877771,0.6333008489841545,0.7442094378704792,0.6901019920401469,0.5141837479447938,0.5060555600633678,0.6200972504928405,0.6938321408291541,0.5596934639316281,0.597909234435791,0.6796119282809766,0.5775080036710879,0.6000512527759411,0.5782317854693351,0.5528873304116838,0.43737664143254046,0.6533548258579679,0.7066049624024595,0.6222087725668753,0.870836060530055,0.7942274663406681,0.6603328406900962,0.661377103606934,0.7199681101012324,0.8284794284259482,0.8273822851650815,0.6871647686695752,0.6428488366130986,0.6225596197297866,0.8355334750118089,0.7373217385210996,0.4703937448579915,0.8023560786957146,0.6804008913695815,0.6370054178067913,1.0018538479335963,0.7339595700343676,0.7499316698674542,1.1370839218672983,0.8304618325000258,0.9031714492294057,0.9135273955015878,0.6483546146922774,1.0222893818134677,0.8908472463011226,0.949027316942508,0.991337152858634,1.0077818710505462,1.0194655331193783,0.8309239455511102,0.9994162733680702,1.064310045413939,0.8713554372776815,1.0417455417898847,0.7488255938272906,0.8991820838723928,1.0477176724515018,0.7536908983624713,0.8985407037670673,0.8570076646884496,0.7300497090186108,1.0510263269538835,0.8237020431933862,0.9986182913398453,0.7517994585522597,0.8354906239935751
726170935,PV,other / unassigned,flash,20,0.8586757815933579,1.0894925492833822,0.9789313403884498,0.9085634232978664,1.0402280378089224,0.9131324717321332,0.9393447803987461,0.962070747507709,1.1318664978509858,1.0490089245184002,1.1978700480085747,1.1095546508845746,0.938997357127407,0.7805008907922879,0.9803225911944521,1.0381293425681082,0.9879471220928089,0.9472079484667917,0.9033231223346876,0.9343576237362134,0.9857972991842499,0.9740814049411737,0.8664370327603885,1.066196648809765,0.9423664053059007,1.0500144170802659,0.8993127451848218,0.9918858344793327,0.9354555355333998,1.0558685618243724,1.038753074691344,0.8899208434530422,1.0411151185350058,0.9019126757270627,0.8041441362830597,0.5951331749272245,0.5926113281383345,0.7387626459796957,0.6650642257258261,0.5391578131517099,0.7425680961217627,0.7211622312632981,0.6021412634809354,0.6777803259749915,0.7713227228625174,0.6287134551250505,0.5626587698871153,0.6469315018168482,0.517792631957384,0.5726978933621718,0.44379371914498195,0.5222568826939742,0.5121179341272659,0.5993297159380339,0.6132750064093621,0.5055270873030377,0.6221858383914829,0.6526935528845899,0.6729888583693882,0.6430428298595471,0.7952414990136744,0.816693955610553,0.8455423274017507,0.7574955280858446,0.8475328552017259,0.8037989765540624,0.9582368242283426,0.9113788570163852,0.8063934254819346,0.831230434897526,0.8676871625456766,0.7020746728419028,0.7936631901523384,0.7686169101546978,0.8790309030056388,0.9292609092547165,0.6575870014940577,1.140760942133507,1.2405994026393468,1.1025489741104801,1.166550367905653,1.2942279771590308,1.1998957837388846,1.281724967346106,0.9935900831091583,0.9792546500043722,0.8886506211890675,0.9549500741300232,0.6464539630892758,0.8879705564596504,0.8553051131212028,0.7963895762031437,0.6782859655199668,0.7596552116998377,0.6257008673967179,0.7596981401033366,0.6442567151758084,0.5107670870949623,0.623433919025262,0.6001963500705207
726170935,PV,thalamus,flash,4,0.6935074704631308,1.206432174888714,0.9047205207024702,0.5130062366044603,1.0392106477300636,0.8710055413931135,1.1338548736957215,1.223535559337967,0.989516601684294,0.9767286845734235,0.7660847716561232,1.5233683683083634,1.423429280272011,1.1260330934241503,1.1640749004872406,1.2482976597010373,0.724382351201554,0.8693712927138977,0.95392277715909,1.030568352637947,1.528005779916267,1.2287462927138977,1.2000789824227174,1.118304205746807,1.0621754350561636,1.0736578287192136,0.6579136459379268,0.6686638379211833,0.9899268590945666,0.43464488026751025,1.1570668540743398,0.8192737702197302,0.8009463945015338,0.4467005956985873,0.1758638222507669,0.6395862702197302,0.7612001669957013,0.4214467057463672,0.8243214392379066,0.6939992600522806,0.5327206679493542,0.7559894336197708,0.8629365680690239,1.26019031077436,0.45989877021973025,0.24216946315663995,0.85259663349604,0.6035821882842536,0.44792458696753046,0.5378498691464076,0.9013886325423869,0.8527596978537944,0.38080521220298696,0.630714923452321,0.8085235782364737,0.7440152503675709,0.6161296933044804,0.47146269606165747,0.8217217527576167,0.6896022605350205,1.0266631427098367,0.7623426260857673,0.8033943770394203,1.2646688424704973,1.63153949402656,1.0493875179452932,1.8148989678333896,0.9711076937872204,1.0565544442699604,0.3093703701000606,0.7541105884039234,1.0142787020473643,1.8500010027694436,0.95343098756994,1.1468899838591102,1.5240190378092797,1.0502012518039638,0.683249068069024,0.8389066693857471,1.3684429686714337,1.48858827764183,0.8945436504872406,1.1230231495335876,1.1469715160379874,0.9926080777537337,0.6426891067045208,0.8812639437872204,1.0844080207024702,1.2419444672350408,0.8864746771631509,0.40556731256605716,0.6281038765566803,1.0014907849364938,0.42959721124933403,0.911728567115371,0.9750129037153306,1.325435024769044,0.9921162881645837,1.1748250924704973,0.7971227167523008
726170935,PV,visual cortex,opto,58,1.249908045489396,0.9717718345909581,1.1599977052502228,1.0336670597586128,1.0352274271026287,0.9203652076506154,0.9984979174001675,0.9260684486452128,1.0592768981379677,1.0628666097122548,0.9782382912442826,0.8970959894465561,0.8665024318729088,1.0502011967186358,0.9772770450196117,1.171532651020832,1.0805408538918753,0.988554692276144,0.7894146633703902,0.8353602958283752,0.8853501886068995,0.846786733375454,0.4916152432845682,0.32787522342043635,0.3458064692137055,0.32881219810177514,0.36518259983452894,0.3303653615138919,0.5607939255840028,0.4887394450286314,0.6570986537797138,0.7371724921170149,0.8494044652068564,0.970768847879441,1.2117548358935206,1.4234402166404936,1.1844049617558932,1.3913547600586045,1.462470769931469,1.2214765844607778,1.256185499394835,1.279312813720739,1.0675969618076153,0.9871268273451804,1.063673019253466,0.9339791145085373,0.94534894822865,0.9893564426183115,0.9233246467370656,0.8448806401483844,0.8315259030749695,0.772328854002218,0.791103202860143,0.7850974503853251,0.6747879993198496,0.621186835189517,0.645764162260867,0.6108729501192064,0.793000981364814,0.6839053097126282,0.7914198308343836,0.8820474338068005,0.8866465869008736,0.8328884017475827,0.8029623859094824,0.8349434811863448,0.8146477551041775,0.7934380294168213,0.7614719765009336,0.8089643092931984,0.8954216896522313,0.8562261505844722,0.7816035617683678,0.8115083453227826,0.843168946925258,0.7532597194850382,0.8124647402913512,0.7926378000063357,0.9181828974114005,1.0397660100505206,0.9032015805407111,0.7147764641608573,0.9712869545221482,0.8822882584800219,0.8026078619157789,0.793911425796311,0.7274438305120479,1.0038617547226552,1.124634686342901,0.9440810224604235,0.8821024327367346,0.8945477067473471,1.0029411802368597,0.7722654903344968,0.7854060475341602,0.991282051420064,0.881162819864091,0.9803515991012579,0.9871383311221426,0.7885261715765416
726170935,PV,visual cortex,flash,74,0.8932971585131958,0.9596974696781442,1.060497105858171,0.9829213165071929,1.0881132650047796,1.172815118288629,1.1256882287204104,1.14501039418202,1.1757951319305628,1.0804012227021746,0.92574142697989,0.9924515710915166,1.0061032095136868,1.154917701403,0.9402130147000063,0.9410686321930509,1.0443413518171463,1.018426121822406,1.0434657479773042,1.070480379295239,1.055543093879368,0.8926337460086342,1.1287742752983376,1.0231483509773427,1.1366467921244783,0.942486198192085,0.9814424947136378,0.9996728864116644,0.8781576000906904,0.7844353577474781,0.7507482866312738,0.5769362502582079,0.47659015198540633,0.3684104942947179,0.3561409143949771,0.33158785472239444,0.3540885145354805,0.34950357176368224,0.3330915132037134,0.3454883866147989,0.3794476881472626,0.3613007799494322,0.3981931060009391,0.34740755463244316,0.2946899986122095,0.26052338198305575,0.33013098748162845,0.34228274116490415,0.29059959812829944,0.37819727035269146,0.32827325777157984,0.31938232538336203,0.3385026487982403,0.3126853258592682,0.36373653133743045,0.3781508855760274,0.38666112014729725,0.5593138446932586,0.5028577466286995,0.5506148690149276,0.5991734604594879,0.6227438908134875,0.4986148587111614,0.7861788524695805,0.694386504742363,0.7609219926677725,0.7319411031169485,0.7781200258226816,0.7892381707494583,0.8327371121428244,0.7985975365975694,0.9174853278182135,1.0057788360069462,1.0104387548640945,0.998512620226889,1.1961035875837012,1.2046208299330747,1.097910885924507,1.07844573191475,1.1715457106139844,0.7915549143436725,0.7551940674616254,0.5706590462882383,0.5716500926926297,0.46149378681161063,0.44580984567323984,0.4563084058111764,0.33475402761417977,0.3923587615895925,0.437499397118009,0.4408787796152309,0.327725121014921,0.39025567715664866,0.39699264188364364,0.39858845423929035,0.38968132589743903,0.40225930062480986,0.28233482431958096,0.3038598503316512,0.3695532418567459
730760270,VIP,LGd,opto,9,0.6795452638928016,0.8739819377556675,0.950173598462781,1.0176528373413942,1.0493634167381802,1.1565949978459564,0.7882043421300988,1.004999297782206,1.1529162625868148,1.2838667334479223,1.144444947620509,0.7884523686923476,0.8808990011536458,0.9065996508592694,0.8313395106539332,1.0856002209037143,1.243103391336959,0.9337359422189984,0.9158222251232703,1.5062321222318653,1.1949411915943635,0.9765830728929031,0.9085253451751597,1.1449425557668693,1.0302299082765032,0.8698383190899222,1.1442606083788491,0.8065647532057467,0.8586717576105397,1.0844807818885391,0.8382968980915285,1.1040398279280135,1.0458890904917315,1.177217986565458,1.2571240272057929,1.0198851840374425,1.3694285885851734,0.6401072424285466,0.39993937407189223,0.3509179286264529,0.16967269338141477,0.1867134444487088,0.3898289806392876,0.6437093298681169,0.5072332106958701,0.6560293886396347,0.7301613021913049,0.6805027514177938,0.5217925793159615,0.7995925895622743,0.5065785782910274,0.7299511597495716,0.7870486528939932,0.8241491503027163,0.7798587761658926,0.6567269392726687,0.5861237545892767,0.6565367853567721,0.7262955978287372,0.8905233792608088,0.625403966489217,0.6302221346035991,0.6069718048964347,1.1683014911100598,0.9316653026540069,0.6054964554547283,0.8483138519473937,0.7360943639997146,1.0717418139337611,0.5169822309088195,1.0710985391437946,0.6528237220550591,0.9341996948981313,0.8318751225867632,0.8257378116154352,1.0075319239303147,1.0723238649579763,0.7116163965481352,0.8264106660565773,0.8897449702184517,0.7516521769490265,0.8865186279134462,0.962502472356723,0.708928851689633,0.7959325101571171,1.0274393202657452,1.1771530556606957,0.7687633620606172,0.5703112002629778,1.070354173287045,1.0592237681381989,0.7761710025260704,0.8462598068958442,0.9693673469703228,0.7593039028721944,1.0053009597457718,0.9387285665339596,0.7474656189372422,1.0679897292038776,0.9537946775703424
730760270,VIP,LGd,flash,6,0.857799968594347,0.549050608828006,1.6175635549210454,0.6954273703393077,0.548915855588414,0.5079155446278735,1.5151124367849953,1.2102693808411567,0.5936537863537422,0.8265299780490581,1.4059639776763067,1.0913906013172159,1.039986827180423,0.5429231549779495,0.68050336133751,1.0358611991219622,0.8215551557234532,1.2161775104552548,0.6267943241518142,1.2255537932831035,1.3375497977497535,0.7979221792920423,1.0211093488386587,1.2231915640513582,1.5255946037067023,0.6261265906667081,0.9441213728089557,1.298281806101625,1.8468976592453645,3.3105912486061313,1.5667900689023095,0.6267943241518142,0.10315575849822427,0.0,0.0700152207001522,0.24505327245053277,0.4477619228817859,0.31435405212313233,0.10502283105022832,0.0,0.0,0.0,0.0,0.0,0.0700152207001522,0.6792194512742459,0.37948249619482494,0.3709048073040246,0.27934644177305623,0.4216354386798171,1.0065389593373937,0.6532242456110899,0.5433613454748484,0.34562751736920033,0.2725925925925926,0.20746414852089998,0.9589573760017545,0.9850838602037232,0.7908079266714295,0.9951176178762821,1.6918858644616963,2.2656286661606715,3.0396887441199674,1.52088886977341,2.4868661267340326,2.530573820537049,2.2930768839916778,1.9949409696858564,2.195391064610653,1.6940100848154318,2.6145762682497264,1.590723047778395,2.0912548333064716,4.118752760214789,2.548571025097365,2.1388398913428897,2.0433713292017694,2.3747269031379883,3.071098257493056,3.3980297573025307,3.65758413428218,0.7282142886368472,0.7274998476092946,1.0630897145182858,0.6578917378917379,0.7129294581080295,0.7863247863247863,0.7297740311438942,0.8832689380634587,1.9320216589681902,1.7764407733475345,0.5917867138017382,1.5458538384742537,1.1386629200327831,0.7941880341880343,1.2302212855637513,1.0766422257346915,0.8275011487914714,1.6392792765572262,0.8370588924013581
730760270,VIP,hippocampal formation,flash,6,0.4132957469891796,1.0524443077291377,1.1935940302205634,0.9569161071946793,1.6061161679322937,0.8521302277889986,0.7901786492015991,0.7867595186548616,1.1069164340576372,0.8931749695699107,1.0141182758749059,0.9012415895363791,0.7993627483731826,1.094505761046279,1.0055179935606653,0.7833461122029596,0.965038605765554,1.3506237107796555,1.362218707747922,0.7137565895323356,0.4294892316861621,0.8129268110233264,0.6894232962114919,0.40578449692314394,0.71782302638158,0.669628067151287,0.5057444269140337,0.7341213913739834,0.746587942989748,0.8920674744501632,0.5328307703218185,0.43496821149829534,0.8768348226850038,0.7504615382588903,0.8351470345921173,0.6863176922940708,0.9206081427133402,1.0320305041964748,0.624495465841609,0.8165644658202199,0.5846849131976332,0.5871474708030798,0.6701142235117206,0.761072668147512,0.6594816709435775,0.7083510832507341,0.4351550441104226,0.3598997090155382,0.113618888851087,0.6156306585890672,0.5219061138038807,0.6423675237389749,0.35634962446107954,0.5813449802762628,0.9894136809789006,0.6910126877011405,0.47488213913849914,0.9757129402262001,0.9192904959605045,0.4530171179224208,1.0916420003999745,0.5943352101544316,1.0150114005659228,0.6904790253533685,1.1236117832952564,0.5757209497445056,1.154514241494994,0.5275619421427735,1.3027380593830369,0.9600300837291682,0.6670878172196663,1.1244791841213289,1.5604656124550464,0.7307397827292168,0.661902446656521,0.7571788198344946,0.9627961838785634,1.016976206257268,1.0888816243454145,1.0292085254426737,1.0849204588338377,0.9144186520266753,1.060215863937832,1.0998121111272945,1.10460626273495,0.6402560558597052,0.7763512144317097,0.911392245734621,0.9849288372049192,0.6954975314751218,1.1473222421531097,1.014378582017565,0.40090266890394693,0.702340052559129,0.46298094150853536,0.861387800491114,0.889400530501354,0.8534378904564663,0.6890263119662765,0.6857438595220956
730760270,VIP,midbrain,opto,3,1.1940009675858732,0.5970004837929366,1.31017877836658,0.5970004837929366,0.783744557329463,0.783744557329463,0.494436381228834,0.30769230769230765,0.8863086598935656,0.494436381228834,0.4102564102564103,2.107537043912647,0.4102564102564103,1.4127428809306828,0.2893081761006289,0.9046927914852443,1.020870602265951,1.4311270125223612,1.888795130567838,1.020870602265951,0.6995645863570391,0.9046927914852443,0.9046927914852443,0.8021286889211416,0.30769230769230765,0.815742397137746,0.8679245283018866,0.494436381228834,0.2893081761006289,0.3918722786647315,0.4102564102564103,0.30769230769230765,0.0,0.30769230769230765,0.494436381228834,0.988872762457668,1.105050573238375,0.2893081761006289,0.3918722786647315,0.8679245283018866,0.8021286889211416,0.8863086598935656,0.6995645863570391,0.5970004837929366,0.3918722786647315,0.9046927914852443,0.30769230769230765,0.3918722786647315,0.5128205128205128,0.20512820512820515,0.20512820512820515,1.2259988073941563,0.30769230769230765,0.30769230769230765,1.4127428809306828,0.20512820512820515,1.020870602265951,0.4102564102564103,0.5128205128205128,0.5128205128205128,0.5128205128205128,0.20512820512820515,0.5970004837929366,0.30769230769230765,0.8021286889211416,0.30769230769230765,1.1940009675858732,0.3918722786647315,0.3918722786647315,1.020870602265951,0.5128205128205128,0.494436381228834,0.5970004837929366,0.6153846153846153,0.5970004837929366,0.9704886308659892,1.2259988073941563,1.515306983494785,0.5970004837929366,0.30769230769230765,1.533691115086464,0.8021286889211416,0.9183064997018486,1.804615159595414,0.6995645863570391,0.20512820512820515,0.5970004837929366,0.5970004837929366,0.783744557329463,0.8863086598935656,1.020870602265951,1.4969228519031066,1.599486954467209,0.30769230769230765,0.2893081761006289,0.3918722786647315,0.494436381228834,0.3918722786647315,0.5786163522012578,0.20512820512820515
730760270,VIP,visual cortex,opto,53,0.7386494232871542,0.9133000000589082,0.9349738689961687,1.0808941958524978,0.9095704664543975,0.9977286590711713,0.8314262621823205,0.8292639554921913,0.8486602166412298,0.9057664409550404,1.0226168022063513,0.9105102964720918,0.9210112707617396,0.9659129953024601,0.9666340378729478,0.9563739664309385,0.8715716437750194,1.0081322515434472,0.7466411200625588,0.9746521069723979,0.989976602040033,0.8992470563339252,0.9789018596779108,1.1322837277835631,1.1566838872023169,1.1270144515372256,1.0443486489074754,1.1653797326368192,1.0602508154864143,1.0716634037234984,0.5679297766032346,0.6363795575118539,0.5999488963111438,0.5494713400652111,0.465041814244593,0.5887218709998294,0.4924543584285769,0.3753443362024929,0.38340863922833274,0.34132679653654785,0.23987786960107269,0.2683309538125118,0.2915414387067567,0.22009793249449916,0.34741662539754736,0.43608021464464236,0.34858166551379466,0.3135350749383964,0.3718361647042365,0.3840677379304916,0.36758290964348955,0.41437555479656807,0.425206370789935,0.39647136816405004,0.39433329710920584,0.37024872006979526,0.44852407828088564,0.6282353518921758,0.5086360233561276,0.6119586932093644,0.6940666981210828,0.5063013469619828,0.7054447466611357,0.5661250863200126,0.8053559734271118,0.6265681885378976,0.9849494363977195,0.7283189921328778,0.657878973015113,0.7611358890174096,0.8549975413052223,0.9754922579391343,0.7591455750172404,0.7504634648494088,0.7979706540322484,0.761057046501904,0.9004541250776775,0.8657105731020733,1.08689055802316,0.8801416337032167,1.0250613445876529,0.7443561075846203,0.9553452833715321,0.7504162625630181,1.181026465423182,0.7416245910040521,0.9020208773052666,0.6130010189247601,0.9338838920000713,0.931095776983683,0.9620701617934501,0.8769023316049634,0.7592589958275403,0.7385937150428198,0.8455332066779871,1.0582253833023036,0.9721523576804073,1.0335907163456834,0.9739660543785801,1.0401073206976055
730760270,VIP,visual cortex,flash,96,1.2362641623227109,0.9755449367261048,0.9914721322240633,1.0290967861097613,1.1172303685846374,0.9775757478482406,1.0230828786922095,1.1394260533403475,1.002245391798161,0.9777952270467671,0.9762715110870676,0.7751800616653668,0.9859105590042284,0.9953417319037768,0.943354648148128,0.8636644067135982,0.8905280127018366,0.8041737338492871,0.8993128578060227,0.9917843414657107,0.9392282780370961,0.862468479960428,0.8807630120061604,0.975712923698078,1.169474657544954,1.1164049965296001,0.745339375649099,1.0494676964862866,0.9556440706001955,0.9275528118927737,0.918873298489486,0.7854863588972126,0.6612171844696834,0.569409850922204,0.4803306063883394,0.46496375938744605,0.3803327706974981,0.3918627664734436,0.3900239894179913,0.3963143012749449,0.3433319604211191,0.35731686198379625,0.3904876228892545,0.3355958101685768,0.3299463601014115,0.3916844201342439,0.35524795200138315,0.3855711227892486,0.40248794098527063,0.31927597421967685,0.29961525271037937,0.3465266572320609,0.34382849799784604,0.4113835138551593,0.3283114097844445,0.3118968954934132,0.45756925925698794,0.40139920734574447,0.3693990153518047,0.4486780222480369,0.5854459286250783,0.6088930865180294,0.6372792797197794,0.7436350962745125,0.7053511390723175,0.7627910466314698,0.8420427564760417,0.8804904693792226,1.0805897377585076,1.0751022194740207,1.0808138432034544,1.077582141016234,1.1630570838856482,1.0561145831043224,1.3221916313675914,1.2504046440258907,1.3969814411790322,1.2167398555008662,1.3885478834903113,1.4828979165139502,1.820974043873328,1.2047021022780335,0.8120837268285163,0.6498809868651939,0.5672697478304342,0.5330961577377392,0.45453356371347575,0.4442795864072204,0.4212868095726949,0.4340157120601205,0.5146678474631244,0.49303859252700183,0.45988879293741963,0.40642685419952707,0.3757478560518636,0.452153994003994,0.4776720884488089,0.40771324036146067,0.3952561783003771,0.39168719879486896
732548380,VIP,LGd,opto,27,1.063473604813523,1.0697308625326372,1.243671077644522,0.8128367791544426,1.0221285436216478,1.1177633196468104,0.8875639230268211,1.0175660038582517,0.9670164300074616,0.8021645580030365,0.960474198315579,0.8287326020429521,1.1727777145858003,1.257686618276854,1.2286661079795227,1.0511785770378195,1.1548982041508244,1.1409637353092807,0.9741189315895923,0.6717126822166916,0.9241619430796868,1.0469277066140639,1.0456856873350249,0.8123998379909986,1.0010248398279837,1.12991739131955,1.1816080179067288,0.6700886663796681,0.8203264532974797,0.7488599648811862,0.49032635704798083,0.5409295266156617,0.6151988075627444,0.47186857066645943,0.39451731167824405,0.4036743990826309,0.43611991163118374,0.5952932422687972,0.6061977049984525,0.4561819773396376,0.47915858244485915,0.5359370199037691,0.4899162333334823,0.4855745634161322,0.4043319207959477,0.48844573961724574,0.6225342621905613,0.3742101945555401,0.3224205521896233,0.3787682853617124,0.2972167931832279,0.2254587828286695,0.3365486863517341,0.3799801449687059,0.2933290075190683,0.18844993110769484,0.2799690707212821,0.3944131946502064,0.4416909233342015,0.3239774154631206,0.48640221743384743,0.5329614383408773,0.47772444694711635,0.5206082271791286,0.8268684752155786,0.48847531801325955,0.8125309079443803,0.8204983832849231,0.7445646583978175,1.0511703731470043,0.8221699574857468,0.8203456697714169,0.8559524236736422,0.9587456297220348,1.1004947393317666,1.4310792753962356,1.078657770215379,1.0517988173079225,1.030257448963227,1.3106269303169886,1.314796949308855,0.9620448264204882,0.725650056443198,0.6631081681213354,1.021442674438975,1.034105018725298,1.0086342735282143,0.9442271644413033,0.9209487949686711,1.0114066608421635,0.9272877664480165,1.0059578049398676,1.0386559012059788,1.2118907312221305,1.2294230948646356,1.0618109265558777,0.8103814865511118,0.8623428413624968,0.8875062757700235,1.0642895142562563
732548380,VIP,LGd,flash,7,1.1890317860365127,1.0659625644922668,1.2353771062163408,0.9860137522528059,0.9614040406608106,1.1277694293727287,0.9090611576602745,1.1154824130855403,0.9978712344128701,0.8297603848782139,0.9243941971941264,0.9828363270694148,0.9746448154834878,1.0424218661886728,0.9110111227615484,0.9367439154460183,0.6954836560973365,0.8602155089835287,1.0184252218503915,1.2145769469467804,0.8985280576354605,0.8846285184902329,1.0538117095894426,0.9122827550291931,0.8435222500360177,0.8153632874768011,1.020612946421187,1.1238054483541988,0.8875414173474807,0.6524564994834173,0.8267955233379736,1.1648096195964908,0.8327591654032948,0.3740299071321923,0.28301841839360353,0.6520863416777887,0.49750253864144467,0.35481739950311914,0.6481891231872948,0.5399016560931781,0.4126344234433029,0.6008635608519627,0.5270419576082087,0.6291714958765245,0.5229017177216135,0.5724929702853444,0.6468551164495533,0.5606477574966294,0.6020697656829915,0.6041138739418583,0.7020676490410237,0.8421287056099241,0.6852797939863373,0.8540825060283292,0.7129547366949335,0.9725954400515321,0.8947691125843148,1.1067188827574683,0.691133641050145,0.8776033584000673,0.8438252411415521,0.9088026917959596,0.7829395462786425,0.7626671852899636,0.816936406263638,0.9645458826983127,0.6214321708680581,0.7228798795565575,0.8908108163150599,0.8231697325778345,0.975945185135763,0.7158492822597582,0.8354664585504102,0.8578844905147355,0.7767639108748584,0.9646908018223873,0.8056955951866679,1.115024546716522,0.8709382941146215,0.6372410975884983,0.6321861634026095,1.0060023053449612,0.7597427500226228,0.5388267628343504,0.39654098863563814,0.4259247362472115,0.38535722917272147,0.5124035948739449,0.6891750385237628,0.6192708874748828,0.6629163201436862,0.6008050222787541,0.6299729667378619,0.557844799054618,0.46412366331706856,0.4015453554148229,0.6186665949023409,0.696139733197909,0.4202749994404109,0.5574877736376316
732548380,VIP,LP,opto,30,0.8862965394784658,0.7507765950101063,0.894616606023347,1.1450986424367835,0.8912528353922935,1.044191229158872,0.8753365831179599,0.8525298718117831,1.0683565102320065,0.6643369268594654,1.1676283105717435,0.6933091152300113,0.9057948799487313,0.8069667447070082,0.953983868767763,1.006333013749161,1.0095735771110037,1.1362963514098623,0.7263449565219974,0.8976125892638027,0.8599976700650768,0.9967858682827907,0.9999635264786552,0.6207325315540644,0.8749028766531758,0.9742348018518474,0.9923418199125308,1.2866283732308517,1.2675696150288636,1.158140235223169,0.7521129053010259,0.5489213032393285,0.5031893349574202,0.4157055110709132,0.542869647571454,0.4110829375632345,0.43239390044367876,0.33261241804956404,0.3383531332307247,0.4055539152794514,0.3569427351179028,0.3337927589697662,0.39056402019784053,0.27680694158813884,0.37005896285440804,0.2792034485637203,0.37792108814107184,0.47643839893384315,0.37289392089876355,0.3731359046747403,0.35278277041359424,0.5203477988370151,0.2806527637693822,0.3609647207551942,0.30146431328230044,0.29799184014307456,0.2234256823968518,0.5128858319692834,0.5665355954333423,0.44692820092408686,0.5756945123256965,0.5632826061935402,0.6841436623202214,0.5588114594747859,0.6024313822363158,0.8278470502773768,0.546075557399629,0.8837205385804207,0.5563196534140434,0.9459985798289021,0.7773938949143595,0.7207781210084737,0.7309141239041743,0.953040509799987,0.7773025168326863,0.7124112961486568,0.6596883004463742,0.8002020006655299,0.9713544526710653,0.6886508556918778,1.1133526146065782,0.7986163688797483,0.9961287512296753,0.6641136292507706,0.6842439813171914,0.8782765191941129,0.8097219138545185,0.7404049495977321,1.2503057416985333,1.023186648497927,0.8560678995716257,0.8630864607628504,0.7669221841300283,0.7448479951602263,0.8682233367766635,0.7063554096456166,1.199309485399822,0.8328661252028288,0.9867763544402772,0.8271938941746577
732548380,VIP,LP,flash,18,0.9192949749444674,0.9198875902612195,1.0452385823530699,0.920503966083364,1.0831151594220112,1.0319649483379945,0.9499503776320632,1.0761886124545477,1.0311315167483046,0.9801813366131888,0.8963058311774136,1.0416858083722025,1.0435826128377308,0.9862105036994261,0.9103451583781675,0.8967486609323897,0.7955092769563035,0.9426473009556854,1.082558397845142,0.8474650220530512,1.1603901025516745,0.9972147972666142,1.0228064692124166,0.7351263220263955,1.0606264828977585,1.0112760374301901,1.0493805711518616,1.0978170845995858,0.973710012567358,1.273272140615922,1.180616888773213,1.065961207045943,1.0937407198426266,1.000753476503072,0.844225481699401,0.8204342083457825,0.734681308750244,0.8735764865183485,0.6600499750361883,0.5102220581068414,0.4091684682594694,0.6418587287520564,0.7131160843108755,0.4488988651777663,0.4253592567077914,0.43799435921136065,0.402996971007431,0.3788412018286113,0.3685188422375973,0.2497032000725946,0.3038107617983466,0.30762337011743945,0.36671753459906703,0.35278285892603445,0.2356891677397352,0.3143579207628416,0.35315335822955646,0.36395822219755064,0.32611892368795264,0.31414004593826445,0.32256099413406886,0.4711945268239142,0.4253212811749048,0.3832355284563248,0.6415542185125929,0.5074820963148436,0.4972824403868661,0.6162464203318703,0.6058925954630862,0.7372585111761691,0.6726146600587466,0.5743754737321806,0.7321447715167936,0.7664318235140136,0.8921142895117627,1.0211551252790587,1.019993677844168,1.0455245732435705,0.9888173138120382,1.2900783222861945,1.2470018366836897,1.3465095657757455,1.3588892838391387,1.4329724480241792,1.1565586413499294,0.966196979431435,0.9234667379170216,0.8251093510691304,0.7166342613381149,0.8110341588078419,0.903065297753171,0.887170453527721,0.8253667629668038,0.8120389736297121,0.7521994868867063,0.7545838841912579,0.5677828887312923,0.6850152770721221,0.572273252232264,0.46207972981909534
732548380,VIP,hippocampal formation,opto,5,1.2389487090244564,0.4922200593057736,0.9667263958810756,1.138372282866635,0.6394200593057736,1.0395483560545309,1.1139263958810754,1.255082138090776,1.6101671546615066,1.3312368912741006,1.152065306122449,0.7460649572649573,0.621706336575302,0.969437860661506,1.2239464510744154,1.1806798842531685,0.5184184456370503,0.7993964813511611,1.0029897394773095,0.4922200593057736,0.2944,0.6116413793103448,3.0478648165190037,0.5227102040816327,0.4644413793103448,0.2944,0.0,0.1472,0.0,0.36115348837209305,0.9039936069836403,0.8457247822123524,0.4922200593057736,0.30446495726495726,0.5022850165707309,0.8457247822123524,1.2185235215135548,0.3450200593057736,0.3450200593057736,1.2739028179264633,0.30446495726495726,0.6961085904129094,0.3450200593057736,0.47179487179487173,0.15726495726495726,0.1877551020408163,0.0,0.8805066854327936,0.8982204081632652,1.0554853654282224,0.6699102040816326,1.3700152799581369,0.3349551020408163,0.5311948676824378,1.010638504942824,0.6656184456370503,0.0,0.1472,0.3755102040816326,0.8271751613465899,0.6494850165707309,0.8399515833919775,0.8634385049428239,1.2389487090244564,0.9929247822123524,0.1472,0.8228834029020076,1.063970029029028,0.655553488372093,0.652196481351161,0.9945050758765044,1.0029897394773095,0.7366636924537258,0.3349551020408163,1.0350601779173207,1.1273483601669647,1.3888601738048867,0.8533735476778667,1.6567665144926227,0.30446495726495726,0.45166495726495726,1.010638504942824,1.3845684153603046,1.2812805244220526,0.5184184456370503,1.0801034580953472,0.3755102040816326,0.45166495726495726,0.36115348837209305,0.8838636924537256,1.5268311146752205,1.0173706691979116,0.9563903796461937,1.3101661615226972,0.5589735476778667,1.0234149269882113,0.48215510204081635,0.9640149311006454,0.4644413793103448,0.2944
732548380,VIP,thalamus,opto,13,0.8993303991616044,1.1905577937912577,1.4253410640523256,0.9108914452073282,1.3560430633171958,0.6898032541833943,1.0233044907690834,1.176116627157826,0.9941076202792456,1.065151292196125,1.0902000778575411,0.8049716932486266,1.2159700806215048,0.7248455685270122,0.7456320318780055,0.8439126220847236,1.2644509223084828,0.911270010027458,0.7041944789344172,1.1520256632540122,1.1086930077947503,0.9590996725665518,1.141780413782559,1.1435410768761614,0.8539405758419416,0.6406828549694019,0.8428661204191711,0.8292599576581574,0.8568442627011469,1.0683413322912412,0.48408841768628086,0.7277790217597466,0.7048489748080944,0.5706809964221499,0.565678626994557,0.6008677029076451,0.5666452978430806,0.6298673172518944,0.4060719017807759,0.5075536403232187,0.3564419790659674,0.4281093607011812,0.4209766744765001,0.8275062261903666,0.515958007207424,0.32249813898722596,0.22924254466931665,0.3435317776337472,0.34863854753142015,0.3184203545830769,0.3577727870534547,0.43965337731288506,0.8169951551192748,0.5065445416498805,0.439227828888142,0.6778705591407597,0.5145252107403703,0.5250828827767696,0.6589893637117601,1.0459882378467635,0.7676010877139005,0.6314626495179385,0.864306864883646,0.7846095853978816,0.7122638128237817,1.1407582583386493,0.7851294312966357,1.2328189146019264,0.7383072897135423,1.0954530502455535,0.8206598981704519,1.0227024037478887,0.8054815350670808,1.1079991805522562,0.6133515869211997,0.6795046132788806,0.880926803099322,0.5213992309974969,1.103529234194734,0.8231781827909435,1.0652171598436566,0.7940906890599055,0.47497476973768143,0.8189834957202714,0.7580209245882197,0.8878887078165209,0.6678853777019405,0.9162346909279683,0.7050796375754165,0.8390544743328247,0.9873249477573418,1.0069850979829569,0.6795046688947062,0.7355209425432402,0.5644347591049896,0.9904266328094066,0.6342272718131087,0.5993048637474734,1.2041846467883348,0.8119086137819072
732548380,VIP,thalamus,flash,14,0.9941051909779862,1.42527960675563,1.07664842797923,0.9047152204099108,0.8988533689185816,0.9549560213113041,1.0977143163247134,0.9806228574942045,0.9371441252034008,0.7278521364410563,0.8929436767990083,0.9978258428013334,0.9747615380987779,0.9754561660500828,0.9030395179833082,0.9360203822960897,1.097610470120744,0.8935515148455456,0.8239395421217292,0.8101626544976759,0.9735852355219343,0.9376408485891358,1.0620204424304875,1.03078624317183,0.9963718783097837,0.7284768728812793,1.123072834150767,0.9076655274850104,0.8814626855968591,0.7745875075773289,0.6338450777041913,0.7726397884768026,0.8253421788865125,0.717643256777494,0.7522787453918415,0.5936060747923284,0.6453825981634471,0.6323001413321231,0.5987329714502502,0.6360531249539312,0.6722994476420301,0.6174539730281161,0.5688683316047338,0.571610606043939,0.639780402371961,0.6248441862804209,0.48846418318917145,0.4833907759062165,0.5851063000863598,0.5667128782570419,0.5470819750661409,0.501554403251425,0.5569946628793788,0.5491716849858648,0.710608986463178,0.5790924977893359,0.6524447817763973,0.5261671187853884,0.6104837402382428,0.800604405590452,0.7731843860628297,0.8898636246651271,0.7955574299899236,0.746933905955253,0.6090579297575178,0.6277670880867892,0.8911654006809748,0.7029980778318831,0.8534494296310499,0.6619505149452386,0.8095465257035874,0.8625120638542281,0.7944850244260747,0.7296016542621,0.6982977641348855,1.015576101122526,0.7532958963952945,0.7274420206601871,0.7270309589866724,0.6043279399289387,0.7295197138604846,0.5358270062362943,0.7363307192759149,0.8684510880180988,0.9065128667665224,0.8085385246167611,0.5821594069575404,0.6948512825786769,0.4701579520287759,0.6704795339155726,0.6177002816344511,0.5037528947814789,0.5513007612093337,0.798771229834671,0.6255397755689673,0.7354600770640982,0.6458922568547122,0.6929299063750285,0.9397580540487397,0.7779664132180505
732548380,VIP,visual cortex,opto,37,0.8793114154912178,0.8724676819329547,1.0824697142845798,0.919636092187839,1.067793306838421,0.994126046931866,1.0438712829389418,0.8207465494158572,0.6661609874613589,0.5569632575803838,1.100558438954669,0.5893806816600078,1.1774942500951857,0.8269111623911602,0.8902173661090477,0.8085036758519583,1.2218103850357922,0.7780882556561514,0.9586620501202403,1.2571975167042744,0.7096742626605667,0.7423605912914727,0.8822293183432816,0.70054224825747,1.0975105857234895,1.1559396481859827,1.0053531230829968,0.939177641345908,0.9303396063385381,0.8549040734242196,0.645081924601628,0.6622195823137739,0.5958406672588709,0.4108898968613275,0.45457333742375783,0.3866667202873079,0.30868713968759964,0.4037943055310528,0.2259836704126615,0.44480074557899263,0.39125959878708766,0.42083149259195574,0.45797587901465225,0.35011202569153815,0.3349721992000894,0.35069211859899324,0.3339346138498143,0.2969777887594537,0.3071489438440674,0.17166707333597717,0.34756128553756516,0.2329541645191895,0.3410733892100612,0.40397370665128274,0.24869346537572937,0.5092700570455538,0.4088962178531098,0.30083681084026687,0.2869706444106059,0.43314652538022136,0.4976520154095612,0.480658531972073,0.6475350651605769,0.4924864369063001,0.6635637937846728,0.6478847513251175,0.6573797000085879,0.5016998852735718,0.5562519815444259,0.7492224889391087,0.7624884629128774,0.7289946542478402,1.0408073633725174,0.6897489656216255,0.913228365077124,0.6974519890391893,0.8101587818960312,1.2763078202682012,0.7559003916574617,0.9722874569570815,0.873679548149845,1.0532665292125043,0.8785237582801226,0.9404234547450036,0.7597657783507511,0.6105816538179948,0.6313471099625352,0.9185920058891868,0.8559524677757676,0.5078753290401866,0.7778572239107049,0.8063769757052535,0.5079632882513468,0.7453011181503382,0.7035329865732176,0.7988592420001861,0.6476168495491035,0.6834521249261677,0.6898063831110559,0.6948875911467898
732548380,VIP,visual cortex,flash,35,0.950252244000828,1.1405864201930618,1.1636753111903035,0.8947708641712158,0.8579577105688854,0.986787219455143,0.995752701501505,0.9786736885160755,0.9918625463264192,0.8026368143457346,1.0951672389282823,1.0178795415192419,1.1967204314791233,0.9316938540054652,1.0596941683088745,1.3033689207991748,0.7852879574271546,0.9739476818188133,0.8661162723760762,0.9804230222243722,0.8387923312486429,0.9738150517733191,1.013875670828526,0.7285321800420442,0.985122461162847,0.8588625442948663,0.7016541101144852,0.8824557689502951,1.051646060992804,0.7656366854273092,0.6163037929991436,0.5284164304251854,0.4186029794323672,0.4062069332517305,0.26941152014064546,0.31908680876065376,0.29595596098066396,0.2812277049545579,0.25909146502798247,0.4349585460554583,0.34916615228864134,0.265468532215959,0.2671459947040959,0.23984575123539784,0.3540813472132508,0.30489425975216583,0.35286357236900984,0.32395869179453135,0.4567032908784818,0.4358279089733904,0.48197024464988386,0.4156123691377398,0.4667412110952272,0.47764124327664076,0.2959926152830965,0.5529552950159504,0.5417231473272768,0.4575970060527765,0.5886901885809487,0.6195564749911258,0.7761523107208373,0.6699175738204872,0.48425585151373696,0.5582103651945847,0.6405991780627973,0.6646915447252078,0.8566133911143978,0.5821517813507259,0.4431033187901575,0.7891691652585787,0.8925898450074213,0.8349710719411555,0.670681697099439,0.540272118720887,0.6311960956474107,0.8315364125231762,0.81415638565411,0.8274347524342538,1.1076255616365218,0.9763107644544308,0.47377648956926777,0.5125406821792952,0.2578598757870856,0.2878007292244569,0.3512700298999804,0.21494340962308792,0.38393271662510475,0.34755243369451744,0.25087275756691013,0.29021234882956687,0.3349344219995362,0.3145125477252566,0.29424626677469695,0.4347129844924605,0.4562426147489009,0.4755876401242294,0.4052347815877589,0.510158840807604,0.4712987310724091,0.456495063621024
734865738,SST,LGd,opto,21,0.9426799285983252,0.9307344430932932,0.8565965653862239,0.8882178336051164,0.8546256035597437,0.9603610804211058,1.1790105658285026,1.3020198764908406,1.0254203412709562,0.8700455901529852,0.9563194019950552,0.8275100953815892,1.1625642807751844,1.4067422174243123,1.047268083467228,1.0322081133606715,0.9607408965344891,1.3442206606368217,0.9628306955672327,1.1481035700198885,1.9165344237047417,0.826892972061057,2.8069931272505357,0.9440376782490367,0.6998426804470531,0.8199145793024178,0.49937613399951625,0.49451207359248855,0.5320393286735592,0.4706203999574139,0.6297198704522395,0.7454429387304287,1.027897827449587,1.482652755094478,1.4432659150646618,1.6198737144650752,1.1267068764142023,1.0067947561460262,0.6211807308672571,0.5916034947094637,0.4568893018082647,0.5074174089235499,0.6477517099917774,0.5292354880931901,0.40986881435517253,0.4073111965551737,0.515451107769915,0.3786492070134877,0.46470527922621974,0.41266125002969584,0.4658647192812103,0.334049725988163,0.6013671642444359,0.6757390456777438,0.6183915890013593,0.6189363432041484,0.7039891606377656,0.7053902781588972,0.7023619470265885,0.7756437985892125,0.8936235546970799,0.7880616173925067,0.8902467966559298,0.889761011597712,0.7868643500202873,0.7601163722406368,0.747676428986232,0.9228942191637094,0.947565239937379,0.8393720370125366,1.0265790872824412,0.8811967541353692,0.9525507690426561,0.9349421948211794,0.8300457120759278,0.8390866383091561,0.8263492211763186,0.9915676343430997,0.7894973998158752,0.8144140744674027,0.7335642231391175,1.0954970692798631,0.9386782820345342,1.099062254697212,0.8271263049550326,0.9357939621500749,0.8388943016793233,1.0360493835970286,0.9291540990691047,0.9311796935275405,0.9451076992253485,0.958320607212116,0.8289588375904502,0.9330178945621457,1.2926833893843994,0.9750482354687616,0.9368974613419733,0.9007298495047555,0.9349318991651362,0.8982410682707703
734865738,SST,LGd,flash,15,0.9364385109719756,0.9536903687352873,1.0274730924284656,0.7521092936104059,1.0500920306047326,1.0248443607740545,0.8876544444751954,1.048929235131472,0.9102028436617595,1.027607372771435,0.9655136890351704,0.9141751560552581,0.9509510984878365,1.0749676025710104,1.0456922022468562,1.0595758228502068,1.0293674890685616,0.9891603167577173,0.8650137927446889,0.9695025330345373,1.0931425076747014,0.9840519206913638,1.1171084863456682,1.111878190004709,0.9751914130573313,0.9472062374729358,1.1663829621155046,1.7594929180125256,1.4908265107446992,1.0248275909043418,0.958935430428194,0.673119097334115,0.9205260019625915,1.0147953312767224,0.8236383141293067,0.7739804946053658,0.665698269950962,0.45564755842596566,0.4633705756823183,0.40746638396343504,0.37842239647809883,0.4543343113932402,0.563765632171956,0.5099745151900044,0.6122486194707267,0.5153205591694082,0.5291074380316361,0.6459101170621576,0.558332251648569,0.5402765507054863,0.6209629045497284,0.7643260042996113,0.7166090991748859,0.7452297757949699,0.7992730680323684,0.9215179616148151,0.8104451405908516,0.8548374604353337,0.8152025459511897,0.8939207210627028,0.9192658692367374,0.8462508704614979,0.9304029320691825,0.9697858490766433,0.9116344283597322,0.8019325288860916,0.9152844387258817,0.8451811738804568,0.9643129950437218,0.9153859527384696,0.7483582670911322,0.7552016910823692,0.785099543071114,0.8181870911814898,0.8475496696133218,0.916246902339901,0.8348860443137303,1.2057049620997033,1.294877679178723,0.670084866480363,0.6964433558873326,0.6306264177461486,0.9263293141960424,0.8646496706801552,0.4914902211739204,0.6472119599300897,0.8613665015287779,0.9074904393665719,0.7282788054881456,0.793700639155557,0.8562778583622842,0.8943985859270192,0.6704561012907531,0.45125100674991775,0.47600171082717896,0.6145142598287624,0.6694930690713179,0.585737465462465,0.5672736346038647,0.5651099970160531
734865738,SST,hippocampal formation,flash,4,3.208564996473873,1.9022972980499842,1.8712633050568963,2.561073065719044,1.323284336933334,1.9483867079541537,0.2436440677966102,1.7578271018562464,2.063878246667427,0.37213568790834206,1.4340811364788317,1.5185386821990168,0.3544408673421078,0.7886445412366254,0.19491525423728812,0.8550681753621816,0.2746780607896979,0.37213568790834206,0.2259492472303759,1.1460639032622801,0.7265765552504497,0.4695933150269861,0.6778477416911277,0.6291189281318057,1.6293354817445145,0.38983050847457623,0.5626952940062494,0.8049622083470259,0.5493561215793958,0.6291189281318057,0.5803901145724837,0.1461864406779661,0.09745762711864406,0.598084935138718,0.34110169491525427,0.598084935138718,0.2746780607896979,0.7756444598381667,0.6601529211248935,0.37213568790834206,0.6294580191602005,0.5009663990484686,0.4208645014676641,0.2923728813559322,0.5807292056008784,0.32340687434901993,0.32340687434901993,0.19491525423728812,0.2259492472303759,0.2746780607896979,0.32340687434901993,0.6601529211248935,0.48293248745383954,0.8550681753621816,0.45223758548914655,0.19491525423728812,0.2746780607896979,0.37213568790834206,0.19491525423728812,0.1461864406779661,0.3544408673421078,0.32340687434901993,0.1461864406779661,0.3057120537827857,0.1461864406779661,0.4031696809014298,0.8373733547959474,0.7756444598381667,0.6291189281318057,0.7088817346842156,0.2746780607896979,1.0990513341871866,0.37213568790834206,0.7579496392719323,0.32340687434901993,0.2259492472303759,0.5316613010131617,0.1461864406779661,0.45223758548914655,0.5316613010131617,0.2259492472303759,0.4208645014676641,0.3544408673421078,1.0503225206278646,0.8066784528312543,0.5006273080200738,0.598084935138718,0.2436440677966102,0.7265765552504497,0.4031696809014298,0.5803901145724837,0.2746780607896979,0.2746780607896979,0.5493561215793958,0.48293248745383954,0.6294580191602005,0.5803901145724837,0.8243732733974887,1.1741194015718208,0.1772204336710539
734865738,SST,thalamus,opto,5,0.5347156490914949,1.064678892925614,1.2942678083968313,0.9404660077715524,1.7427076586732255,0.6828219429364666,0.960051441945222,1.3133258773831138,1.019065447547463,0.422872511836593,1.4022981303896476,1.5401228333336356,0.8143172067877442,0.8878945792001238,1.3916430841708582,1.063611591668828,1.5220043543426436,0.8231563724129842,1.5224733149897127,1.2608499541409484,0.4914032869785082,0.9334834946713414,0.8809120660999128,0.5660234307407401,1.295921491238412,0.6514186559579584,1.0071563724129844,1.066074872685962,0.19714285714285712,1.3710815710700426,0.799496136896373,1.0993185701649535,0.49105007856801264,0.7063578602172577,0.8456249884369893,0.36888057359788295,0.2692997198879552,0.40328707766292354,0.13142857142857142,0.5184740695328423,0.29390722142515546,0.2886274509803922,0.36641729258074907,0.6852852239536005,0.863029374581691,0.0,0.4567390798322351,0.5893304578468557,0.422872511836593,0.43061556329849016,0.41898872115217767,0.49386656799564205,0.7104326615601994,0.7854060137329267,0.6539774423043554,0.391378002528445,0.6854719516125034,0.5383417366946779,0.7089166465636547,0.9168345851614982,1.0124361428577475,0.6907517220572668,1.160729164361622,0.7706804491708188,0.8628426469227881,1.009619653430118,1.275035582633658,0.7761469472744851,0.8599306521658955,1.0625442904120421,0.6131283612085024,0.8873546431307251,0.43857415532584715,0.9850121518929177,0.6578612329887707,0.5671862373267891,1.1002946490920995,1.0179026409614138,0.5347156490914949,0.36243799656707065,0.8916161721325698,0.8964760417441312,0.3636008031531196,0.8482083046903199,1.0501865015378047,0.7524867117578738,0.8231563724129842,0.8848913621135914,0.9727498683479435,1.1962029696834484,0.8792583832583325,0.5236161721325698,0.6907517220572668,1.1435115058758232,0.40972965469373596,0.5328752385910116,1.4772250370469793,1.0409274350793631,0.8441377863470014,0.6790293745816911
734865738,SST,thalamus,flash,6,0.8690108833723739,0.9107176159359979,0.936815138358822,0.9884789487105302,0.8021081735756681,1.0087552164365412,1.0944514010941695,1.0205016099666082,0.9893093323292379,1.0375049150251177,0.8762710745923717,1.1593304450797497,0.9195903223956158,1.004037154709038,1.0456923099265387,0.7953890346468148,0.935510061198025,0.9981304723701384,0.9244840361743,1.049664399699055,0.873574956663325,0.7894151762894127,0.8807222215332781,0.612583351413522,1.0679082540132565,0.6529928533051773,1.0096841704852115,0.954276298824035,0.7499785811371286,0.6902332418114273,0.8886245414811381,0.5881311485660055,0.7368294237009853,0.6826328321038567,0.8217484576834622,0.8342739505200512,0.8761072436551453,0.9911338547885687,0.7867557932538994,0.7767997913596512,0.8749489350616075,0.6365435068940264,0.9418889152240696,0.7460144249021621,0.5848819730817133,0.8440178646456328,0.6016107783378436,0.9419920399827557,0.8600519554833657,0.549773064587732,0.6284009280921597,0.5893294983469015,0.741186305573995,0.7015855771021228,0.6324700868457004,0.636159018754877,0.840232700031034,0.5416262828275674,0.8198073762709622,0.875513557130196,0.6711867041440525,0.7650394831289585,0.7633154372426633,0.8670286783789138,0.7424569086679517,0.8372649179091146,0.7862133845413698,0.9598295644193978,0.9594940953381009,0.8366213586235389,0.8675020158572743,0.9147243404433576,1.0026119568348235,0.8341907597777197,1.053370620596901,0.9362563954508438,0.6519233734173646,0.7899862807043521,0.8488258893091848,0.9747954261806216,0.8960575649909998,0.9706873539702802,0.6930444946356955,1.0349732789374269,0.7259787358396913,0.8879474205058969,0.9300876631151805,0.6726382256349351,0.8355011712784804,0.9356170881116297,0.9005067948416849,0.8826958190328241,0.6840628158176734,0.8654749664096818,0.7895042964500935,0.8729652760282905,1.3774064624554008,0.8076370771852655,0.9229762114131619,1.010787662988225
734865738,SST,visual cortex,opto,58,1.065246708392038,1.0824906443432982,1.0805556540310997,0.910440948688024,0.8676535711585568,1.0925403966635594,1.1807325660988843,1.0077079678991219,0.8776667747367843,0.8807146477820951,1.0434996610188372,0.9077932241462936,0.9986813023198529,1.1682926518985204,0.9491003531555126,1.0061093905798653,0.8747697400792586,0.914590252258365,1.0043673235919794,0.9044893650761424,1.4179409703234147,1.341938859761295,1.080963603373551,0.5248811624187338,0.3022979842797246,0.2838335447279327,0.5757995391022571,0.4966131973773475,0.6097412984164192,0.6385208556747463,0.6015986888831141,0.7574345275271075,0.9180951158248303,0.9267759434350206,0.861934062972645,0.9174759122241656,0.8888524329591811,0.7462024127310928,0.7599235617626772,0.7088518686599805,0.7925055692356447,0.9100502969850032,0.8525068832046564,0.8804732309845806,0.816132081884499,0.8106384091078244,0.7582609356112829,0.7506963891721192,0.9267449535490253,0.7316437927811665,0.7539463498888385,0.7253413143291243,0.6803727336252937,0.7717862372421284,0.6696604516864745,0.7333541970740809,0.621600623195333,0.6596050301951095,0.809895661963331,0.876820390611267,0.6775431008330878,0.7824875922431671,0.7197188080085513,0.7753786024868482,0.8526616212861038,0.905259045293149,0.8084997191413962,0.8303563435825674,0.9768450410489725,1.0471641814143353,1.075310307833734,0.7570878640908694,0.8366839600272484,0.9701631704781647,1.0521135688951753,0.9577852137422697,0.8769870109745906,0.9255717786631241,0.7607743404620959,0.7613270305249984,0.8073788066073861,0.7570226016459632,0.8539518540942082,0.7709663051578942,0.8130182014224924,0.8873939826080449,0.8933309222529714,0.9248525626543428,0.9446236006925111,0.8943524478582106,0.6761655702864777,0.8260287877387719,0.8617126240854855,0.8445480850896382,0.825024202589796,0.9040643959305698,0.8541143743729701,0.8667129768536304,1.0589882502319778,0.8509183916653209
734865738,SST,visual cortex,flash,58,1.1044061881987155,0.9759115832827786,1.0020532150627672,0.9822648525486761,1.0158094577936758,1.0028504658521427,0.8837197473988977,0.9202130638220773,0.92431090338009,1.1290105682880243,0.7918240990559018,0.8595822303902224,0.829844024163692,0.971575616793283,1.120323080886099,1.0386023299942813,0.8675991507500294,0.8806045019887484,1.0109077682224341,0.9882779331207064,0.9905836874165377,0.8732872084184145,0.8685295507151228,0.9528937102309679,1.068544215970956,1.0071728602661543,0.901716269101586,0.9758749269122275,1.0605523008324858,1.0928458437486028,1.021647521168063,0.8916820439633804,0.48869836017232887,0.3502269241030457,0.30394102950445423,0.4683876532486313,0.4277893768489369,0.42369134044901774,0.3417955706002983,0.3650457771744366,0.28383587929582654,0.3349086591979542,0.28112467655018913,0.3119901246895286,0.2692065709558921,0.29102873119834266,0.24235763499876337,0.33533493256530333,0.3094859777661472,0.31896601619836484,0.3682732942611672,0.33823337782012003,0.33606979780135016,0.4137055887476836,0.4614276646672573,0.46328116509183903,0.42702842555363574,0.4011388333224986,0.5011011237625047,0.5576960317081251,0.6447228051389327,0.8885484889145165,0.6015116070503503,0.7523697855225263,0.8826860653948683,0.8703641493908738,0.6601719869660059,0.8652890721277834,0.7154189062410299,0.8052282871046834,0.7701672702206162,0.7865812613422372,0.6977794248583671,0.9095016991445687,0.6778263607351527,0.8803073534731705,0.9473461345795645,0.8130760585291177,0.7286903823383122,0.8020230159149532,0.7576087670009578,0.6443650203704778,0.4689692917438535,0.38707224814554714,0.3399121079462366,0.432534355450854,0.3362565537422916,0.27321563684314404,0.2984262059826522,0.37392585434106246,0.43704400483647654,0.3167618828435856,0.2898296482632857,0.31946346808746784,0.34708917384803195,0.43485753585499587,0.33326903703445143,0.3562071814541117,0.4004790161031432,0.3790067258985924
735109609,SST,LP,flash,3,0.8734036034679425,0.8353145375251362,0.8567122740012826,1.1296985984986303,1.209454565208784,0.9395484126841214,1.1994826654386523,0.634074280438179,1.0498916095718038,0.7241379123520311,1.0869031255463373,0.8650579387346126,0.9112079261938552,0.9793147358804025,1.1491343345044085,0.985698400143364,0.9264963409413047,0.6299269591798505,0.7744352210696022,1.2030709009458227,0.8661761102369291,0.7833399715540903,0.5192583975412309,0.9687327281424397,0.8858965894596009,0.7152331618675429,0.8330781945205032,0.9147961617010254,1.2030709009458227,0.7371899840948478,0.7152331618675429,0.9845802286410476,0.5737540497338033,0.7360718125925313,0.4914769968021228,0.7127630978626892,0.8147606300170415,0.7619422350779438,0.7282852336103597,0.6299269591798505,0.7477719918328106,0.6915990823867636,0.7922447220385784,0.7413883275698492,0.6779879248927886,0.7803108217980782,0.6957974258617649,0.9709690711470725,0.8750808607214173,1.027701066344278,0.7294034051126762,0.7900083790339455,0.69271725388908,0.6738406036344601,0.8389537952489793,0.5784604567432902,0.7933628935408951,0.8241734440360151,0.6791060963951051,0.6707604316617752,1.0368395378289872,0.7900083790339455,1.2984000256203199,0.8200261227776865,1.062150874563241,0.6151976301835591,0.6571492741678003,0.9237009121855135,0.6323970231847043,1.0882550180488746,0.399736107634796,1.0485397170692663,1.2069845012039302,0.8442192880096243,1.1574799992377385,0.8317263020179658,0.7686106425577991,0.6121174582108742,0.8756399464725755,1.0888141038000327,0.739985412850639,0.7833399715540903,1.003792644329234,0.6696422601594586,0.9242599979366718,0.7483310775839689,1.0124126515968284,1.0237874660861703,0.78809740078025,0.9726463284005472,1.0679754530750445,1.15333267797941,0.8786690962285876,0.9590351709065724,0.897037682948722,1.1710911567317133,0.7777897355765516,0.950415163638978,1.2523010603777502,0.9253781694389883
735109609,SST,hippocampal formation,flash,4,0.8368850443129479,0.9232157710022949,0.8711299183609853,0.8797965850276519,0.7388497014452095,0.7888614824011222,0.6728497014452094,1.1875517109796143,1.2281150793010969,0.9804632516943186,0.87638351526096,0.9925368719197261,0.9498588757571359,0.9791242536130236,0.8226906800384816,0.7425368719197262,1.037796585027652,0.8608968252688606,0.6149529997903936,0.8476257826650113,0.8336135502491091,0.8765250909638131,1.2450266200158009,1.265631447412973,1.130861482401122,0.6023717343050472,1.127956057894369,1.020103298345184,0.6728497014452094,0.7391238021530342,0.6341268602570097,0.4208614824011222,0.6578645405050978,0.5171917576304801,0.5667878621757146,0.4397612421599136,0.5856876219345061,0.9115517109796144,0.7872889397677132,0.3530148390598883,0.5051181374050725,0.46718609288251833,0.741197873838431,0.5181150793010969,0.7146963447864434,0.8856994028904188,0.7480240133718149,0.7816196664570603,1.17953426527574,0.45644535453045476,0.8023660695570856,1.0887255714462305,0.48018303477854274,0.5233686762010716,0.45077608121980195,0.4131181374050725,0.2971063564491597,0.5740235619118256,0.5749468835824425,0.9265368719197262,0.7416135502491091,0.8413568952451589,1.1740471238236512,0.6073512304971972,0.48635995334913446,0.9338645405050978,0.2749351026265297,0.6418702052530595,0.7946166083530848,0.610115079301097,0.5471063564491597,0.606702009534405,0.5505194262158516,0.5181150793010969,1.0220357943277276,0.7489412188344808,0.8756078855011475,0.7224396897824931,1.106058904779564,0.7128558176531604,0.655100691701198,0.47953381381575055,0.4594427478864686,1.0681268602570098,0.632286333123727,0.8687817459677636,0.8626048273971719,0.5610266200158012,0.769271945523828,0.5582627712119014,0.9877909202796902,0.7208732633570349,0.9295281490677889,0.5480296781197767,0.7801948157344556,0.6415961045452347,0.8206166083530847,1.0851860928825183,1.2526345055169485,0.836103298345184
735109609,SST,midbrain,opto,5,0.7136551862374398,0.5279888407112009,0.9367222929481109,1.1806260150032561,1.3181495416707196,1.3444623313301711,0.7545440751263287,1.4490166079070808,1.0085502649001958,0.7591368583356511,0.8638966020299683,0.6040218985624406,1.3738574752547759,0.5891260043551924,1.1689753030347352,1.4097186024118247,1.3409742036257142,0.7253784426068337,0.8428935537745377,0.6258519277617643,0.7059662777450362,0.8831892782358512,0.754420281359206,0.442091955495761,0.4015185564734748,0.549503380043922,0.8163890680156065,0.8812103605747426,1.3066991360240947,0.8473372800282142,0.819437912086338,0.7591368583356511,1.223096658336366,0.6840972143392613,0.673674951642729,0.6641266141451314,0.32517000875563246,0.6622671851399375,0.20444444444444448,0.24810450284309207,0.33337040832532666,0.5614695818790457,0.2982262393629759,0.167359173126615,0.4848012391833927,0.20690012408760056,0.42334858567279865,0.4572264900575308,0.4639219846950848,0.4410595074344603,0.4569110001909282,0.35139681995359096,0.39545834668033397,0.5539001620425568,1.0079192851669903,0.44137499730106294,0.5465736876717975,0.6534266768876262,0.8675038814330319,0.7756193308253244,0.5174080551523026,0.933430166454342,0.9176164890035039,1.2628762496518733,1.2154503889877961,0.44617324762779303,0.7807708863242873,0.782630315329481,0.6869890914057559,0.31593716112463754,1.2230198088242852,0.952526841449537,1.3053468929849834,0.8445222524738007,0.831801277138349,1.322230833802752,0.8996717507255244,0.8849718577289641,0.7369913392697247,0.622048310190705,0.44137499730106294,1.1676273651068318,0.9816924739690318,1.0288753891673794,1.2101449526949835,0.5238697332735388,0.6571924791530557,1.5002808152374603,0.6705066189160827,0.8666299562340971,0.8573971086031023,1.1860930603688213,0.8577125984697049,1.26557212550768,0.6619047510182932,0.9271739554505132,0.9214639646192182,0.9131818916992394,0.9740035654766281,1.255430623582507
735109609,SST,midbrain,flash,12,0.8751477890427318,0.9522619816015913,1.1943292265688374,1.0623463675739642,1.0255416042827703,1.0266431814224715,0.9234569464321843,0.9841406843934452,1.1076502079720227,1.017603746302499,0.9650614508248473,1.1484288303971386,0.9612133094534383,0.755594106692369,0.9341543435848237,0.9722054606687881,0.9173957939843058,1.1132764807308357,0.9377696486672936,0.9643206169228051,1.0520283926098013,1.0870612994436806,1.048265848661535,0.9067471184032517,0.8690041838822733,1.022371504079504,0.9368342460338036,1.1526613395613223,1.2006968192170904,1.5147122122141967,1.1048670877936975,1.0148898980447985,0.5204490732567227,0.5457497952091901,0.3487437261958924,0.3902194018580558,0.5022802367863162,0.4534799647795385,0.37913051614675314,0.5690758115725846,0.4472240087102067,0.5731331578710387,0.48144323185500437,0.4934206572791066,0.7874571127786503,0.5300851606983452,0.6173154930285012,0.3672789241640031,0.5295789703448471,0.526035360740524,0.6747477879129344,0.6439592136798069,0.5661403408075308,0.6434434833078887,0.7039852853868007,0.7676282166580606,0.7568847313362679,0.6522428324425417,0.8181236090107542,0.6825222678329245,0.7378025783527185,0.7982491245930746,0.7966731285619106,0.6964546366412051,0.8513927633740311,0.8247714848530364,0.800326434117716,0.8460612349170967,0.9344797721419292,0.7962837112395905,0.885125504083213,0.7424746208445461,1.0500476554225662,0.96655944440271,0.8938471117007848,0.8779636247554268,0.940152480935958,0.9161367149072923,0.9668244578926527,0.9525844214465101,0.7090787140831458,0.36137997116743953,0.42574568386301165,0.3602485325906521,0.45619618833845316,0.33500974926671806,0.30710231922920056,0.4765480922869049,0.4784975545970854,0.7108462314689202,0.7302193106515825,0.8169479061674046,0.843157501763853,0.7991472662894282,0.9044888784531477,0.8894101035598783,0.6903893197054419,0.6036632100608553,0.8216245776859598,0.7030418435856106
735109609,SST,thalamus,opto,5,1.1088085351709887,0.9901423357919198,0.8597917026809793,1.0777592348551863,1.0414715850830192,0.8954274486437572,0.746652407003922,0.7195702297857907,0.9317000812879584,0.6483741391134666,0.9873106511452778,1.2663552727535499,1.1553594633042383,0.9058271925961119,1.42695902524808,0.9186620819069784,0.6548715351264462,0.7712556230442177,0.7929701908111266,0.8941008123654617,0.9882811434562457,0.8092529824328208,1.02403833788233,0.7708575325781112,0.6250941388529452,0.8703087943853447,0.6488291932063175,0.5806810450581693,0.9401816692778947,0.7419367013620889,0.8264111388086859,1.0170276632935127,0.5352974589524259,0.6123765972940893,0.7699893708911881,0.6531468083820444,0.5400281817222249,0.8399192094104826,0.7181809779914788,0.30151342380861496,0.7992059619492722,0.6557034022038624,0.7073887954622894,0.5377310531329614,0.638327118629918,0.5128890408773489,0.46211717630314525,0.924530112448352,0.7335574439961975,0.4011389969946036,1.232402307036395,0.695901211446956,0.758914894469927,0.626363811504496,0.9465404400573225,0.9173601436087455,0.7760523818285545,0.5818483870856757,0.8369282305130513,0.554868540491589,0.7107359183270484,0.5867440559955357,0.7641063232218487,0.6691545091789146,0.8917069332929545,1.1319862048074654,1.0871543515293458,0.8232971602699722,1.023583283789479,0.9457862056238886,1.016072188110511,0.45611112899252343,0.9389723807516097,0.8534686180467548,1.1965277648583001,0.9897442453258135,0.9457862056238886,0.9148242188041651,1.4641239090949636,0.9062856671874844,1.197374649063682,0.8168210417385335,0.4938333975563027,1.2392161319086739,1.078795763180692,1.1850551979709325,0.9579106763206452,1.1644359914768194,1.012725065245752,1.016072188110511,0.9583807475414622,0.827973150803777,0.975461271273345,0.6975599021768201,0.5721424934414887,0.9144261283380588,0.7068526882269348,1.0016299198072531,0.8030741749214199,0.6663228245322727
735109609,SST,thalamus,flash,3,1.0086563825804176,0.8939042032942234,1.600230740892928,1.2828016590445255,0.43501129930156934,1.436942746364094,1.6364973574358512,0.7404634357737332,0.6883972625650427,1.1627974698999861,0.8868870144528528,0.6451134571807483,0.8534504360769019,0.6883972625650427,0.6394533808468026,1.2395178536602312,0.762287608158315,1.0381980636054484,0.9262759224862269,0.9262759224862269,0.530361277894554,0.7946593273503185,0.7946593273503185,0.9734546252214415,1.005826344413445,1.4115882160134612,0.5285960989115287,1.1483550257416442,0.9526953120208069,0.9076463276534873,1.2475999016855495,0.7848121003419749,0.7819820621750021,0.66304273221441,1.0381980636054484,0.8967342414611963,0.4645529803265998,0.8534504360769019,0.4744002073349433,0.44202848814293993,0.8840569762858799,0.6964793105903607,0.6099116998217721,0.7946593273503185,0.7218338409409935,0.7063265375987043,0.3987446827586456,0.5205140508862105,0.7277861705984168,0.6493006078551461,0.6728899592227534,0.40157472092561847,0.632436192005432,0.7190038027740208,0.8995642796281692,0.9192587336448561,0.652130646022119,0.8939042032942234,0.4448585263099128,0.7739000141496839,1.0392629227893957,0.8977991006451438,0.7974893655172912,0.7425931541416281,0.7513755219660241,0.873144890093589,0.994914258221154,0.38889745575030205,0.9273407816701743,0.6964793105903607,0.7876421385089477,1.144460128390724,0.7190038027740208,1.334167512454138,0.8280959057262692,1.3918937619967744,1.1708795179253042,1.1120884091987207,1.2395178536602312,1.1807267449336478,0.3290414878397711,0.7721348351666585,0.7063265375987043,0.9498652738538341,0.9135986573109105,0.9822369930458376,0.5637978562705049,1.1149184473656935,0.8171838195339781,0.16788321167883213,0.8742097492775365,0.8868870144528528,0.6296061538384591,0.7612227489743676,0.9695597278705211,0.49692469951860324,0.66304273221441,0.5736450832788483,0.7721348351666585,0.6296061538384591
735109609,SST,visual cortex,opto,22,1.305718756908851,1.0788278421256143,0.963220563202749,0.9233799796526868,0.9064347651929379,1.2655366797414773,0.8161810399850857,1.074091437115172,1.0874271979925785,1.3143588414104685,1.0149530718156492,1.0039528896083045,1.0294111645658701,0.8868883905671102,1.0384596841647034,1.050913795563788,0.9625010727233465,1.0550021931046552,1.1857193571221096,0.8256939335077466,1.0591642379919983,0.9952557178378466,0.5479738340579577,0.5153198680061472,0.3686094603608536,0.6027971895580925,0.49722630346860464,0.7650494066831783,0.4544293291614981,0.8670379305846837,0.7564606757335475,0.8313213186758994,0.7702921223314907,0.9537690660336946,1.101677101180387,0.9930919258174032,0.9804327299226572,0.8971757301163695,0.7233408428556236,0.8152755678389819,0.8502198327580097,0.720426668766997,0.599400990550536,0.7200013998852058,0.5071461000357099,0.6991115680962905,0.8436188764556672,0.5653870891020145,0.7075552309694784,0.7864805880017759,0.6239243311710674,0.6612038180306093,0.6627260526712058,0.5645915570096768,0.616721228781226,0.5978130862291225,0.6077331558209867,0.5323428761201454,0.6027072029453978,0.8250273040787615,0.6307393820066546,0.710439648613875,0.7253481905804754,0.5667933884128525,1.0692797082580152,0.681327003341064,0.8324337648853407,0.7271806128553912,0.4067342569576393,0.7641271178464772,0.7235860452087306,0.6949829057020195,0.6193862121132848,0.9608483530437764,0.8586236548334484,0.8191584824856917,0.6592002990151905,1.074478229062056,0.6702621055119233,0.8448421293780729,0.8461311233736596,0.58030700626954,0.8546775646119763,1.0922353719307105,0.695102560091902,0.7821162317559712,1.005952485532284,0.6795790636300683,0.9221645536101435,0.9901865872009519,0.8786459993660973,0.7524332557436552,1.1420624186946884,1.1293007898351932,0.8151937855673977,0.7742299899039824,1.004654807199669,0.8149777575273266,1.1021008801531187,0.8851719091216247
735109609,SST,visual cortex,flash,34,1.0039118740271131,0.9614325539873356,1.2954182735950048,1.0223242352359367,1.2469473443359607,0.868432097628182,0.9379037628287241,1.1046456690439477,0.7569959317479805,0.9771623991127051,1.233484193893539,0.9669337825747683,0.8505428992986606,0.9835854000824377,0.9838156164584916,1.0856387865100585,0.8868955361552134,1.268814247251629,0.9871040012724547,0.9343826897236371,0.9790467500708078,1.076357265545372,0.9809806609454776,1.1425848159596645,1.042091309863972,0.82827346935382,1.0028693668978013,1.0518597839223716,0.8910074321302124,1.1156842709229322,1.1764537113688247,0.7144447511471701,0.4575352020326636,0.21769687022429893,0.26470589449656845,0.144913972938777,0.26724874559074635,0.2624121141708728,0.24987330907890926,0.295204646466295,0.19559433821806976,0.2110902817753443,0.23655280296204725,0.36214613310671134,0.2426847285652484,0.18719632015313042,0.23168039651527672,0.33890131623729064,0.3616637522692118,0.33262321113924154,0.2881972111052648,0.5639537562287609,0.3631345412489952,0.5414652170336283,0.46265755544973525,0.46232155042506795,0.6277163639892904,0.48233062466216375,0.5900523455418186,0.5186373675816582,0.37739894849275873,0.8189447265455417,0.6896004112516645,0.6595874143677605,0.5395674466313891,0.6210278080848615,0.6633464898844094,0.7463028838745802,0.6336725838747072,0.5182652077352694,0.7040861693641624,0.6260674027944114,0.7945843275047213,0.5298742650011442,0.7457842243208664,0.686578118336093,0.8506621607375293,0.7427224916560685,0.6972982202279453,0.5141043250764824,0.7618272045587368,0.47438629682913125,0.23939131452497708,0.2502044041478734,0.16759921116552584,0.30463159486147584,0.28729490962803766,0.41076626920820924,0.49337233261453095,0.4808895442573254,0.5066560937178713,0.42409781898641713,0.4526343504033717,0.48686106382253186,0.5717920841591457,0.6887664670459638,0.6519843330647921,0.6188264686844268,0.43645067721558256,0.7475738445067196
738651054,SST,other / unassigned,opto,30,1.2178511072957423,0.7868343261524742,0.8151318029903439,1.0402640301750183,0.9281864747611642,0.9950050812928258,0.8717097341478303,1.046286848428991,1.0270478144336237,0.8890678592939031,1.251558479679286,1.0059202950686899,1.0991691129293575,1.0509483853896289,0.8537673268638849,0.9586770368696276,0.8491572919016933,1.152395473882728,0.847020222075546,1.1726169512928508,0.8085959144093704,0.8758429367748203,1.192277056840392,0.9783363705579381,0.9374917420311699,1.0617985714692044,1.0610022928928933,1.1557145937507118,1.3091053026366024,1.2158040258530451,0.7439032282303195,0.7107082167025277,0.48450677674183656,0.5643504008775031,0.47413833297189184,0.4096151107345543,0.43721934793067274,0.36363525641546407,0.2965217512180447,0.4308362167459371,0.30199680033897763,0.5123392839610498,0.1812616336485192,0.23428784965500946,0.19231956298090983,0.4141774535827326,0.35570022752381153,0.39037051518270477,0.24002054619129137,0.2752378676283651,0.32722147128324347,0.4243163107914166,0.31791870250250237,0.34810838196013943,0.2640425750114881,0.3123813702776424,0.40490702519507704,0.3978815812811794,0.45054886129070554,0.3786763488587196,0.3977712938800288,0.3584610176868534,0.38504331443934803,0.32761278197010735,0.4219297560242831,0.3359685515809634,0.3503485043605573,0.5863358861494927,0.5858369268006031,0.4968694233734713,0.3277569899538756,0.3993233519085254,0.6764020706329942,0.34494616634689457,0.5825592238113214,0.3601763409429513,0.6885836348265018,0.6934512512422332,0.6261771134689954,0.4612221788207595,0.6353400779165074,0.5634379120332303,0.6793004209390432,0.47279486959152234,0.726130224380755,0.565807038522634,0.5493921818986036,0.6632012774021032,0.9674637059070067,0.9040995894491216,0.7728548973130916,0.8872134148796964,0.7282612499697014,0.8211692167494676,0.8759934995213057,0.7743161249033882,0.8874734163594298,0.8720189252052758,0.8229959742687388,1.2000693094637904
738651054,SST,other / unassigned,flash,45,1.0893837329136746,0.9876501348523712,1.0989066445766842,1.0823424867261997,0.903616416623101,1.0338656916317708,0.9970724584715671,0.940026067689714,0.9599702368799691,0.8400579818189232,1.0315447844220063,0.9156336200991174,0.9083588058128683,0.8865791902329627,0.9154813528227524,0.8454151906045169,0.8344202537849345,0.8215441174277607,0.9911061807635,0.9758739759156088,0.8384764186685626,0.814863598876021,0.8697131503271943,0.8607693491530249,0.8603356316202168,0.9257846261659394,0.9286008974584653,0.8473447353658289,0.9017754908519334,0.8488381259321897,0.7954947139073659,0.8196347374207305,0.7237241249751967,0.7674182706950528,0.6839660656904094,0.6459892944033736,0.6927580289019886,0.5271631348930194,0.5932636970150529,0.51903046504241,0.5853379512440521,0.37313359742855845,0.4320723727492023,0.47319810676612434,0.3503583689650397,0.35890668535943404,0.3109441681434667,0.4106086402792668,0.35089724716715015,0.3843590710043547,0.3569050837288809,0.32689246890783785,0.3287753705236697,0.3222746741873413,0.30226989918450115,0.2989457542433511,0.40045762840805826,0.36669030763069016,0.4373578117771258,0.4753267247475422,0.4438248501742755,0.43374722650610725,0.4640065833040829,0.5350580638862035,0.5275367997358384,0.620867956767182,0.5507893597746757,0.6199260894789262,0.593340941506526,0.6287649435456397,0.6915086159961471,0.7021382974873296,0.7939801251475168,0.7259639932532317,0.9106004768639808,0.7432171282441634,0.8022416872412432,0.8115444010242409,0.8483722350367955,0.7618253110455121,0.9379411040968753,0.7726931859952568,0.9546750625864665,1.0223744805350485,1.041932300905205,0.9885773605434466,0.8135441387962347,0.8471929484556384,0.6916372426901336,0.665127261035713,0.7741312234089411,0.6333491255595226,0.6952091687275511,0.6304234961710402,0.5617723819498001,0.510352430249127,0.45192930714161306,0.5440018523650547,0.6500698330383781,0.523285593484058
738651054,SST,visual cortex,opto,54,1.2147306767670318,0.7831892405665936,0.9116951646592552,0.8577900782451158,0.9807479409004936,1.1542389121186403,0.9341565079091679,0.8531934316086122,1.1784991189060772,0.9749976194037058,0.8738801913370685,1.07509405256237,0.987620083582334,0.6521222956790098,0.8653393157101232,0.9222828436172194,1.0309855171301452,1.1867435253927157,0.8252763693921528,1.0418184437732643,0.9075986149998699,0.945149396542443,0.8285696597263895,0.715442903505757,1.1850710343145456,1.002394160236693,0.7992935241229815,1.3462681821655893,0.930610821249643,0.952180785363988,0.8420228731242735,0.5685348847547224,0.5955362370924479,0.3626204398729244,0.32331364859864364,0.44460022822426054,0.36994183107608797,0.4449459961741663,0.4227187058114573,0.3121293723127092,0.40822646296956017,0.31601706969423415,0.2961122663901496,0.30970310763260434,0.3097147868945356,0.3374135877471515,0.3446783435524629,0.26492471140050633,0.2809122904443142,0.21552139513460375,0.38686899797037483,0.355888518855733,0.31605745942192653,0.3526189989750695,0.3228687593022562,0.3852159026144317,0.48167540310918955,0.44445355286912014,0.34193802335559903,0.43672426627609595,0.4467403935799713,0.6836848294898813,0.3801552151613461,0.4443259206764958,0.5982057851271556,0.48324205056772923,0.48375288017822665,0.5692059340146103,0.5874812177416937,0.7142243959114585,0.6090775891334879,0.8038177699985455,0.7664949176173765,0.7164245168935435,0.9401004070963427,0.5685207026759296,0.7788206747926835,0.9812376437696272,0.7425890908557861,0.7198155496908702,0.8898952964790586,0.622007109535255,0.8654861442919404,0.8022286209126867,0.8718853041634993,1.042054107536892,0.9574598107590275,1.0378044621478142,0.715605509615983,1.1510537688705575,1.0872005090654286,0.8783139521127673,0.7915386168515322,1.2344903580759328,0.8376931480603135,0.9454359760686416,0.9283169699884846,0.9496419201304314,0.9156345783255772,0.8774381995172521
738651054,SST,visual cortex,flash,88,1.0656328252832128,1.0684002969433546,1.149950607584299,1.0330913719630315,1.1045833714670439,1.0160881805646207,0.9530789669313173,1.0737580683581696,0.9843110137953741,0.9372672191578219,0.924475891994831,0.9990330649958703,0.9830216712106877,0.9947332456263479,1.032904757961593,0.9481154384672255,1.0843702404495799,1.1145510371300913,0.9657249093516203,0.936417141522856,0.9606467640586501,1.0845329563141304,1.0948770061150406,0.9860648491929112,0.905002839930642,0.9765560357892187,1.107769871747814,1.0439472537783308,1.1063734085253065,0.9975563210143704,0.7670503522602694,0.6677762231398467,0.5203523701475103,0.3217363760837298,0.3812331409556101,0.33912099597961437,0.4863667447914409,0.3865651625539579,0.3584798613466629,0.3696492472406074,0.34959522053358544,0.29345812278327243,0.2851730882493938,0.37032674434201335,0.3359455807427721,0.36041421307209104,0.327443742052775,0.3463808583014259,0.353857740646875,0.3557568667542545,0.4100149541884632,0.38989391922606065,0.4570656400725998,0.46288538315583505,0.4582392757997255,0.5111367147667161,0.5297325320702219,0.5128472543219663,0.6223959856184991,0.5921204939414187,0.6299376562700505,0.6857079923430363,0.7085738194155656,0.744085840082142,0.6581806514015546,0.7352441438847301,0.7523880141577074,0.7601391254205185,0.7789683213065786,0.8600950622168066,0.7123128387944702,0.8700273109882034,0.8636881571902717,0.9159453032996212,0.7607811823221475,0.7644790790280843,0.8582842026478701,0.9826667611851594,0.8087794471103986,0.6531028297417092,0.6668689429860842,0.43087639044003373,0.44177345928485534,0.3629168680577891,0.364857693867271,0.4185480352167892,0.31254912629103476,0.46553079231300126,0.4126473964684271,0.4277317276084125,0.355361358745859,0.37322764418027676,0.38841026061061223,0.3727462186363039,0.3484515620813102,0.3705487233500538,0.3598856655102666,0.3887761048133344,0.32766041845252875,0.3634398134128822
739783171,PV,LGd,opto,16,0.9275201352254636,0.9763756026489395,0.8864040998538596,0.8821751292386836,1.0038362924928317,0.9741816584121296,1.0840944164937014,0.8519826183831799,1.0361660285416356,1.1569081780626458,1.0663891713947065,0.963032549691488,0.8789603519149479,0.8763279132968094,1.0179142468458604,1.0212527804060294,1.127743439471403,0.8355694515372704,1.0401283230502985,0.7134253851788256,1.1557096198602568,1.0818382436155123,1.1721423410064693,0.8791977342317322,0.6331625483078392,0.672860771503778,0.5297627402550297,0.4061652379479852,0.330540401682808,0.5271727815073528,0.511921545081131,0.6214638079982365,0.45283216601004694,0.3823719594617931,0.39813353962625836,0.4576822426632434,0.6652846337125811,0.8584643536626548,1.0267934626730806,0.8990518868866184,0.8312640519493593,0.5812130506579432,0.5558585710079608,0.6424510697161251,0.43361847959312755,0.43579844962680836,0.5770491363210823,0.4493471732608214,0.5378794831031347,0.4429874483128349,0.41701086607069404,0.5774838281923542,0.7599107004737276,0.7970676935498369,0.9192174612094588,0.9446452600910097,0.8369327061768776,0.6361341906358425,0.8943871371547667,0.5930925854472324,0.5802670851961307,0.6023508330040213,0.6245827322574559,0.8706008697507917,0.7424794578151485,0.8202941491227101,0.7029949023037906,0.8470693498574564,0.7624340233613102,0.7483314519692902,0.7404753736375919,0.8177955628064817,0.7784594394291553,0.7542887257765831,0.8438236236854266,0.86436465074184,0.6383046983782806,1.1075757065317828,0.8502339864811195,0.8859562680221112,0.8403245254389994,0.7879586825110642,0.9174379532424405,0.6184936170895545,0.7400758218212299,0.9630326511199438,0.9863023630833767,0.9014707308246467,0.9670901019773218,0.9209196021945995,0.9221808444401542,0.8718823032924888,0.9608044885165012,0.8526402124853258,0.7540088294977269,1.071343150878714,1.0075160385710962,0.9800050681776686,0.7617626598551768,0.9585436373661127
739783171,PV,LGd,flash,17,0.9047610117368385,0.7629602207281906,0.9987371248303479,1.0576006353639595,0.8025169613805728,1.025277332132306,0.9295184270342683,1.0118674447682334,0.9901922113675657,1.0618822368147136,1.0847499508795615,0.9991875215278537,0.7336067375446185,0.9254489660339758,0.9232011593325821,0.6962893786473766,1.0327652195642452,0.8996621217312356,0.995580100103426,0.978188234926187,1.1230889010720162,0.8209721074933459,0.9315951202578922,0.7676615397015424,0.9154908576057812,1.009510069776577,1.2260637893894484,1.405476958511666,0.8514382862832847,0.7135581599334689,1.0226187318876108,0.6550511644471358,0.4993347593619532,0.34294231428967575,0.4412347182015043,0.349787477371259,0.34597794568968304,0.3164147004854232,0.14130040307762726,0.11848013288527018,0.07829719815831815,0.23018661213147534,0.45216667539108035,0.6592295398071544,0.39207762394339774,0.11548205115681143,0.12896280606955743,0.11550842634406665,0.12287619217863265,0.07648591752325332,0.04047233893893704,0.07253344329232236,0.10033008344803213,0.11339403444961602,0.16006616203383817,0.1757512088869408,0.1479333169099688,0.1825321535363915,0.2990703973607742,0.4440200941114979,0.567606728838956,0.7957005651443843,0.9343486093125003,0.7813520122106361,0.8653579847908224,0.9920436655652004,1.1253872091645787,0.9024314806481066,1.0082763806361803,1.0838725383433871,0.9417644027720681,1.2296585858146074,1.345186888956188,1.3671414892193339,1.3366926288359284,1.3517710710687767,1.5086611824558198,2.7467986380722564,2.6723534076941617,2.3920708578423424,2.7785956298011225,3.1376819041915596,4.442066680529016,3.0119774931305483,2.013592916093485,1.725318559052168,1.6308316455972223,1.288344386756069,1.1232761957373494,0.5846987039905391,0.5289705761033399,0.21689787949581696,0.2899230631740109,0.2953603601868417,0.2358746269769997,0.3071067669648627,0.16323128338777917,0.24113688225019783,0.1104639808678545,0.1507144674605261
739783171,PV,LP,opto,8,0.6762004739711699,0.8567543959392483,0.8381942511916838,1.0232771961464082,0.8335023113436106,1.1913567773838842,0.6231743224682891,0.771863757343054,1.6055667529075595,0.9081681212148119,0.8602623200505101,0.8399816771447066,0.9246775923455924,0.7660975438104733,0.9135977878917545,0.7988248115505782,1.3474649853833065,1.2758943998719203,1.0887230168404602,1.054541664877665,1.1022036926894079,0.9610103581392055,0.718837855198574,0.5887066455915905,0.44067619016271137,0.20175438596491224,0.4894807039394614,0.6114273973067297,1.057754846779237,0.4542536304089577,0.7449000848723213,0.45373631147058613,0.5804586177671827,0.6682539076954994,0.19274546591619762,0.16937492332229176,0.3407405495659668,0.3201418500198988,0.13547447417794017,0.23715918940565922,0.36129203338878835,0.24658448811208758,0.4606289401091921,0.41275361054147214,0.4361310354272411,0.28610700945536904,0.7186663354723181,0.5473634101085814,0.5372634467329513,0.2853247222802705,0.5672019898614818,0.27505404872333256,0.4777167597770935,0.5017522171267282,0.5154927128312805,0.36113073561725684,0.4703175357711584,0.5469158355551167,0.7642238276727933,0.6568971536237261,0.5868321187491561,0.6595317376297762,0.5258390915987119,1.1417783044227203,1.0586620874489938,0.9987666484136317,0.43872857637299234,0.7333172995881597,1.08361561980095,0.7738562179512116,0.49175032641014665,1.1320545863400446,0.9429492914730397,1.509354345223229,0.7225758251924774,0.9891215031630591,1.1518745894719862,1.3473543578187277,1.1059334466139552,0.9882705305064023,1.1118971392421253,1.0048916388133333,1.2132046129030933,0.8253540019436966,1.1316687047946565,0.6864401772147242,0.761725555726511,1.2006541175369727,0.8204862516651632,1.0779264707720988,0.3908000464804059,0.9905400410557589,0.6210899483535838,0.935444751236464,0.5421420313440494,0.5182360663918715,1.0601156103253304,0.4394280266873335,0.6655501899426729,0.7492306295900648
739783171,PV,LP,flash,6,1.0123403574384673,0.9835350474973267,1.26196869782122,0.9795478157178873,1.3476833076372288,1.0974646431860486,0.5170301742677494,1.300927911303891,0.4834546459176616,1.4519763537636579,1.0528165642124125,0.8494912571609144,0.7366192576572664,0.5828639732218126,1.3532106624031623,0.5718092636899458,0.7294385160937576,0.6710451461842181,0.8642270811995362,1.1921597920730873,0.7504002178165446,0.819248365638487,0.9452808244736607,0.8431630746737916,0.34701111349427644,0.7986474902224261,0.9968403499787545,1.1944568148143182,0.5480858275962134,0.9187658917924422,0.3253691315277358,0.7515193334975151,0.5178310019889388,1.15518047392843,0.740800753017111,0.6994417974474669,0.8475372325947164,0.6884650970460909,0.4753776409535755,0.5472019257832558,0.44509810513104964,0.34135126420607215,0.3253691315277358,0.4970976320506071,0.2539709189648561,0.48856786250164136,0.254879530993065,0.18812477138316128,0.107981220657277,0.09843505477308294,0.27813277595302077,0.18732394366197183,0.1278059785673999,0.14287949921752738,0.044444444444444446,0.1503267973856209,0.3450980392156863,0.2556119571347998,0.08336153412295544,0.0929077000071495,0.1707418793641715,0.20011280315848845,0.35578116187253245,0.7177278219906039,0.7270074312702132,0.8344790910261368,1.2131704996835924,1.0149460605884428,1.9153493083267659,1.7419674210063192,2.7435617493216644,3.4177935156670887,3.3694094427514263,2.4722177108694012,2.8795760408988804,2.6163433537460965,2.6566364925500094,2.4906597795934964,2.894476536702596,4.440235126758258,2.726524987948664,1.8698584557683144,2.972480256464784,2.158736123436316,3.1886671640390447,4.056467567899011,2.4372118900250634,2.0732617849102914,1.888793832361418,1.2585788501343012,0.3089605120398142,1.3128506895798377,0.34908020603384843,0.152317880794702,0.1849067879860901,0.2836601307189543,0.044444444444444446,0.044444444444444446,0.08888888888888889,0.19477124183006536
739783171,PV,hippocampal formation,opto,3,1.185954785954786,1.3798591980410162,1.1264156718702174,0.5632078359351087,0.8729721456994185,0.8761904761904762,0.8729721456994185,0.5068870523415978,1.0137741046831956,1.383077528532074,0.8166513621059076,1.6928418382963837,0.2534435261707989,0.5632078359351087,0.7603305785123965,0.5068870523415978,0.8761904761904762,0.5632078359351087,0.2534435261707989,0.0,1.0700948882767063,2.5127115308933488,1.4393983121255849,0.2534435261707989,0.0,0.5632078359351087,0.8729721456994185,1.1264156718702174,1.6365210547028728,0.8166513621059076,0.3097643097643098,0.0,0.5068870523415978,0.3097643097643098,0.6195286195286196,0.5632078359351087,0.7603305785123965,0.0,0.0,0.3097643097643098,0.2534435261707989,0.0,0.0,0.6195286195286196,0.0,0.2534435261707989,0.8761904761904762,0.6195286195286196,0.0,0.0,0.0,0.0,0.0,0.0,0.0,1.1296340023612752,0.3097643097643098,1.0700948882767063,0.3097643097643098,0.5632078359351087,0.0,0.3097643097643098,0.2534435261707989,0.8166513621059076,0.3097643097643098,0.0,0.5068870523415978,0.0,0.5068870523415978,0.3097643097643098,0.6195286195286196,0.0,0.5068870523415978,1.185954785954786,0.2534435261707989,0.3097643097643098,0.3097643097643098,0.8166513621059076,0.6195286195286196,0.5632078359351087,0.2534435261707989,1.185954785954786,0.5632078359351087,0.0,0.8166513621059076,0.0,0.5068870523415978,0.5068870523415978,1.185954785954786,1.943067033976125,0.2534435261707989,1.0700948882767063,1.9462853644671825,0.8166513621059076,1.745944291398837,0.2534435261707989,0.0,1.2390572390572392,0.2534435261707989,0.5632078359351087
739783171,PV,thalamus,opto,7,0.7734308342553303,0.6908227494463851,0.6201788583514177,1.2716251597983128,0.5087448457748135,0.8580187004716866,1.1770645214035007,0.7604179119326541,1.710519685174783,0.8229669883342271,0.8312049106381588,0.5976456490753994,0.7183371113752798,0.6500177020471136,1.3163408446164433,1.1960771136687924,1.1965459489183736,1.3602518872702196,1.033349669293952,0.7605722370849068,1.016066139541503,1.5118154178400682,0.2718080903494443,0.15751234865553396,0.28379595735168844,0.10114285156048293,0.43822194044181423,0.276447983949117,0.14604371809011477,0.17970769090011274,0.28985257584067703,0.3605042221142753,0.38920041674933453,0.7195602908723374,1.426569722356513,1.0471225644918478,1.2790488957336656,1.1956796029639591,0.8800494828858615,1.463866550568574,2.6395153665407998,2.2626340661246993,3.717294937444621,2.473052565974229,1.634943666732307,1.882401163083361,1.671388494602994,2.026740420008722,1.630551090677002,2.0782451348340207,1.269176132185405,1.1596522507104525,1.7953663513591525,1.532016779168173,0.9158017671186878,1.2187388116634321,0.8951417263671935,1.268371350156208,0.8542685035513969,1.4713004308133324,1.4500093892922972,0.9669450119656009,0.9221738785685691,0.9782254735445279,1.252968996328891,1.5795519456326272,0.7925923845955459,1.4439819930495614,1.622940937944606,1.4007230533141861,1.3634106444035428,1.7468900824177855,1.6876457246210326,1.5624970098068833,1.5507708270189455,1.4538861912738619,1.1873501483093913,0.8819194319408419,1.148339119369944,0.7463227514587986,0.6009839686209177,0.918485245573497,1.4130855218792124,1.1988502135508503,1.769686867962402,1.761050673926716,1.4918003021573303,0.5569056217552872,0.8373253203299076,0.6082873757630525,1.0669977881264925,0.8000847006941963,0.511656669053644,1.1359329863677365,1.130426837182395,1.3401578903118119,1.060693852093136,0.7610164709863988,0.5910820038833023,0.9403122845117399
739783171,PV,visual cortex,opto,93,1.0075633335387593,1.0479230140418878,1.0341905643070601,0.9580979093295865,1.0255135529946888,1.0339196920198175,1.0004488513189886,1.0179959318663783,1.0430439358702939,1.0622515028369814,0.998497143285445,0.9814483409180861,1.0434581813328243,0.979081046932257,0.9616127063391434,1.2086500134788691,0.9056429505166261,0.9065694835440028,0.946913900474265,0.9783736603775028,1.0058286956222686,0.8067921732727209,0.41204135913934703,0.24810424611759133,0.2054402868663333,0.21817737402785378,0.22643259589298353,0.24487557437306048,0.2827755504219944,0.3869643879682227,0.5283921165946794,0.7581628605598411,0.9490904559214733,1.3478298926683143,1.441838900283555,2.0236851508300013,1.7379815346897611,1.6962477652351118,1.6824408970576357,1.8628989673583365,1.6454575998212826,1.6910749707628003,1.6233872514676324,1.7877825228047233,1.463300511766472,1.5884618061403857,1.463974176449078,1.3744511774100132,1.2566207430580645,1.1901551876984913,1.1734143536357629,1.0926167869769992,0.9802371740931856,0.9066681726361943,0.7847465380350777,0.8796671131375717,0.7501671409360674,0.7142700610637207,0.7890559539171509,0.7719008459617835,0.717685783339275,0.7425458063280913,0.7200403394273585,0.735690656293154,0.8132382992101367,0.9136432098718082,0.9831610524320024,0.8895932289570692,1.027704467393278,1.0243842574356514,1.053022169233435,0.9574531715758655,0.9586847551803706,0.9613273689971557,0.9801323496838489,0.9104183543226184,0.9143063473661054,0.9745437122851677,0.9214024961345266,0.8850234644775213,1.0192230255852648,0.818661988658089,0.9737174083323153,1.034207789477988,0.9670010098163272,0.8216756224048822,0.9572637786376639,1.0020035865955692,0.9182684746079962,1.0092074023576751,0.9521315119854276,0.9765427208859494,0.9340071383143551,0.9044611774654937,0.9510562436344365,1.0138314771797254,0.8304312378627505,0.9428141344768525,0.9433565009474497,0.9721918083271649
739783171,PV,visual cortex,flash,46,0.9580904036783875,1.1081316155242384,1.0776183902353256,0.9401360737351527,0.7759486401321053,1.1919283642678677,0.9915456690367724,0.8850772241119134,0.9420605647120541,0.9310043041895996,0.7793686342593932,0.8377353534427906,1.2236507416115558,0.9652661584325939,0.9468750392336006,0.9691790519627083,1.025857612500622,0.8854988598201536,0.8287917925903167,1.0152711191273702,1.199846712977442,0.8963553194549176,0.9329372298744485,1.1383449064745437,0.9720586024045325,0.8809657833042506,0.8685514824831261,1.2509721619134055,1.064181737997468,1.1191172060594199,0.8842065125379617,0.6102362022476158,0.41105089035479403,0.7908481089741592,0.4512245908321599,0.4692775269716923,0.43677119650855284,0.5054296795142266,0.38241304416862437,0.5841064471843771,0.39075004096022015,0.3567956079918931,0.35803922728580895,0.2655583982516169,0.38227269923819723,0.399309809839298,0.28792572142669537,0.301134560464805,0.26874318687466653,0.3382729262806816,0.3395113978594997,0.38707287608093494,0.3396365135434336,0.3521422062143144,0.3673086112181928,0.5146500586167105,0.3748196098027506,0.4476323851865152,0.6240958313718038,0.6666524166491987,0.8016154174738837,0.7563436261404333,0.6618670756531247,0.8510674112062473,0.9667266361208418,1.2013384434787888,1.3553639076077197,1.4579681443555226,1.6949436979308274,1.8935573063393085,2.0299276172796326,1.7784169280992692,1.6807205458652934,1.7428711696184622,1.5961678225842544,1.8747566297327167,1.7477104780702377,2.1743511706038934,2.2024710840602753,2.277522233853618,1.5624276808208253,1.0993120052764904,1.1613348431540018,0.8278336889581736,0.6786268458787256,0.6116158188991573,0.8257300549309959,0.6393513631760117,0.7834045334791707,0.7421110191473431,0.6815223461389069,0.7435787199260646,0.7585548419677203,0.5615929908854599,0.3991517074688219,0.5428280476306879,0.4210431724010372,0.3063964896947909,0.33467560102773825,0.45860457799057
744915204,SST,midbrain,flash,5,1.2518792372780134,1.1428530505678887,0.9664213126424371,0.7963815426511105,1.6709650889930168,0.8446094228057188,2.009119410615232,1.3905647125053409,0.7272660498010319,0.7088926867818682,0.8739188928085377,0.9271603369278033,1.371541631340765,0.4737514512453237,1.6331432040773937,0.8828857972485122,0.4881864091771259,1.585975547412125,0.7516525134446491,0.8500625409095903,1.8822499726306137,1.0111652772368547,1.0295386402560183,0.9957457180332121,0.8093017875664026,0.6576960674237828,0.7606044824966676,0.6641487221874508,0.6840517336110807,0.863982322484679,0.5403676298070519,0.584112057741673,0.4171017137833667,0.30522639427050735,0.18044576523031203,0.19684992570579496,0.2833541803031968,0.5403676298070519,0.35793772664510304,0.5995316169453155,0.3788253393405732,0.2669500198277139,0.6890046107461945,0.44839532171782237,0.400167441563214,0.20778603268945023,0.22867364538492044,0.18591381872213966,0.27788612681136915,0.4856870948887755,0.30522639427050735,0.3971987023597368,0.5254781823480791,0.2013333779257822,0.2888222337950244,0.5309462358399067,0.5786440042498453,0.3544388756969561,0.5249480706034093,0.2997583407786797,0.6571808910670691,0.5965628777418385,0.6114523252008112,0.6074989847254937,0.8774326791446407,0.7397318051891535,1.4909738132898753,0.4344904755306899,0.7590897694801574,0.7252968472573512,0.8326887145502232,0.5219793313999321,0.9668907375575637,1.0991235580212235,0.2788707280832095,0.6561813544072727,0.6790381696464236,0.31069444776233496,0.561240307114566,0.6069688729808239,0.31069444776233496,0.7903983128025691,1.6341427407371902,0.2997583407786797,1.6013344197862245,1.0560139128440587,0.3226151560178306,0.31517789998232226,0.34798622093328807,1.0778861268113693,0.6258872831326133,0.3852779941042413,0.45386337520965,0.9803410942175255,1.8966242437328726,0.4608461417179878,0.49266986139711333,0.3116790490341753,1.0553791300866024,0.4016821545797241
744915204,SST,visual cortex,opto,66,0.9846773476848473,0.9464102503629628,0.9532431181991093,0.8931526448815398,0.8270094637859559,1.078017086928331,0.9764272027495305,1.0842366145841562,0.9885513947760445,0.9772220493776477,0.9540410127480244,0.9268096712081744,1.0900478400569447,1.012615254695073,0.9826637120605605,1.0223720956078532,0.8022928345194914,0.9431692829966943,0.9561167329587582,0.9515559241835997,0.9677103848685064,0.7199359345977681,0.5827687018768495,0.3409177382846844,0.44351238258768505,0.42487447700469444,0.41873239923326133,0.5489971753460576,0.4991326219625068,0.6591902836701997,0.6809260432993958,0.4128163249635838,0.664980314517146,0.8276323547917086,0.8572987348604981,0.8433127446181548,0.968084125700925,0.7897573589528033,0.9649768367318513,1.0150335960770966,1.0912338543422717,1.0213483960925756,1.0719866375793763,1.1011783608987136,0.9645252505424491,0.9831666249628078,0.9774121168453349,1.1344803912415993,1.1302791708313304,1.1101530539848359,1.0962357542719636,0.9366249981988414,0.9293039749796214,0.7803484771909639,1.0249312586958237,0.9943660374388977,1.023586604740881,0.8911881029223602,0.8345531539029064,0.9246698412030233,0.8987463464993285,0.8517570015150531,0.974493880945812,0.9092694139429139,0.8804331408598575,0.8698204834713961,0.949993458903212,0.9202711793903525,0.9991180167027296,0.9927067377551486,1.0319846992875006,0.9442228584490893,0.8764510068133017,0.9599072056665682,1.0254742512738002,0.9447511017944382,1.0854257377878282,0.995842499110173,0.9663570541416681,0.9775508946761041,0.8821140861786374,1.0189110695587311,0.9439021762725192,0.9406107391583256,0.9874274521094258,0.740527738401278,0.8889857428128749,0.8119462388802099,0.9505073194192297,0.8206740478793654,0.9648860191015047,0.9442519741246047,0.8995406657348306,0.932438051950572,0.8159514946912806,0.7403824015258694,0.8803286257067546,1.0499798187142235,1.0533767533058351,0.7684643694550074
744915204,SST,visual cortex,flash,42,0.9131155447716824,0.9593302340826109,1.1011126652025196,1.0704661792254686,1.1920799136147342,1.090295084800292,0.9289354855780202,0.9569811620931334,1.1118293181925758,0.9234902050144395,1.1180425466951118,1.0069443167879162,0.9189425980620672,1.0396778958909412,0.9035432925991697,0.8628809937507582,0.9212213419122248,0.9493373998162296,0.9793391132087576,0.8579431267124529,1.19178294414061,0.9518968305779758,0.963480559024265,0.929129775097905,1.3056907227396983,0.8539810683345428,1.1112272248504051,0.903010246555039,1.1867175796973957,0.8023602374097739,0.6737219979449184,0.7452940190908257,0.6154253597905003,0.494909225213915,0.3499530056177254,0.3642582557951866,0.35917331726830926,0.333556281175891,0.35845481315393907,0.24604542288161454,0.38076633739001803,0.34229639438600146,0.308272042182116,0.2695947272347135,0.24211340181304486,0.2680871114421035,0.253299980690056,0.2863119568444661,0.3173078379006669,0.33108357564262886,0.3780948128516997,0.40575556942329416,0.38381552418245973,0.3782545068923766,0.37009738897102495,0.2878290087695185,0.5285094959560114,0.6484315288856963,0.4781186379263057,0.5582051236178935,0.5060864460207244,0.3756028352571198,0.4975482190260987,0.4597209154014582,0.7258160581132325,0.5877204869373733,0.6828177042531994,0.4882072445940385,0.6513137231507349,0.47226515260240054,0.6266013181858929,0.5450571466209008,0.5074262833907859,0.5565572008923626,0.7162823782985748,0.5559063265064356,0.6502692773899843,0.6819718055320015,0.5992411028539897,0.5650262063713454,0.48205509336111146,0.4796819909853037,0.5574934767698149,0.39909746778424,0.3802015835138484,0.49971628290713577,0.39863677247388773,0.4164098392005508,0.3917036888117088,0.44540493266907527,0.2731864085240579,0.3373610870402907,0.3931091051644878,0.5206702317574288,0.45174416312566457,0.4651810750908827,0.4506735765043782,0.4351645314447718,0.4941592693921714,0.4080492344948038
745276236,VIP,other / unassigned,opto,19,0.9602754458404156,0.986855243972096,1.1065996649272676,0.9530103157868227,0.9864851007772906,0.9268414222726542,0.9850461622673351,1.22670065726274,1.0017979352110933,1.0685156589163944,0.7961441645838384,0.8577045073700531,0.8815056548027871,1.1220508858579088,1.044059366734586,1.007179247490654,0.9587090086468768,0.9620511694696326,0.9899689536054139,0.8897899349599474,1.0303029545071525,1.1554790417438559,1.0202841828219174,0.849440390265894,0.9039959208367703,0.884338975020368,0.9795574793227652,0.7246315456894393,0.6098356800931561,0.6448075766816805,0.537701627379416,0.6170764959297993,0.5675772807954507,0.6035672578652282,0.5540248645247606,0.5765432321446318,0.5288540372230925,0.5050548960186165,0.47468754389575424,0.5109107582583984,0.4663601114800285,0.7562562140404789,0.6604267553798323,0.6061288354187964,0.6825839990171292,0.8104011133483805,0.8273841904728215,0.7634608908568693,0.8912519230425509,0.7255195832695849,0.8350332972582081,0.6268011427190541,0.6686532536060081,0.7263517391613061,0.7923000319329558,0.8512528729429221,0.7998538785344935,0.7197327498662949,0.7930456784580863,0.6938290808431943,0.9997731666691083,0.8047773652680328,0.9815866776205242,0.7693703225151651,0.7615224187291343,0.974341207294707,1.092650722684306,0.9748875799787331,0.805792182714664,1.064298147010949,0.7293636472268998,0.9467245065817657,0.7500922526179665,1.0015258393835285,0.8673039907123127,0.8359746723350228,0.9427063683107126,0.8256531800674921,1.0906756095527492,0.8774831189190436,0.8402948900874743,1.1071249542862247,0.8674899270299319,1.0135016725228208,0.8260428671655147,0.7904592401704909,0.8990158599196981,0.8842549406408817,0.8518734459119486,0.9730422887952082,0.8282867868231897,0.9821782843168296,0.7888248781706831,0.9638020318098137,0.8445432342808349,0.8833832217721652,0.8848699854800873,0.7511377970986155,0.8200541567702991,0.8016257638493481
745276236,VIP,other / unassigned,flash,38,1.0788360384620252,1.067486786329635,1.2219281559440638,0.97833139412671,1.020990313639504,1.0085971317932318,0.9185892853287566,0.9512870422730253,1.0951708167295076,1.123141426940622,1.0148298578786072,1.087322802540936,0.967318556689896,0.9721043882085026,1.017798865175049,1.0619999265977247,0.8960058259883795,0.8767305753733742,1.175513440310429,0.9069927675276626,0.9032687546134628,0.997600641349627,1.032911639070878,1.0606597253009569,0.9120417898734164,1.0218182400814306,1.05763469203813,1.1308767731427947,1.472295036614448,1.5612011342287657,1.7828879984484067,1.1146569914593127,1.067866198716971,1.0738891885196629,0.8126433140090022,0.7856794336556545,0.6934146259657606,0.6864129406843105,0.6606377503824041,0.5327475581652948,0.472758555627419,0.4947032364551824,0.4498555847674201,0.5578345668819932,0.4651327944689548,0.3996103121046376,0.5568121346881778,0.5080355960568897,0.570834336651135,0.463056446147148,0.5221043031687034,0.5905817652141025,0.4882774181854423,0.5746954352340999,0.43970320088513953,0.5517835915062577,0.7184570761169193,0.5232483128098097,0.5249095105711651,0.6754127446060675,0.759049460574506,0.6107039238111198,0.6653817366930468,0.739431321526409,0.9008610082818628,0.8739611179974198,0.7495796744673575,0.8482285255121165,0.7907272686727689,0.8465871080416146,0.805198246469738,0.7922330731833878,0.7094786806670708,0.8787145215087562,0.8148580964229093,0.6462380197449052,0.7422002882414556,0.8222897222318761,1.245377211326443,1.1130480977784427,1.1694529469673898,1.2665332734579469,1.1302182154196339,1.0066251483454163,1.0766383322218882,0.9129260893989182,0.8388626587739721,0.9048109353426184,0.8594787596557157,0.8485621082795846,0.8066036134495898,0.8267579266379903,0.7155926787744038,0.5841892951746,0.6375961528558586,0.6621613949271271,0.7610027774340422,0.7246953232045561,0.8214490690025048,0.6349781234452706
745276236,VIP,visual cortex,opto,46,1.1163190452115452,1.1800073824227852,1.1093866067126366,1.162446367315089,0.8297999120057126,0.8587418660951395,1.2372546332608427,1.0540221276520014,0.8414329771621603,0.8684706853817711,1.0301884761178506,1.0218294738640006,1.067337113018105,0.8570626658323264,0.792200368064552,0.7821128814515089,0.9889667991386967,1.1229501548863865,0.777479015936105,0.9812363434717066,1.0386250361805036,0.8169271809418184,0.946015505013688,0.9111981053737316,1.2441475098590222,1.0067849409626581,0.9264241040675266,0.8873251508417034,0.8591309804702455,0.8946481157380456,0.4499724242016495,0.4508116002917958,0.5026416160432806,0.32916318348666673,0.3760915248520638,0.4396665388551442,0.44545728848653143,0.2794938174800115,0.37892686009540844,0.48824343082993066,0.30775428009304584,0.35484264496304285,0.2642643327242748,0.3064127767486161,0.2070817122241928,0.21614205160794367,0.33697927268695027,0.3693099858115965,0.32042999648201254,0.4732580031834283,0.3478190937907301,0.47653187247497186,0.5448623811291721,0.3130319493011295,0.48161153302865184,0.4049892636329043,0.5199230920444183,0.6195629673819376,0.6356798897606231,0.5169130027130808,0.6378238770921051,0.6517264266865919,0.8043435208339611,0.508541899527789,0.6773778035215379,0.7155436319620322,0.5016933269022049,0.8312600535563669,0.6400690995907958,0.8865548147307615,1.0287123770099722,1.0165182870105232,0.5920492608228692,0.7008872228336128,0.9976953093824583,0.6867070351207889,0.9130439739732314,0.6927508152282211,0.6115387823644294,0.6087676920702948,0.7566861193135156,0.7654991624765743,0.6348320158595633,0.6506549116004975,0.6361857885246457,1.0028888245279064,0.8287760130751324,0.7072585925530006,0.9538369299536842,0.8897676738076039,1.1482652459337523,1.0008786318817826,1.063917805796324,1.0454189343626055,0.8181794965325018,0.7877666785825295,0.9311129639459214,0.9190308437263057,0.7925001326151776,0.7938446774232157
745276236,VIP,visual cortex,flash,87,0.9376666731543388,0.9276827071843213,1.1047816841053038,0.9575375583771637,0.9859626661945446,1.1637862219902195,0.9434072842397178,0.9027674978258379,0.895554777704048,0.8766822184151395,0.8988067309877807,1.1752159853150341,1.130926141927569,0.9924109823220235,1.2265812326734546,1.1126669594077028,0.9300912406792664,1.1613083792665317,0.9325281906291357,1.0250905115098459,1.0043058592231608,1.0225318016287475,0.926318154985724,1.0259252840834925,1.1227464407046654,0.9047831874797295,0.9388198253979133,0.9929501583658304,0.8581632659666097,0.7740030298807299,0.5673669430785409,0.41112848898911675,0.4842450240152736,0.33513665099040546,0.27235814724377205,0.3710555312910322,0.3214190443201179,0.408881516844689,0.34641666017103484,0.32438841880673014,0.28843717073626274,0.3459414491305388,0.24302956914906632,0.2087455301503708,0.19370117564631292,0.2371470515860282,0.23349403810577699,0.25033563488912963,0.3223155769396242,0.27711171202608453,0.24398655868694702,0.22901196437383775,0.3346016806926806,0.4120572511908347,0.344429828276089,0.4494426869556384,0.4191444273679602,0.4214183065429754,0.3689765265936175,0.48716845474508685,0.4424639162484458,0.525737387194863,0.5822526434718208,0.5867019345105561,0.609865221460099,0.5181572643730813,0.6210897935004607,0.7163184516111274,0.6619812652565883,0.8240364064962044,0.8807493203899521,0.7602933128974667,0.8444314089382484,0.8775849026359139,0.8400229780021822,1.1399770496221795,1.1383410753844698,1.0513079377489605,0.9577933199525851,0.7501623754908755,0.5595317930036073,0.5238766170413163,0.40428962134365237,0.49003829993042075,0.3064579627487199,0.3025310520211818,0.43553586443999276,0.29235321953991805,0.38356878163607044,0.2563784850181286,0.34477595494405655,0.3750448758066965,0.44813275341199477,0.32979223686731,0.2434887325430254,0.2825300206660943,0.28516921409788326,0.2592144922863137,0.290141852513606,0.33428592498911053
757329624,PV,hippocampal formation,opto,3,0.7934852675985083,1.4657331929858917,1.041965516960009,1.6474015323982278,1.5805896224490628,0.6598614477001786,0.5157278891581601,0.3152921593106656,0.6598614477001786,1.0231981265248502,1.1380545559880213,0.6598614477001786,0.7266733576493435,0.6305843186213312,0.5157278891581601,1.060732907395168,0.6118169281861725,0.6118169281861725,0.44891597920899523,0.44891597920899523,0.3152921593106656,0.20043572984749455,0.9939209974460029,0.49696049872300146,1.3321093730875622,3.3657438006413547,0.33405954974582425,0.5637724086721664,0.5637724086721664,0.2672476397966594,0.36333667882467174,0.5637724086721664,0.4008714596949891,0.44891597920899523,0.2672476397966594,0.22971285892634208,0.18166833941233587,0.4008714596949891,0.1336238198983297,0.6118169281861725,0.33405954974582425,0.3152921593106656,0.812252658033667,0.7747178771633497,0.6973962285704961,1.2360203340595497,0.4301485887738366,0.44891597920899523,0.6118169281861725,0.49696049872300146,0.24848024936150073,0.36333667882467174,0.7454407480845022,0.18166833941233587,0.8602971775476732,0.582539799107325,0.45942571785268416,0.24848024936150073,0.11485642946317104,0.36333667882467174,0.46768336964415397,0.8602971775476732,0.6305843186213312,1.169208424110385,1.398921283036727,0.9271090874968381,0.7934852675985083,1.74349057142624,0.7454407480845022,1.0044307360896918,0.6891385767790261,0.5450050182370076,1.2634207240948812,0.6598614477001786,0.29652476887550694,0.6118169281861725,0.6118169281861725,2.3008820673504524,0.8415297871125146,1.2529109854511926,0.49696049872300146,0.3821040692598305,1.3508767635227208,0.44891597920899523,0.4301485887738366,0.7266733576493435,0.4781931082878428,0.8227623966773558,0.7266733576493435,1.8478372622457222,1.3321093730875622,0.8227623966773558,0.5930495377510139,1.3508767635227208,1.0900100364740153,0.5930495377510139,0.7266733576493435,0.5930495377510139,1.5805896224490628,0.8415297871125146
757329624,PV,hippocampal formation,flash,4,1.5551998714035244,1.1140385590566055,0.7927525280144769,0.5289704990404979,0.6261597711778177,0.9397961348141813,1.2007652816030812,1.6767750787984845,0.9913808875145417,0.9882440283840261,0.6171036626795131,0.7655537105717571,0.8049454956432972,0.6972631819673272,0.6153732446415373,0.677420546932742,0.4955284552845528,0.5502195751676229,1.091383041836941,0.9718317374775867,1.3625212532190547,0.5791183187005127,0.6471153623073124,0.5986674687374676,0.40628233555062826,0.49412201419201307,0.5927177274218727,0.8562062713982215,0.5864745011086475,0.6000739098300074,0.33207255757840903,1.065590665486761,0.7913460869219373,0.630703071400873,0.6958567408747875,0.8261945717704222,0.9307400263158767,0.6791509649707178,0.6171036626795131,0.7564976020734525,1.091383041836941,0.7094561495961473,0.19549150036954913,0.34112866607671377,0.7607169253510717,1.2684383482644446,0.8004021954202419,0.6321095124934126,0.8188383893622875,0.8233816895853427,0.49412201419201307,0.6596018149337629,0.7593104842585319,0.7063192904656319,0.35472807479807367,0.7927525280144769,0.39098300073909825,0.6819638471557973,0.5746055104252633,0.4108256357736835,0.43521157103132385,0.7202426761324279,0.5474066929825434,0.46692319674929317,0.4394308943089431,0.7428981933520925,0.39863266814486326,0.8168144863266814,0.7851028606087121,0.523020757724903,0.9261967260928214,0.5717926282401838,0.6369462977140982,0.9519891024430016,0.8140016041416019,1.052315233710837,0.5610061017039033,0.6425720620842572,0.5958545865523881,0.7443046344446321,0.5714686512947477,0.4683296378418329,0.3275292573553538,1.2265576579532613,0.19549150036954913,0.8547998303056817,1.27468157457767,0.3683274835194336,0.5927177274218727,0.6321095124934126,0.8349571952710966,0.5167775314116777,0.7913460869219373,0.5003652405052383,0.44426767952962853,0.2986305138224639,0.6125603624564578,0.3881701185540188,0.6369462977140982,0.7989957543277023
757329624,PV,thalamus,opto,8,0.8059709898549761,1.1720479234630574,0.6996698576308508,1.0773921321301512,0.5689354153966626,0.8489117110996898,0.7960751427763187,0.5765928546416206,0.9541693688893894,0.9952946608142721,0.8250890708062255,0.9834689493589662,0.8642254373789046,1.0029014802672689,0.892711477556078,1.1287204370883712,0.43097804234083903,0.7346829201812392,1.179277549199929,0.6362745611748274,0.6828142721111544,1.1746813693050517,0.834229440180249,0.5866810145992568,0.7830022479123315,0.7492819832490268,0.686462404146626,0.7254305826282249,0.6100233096134026,0.7874151797601961,0.7986490724947958,0.9675876912412772,0.5645441375397765,0.8999940699477192,0.6498416566637224,0.6197685316029383,0.5221881564870405,0.2996100464027501,0.7394542099589331,0.761330794744124,0.4528552413028295,0.4197832997327125,0.6795387451896023,0.4916274428699395,0.49166063152408174,0.6812745901816456,0.6345418565156542,0.4776755261986068,0.6482907274070248,0.5738358611399123,0.8014377940910153,0.517938411722612,0.5584612653587487,0.44304237151251763,0.5396443376198026,0.9676833804931502,0.89124129537946,0.4678423115818197,0.7424308989932669,0.5911957944199618,0.7997173690607009,0.8685679426422341,0.7137770864520508,0.9356990873286878,0.8259578877211428,1.0104533959965627,0.536618525543392,0.47903162644560204,0.9369601260829585,0.5019872271153322,0.7888098256201205,0.9821921302512611,0.6934070031672349,0.8279366038750033,0.7144115541996492,0.7969464258201501,0.9547806974034384,0.443493125267446,0.7876754956421813,0.7142440123989144,0.9207852980446447,0.8622246227150815,1.047561722759349,0.8142086784045584,0.5696309096000116,1.0582280394808403,0.9103978608650561,0.6162160888193398,1.126286735820573,0.6510298368538312,1.0637642981251116,0.6307584708722414,0.7841164064238949,0.9301425585188726,0.8800191701176869,0.9525521466923135,0.8056865217395528,1.0066251486194342,0.5817181069302877,1.120006194550692
757329624,PV,thalamus,flash,9,0.8236788874450949,0.9250700870895486,1.1316534063815409,1.0515202629473692,1.0119457839897432,1.1915268758842112,1.1649437350641494,0.9120780934155034,0.9416891549183836,1.1620440942942905,1.0938055830592006,0.927435815988351,0.9699682264565797,1.0087064831940475,0.9467697952702996,0.7172914957939612,1.007572737710561,0.9731245745721022,1.1699416501089204,0.9150928860701204,0.8194179858019542,0.9267067926053026,1.0424653141186682,1.2804591456684262,0.9170008278641595,1.124154656821983,0.7142211017187788,1.0084987238187046,0.7834551813904697,1.0996414153897103,0.6496677779460898,0.7394338778306404,0.706362189803563,0.8882760883939533,0.8233688473142267,0.8344090103947528,0.8442167645993075,0.7748957123446922,0.9266886558156524,0.6009909075188811,0.787289804820908,0.6120411498831152,0.5907388957848521,0.5912557758675572,0.6452346058100669,0.5440697917692244,0.7728882284010034,0.6078996440761841,0.6480820984802451,0.6721286561682485,0.43108372243761023,0.5247858953918028,0.6733988971296546,0.6394713183696915,0.6605764478680134,0.7297905107891246,0.6178002109702261,0.7116684147287512,0.5227120141915734,0.7157681529466177,0.7074334758844008,1.0006753911950184,1.1645846298572176,1.0541618428080832,1.5252068631330382,1.3754892158635972,1.0083961703985773,1.1622229519596392,1.2622729546688716,1.2075578697011808,0.9546158152651221,1.0325177428133006,1.0311300076410264,0.9526688404227688,0.8531983222618688,1.2483811826436664,0.8558841340649619,1.0086323906705008,0.7989027329897795,1.0316662230928055,0.9169916077244884,0.4475312295349346,0.6902610023692918,0.5490381726108494,0.5892011550082601,0.7124800793954406,0.5166310277067031,0.6586382475642649,0.4509756686320684,0.4909012179930065,0.6620094455157004,0.5021182232349256,0.8629019694568268,0.6286745376287446,0.6288929873004108,0.7792027033548604,0.6512476858125443,0.6647985955346671,0.780133916555181,0.7353281409629067
757329624,PV,visual cortex,opto,71,1.0136656538025288,0.8695963622823918,0.8724230499911443,0.8363599334438291,1.1741801423488631,0.8952868323751343,0.9725608710517456,0.9183059876032155,0.8983331866052044,1.0526346510234146,0.8920308955062975,0.9750957974131749,0.8535688969795896,0.9145067558160069,0.8425911368220999,0.7936878184381565,0.9639037997735365,0.9056655924300832,0.8709682683887039,1.0202439717711183,1.5332203014370032,0.9703468550235037,0.712257350104543,0.6271116262717413,0.35592949825368575,0.4971540390285054,0.4150566494605939,0.3447654759080002,0.4818067852019901,0.4531023566610248,0.6579911638839445,0.7570158601796247,0.707793785897569,0.8145768958549497,0.9840200175414625,0.7998193086548772,1.1502138160477857,0.9095691809773175,1.0797953803416311,1.0096766926654135,0.8782954450708341,0.8959065953300248,0.9216709241442568,0.9657002869019944,0.7483663901617115,0.7023622898126773,0.8068780049728252,0.9230529472175584,0.8410489883698885,0.6228732065982314,0.7192647207087619,0.6553806260455237,0.6399542910754822,0.5514985418653392,0.6531932377429166,0.5419979339447863,0.6100776125593776,0.7752053176197263,0.7562272488069077,0.7184730523482182,0.7471328496421402,0.7313906234814753,0.7990326801814513,0.7620072684879696,0.791522807087617,0.7725014771631438,0.9814560210474143,0.6803890636478126,0.8621658891248826,0.7242226991991481,0.8430681126074392,0.7898410323644626,0.6645450197573781,0.8577886945681065,0.960607531210902,0.7107717491938231,0.8912283002133002,0.6295587116815112,0.8201518244925056,0.7554144293389747,0.6958589491631025,0.7973104398116858,0.8401877275297974,0.7082303295098178,0.6985570383020937,0.7843749927041999,0.8719633097097531,0.8155515763758676,0.883180539666096,0.9724157224435515,0.771985811960831,0.8277687410284452,0.8952245363704981,0.844063179170629,0.8222445270510832,0.9264201988761787,0.8442626676433799,0.7511587871440637,0.9210468272373193,0.8269850542983611
757329624,PV,visual cortex,flash,88,1.1326821490802723,1.035170741056334,1.0683069013332904,0.8960017553290189,0.9963625809822033,1.0340014809208027,0.9822176240053753,0.9396426313412953,1.0736596254337083,1.0148295622400585,0.8760256737253599,0.9387930613821812,0.9652570230775862,0.966785678376462,0.9112828372435587,0.9385487894788135,1.0691529982321273,0.9203478406174678,1.0428137078359292,1.1073393867873107,0.8782485771758677,0.9690403854251418,0.9390384955074036,0.9147782857462395,0.9760168423201544,1.141789410800733,1.0187804623433827,1.0138256024338799,0.9504619425148174,0.9552645667585874,0.858050578139168,0.723779897096762,0.620975201356775,0.42886777071758925,0.47009961159888186,0.4310928557005585,0.33012123984985736,0.32736977019531643,0.3351710267963913,0.32347070036142617,0.3373316371001988,0.3342695943127863,0.390389790411368,0.34019024956163035,0.33963046707988914,0.28537132369583235,0.30291323967415335,0.3087241083466992,0.29375845445059207,0.3304486776773485,0.3939929206766625,0.3491231391967086,0.3684229743288643,0.39769344511200655,0.3772088906320056,0.41777735469003496,0.4617882298802524,0.5041313637148979,0.4275248646110791,0.4980935832833831,0.5191969676315336,0.6877178929463653,0.7925042514641315,0.7901898174079078,0.7391368448058754,0.8407624013837313,0.8879807386448793,0.9615451344378617,0.9280341471801831,1.0794567086105096,1.2397927824682333,1.1643626898485406,1.1407651806550554,1.0820857045589867,0.9304613305847198,1.033837481397497,1.186732152114327,0.902882731431255,0.8580767471652556,0.9344644648985226,0.7794844118851401,0.6095180765105626,0.6217668209231522,0.4553736957369774,0.47365108148156293,0.38539798860272734,0.4446637002838258,0.39620176646832556,0.36399567463493393,0.40067382303839255,0.35980681026433015,0.3928152597419002,0.3430344237839237,0.3889749784574391,0.3333439341408423,0.38822981421201147,0.34389872472675714,0.289787865822039,0.2855568276465153,0.2883955090047769
763236014,SST,LP,opto,9,0.920345279330403,0.809975765194264,1.0241182514506173,0.997869419425532,1.4490429181110989,1.5102947286958481,1.231620168175261,0.8822487143641262,1.1868313247782027,1.6074354479756237,0.8808469790479558,0.8822613261294285,0.8596311079896995,0.8890426462459933,0.9574019254649015,1.2990730619260054,0.7573789127224091,0.7162712315995863,1.2053362604361326,1.0543963817768338,0.6244999778053208,0.7421503798830229,0.5284028380720079,0.8509273283882977,1.0460914557584289,0.8030849532026462,0.7570899135854882,1.0690282097025237,0.7772673637101829,0.7485173505073476,0.5813320549978375,0.33156755728635545,0.3365363663581984,0.38474250670291416,1.0029261108245273,0.9649451762971748,1.087444887012214,0.7007513096796097,0.713295022102248,0.7299791753929352,0.8311296731743245,0.6984740439150238,1.0514076899594322,0.5453877251710395,0.7750737256467382,0.8952608330292802,0.6357825401219478,0.763647760776071,0.8346447448853436,0.741826755872109,0.7171603443004667,0.9470827146550709,0.6865163918800745,0.5320163664890389,0.4726809330052624,0.9713432362594221,0.9542575238130014,0.6319904802651815,0.6882425952705327,0.830196504310919,0.8661654481218308,0.661248896341341,0.9092057961903769,0.7125789788809723,1.0693256889077405,0.8956478076820401,0.6633130584593772,0.8172364228034686,0.8339059837624849,0.9155875544492004,0.8628580109394386,0.6350326170671604,0.5579893912474827,0.8505467634831674,0.6478321310646747,0.7307827239215536,0.5761882953652848,0.8759877771804787,0.6832064015647339,0.9466951363674883,1.1111145460239191,0.9143237567357857,1.0348431771881341,0.6823606795131746,1.2059279283672124,1.1202427379887767,0.9930924970831837,1.283062197532448,0.7252146574740759,0.7152492401270141,0.7692152396704797,1.0165062270425707,0.9050622020288697,0.6762425245172258,1.1940778227103481,0.9354674391747625,0.5849780756847296,0.7768777441886376,0.9790872278305243,1.352840559935374
763236014,SST,LP,flash,10,0.9174747813366043,0.7315824376951445,0.9992808671062214,1.1600814235302441,0.8685612693157223,0.6579410892676815,1.3297975520452179,1.1224813198142154,0.7860037891795411,1.0879115008180666,0.9591377839488103,1.139710226997345,1.1929882782397254,1.2434062833065571,1.0201938758744216,0.8473487200078568,1.2336285899697705,0.9811013301506433,1.021474679662306,0.8448347617136267,0.9598201934668031,1.1370823095444125,0.8061414216693592,1.0376571529825074,0.9721362088396617,1.195164882701669,0.9270583680169354,0.9728735415146019,0.7011249175246613,0.43996462030527095,0.8955611607394562,0.7903924297237824,0.7860306640930564,0.46736412875277367,0.7061563140927409,0.6413552458240901,0.49411217332384155,0.3393366450284689,0.27814388077009394,0.37486188237396034,0.2676114566366138,0.24977618699816534,0.3011524979662234,0.4062584206171477,0.20533099892552625,0.5060391527239989,0.3043337562945406,0.2724048435049202,0.36165638140726536,0.33642182516341135,0.4178471463001642,0.4512537020981342,0.6648713381081636,0.526560142264044,0.8614834164792191,0.6281789270346484,0.7221103352001017,0.5325170549220785,0.47594171956917053,0.7363314216786008,0.901212768494889,0.6244017947039724,0.8044529525492476,0.8123671054304771,0.792702652143143,0.5402056484030217,1.151265903869313,1.053001004767266,0.9314958172397236,0.9785800612528075,1.2481680517993654,1.41487433200937,1.1651718937662416,1.3375697049563695,0.7566882907255258,0.8124987202436389,0.7461430964219178,0.8923726409518722,1.1491050722149772,0.9259018289762994,0.8623289636484751,0.5261341115479138,0.6699725505070167,0.6144450861173021,0.5422801276939299,0.2366556310834918,0.34735638363242477,0.49428279165336014,0.8456211935750003,0.5020871664064412,0.8080068845431404,0.4354891588006672,1.174383494259612,0.594120772579892,0.7116121164598809,0.6547154965244724,0.6172148483154771,0.9695015036700744,0.7653956625241958,0.9123743654488358
763236014,SST,hippocampal formation,opto,5,0.224390243902439,0.7219371414493366,0.867391686903882,1.2910569105691059,0.14545454545454545,1.9370462153819399,1.0387233681351329,1.4527749311106557,1.2574823868941516,0.9837485326724925,0.3642135642135642,0.29148629148629146,0.7884559884559884,1.1714795008912655,0.5158765353887305,1.6823020117137766,0.49696969696969695,0.29148629148629146,0.7346355541477493,0.4248196248196249,2.0628320507804006,0.6562770562770562,1.4565726955970857,0.4425720620842572,0.9646570231936085,0.29148629148629146,0.661331080843276,0.7284271284271284,0.8073628268750219,0.14545454545454545,0.5880266075388025,0.07272727272727272,0.0,0.9590257980501882,0.2909090909090909,0.43694083694083696,0.224390243902439,0.7763347763347764,0.36984478935698445,0.29148629148629146,0.2787878787878788,0.21875901875901876,0.5031781226903178,0.6866310160427809,0.2909090909090909,0.5942350332594234,0.14545454545454545,0.5215077605321508,0.4242424242424242,0.9837485326724925,0.4248196248196249,0.4242424242424242,0.5096681096681096,0.5696969696969697,0.0,0.14545454545454545,0.3647907647907648,0.35151515151515156,0.3647907647907648,0.07272727272727272,0.146031746031746,0.6139037433155081,0.07272727272727272,0.14545454545454545,0.7593582887700535,0.4425720620842572,1.117081866005826,0.14545454545454545,1.8037128820486068,0.661331080843276,0.07272727272727272,0.3642135642135642,0.36984478935698445,0.838293987217947,0.6139037433155081,1.3111181501425402,0.14545454545454545,0.5948122338366241,0.7593582887700535,0.146031746031746,1.112027841439606,1.2283846872082167,0.8926916221033869,0.7219371414493366,1.1841779135896782,0.9654188948306596,1.554022702946663,1.9610898905016554,0.5158765353887305,0.21875901875901876,0.3647907647907648,0.5158765353887305,0.5702741702741703,0.9212121212121211,0.2971175166297117,0.5102453102453103,0.370421989934185,1.208715977152132,1.6709567492924742,0.7593582887700535
763236014,SST,midbrain,opto,11,0.8725813903304837,1.0688622677306392,0.8800002264888945,0.7933403890834764,1.277465120287481,0.9297447788650518,1.1097601294824118,0.7922315943342806,0.9308580006838636,1.1249568521288373,0.8834067021211528,0.7903156898835939,0.974052913602424,1.1677717246727886,0.9252114271007834,0.7642816413407061,1.018251864703073,0.8451721682530123,1.0380830734625648,0.8585151111983148,1.1472253710141502,0.7458023515356834,0.8694662387460422,0.7418676714535064,0.606994210412015,0.7131630134033082,0.4353946061283962,0.5719241337176019,0.7427311923692327,0.43424025147033035,0.5843625392497093,0.5480034587026105,0.6830764490146108,0.7380027350464377,1.061099048079202,0.8481774359077637,0.9389687803730374,0.8418833408052372,1.0584402937187387,0.6431749082303522,1.0177983614425512,0.8665371343165174,0.7420164684132526,0.7285896409411525,0.8623637482459124,0.7442692452156748,0.8006970568448157,1.0179709156567305,0.6067298184484219,0.9451520149815648,0.7714929982429688,0.7167699313016699,0.8679593551566742,0.9458155333063067,0.7007409774806905,0.9302570746878552,1.2070967380238906,0.9709274149101386,0.7839259896580295,0.9301339112293386,1.0604892946854052,0.9185635586578436,0.7605112298461919,1.017201496875106,0.6173117681393011,1.1402603328356127,0.7301586869301088,1.0101420761213094,1.1109858586065173,1.007231185192929,1.2465756912516044,1.0325424379926191,0.9849842164091446,0.7627029765216289,1.2038526327444243,1.315146955436353,0.9812240930120413,1.1964709451705284,0.8220536693289385,0.8997217170935229,0.8711815496109518,1.0641708444883153,0.8635680438596535,1.226526028085614,0.9087585059255902,0.8636084846882327,0.914121802964559,1.5472400484321331,0.9772308007728916,0.817336428431484,1.1366221201127047,0.8258660729825852,1.2038539113632445,0.7581934664513931,0.9913798005148453,0.8616122280274829,1.0079173849574823,1.0977994856113253,0.8436375999855258,0.7586283728399098
763236014,SST,midbrain,flash,8,1.230667165910953,0.7383879789842677,1.5735344281481154,0.9700536323558242,0.8887673877301798,0.9808139633199862,1.1739219495006752,0.7747921931207279,1.0635869160429203,1.1247915779626165,0.8783583441903862,1.0835433077230754,1.060513641493172,1.0018398483132065,1.2238920739792867,0.7566157888457049,0.9038150168250583,0.9975025720847749,0.8785721952494496,1.160646872196442,1.15870088873924,1.1037955005744413,1.1130549819722444,1.0066806336492218,0.908244990696739,0.6902499021166588,0.5504438406159449,0.9150828165359433,0.8239358760648335,0.8960739366060296,0.9660422577299098,0.9483724029238818,0.9732338750170763,0.8625380864318838,0.9672521755182769,0.559749794647169,0.9436117890868028,0.5306675410802023,0.6546240674970287,0.47404150470745515,0.6878428885872203,0.5723884422044121,0.6085959488345456,0.5105311001359508,0.37124749908375654,0.3394738594670906,0.4238876144345517,0.48625064491246817,0.36294050944547596,0.42964896661830976,0.45259417747407826,0.5054432955536583,0.4367749547468072,0.6074978245428349,0.39077750101136655,0.755245854628847,0.39857905263027477,0.47568374654158446,0.365996401021099,0.37527906695996854,0.5281313206255627,0.3482819840996469,0.7041647508523338,0.6741517037308885,0.6091831392866939,1.017876104082592,1.5079499119350805,1.7056563766144484,1.0943909044682256,1.506704572600127,0.6817820475577586,0.6668713356493879,0.6728113468053157,1.1333648559093363,1.0401639525056954,0.9512134958023865,0.5477959587972072,0.887231688831249,0.6044562994808128,0.6953634987742431,0.6162300860666782,0.8207602000246226,0.6989076760321624,0.7912792521127769,0.7066462399798533,0.7057569600669589,0.5374947128006857,0.933615656214585,0.6918018044517209,0.6994553350861937,0.40640327093686746,0.6172079088481207,0.49730541397423317,0.5419946405721956,0.6756506035408733,0.48161761589452834,0.5991406772011053,0.46915571223516406,0.47263006922892603,0.6616159690151953
763236014,SST,thalamus,flash,3,1.106069211530605,1.3579084420264582,0.711372838177609,1.1375927088419242,1.3595923966294337,0.9970871238918946,0.6804106590672818,0.7119341563786007,0.9328112077641267,1.483547398173889,1.2793272152970834,0.7417736990869445,0.9322498895631349,1.5139482590832245,1.5150708954852081,2.3039023239902083,1.2322694858790275,0.3333333333333333,0.41135324186171646,0.6809719772682735,0.5369921980091471,1.6097476725223114,1.6418324880346222,1.4531465372645533,0.7762100725063688,0.5375535162101389,0.8370117943250398,0.9311272531611515,1.0269266666002383,1.295422765604812,0.7584305675956649,0.4423154209720437,0.44287673917303544,0.19047619047619047,0.3642955124436606,0.7578692493946732,0.1738193219674701,0.5065913370998117,0.26849609900457355,0.4417541027710519,0.5994778744307934,0.6941546514678968,0.7412123808859526,0.5208966477014184,0.2690574172055653,0.3470773257339484,0.4899344685910913,1.1364700724399406,1.2322694858790275,0.5203353295004267,0.19047619047619047,0.4899344685910913,0.6322302932472423,0.5369921980091471,0.3952576915539878,0.047619047619047616,0.490495786792083,0.9155930210544145,1.2328308040800193,1.2810111699000586,0.5851725638291865,1.0899736612228765,1.0894123430218847,1.484108716374881,1.6883288992516865,1.4370509869568249,1.6412711698336306,1.736509265071726,1.6103089907233032,1.2322694858790275,0.5208966477014184,0.6637537905585614,1.4348057141528578,0.9941742477837893,1.010269798091518,1.2144899809683236,0.6626311541565779,0.7578692493946732,0.5369921980091471,1.3114120308093942,0.5542103847188593,0.3333333333333333,0.7102502017756255,0.5375535162101389,0.6626311541565779,1.10438525692763,0.31611514662362117,0.7578692493946732,0.8536686628337601,1.3091667580054274,0.9620894322714787,1.3102893944074105,0.8364504761240479,0.9787463007801991,0.6322302932472423,0.22087705138552596,0.6637537905585614,0.5369921980091471,0.3476386439349402,0.9007263922518159
763236014,SST,visual cortex,opto,54,0.8668235257079228,0.9011116409058316,1.0065121707222198,0.8700036016337447,0.9758356496106193,1.0631801074054166,0.9996034948828865,1.144722922545819,0.9921265532468287,0.965850376409365,0.9740951148243654,1.0825688787196317,1.140173412089482,1.0140188334956723,0.7674931355860709,1.002422665039588,0.8652250475958424,0.991237908060763,1.0113638054133358,0.9165776434067624,0.9427054018325018,1.0392110796351535,1.0447245959737306,0.5400875860133708,0.4340140259404876,0.22078841682712083,0.2307368702251139,0.2545168842742297,0.32315439008490143,0.4037939802972613,0.47425525660984397,0.6284646841831313,0.5738599438797206,0.9554900987564006,0.890382568219964,1.1221130168179054,1.228922222994318,1.1855148216342573,1.2864783650832956,1.4804197949924547,1.32518119196377,1.4471094484238294,1.3250284358777469,1.1839191308794315,1.3812753464022214,1.088154773000377,0.9237838955160228,1.0272586806434492,1.0076306183621748,1.0609163614383537,1.0053618681304282,0.9679600299269672,1.001376556005793,0.9036469761619428,0.7408752887784618,0.8880893975154192,0.8210191321941425,1.074467931321327,0.9807041824273197,1.0022252858331053,0.9390362538597652,0.7914315557448867,0.95970304154581,0.9768222098260212,0.8856695611926091,0.9655919279407118,1.0355783591295609,0.9040858233028443,0.9845034952608969,0.854826510641867,0.9269383021563222,0.7774486113110254,0.8217325444327043,0.8715363049186281,0.8698061191037533,0.9810916846975031,0.9571097862414945,0.8629992512054138,1.051583221415757,0.9337371003396396,1.0524547575962568,1.0060623548219445,0.7736863849140613,1.0233955811412876,0.823995304086451,0.8806111956871604,0.8217116663180832,0.8178053957459942,0.8383298410560049,1.11982933052258,0.8774266240475538,0.9615978640619113,0.9564703562065395,0.848682520899188,0.9760213010829482,0.9400810472890783,0.9490801743729163,0.7938666871432238,0.9523425929587577,0.7595641574900976
763236014,SST,visual cortex,flash,83,0.8946350882490846,1.119430382933012,1.0571276886889913,1.01827349213968,1.0005113237011538,1.0229250288177056,1.1014250667727628,1.1980102690566683,1.0902163043635715,1.157858607153288,1.1096917172585246,1.1308904751077002,1.1048368631125567,1.108333674113668,1.2045457524648733,1.2513073438053723,1.0873766650635275,1.107444179210101,1.108842250777771,1.1311990877114735,1.041105807663905,1.0834840924835545,1.2490323861590031,1.1726746076794163,0.8903590890357372,0.9360308468147981,1.285414302081155,1.0244875455842775,1.1434410481885937,1.197265350267925,0.8880670549783152,0.721416438693924,0.7659297934363567,0.6649868126145306,0.6566721442029452,0.4040675332866945,0.4349618102550252,0.32790787900769625,0.3456323629056387,0.33475089581452067,0.3371685513271813,0.3327368979776274,0.2829743605267202,0.20153593454509516,0.2515971738719034,0.2841082152602156,0.31007986409893173,0.23275232918231756,0.19153005361579808,0.20386717376829144,0.21987021510470442,0.18665238006290819,0.24761973776475438,0.25034114025202353,0.24090879565183207,0.22444009894716602,0.3066276473521499,0.3795526298510173,0.2617750226197499,0.3196271483039691,0.4249539054892278,0.5591937023807445,0.6299690911363125,0.7832551301040351,0.8508210936395441,0.9913930927156486,1.0639773544585744,1.3490776085139662,1.178467276443521,1.5718224437528123,1.70887677462634,1.7508748308495543,1.7138467253770178,1.6362670388105192,1.9589997383441087,1.9724900580434677,1.8945481968796853,1.936298763164731,1.9148060784193148,1.849006657291595,1.688424689296759,1.7310161148165044,1.5259417813581737,1.218185861763891,1.2689948847378718,0.9859476341525434,0.669181357869614,0.5219478436731778,0.4113772098065409,0.46010921968370977,0.4178012235467545,0.40067302866442905,0.4199324977631092,0.48175442170553584,0.48423331290659066,0.4285371313187974,0.3800875370374374,0.4672640877212346,0.3912915006623618,0.27617521914442267
763808604,SST,LP,opto,10,0.8248960278871639,0.8590950895242226,1.2853886304938125,0.7275907897172716,1.1682946908273513,1.0785075359211924,0.834259015509921,0.8622828964379083,0.8130963866109552,0.8997346681160818,1.0280968607103758,1.1467744442651915,1.0346904125220158,1.1667946234757762,0.7478351250500612,0.7384511171949626,1.1652059179249274,1.1260097736199124,1.0378457746298184,1.2043484086398704,0.9130886750522252,0.8442554482913271,0.6725333334686063,0.7418641406768557,0.6009125404156922,0.35003277223796925,0.3222789482291198,0.411873647731401,0.33720066132525295,0.29596738949584556,0.4198001521035596,0.34795138498674183,0.28843733341532357,0.3912836221607465,0.5849096467997855,0.26652969948108796,0.47218607553448805,0.7255570708836055,0.6521285061752224,0.49375942467355494,0.7988404582592838,0.7271369299078773,0.6360153103810997,0.8368318605902427,1.053380727634488,1.1396365208882226,1.477048930208332,1.4978041372405952,1.2012577844240453,1.459001242792348,1.2143924083195474,1.0672910226526304,0.787455262304438,0.6301215205127104,0.787692299175734,1.1418744940234569,0.7040350688804982,1.00797248497273,0.6734264301683629,0.8659580317348112,0.9022758646240007,1.1688007539231946,0.8229368047382023,0.8709274468139336,1.2442877704849784,0.9516357345046463,1.1306051960956813,1.042305461215679,0.7297537978767853,1.08526206930692,0.8172397716587586,1.189964390342109,0.8506124654741967,0.7271535236062111,1.0076449858352878,1.012409575119628,0.9653223204736987,0.9809655148669207,0.8519326042897211,0.6839368860115916,0.9204726116276882,0.6465569602240452,0.7584756951030327,0.9007030301874842,0.7115879261855259,0.5834210882966891,0.8798744407213656,1.00105894462011,0.8922968607609263,0.7941602306153991,0.5551452003926739,1.2405690317384506,0.9878589407828071,0.9756265642991119,1.0533713205827187,1.0247533854790363,1.3735976309396114,1.0000558792604306,0.7453716847776954,0.8891254734150941
763808604,SST,hippocampal formation,opto,27,1.1470610046043412,1.0571250824517098,1.0382623109112579,0.9580107305178517,1.063583036890433,1.0207539413050999,1.1817035468993053,0.9674477451642352,1.018856271734936,1.0192886009039934,0.8618894157380921,0.95196488230154,0.9019169248371078,0.8629426829625998,0.8659022770235386,1.0329993500122927,0.9812857882628299,0.955058481298203,0.9540869921998373,0.8540043147660852,0.9162357683601733,0.8849057138676836,0.5511318245880923,0.45470497899812967,0.4029658197568021,0.5388990722292735,0.4109498575264614,0.5797588684070593,0.5179723854283508,0.7326686835100148,0.8961720066988078,0.7844027501526526,0.7371886197133669,0.8649449131196284,0.8452605544452446,0.651595356089215,0.9997542573142381,0.8759137665728198,0.872725138598769,0.9214726667432287,0.9070873270175848,1.0178636774482404,1.051258017334485,0.9943619832212129,1.067976971467312,0.9804202927068127,1.0025864981695576,0.9479931646796812,0.8706809922951929,0.8551436409498305,1.0786987639933638,1.0632903335003812,1.0715473019609645,1.0889355639292733,0.8302163311412805,0.9262552707247158,0.7827938946374913,0.8209699631637553,0.8632966753306065,0.8894632280681213,1.029358086395802,0.9158349501577354,1.0061670495324258,1.0368721107393006,1.0525265738117628,1.059008882349667,1.1172724069439453,1.02240497304733,1.0312517628215636,0.9579982660983304,0.9784803161674537,1.0546746270284375,1.0346422284055197,0.8584270562755498,0.9202476348627991,0.8236447756128532,0.9346894696430332,0.8041073370696016,1.037804638052119,0.9447100958566075,0.9681715138437883,0.9928132121024359,0.8614754354129592,0.9110112431228977,1.0237177455056863,1.1543840832436767,0.9700013563599904,1.010916795768448,0.9291612550158357,1.0295572686904448,0.804604091181017,0.9417087791802715,0.8836483341561491,0.9589662399081694,0.9255382572681576,0.9853570260934097,1.108762177736156,1.0095962450883116,0.9588560366064033,0.9122558574323465
763808604,SST,hippocampal formation,flash,3,0.9883314537677671,0.9507096629989739,1.0800491734991413,0.9440109590525635,0.8100368801243563,0.88835719196291,0.9594725024637549,1.1511644839999866,1.3990165300171702,1.5128944971061464,1.3830486892146803,1.0975748524287035,1.3160616497505766,0.8254984235355476,0.805908609087615,0.7007934814634197,0.8682610801236788,0.6358705775176866,0.8770239195884599,0.5802168104280331,0.8033381761779458,1.001728861660588,0.8435303998564079,0.9038187353741014,0.8569278077492287,0.455511868355905,0.6204090341064952,0.7342870011954715,0.5065310670175189,0.7255241617306906,0.7255241617306906,0.4709734117670965,0.7141908893562402,0.6003129222672642,0.7342870011954715,0.9259789827317032,1.04192108533905,0.6647295288216987,0.9239148472133323,1.1357029405887953,0.8301329919635873,1.0197608379814482,0.8790880551068305,1.0779850379807707,0.7208895933026508,0.8589919432675993,0.823434288017177,1.144465780053576,1.070780036643062,1.0377928143023087,1.0063634300886275,1.0264595419278584,1.293901402392975,0.736351136713842,1.1449720774448746,1.2428822037313612,0.8656906472140098,1.04192108533905,1.0063634300886275,0.9909018866774361,0.7322228656771008,0.6250436025345348,0.7054280498914594,0.52662717885675,0.826004720926846,1.004299294570257,0.9775044787846153,0.8790880551068305,0.725017864339392,0.9373122551061531,1.1758951642672575,1.0109979985166673,0.7878766327667543,1.0223312708911172,0.7878766327667543,0.8100368801243563,0.4421144604630844,0.8749597840700892,0.7208895933026507,1.1336388050704247,1.0063634300886275,1.095510716910333,0.9816327498213567,0.8301329919635873,1.4232409128931425,1.008427565606998,0.6606012577849574,1.0888120129639225,0.8971200314276908,1.322760353696987,0.6940947775170093,0.8167355840707664,0.9842031827310258,1.086747877445552,1.0774787405894726,1.1872284366417076,0.7430498406602526,1.5371188799821187,1.198055411624859,1.1800234353039987
763808604,SST,other / unassigned,opto,19,0.9839745633211952,1.1523695346793845,1.0522668496742233,0.855800398160499,0.7617429594499129,1.0390235242708963,0.8746025784563843,1.0800131709425804,1.0332018466618553,1.0078000746090625,1.1217522972437264,1.0600144522091033,0.9509968964837566,0.9871692932780892,0.9208591853240328,0.9026684080220787,0.8926275814527065,0.8953051700680731,1.096398186962403,1.0505669205985966,1.0084961002968524,0.7863614805857762,0.552366876200975,0.4570264742223093,0.36200292777620063,0.3364729393511854,0.251914844367507,0.3827790711827405,0.29026262485123633,0.2906666431071525,0.19288009270390402,0.27244540692461355,0.4310440474970015,0.4971082553985829,0.55901145347348,0.7253875112563226,0.7483312104335942,1.1284984415532053,1.1721642923482214,1.4185496039803864,1.59838455078658,1.944202185414787,1.7913084835945914,1.7087605270874977,1.849900869985656,1.6494437010128244,1.83670759306535,1.5690812865383739,1.5248691174454656,1.5721202745690372,1.3840134773353516,1.0979159820191058,1.3637917536323843,1.324293508503953,1.4194342787315393,1.5610884381900043,1.0977598223266767,0.9914747699601802,1.091801778802496,1.3759871098610683,1.0054201260143285,0.9356209871969178,0.987653982718476,1.1607249070838084,1.0556373049605172,1.2987883310988348,0.9664336481975456,1.0763505920908165,1.1009477859022283,1.0780354144787225,1.0691646511504251,0.9891023259434167,0.9989455573588044,0.9336342894486368,0.9154409938358239,1.0215547757550165,0.9095000273585123,1.125534968935762,1.2192506391793914,1.1551305160068293,1.0129106286976723,1.067153446079366,1.0983149697239107,0.8843455764682242,0.8857912547246568,1.0804195655187996,0.9223775825442034,0.88889850587194,0.8621033476916684,0.9896926965691248,0.9067370873193749,0.8193472630448243,0.9524937082117415,0.9903274726433162,0.907699627940408,0.6891519922228346,0.9946411004014112,0.8758602153179178,0.9659079839853009,0.7534567431201858
763808604,SST,other / unassigned,flash,15,0.9073868997417495,1.0817526902204622,1.0392108404021188,1.04565013591485,0.9785210328192415,1.027346013750227,1.140136550722406,1.0244827050094323,1.13761147589362,0.8745948207940664,0.8569397623051167,1.0430404965114515,0.893446560524595,1.0160823459764814,0.9820429322924611,0.8522171667443296,0.9751012226536875,1.1196493973034163,0.8775916341485971,0.9707490260912842,1.2897443487630142,0.8884129661400053,0.9087938414866833,0.792883589266849,0.9043921312183998,0.9954174776280188,0.8865352820427962,0.8431965130243453,0.8524782271938297,0.6776954089995425,0.5340407164553632,0.4637558615665792,0.28889607543417556,0.43727588959023095,0.5293823088508662,0.456784251106847,0.5944304279800761,0.6746194280503676,0.5352765173401406,0.5483705583581654,0.7254217501249097,0.6974832965161394,0.760073002306927,0.7182698757353385,0.7648766015211003,0.7292197146045445,0.6604499780006156,0.8070107246968582,0.5542170308767499,0.7182066294363355,0.7464372847804743,0.7225193462830747,0.7034893680461688,0.6803208869989947,0.7742290483465002,0.6625045185349576,0.6720100028735728,0.791647967667138,0.7874634373846665,0.8433676867735094,0.8460734860797375,0.8044295233947404,0.8681145052492291,0.7186479012071572,0.9990501016047565,0.8943869964094375,0.6762893690805567,0.827126665410153,0.8549160461523388,0.8489425663643106,0.908473115203812,0.9790758006994503,0.9721718819757913,1.038664947479955,0.9023306995789836,0.984694828501788,1.2153024676344737,1.142129128260461,0.8436110228868252,0.6118270766297428,0.4510107168553199,0.4013920384483312,0.41046123833556936,0.7022149990287345,0.6160218642980155,0.616525582945181,0.811257749850334,0.9904917492309724,1.0441843122368406,1.2703790201046796,1.1331345413063976,1.1279099611584238,0.8872846363872582,0.9863495510014032,1.0042950591031723,0.932551488965902,0.8436617517369311,0.9531061037840592,0.7654855235802386,0.7258769879425758
763808604,SST,thalamus,opto,26,0.8829384882822906,0.8698032083253763,0.7993573861772642,1.0564109447399068,0.9162205512076764,1.027797290399919,1.0061237555517304,0.9816842338168533,0.8952125096142571,0.8126279093368668,0.991558452031512,0.8600965414032637,0.9501359379932942,0.6064206564272356,0.9665730239734087,1.1126228762981154,0.8812422511239851,1.0891973720070793,0.8644811916598457,0.972012409754561,0.84182301194704,0.7086647302002367,0.6013802213288219,0.6380789394750993,0.44917623068723717,0.5421720808907753,0.9252673751062856,0.6110296293085992,0.7381889464157448,0.9441270818783091,0.7973656433926396,0.45008770904910406,0.4942872231089008,0.6236599749876663,0.5909588312814905,0.6262414950467089,0.7251504034170055,0.6414095555782656,0.7285509225904494,0.720886578453121,0.7464049948653121,0.7372103902382439,0.8944040359381613,0.7559510177790147,0.5586109413316718,0.6454844835829857,0.8163923532887125,0.6151161951777799,0.6079004350016635,0.6046434949842467,0.6314813148391883,0.48541342183233294,0.6381429092612451,0.466494697288496,0.49099284709590524,0.5262357075715527,0.5863332751542903,0.591580018589522,0.7524748838177521,0.5026562685582042,0.8348972702136095,0.6414031547745143,0.7228623113900061,0.6627142487675717,1.0310032084936078,0.778852525203172,1.118473533532467,0.6294452241648085,0.7665234733580433,0.9337531635311838,0.9084183465440699,0.7661438833132499,0.7636663633319755,1.1134037478579353,0.6924086240581638,0.9968406155331118,0.9389352648789355,0.9096098054086853,0.9334056877719509,0.8618770039374671,0.9105901249337582,1.2006657544311938,0.9419770412962001,0.8186281842328108,0.9921753935943964,0.7464531133273158,1.011460268453354,0.7187349428006401,0.9067609246553037,0.7167479120708816,1.1127763137546538,0.7787873765223844,0.8431360650541591,0.9155834307424674,0.8843522228424144,0.8847076928330396,0.9305630768568733,0.7735825361180066,0.8204914513872702,0.8147202797281141
763808604,SST,thalamus,flash,18,0.8751671048418582,1.0311192815540724,1.292713005681894,0.9222677053315098,1.0126068914856325,0.7740009078276288,1.014267108701932,1.0858976317284175,1.060468702766851,1.0372787171673454,1.0745078698457402,0.922610674820701,1.129425797373938,0.9336737440598257,1.1036357099195415,1.0828440712145353,0.8090510204601971,0.7521841097441546,0.8406643688981905,0.7237322201219811,0.7900586829666417,0.7812795055429268,0.9701291272303479,0.9773745252482213,0.8434414878012358,0.9138382461138312,1.2267090864263344,0.8410828664059444,1.1215007909002197,0.7950782245677702,0.7617439890766445,0.7599210079076548,0.9343009031428835,0.9405302321327357,1.0068601887459865,1.0198300377345748,1.0891669074182753,0.767772204397847,0.6382072531375071,0.509752104529215,0.45290240159991657,0.5175209574718118,0.4069005100866486,0.4020474781634638,0.47429719270323367,0.2942506156333903,0.24694755235455887,0.364812066325694,0.32066562918223157,0.36248737556346333,0.29220064839033166,0.43470593845980116,0.17380758042796807,0.2029449091366895,0.38428912316416464,0.2505448381627298,0.3319685880684906,0.20510033179759418,0.2008779503962667,0.4491295192264435,0.410146021912803,0.5766192125880258,0.5274293931499547,0.3599877280434096,0.48921935709036635,0.4380059741380273,0.5589716767759507,0.5109799162709625,0.5972350411444798,0.48692806118821874,0.8970635265059026,0.5832088771544174,0.8546135721361756,0.8106189008263243,0.8896654969156648,0.8935552685204029,0.5690818608853712,0.5576540802310515,0.5508239462116242,0.690057776660795,0.7266004410280986,0.7637261106445875,0.722831868509841,0.7395182298846275,0.41556487423322097,0.5544418175243597,0.5891217029959299,0.55116085219815,0.5972500035108378,0.6328591877474905,0.6297077588429721,0.6716138069355579,0.6695693391229107,0.5861906421390763,0.8195420559883082,0.9794556512967163,0.7228007903627816,0.8400735994490318,0.3604688118275847,0.48313932983902297
763808604,SST,visual cortex,opto,93,1.0784235014760757,0.8310434093064751,0.9456141384258018,1.0458054515827657,1.0073378899520469,0.9322869465059813,0.9804730712684301,0.9536676777946824,1.0215097624376055,1.0188178090919395,1.0731792682519603,1.1103758509768868,1.0137467558556859,1.0470289737623881,0.9040328909490508,0.9316005703126296,1.0173852048290475,1.1766753313917115,1.0194745644865326,0.8714239758946812,0.8769814427284772,0.5131133223097459,0.2280226785236546,0.1274866807788767,0.08190160457941344,0.06216541427746482,0.05820583532763584,0.06916136234887488,0.0666468414390188,0.0676324098068529,0.08437162190083966,0.12228691078336183,0.18134964959504876,0.23352965521490024,0.36351131644588147,0.5147762815248411,0.5601758021960752,0.7502953843972576,0.9343152294001317,1.1635391647653164,1.2006240441464668,1.134168403115391,1.2099173580733766,1.2150148344926464,1.2627247421822116,1.2885453821480588,1.3313908107448251,1.5037970781772092,1.3592709600524566,1.33896151032202,1.4805673316297074,1.2818586315274978,1.1018624286463874,1.0897111100671548,0.9838067286654162,0.9574845037520852,0.8778113707652664,0.8956287816805961,0.7454544551867243,0.888052041091774,0.9328224803398918,0.8913972426741643,0.8101805553089848,0.8787180120016346,0.8298536566064643,0.8886479113826884,0.9073756319364755,0.86791736460871,0.9674689850961801,1.1106578482838905,1.0906651629393693,0.8753241528778172,0.9881424068952938,1.0853505389603206,1.1794165006244048,1.0813990291958682,1.0264898056671676,1.0427713609947036,1.0526248327004402,1.0395619708854187,1.0646098138826754,1.0181786415709457,1.0025299784461477,1.1771185020003674,1.0044707737218677,0.9644888356365928,1.0442966226949484,1.0882838763495277,0.8955770026216587,0.9944997706071372,0.9457263815307285,1.060667583909584,1.0315571259658702,1.1174027324030997,0.9813154449576423,0.9593759456932889,0.9672330153637347,1.0356984667170068,0.8845250658798679,1.0504118559221272
763808604,SST,visual cortex,flash,27,0.9471472403166816,1.1823764991788908,1.0033228119038309,0.8864691549377691,1.1508839184530257,1.1554783844189103,0.9857818883329412,1.2028608084838108,0.7812248030198935,0.898258897836938,0.8622322736299466,0.67934303071177,0.9725515541481623,1.1007999740315704,0.9131782096069784,1.0910180117957735,0.9111406597938801,0.8090952112239433,1.236809171388059,0.7929860103759369,0.964262913824379,1.0114638711453756,1.2082325957127844,0.9510278156261998,0.9678938823080898,0.7980637909450986,0.9656720138448691,0.8765982777581107,1.4479041224568237,0.8254251294934996,0.8520913831234272,0.8324089658311359,0.6797653710415891,0.6219169131633406,0.4124129162066276,0.304675816510547,0.3659870486140861,0.4221773434290841,0.22885374473471976,0.32903746469040457,0.3998593963825711,0.43472556921438715,0.2895632940210906,0.38918923453098975,0.47263879926192365,0.33854895942347646,0.4283228467177793,0.37082728175770646,0.4430098928415263,0.35726742971325237,0.3587434034878643,0.3145004932077266,0.45184885644275624,0.4323872679846077,0.33988906086177395,0.5601021552348663,0.6907368143640688,0.4418901943019372,0.5240896900321848,0.5577617354454825,0.7305872269649535,0.6661334962218012,0.6437397353965715,0.6165445095200278,0.7762341424599808,0.6324118055540123,0.9664442199866345,0.9576509244347476,0.8667094943614378,0.8317812023257363,1.005352329749562,1.1658289030619726,1.0199120545184353,1.166958631211301,1.102987724705063,1.158988631089923,1.0867843967863338,1.0746562953181051,1.2662372827159336,1.3137256798131376,1.1807956454884734,0.9661730567343101,0.948494853740777,0.7559570325587802,0.7530203829826811,0.48424703577786826,0.37042281488322903,0.46801314007556594,0.6606083022785386,0.8752100410248645,0.47276645253400446,0.5078563077374332,0.439539655310955,0.3995241813911481,0.44448469916250055,0.34381277229597157,0.33018570451739937,0.32116970264971584,0.3257617345111685,0.4157483406056343
763884103,SST,hippocampal formation,opto,7,0.8206458255661195,0.6977825777028717,0.7360123609995863,0.3187292665320259,0.8861910244111376,0.9465856005951875,0.8456989431003267,1.4317123769585505,0.8522080499980346,0.845704769914793,0.9924229415707463,1.1451748478979014,0.46159223620363515,0.9860498948883014,1.3990824017469434,0.7895881847758464,0.9754557785546583,0.683619912988845,0.7685723295787208,0.7542930416152223,0.5773823927997467,0.7289049232239082,0.4005588404668629,0.619293176306462,1.3080820326641758,1.0395889334735802,0.4333477925583189,0.5277807413729744,0.41302615513141827,0.24984737484737485,0.3470695970695971,0.10943519802743104,0.17323547541994144,0.15277777777777776,0.5432077361689013,0.32601325319771923,1.0432645748051983,0.8217575304953947,1.0922361882797518,1.1328643298058259,0.8116512639564603,0.6793600100575061,0.6640104986883257,0.3945913261867548,0.5068770226537216,0.44500986923266705,0.3445229173256767,0.28072263993316626,0.5936204524003471,0.40166146266785396,0.7518075869032711,0.39423558897243105,0.5714241850328993,0.6263481794598339,0.42308285026731635,0.32913026903829146,0.58111879122725,0.4312721738867685,0.9244671231970709,0.787562361292309,0.588747085263311,0.6854918119283316,0.30832826402576025,0.4637426900584795,0.3379389752446747,0.5125407182382143,0.2421578557793447,0.8955911184231338,0.7699729436608608,1.2455521359530086,1.276101190591356,0.5704634498616378,0.3726147358183677,0.46191415182217427,0.9434571549106591,1.1726385849607657,0.5130210858238451,0.5653984005068592,0.9358344639040878,1.2615763453690148,1.9664642463260285,1.3429104183904936,0.8958229739638843,1.011616085346033,0.7824402583254162,0.9713378542198166,1.1837230671143608,1.039131740927606,1.0624686804883574,1.141876205050581,1.0178376231337434,1.2056764824430914,0.7285606158535407,0.5934902189995503,1.3323013925141003,0.5175352360477631,0.882686564281993,0.49458625687918173,0.5229417207444801,0.9465049385974272
763884103,SST,midbrain,opto,3,1.1881955829476987,1.0670612132029114,1.1498106811130688,0.815885597194059,0.8370511038131538,1.2109149107326926,1.0897805409879053,0.8406979135986923,0.9902914095336518,1.1667902104928844,1.1568644348484265,0.9574064402684809,0.8393839582685129,0.9717580589879374,1.2892385355678513,0.9119677846984932,1.0785408100132683,1.3213444715435616,0.8947483894829583,0.875675871483503,1.2237084628732289,1.3140508519724847,0.951906507699022,0.6897904623335536,0.6320931766637491,0.654812504448743,0.44985457729933814,0.8200715744333383,0.39425028024917347,0.5553233729944894,0.5757098463241243,1.1104068801532596,0.9618322833434797,1.196563292013236,1.4030792857415613,1.6017582470320466,1.6795469498264861,1.4474438518170887,1.414019715098177,1.003863994963648,1.0346559756091793,0.6856044850942741,0.8273651940044154,0.32973910667973055,0.5417507875644931,0.42713524951434434,0.3083337342249162,0.3978970900347121,0.3083337342249162,0.46552015134897423,0.6970840819046308,0.5054588743495029,0.3887503476797145,0.45559437570451644,0.4840535018946886,0.5054588743495029,0.5430647428946725,0.8785436479795813,0.5339180005396751,0.48040669210915005,0.7354689837392606,0.6065018269696553,0.9505925523688424,0.9576463061042002,0.7161565999040861,0.8657500958390454,0.7723000644079915,0.9902914095336518,0.823718384218877,1.0310091658236404,0.970979025698477,1.314290717808204,1.0686150343688103,1.3257703146185607,0.9360010678136664,1.2158756758484106,0.9440737206742039,1.3380289447183775,1.5312674092217062,1.0921133954432645,0.9824586225088338,1.0273623560381022,0.8869156024581404,1.119258566303257,0.9610532500540194,1.1547714462287868,1.1960283699725167,1.1960283699725167,1.0116967819884661,0.7297291853340823,1.268612196402497,1.0278972780788214,0.9902914095336518,0.8976161659790366,1.2722590061880357,0.9696650703682979,0.9675720817486578,0.5767287454493036,1.2359670929730455,1.1929164822276974
763884103,SST,midbrain,flash,7,1.0819974919754294,0.8809399408062705,0.8932140383652671,1.0605259449429927,0.9806368381345923,1.0086337072364802,1.0960642795091984,1.1507634603618528,0.8479093733924922,1.1539579319636937,1.0188825519526266,1.1493991700450137,0.8788964718516369,1.055440010488788,1.1501114093944877,1.0861587104087334,0.8057137948977943,0.9593577720946572,0.9993910074557035,0.910736955899465,1.014434049902537,1.2477767189948878,1.0929098827661674,1.142439762110447,1.135090174904368,1.1465426267959935,0.975268916028328,0.9436562987990988,1.0650053136662732,1.0231165862017035,1.066193966196801,1.080943556864961,1.2587027084224085,1.511527749727728,1.0701689296808188,0.9175433597211891,0.9738909202796491,0.6516136308575928,1.0445880075870837,0.562136985529118,0.6930548515720679,0.5248377535131105,0.582623682096803,0.4251897078609783,0.5101480254121231,0.5416728216443476,0.37434438639218304,0.4955108447352025,0.4806553904938274,0.4864191444504093,0.3729474834148858,0.43301654640118015,0.3780134728387164,0.5232531472324339,0.45046576654028214,0.4161816520393842,0.539598898747618,0.601107910806552,0.5149591206237117,0.573537985248894,0.7683269174480253,0.5791653649530559,0.41224202478387195,0.49566929614376043,0.590642712019301,0.5739075042877533,0.6448576401836345,0.5142291405491173,0.9308196820686977,0.6416912849537304,0.6005919624592752,0.7794434663175372,0.7663550358203793,0.6089032344751587,0.5559754499616087,0.8628242253651974,0.9085436808083027,0.8750803215953624,0.7651084728971849,0.8209251385796443,0.9191769080256827,1.048778853166847,1.793961252580888,1.4408600444527717,1.3516462318792528,1.4049760003130427,1.2193984636725943,1.0421591153249614,0.8244601907578127,0.6265072736733522,0.505496485457023,0.5351582362047955,0.612419394079489,0.8244993002387033,0.6877033428722223,0.5768359383859035,0.6079505757301653,0.571863557298693,0.6806791993741274,0.7432866144287046
763884103,SST,visual cortex,opto,191,1.012113690337876,1.1645499628767155,1.0451306133843927,0.8619795330869849,1.0705954270803242,0.8811010894375977,0.9425424992266764,1.0077092251685258,1.0578748273544067,0.9811972755503173,1.0017747013374934,1.143010081083489,1.0547749674444908,0.8945493339188126,1.0949974153764699,1.0009748726860601,1.045409804140108,0.9914864719043595,0.9701582371989377,1.0380797331343417,0.9928010833871111,0.7000969191027682,0.3092031535773952,0.1922428918101237,0.09707402672690453,0.09233414709826764,0.059390130962124824,0.09392923674332201,0.11920766424960098,0.14565166456740058,0.14950458054113971,0.2159466415549228,0.2562510735417182,0.31113066792101235,0.4469966952382868,0.5763720563430872,0.7477992121762226,1.102272340251425,1.0535082204145763,1.1492824644180284,1.117729197009339,1.095782134185537,1.1363811140946698,1.0765641832277553,1.121739426953342,1.0975181666689162,1.0822429582431505,1.0795174540901096,1.1239379282763744,1.0303057384219447,1.0678108589212953,1.0226505491971407,1.0053472872798215,0.9032567005960259,0.9118910709351078,0.8670183576351626,0.8561901144466848,0.7435121517881534,0.9051925511493839,0.822506399886057,0.791456729275165,0.9871756720875747,0.813269970151015,0.8440848980124449,0.9002087239463707,0.8331793508232942,0.8723875386717943,1.0351623765278823,0.9333974453133213,1.1058781982007568,0.9269506685530708,0.9618821319852967,1.0898291702967404,1.0327839958113738,1.0614196659621395,0.945378913508306,0.9933481701628736,1.053598489248835,0.8802630668489035,1.0134467521622799,0.9011990828670059,0.8362791484973339,0.7863736246809171,0.753677663159278,0.8126791760800014,0.7371374138412167,0.7360988859116381,0.768494361588562,0.7133001677741271,0.8164031434516039,0.7913221752417103,0.704450001306839,0.8091382175722297,0.7961748969856759,0.9041087591990736,0.901415852715806,0.9658144667322242,0.8421453215823035,1.1250959508595715,0.9251986338399539
763884103,SST,visual cortex,flash,87,0.9445283035504843,1.038801929022323,1.1041205070396318,0.9295029160349442,0.9549823901653425,1.102504608474532,0.8740431645816968,1.1047939809292808,1.060259838152584,1.0315370810917173,1.192244736204455,0.9262317917660569,1.0112294980392225,1.0705178534997672,1.204030749227969,1.0042978112337964,0.9939435822801557,0.9087700472799721,1.0904218955637952,1.0725809252643494,0.8973108035531484,1.0886137469566999,1.0654221743973695,0.9300092504239615,0.9146469946649282,1.2843712032128471,1.1811922538432262,0.8782161579617438,1.1904784719861827,0.9167315598315263,0.5600889693718898,0.45187396670280955,0.33846689274045944,0.2581340822637074,0.269592872332303,0.29066591897262045,0.28705217078912526,0.27443052465656953,0.2960928955991169,0.29921263594887376,0.2847774658360026,0.3818996051166235,0.3405451886551825,0.3266888792571433,0.41223173871113183,0.41307859948369957,0.38780410577510765,0.3322323680926123,0.3391965306882265,0.4392361224623846,0.3712803399240683,0.38004063977763985,0.41718769313393356,0.3829579960761349,0.4404571837420711,0.4175454633106439,0.42283216444501526,0.4636064096813522,0.4636552309789686,0.49299812007637306,0.556136363700999,0.5664204388951237,0.6585157715517111,0.5934658567034478,0.5733882769064356,0.5531183567738861,0.5527745247329913,0.7721933394297268,0.6928072853409313,0.7049393884667766,0.7595566302287586,0.7194113447964224,0.6707574663272998,0.8607183142774821,0.8524948467905132,0.7588555875972057,0.7564365443418558,0.6810761763742831,0.869170604224327,0.6538821896697528,0.4088023403194206,0.41608088579925995,0.2980747607713459,0.2394318017408531,0.3278882422700455,0.31021028931484795,0.2072381621615508,0.22298626017669687,0.32620962529616077,0.3080527794848845,0.3339673572298945,0.4533521131785291,0.37556885254756966,0.40077542270580074,0.3699906597142177,0.3638307879651096,0.38441881817066487,0.3961394889932572,0.4076324686566014,0.4581878520792065
769360779,VIP,LGd,flash,4,0.7354827304758099,1.1830733489381553,0.894861669294001,0.7975291385280321,0.7337609576514237,0.6103630336049178,0.746956281843121,0.9784450273842666,0.6769879542240242,0.8946001184905845,0.7097232698509125,0.9466331971964652,1.125894274206334,0.5971677094132205,0.8560239147798177,1.0059706426857735,0.9394902425676722,0.9257943958949391,0.7897549961407417,1.1222893164029275,0.807330986395348,0.9161370685286282,0.9011255203359305,0.9568580080218321,1.2543040520742463,0.8083851371118962,0.9414234968710837,0.6531617479025384,1.3455705783022611,0.7544552384519447,0.6364784962098458,1.2005856348933204,1.180770457679663,1.0351543265122252,0.9499766041964556,1.2493422675772312,0.7774524105109581,0.7969115857445849,0.7056177895664699,0.8457626696051098,0.8274077144124219,0.5770909813961466,0.3648999989339932,0.1811273703352602,0.4217230716857837,0.5560270636405449,0.4908623650424079,0.2966033748148916,0.19696795279043028,0.2569229510631856,0.2253863066538506,0.18862632694408396,0.3887262052554791,0.28220937940564106,0.20384935661580694,0.42235425944428084,0.2224658626119112,0.34675652522033085,0.1955077307694606,0.24629206893339703,0.36912250952084696,0.4323675887906223,0.378924357388163,0.34529630319936117,0.35801859510861656,0.4808490356960665,0.4845985140004784,0.5278838955555911,0.5249634515136518,0.6347567233854596,0.5187132354467722,0.6005611857376018,0.5255946392721489,1.1896488201078923,1.1488778112902973,0.9347535745247324,0.619177691733706,0.7814770745938364,0.8604045808427268,0.9303729084618233,1.4275355588955019,1.2096754788005752,1.5543542292164891,1.6316100319653843,2.7266112705987005,2.2352895082489006,1.7046433241274257,1.6742108997590297,1.2881936570664645,1.6862883689347379,1.9029770477622114,1.4715465793857259,1.3289009615846186,1.7042873221473949,1.630965209231837,1.4897934484267497,0.9027972238359259,0.972554069975997,0.6197451751927621,1.1987694108923201
769360779,VIP,thalamus,flash,7,0.9791880355346254,0.8903982550332376,1.0801461400682821,1.0938493125829674,1.0408870265195191,0.9810391249162077,1.0326197502364978,0.7941840911869583,0.9635714571046543,0.9155103780844713,0.9061477820316125,0.9898561232541515,0.9841131684709605,1.0687080212304991,1.025735795687812,1.0920091689937146,1.0334953339743838,0.9647555278945841,1.2351693651863214,0.9810085247100632,1.1006425485741922,1.2469771642168983,0.926969752783297,0.7794537883400992,1.081289751401987,1.0035335596155075,0.9942979793645005,0.8873121685554122,0.6518848543078251,0.6814681354630724,0.6369283045580528,0.4331239997420332,0.3657940751487532,0.6866675096879432,0.6528808807007503,0.4213494904010255,0.7308766799011668,0.8221793767258726,0.6503910725501075,0.7193694051669173,0.6906372977144102,0.6750758969004977,0.6022115838156544,0.7020109606159426,0.6077519180294556,0.5806195931150802,0.5242537036719347,0.572050794123806,0.8896691376605548,0.5350164049895233,0.5798409367764128,0.7478838490255583,0.6334030986105438,0.7709320409842098,0.8090539776119654,0.7998892552623248,0.7825565276904755,0.5906872346686088,0.6920794637555714,0.795567402174477,0.7707888809768527,0.8590005788220194,0.711283973892688,0.8227303099713336,0.7406916589850843,0.7341718768308777,0.7628370705256432,0.6224000115962934,0.715677633107619,0.9670684880641411,0.5134604657388129,0.6177132334458514,0.9619742797020564,0.8292141263770479,0.71619215907264,0.6296906871198275,0.9918722557354752,1.0670880434019927,0.8765185125116483,0.5445316862221232,0.6944040232812106,0.7445869212736448,1.0390316793606045,0.9669576822206459,0.8261146698825941,0.7118214660843106,0.9797357769426231,0.7528864144128656,0.5402442771010995,0.7264900564272744,0.6447954788591582,0.812746365011627,1.2921781072828604,0.9982520501991268,0.8390152393361134,0.6532319409216705,0.581361078526856,0.8921514686491457,1.2083712056915916,0.6237376205883286
769360779,VIP,visual cortex,opto,100,1.0102128295492359,0.9478531152156208,0.9835914217627466,1.1666291413351195,1.1652571120021815,0.9502723014123134,1.0257318749788304,0.8812885352158447,0.9797248290733128,0.9754333668299394,0.929403615685099,1.0340939534927744,1.119428172781852,1.097030812100427,0.9826927744310379,0.9932236094158653,0.896168991886634,1.0075952632122982,1.0133154562515494,1.111788220592046,0.9764243350244343,0.8713546062373091,0.842108207748261,1.3316928483463624,1.3542817957037605,1.367856194232195,1.2286375884355438,1.0160102289188833,0.8386316558909362,0.8766634801467816,0.6994843563015385,0.6556383858327863,0.5845326210765536,0.5397784783978649,0.4791907346807826,0.4323849067544877,0.46600309348685265,0.360335420411529,0.36017397652663524,0.3614650551374464,0.29119813619793006,0.4440196049728741,0.40318291286512953,0.4530953395809746,0.4774752246871089,0.43007043468995876,0.34812594084714116,0.33223122457539916,0.32327561904499547,0.3563484244118834,0.326584861345581,0.22207302721989636,0.3291104159505811,0.41188348517636775,0.3347478823534397,0.3171697423671973,0.30780347196776925,0.40118297739315745,0.30896550514360954,0.36346810343118713,0.46473622043136875,0.5118678902330597,0.4832247821879524,0.5066950707111689,0.5537784330675113,0.5143460394620064,0.5525633648519811,0.667852339881885,0.7067466689098305,0.7572911470449201,0.6698319931189951,0.811207324832462,0.7033855591663535,0.7246993432057656,0.8396444103845104,0.7997533954495882,0.8461731602778937,0.8359732512845746,1.0396596963154079,1.033861112537433,0.9946870348482822,0.9226093706911392,1.0019777982774858,0.9352498977028826,0.8244138317051882,0.8615662656101195,0.7910774857238824,0.8044832075063116,0.8062686576845117,0.8198475869026811,0.6399702041126788,0.9685856386792464,0.8050099399667309,0.8463030943158103,0.7380629530490255,1.0531814057513713,0.8622742958629054,0.7383170876503766,0.7924964171180433,0.7474148117532945
769360779,VIP,visual cortex,flash,63,0.9643489782176787,0.9375244380699519,0.9238706711125203,1.196851074943937,1.022717428700431,1.0605796090209747,0.9761301978779046,1.078463734764248,1.1325064884244356,1.149992624245276,1.0051972989873437,0.9659732153300378,0.8846418544768926,0.9588798383619268,1.1470527795207257,1.0532735846716401,0.9104162066332451,0.9384568137310939,1.063791577793453,0.9836599167246124,1.0204305917367227,0.9655755873546581,0.9300676532441965,0.8922314501104077,1.048643090390243,0.8468642647338651,1.014030463370546,0.9930074221868146,1.0704886925669268,0.8463001915535314,0.5585825980723105,0.4487458222699119,0.5572716744263135,0.3350962259492197,0.2815096593093243,0.32004179934536203,0.28186697671420374,0.3107711175637678,0.40941449693082377,0.3705991067112986,0.2712821612628215,0.32058308621064435,0.3228406143795136,0.39611352597787025,0.36129018766639,0.34745669116700467,0.43934880526447057,0.42933815251656987,0.5073174937500893,0.49570408256340037,0.45101382169807763,0.4950208092799121,0.5669972331874151,0.5902577158948352,0.5629613846740245,0.6258596409317323,0.5822246122801852,0.6455821845040342,0.7518016608260063,0.7251467386369871,0.8722686079669343,0.7570458529453369,0.7727579217265642,0.9104378318765423,0.9452673193041781,0.831240666340543,0.960265731437137,0.987788704477104,1.000583865593362,0.9860436928508728,0.8171534041626463,0.8254049152150771,0.8073167029833314,1.018860896174551,0.820297992356864,0.8321294109564468,1.0570700740733339,1.1863636463382163,1.053293800396434,0.7855186303996411,0.540401924301165,0.5388908172914154,0.6297100711333198,0.34761037139302847,0.5645061099792235,0.40602851174231314,0.33221122367144595,0.33299789413882885,0.2932620718786626,0.451187164376279,0.2777460657024174,0.3308178073894282,0.3634205382991225,0.4367869799902772,0.3506943836685292,0.4031844498617395,0.35981460022112394,0.4132994477372207,0.3647139015024203,0.471467842232574
774672366,SST,hippocampal formation,opto,125,0.977256908564676,1.073685567312718,1.010146633781133,1.0503957509478143,0.9629916280613353,1.0515533804195343,0.9522343730126328,0.9528993650638173,1.025776130430616,1.0051266650247834,0.9328396638559371,0.9518572996334961,0.9351889109704257,0.98435810493028,0.9703928869402587,0.9425993229837222,0.9729254692283903,1.0130576627053793,0.9781696287010485,1.0845635392013722,0.943958077872894,0.6492676399330375,0.4639869756965559,0.3082012920969664,0.1871482204353278,0.23046110869627423,0.2502409193934477,0.2964382699334226,0.38873519507821713,0.4347253399789809,0.7892339707742247,0.6612073036921204,0.7834899880229874,0.8579815618063916,0.8508665805128617,0.8524568444254225,0.900267067008337,1.0392990231713672,0.9636375441295949,0.9494305188291424,0.8434748530552026,0.9953897956425696,0.9358375932950013,0.9424375643127253,1.0681818109494963,0.9596049254421162,0.9611581556287435,0.9087987234726558,0.957975969453406,0.9442109117709391,1.023973722326866,1.1639324237785384,1.0825331784625387,1.0435132818927009,1.0144654217564852,1.0765077790703625,0.9875091596184477,1.0913984679877944,1.1693880620220167,1.1833371855915993,1.1169420067003686,1.1843235865225539,1.2341780155290978,1.0708397643690777,1.2299414939001618,1.2219531472000953,1.1977558314176409,1.1343706643652203,1.1606972715834791,1.1482906398037203,1.0304195728542902,1.1981037545355637,1.0421381482857237,1.1010821101673316,1.0604306320252,1.119969988303588,1.1226403660142639,1.090104734358136,1.0308953910373782,1.185907750528638,1.1417740090737816,1.2171111315925365,1.0405628861654235,1.1517738230608547,1.0869161690108098,1.028943500967419,0.938609395289,0.9438068535096399,0.9407203727889855,0.9775334720009979,0.9619313051746318,0.9009304228145073,0.8703947148169424,0.9565685280287315,0.9495006620686289,0.9915659700555797,0.998163834541787,0.9608232927057099,1.0674347761074836,0.9278201194030055
774672366,SST,hippocampal formation,flash,10,0.6671951514361557,1.3982184615110431,0.856976074354931,0.8531546421002014,0.720646789190886,0.9994538008600469,0.9429163440271452,1.191430396345703,0.8692483057924033,0.665117911504416,0.7164905924998225,0.8063896089260586,1.1910295003394709,0.7920382117004201,1.3389668608806644,0.6860454882864933,0.8406737452178434,1.461202607066417,0.739813102054107,0.9546832925228363,0.7858542246619324,1.018313131625455,0.5647075032757883,0.6397345461013091,0.4825431832372269,0.8287849913653711,0.9237969929243339,0.4230344518026767,0.49779035016920686,0.5907636805637406,0.7312341822434122,0.6706043731408229,0.6060843851875377,0.5199465174829673,0.6983891092262997,0.5781704985296144,0.49552567913631107,0.4962552538537919,1.0415945435795868,0.6263905574618754,0.4734411236579411,0.5641892113121061,0.25028616560135186,0.4779880636623659,0.7147434557950325,0.5586357814116539,0.5461675058297143,0.5043699071260382,0.3948800093846247,0.4883738594451775,0.5206848094727758,0.7083862080484165,0.545493410135877,0.528913462839281,0.33427512716910995,0.6939250001341699,0.4614081140263934,0.6381938812454573,0.8078884409794999,0.5074582439628587,0.3724065278793073,0.5214575442136754,0.6703964430147223,0.8127342810071212,0.8301290087025889,0.8674017361276143,0.7945846926378517,0.7632107464835867,0.6996131085018749,0.8317367147459439,1.3240830803241646,0.972496818348455,0.8475986761722563,0.8569237345291505,0.9553053818592213,0.7266545577258758,0.6156371127205246,0.9468404212466679,0.8921607872018532,1.345369972180112,1.0842611115613408,1.4206774233420638,1.0737846839447083,0.6859601667876152,0.8972749519145552,0.7320880124624232,0.8449152389200227,1.0672376596954822,0.9810178388726772,0.7878991042432618,0.7425662434376217,0.6582818025425483,0.8298917375857805,0.8513419275087506,0.5481899130097146,0.6693525614754563,0.4069001891411942,0.7566322600824349,0.9655818093895172,0.6192452139271638
774672366,SST,midbrain,opto,20,1.0445058774036518,1.1408683054749011,1.0198201339274873,1.1994934457774828,1.2427051607983342,1.047809259055354,0.813701807944432,0.9465858212486982,1.1113313497537909,0.7909835592863538,0.8667748389357133,0.8860225348593067,1.133895001304421,1.2105347109451583,0.9855540849940134,1.0254630224568775,1.3915328588762441,1.0358822995449002,0.9255321122006854,0.9539379254377973,1.0559878720755462,0.9415009145884141,0.36530387592427455,0.44241940867123153,0.22765171615618582,0.2410058794860765,0.25846441073160753,0.16750688786293788,0.2056554899586863,0.17968559214675695,0.1221081170100535,0.24323890293784478,0.20212535267525364,0.38407877771678434,0.3181761400674895,0.32121577767493337,0.4302149096585617,0.6741183978340716,0.8946587876023553,1.0834278704065148,1.2326149727445954,1.2921845180195233,1.2100153909339917,1.6044913273324373,1.6567856974773503,1.64418299451093,1.7555747341101409,1.8744994527487777,1.9349565141355085,1.8442060883871414,1.906514836767398,1.8372305421884287,1.6397848903009424,1.7133763560276811,1.8592684034202844,1.4601302556067397,1.271658196025611,1.7761732952152312,1.9700471960787955,1.5093708020534309,1.7662260138355017,1.6174164215738358,1.5618720988768318,1.8134677269701747,1.3764363967249096,1.9436492231006057,1.3168578174330023,1.3766908632194759,1.3260190142193604,1.4005508626343621,1.4479167918595257,1.233627448806415,1.2848158948195525,1.2619756072519412,1.3527472059817562,1.3198745853736717,1.1725701983489023,1.1337409191809333,0.8361003752492836,1.0362964734519458,1.3395489950790018,0.9075846098905119,1.3212556049480066,1.1515533200529184,1.1917739970738108,0.8342419936601452,0.9956349895223948,1.0521255495790292,1.05399238770192,1.1904479864670023,0.9833268585326044,1.047336433970578,0.9267483060126617,0.9247994218040112,1.000493888203765,1.1173663837863157,1.1030791414666552,1.09214322473593,0.7767966562059485,1.2840786101746406
774672366,SST,midbrain,flash,8,1.0064966476218777,1.137409215549033,1.0743485514163205,1.0540779244501945,0.9067672205116746,1.0123404931539821,0.8603399800097391,1.1131086276811446,0.8392926447511155,0.9302117420694438,0.8069306400939111,0.9771514950698681,0.7800419970339861,0.716102378025066,0.6256741981873171,0.9714096572323497,0.9406328594186212,0.7019035869960567,1.006387625501606,0.9812655126345147,0.8933574347204724,1.01390766229403,0.8879835114187928,0.7754705135809262,0.8238581955322672,0.730502528034299,1.2706433311220362,0.7653825152978257,1.1018891326053524,0.6798681940220079,0.8411315391757411,0.8898431453458546,0.8203713934081285,0.569007939868297,0.5856506321356231,0.570408312589559,0.5816246122989622,0.5497075065795597,0.6405347110468657,0.6243117567868434,0.7707478812601944,0.6329317671078678,0.9708266325311448,0.5675489681390088,0.8536182649914853,0.8218840590854226,0.5352656297888797,0.5807808773030322,0.7893269672250052,0.5362588466319165,0.41284904831243907,0.4839343716673128,0.7850984897973449,0.603040504860761,0.43105581486172617,0.6177957040507343,0.565551878971804,0.80659323722135,0.6178821883174437,0.817918277194915,0.9448813815998566,0.7752337623806275,0.9683004223251381,0.7993349385560955,1.1883038730553923,0.9273414731693266,1.1263600318384661,1.1392074834668169,1.184143968588746,1.0259376445234822,1.2536079137906828,1.1906317916446623,1.3041401586582169,0.8974747079261152,0.8892190809348399,1.2344988724588826,0.892916660470075,1.1376343059421057,1.1740742686896195,1.1379680006741875,0.939326081287167,1.017341569071283,0.7774719077301792,0.648854922253201,0.8280149363756656,0.9396486445507878,0.7178571145192607,0.8029360009669363,0.6420270914013337,0.7316545119256658,0.8417353920531744,0.9718822025397102,0.8109447172835336,0.5812315811695213,0.6058894360632607,0.4612224678934187,0.3613943449173294,0.6638608071569991,0.5897416986600363,0.5525946952958535
774672366,SST,thalamus,opto,67,0.9760850780193263,1.0195376671751166,0.9903641304532321,0.9334355218799741,1.0347692896130931,1.0162094740960583,1.166537676991933,1.025149381313217,1.0292208967799998,0.8651642499147897,1.0365506867746144,0.9925087141381777,1.0408436714996148,0.9406732419438522,0.9938368187577082,0.94792163956244,0.8862806366456047,0.9463976586708485,0.9641148728015946,0.8978507556946942,0.8834705113341833,0.8046318429126342,0.7430557479456303,0.6338479847855063,0.5436602965866497,0.4113208345681204,0.36511967166218706,0.3506713031738243,0.43257384717734776,0.35145685061317883,0.3859353205000277,0.4122228495639274,0.4071977765115616,0.47384045526421353,0.46991239702854404,0.5144552683972925,0.42663778976624633,0.4937924712834259,0.5564357133282021,0.5692280600118343,0.718504027196562,0.8471740077451217,0.773575607355347,0.9148589368388536,0.9124902835184674,0.894285983733979,0.880993119906177,0.872311513659757,0.80520398655954,0.7579865416146109,0.8068830418132212,0.736156627027996,0.6479567920928493,0.7975091872960969,0.8606382068372159,0.7502990527521721,0.9717161906564462,0.8801758102276899,0.8438997752334113,0.87201138561251,0.9526095960488429,0.9155917588962232,0.8903533864671593,0.871487950587614,0.9860481239815114,0.98513428327355,0.957455666108884,0.9936009964929355,0.893176578864257,0.8268957907636926,0.8493994124391581,0.8802528874421497,1.002877225153712,0.9189331211089202,0.9321804722756635,0.8241711858962466,0.9647159620356922,0.9524193759924193,0.9486903307661451,0.8683898090713271,0.970853471663277,0.9699017504586085,0.941495471274944,0.8072278247443222,0.803382955262725,0.9335458825293099,0.9561644283632231,0.888269824476316,0.8857792692193676,0.8542562254216908,0.9229825415373876,0.9183659227468222,0.814274783756903,0.8947668352985959,0.8981692951171325,0.8843597084237325,0.9496057685947855,0.8994749531989552,0.9712403221205399,0.8134052217872932
774672366,SST,thalamus,flash,3,0.6599320846719982,0.8400416679561961,0.6524078922951619,0.8699214990701941,1.0829205904191246,1.0047458792571635,1.246119963244725,0.8285768857761627,1.0475953310265622,0.816638494225478,1.4173008319289722,1.0077555562078981,0.7366019573585918,0.8206957061697686,1.27994038416192,1.2681186147523287,1.2944148432926879,1.0077555562078981,0.7808559313511045,1.0412189898955353,0.6744065438027658,0.6385073587872988,0.6892379901630915,0.6266855893777077,0.6200923098533341,0.8898413864795262,0.6095584405257634,0.6086275276733007,0.5554611449696784,0.5917173172147033,1.318275320505217,1.2530702299986565,0.8569518784147935,0.6524078922951619,0.7648766337449696,0.8469919347101275,0.566352001526807,0.47427675685698295,0.6549602657640855,0.740085243679978,0.6480099990101539,0.40814075349796,1.3914782127592649,1.381518269054599,1.2605944223754928,0.918216379118157,0.5126116932002797,1.1226600489855356,1.1655095007549343,1.2008347601474967,0.7793510928757373,0.7872322724821315,0.5195619599542113,0.7051169715169735,0.5950839813949956,0.5811834478871325,1.2814452226372872,1.0748224724193836,1.204201424327789,1.3231468231608765,0.5328885678391697,1.03011119494506,1.1167410113363196,1.0295372693221554,0.5528084552485018,0.5922912428376078,0.46825740295551393,0.7534118515649363,1.5729760123777365,1.3038008613744492,1.053971672157589,0.6817137977862554,0.5075232521512735,0.6509030538197947,0.8415465064315631,0.8744360144962958,0.7703220620235339,0.902237081512022,1.217744970606094,0.7405425471617888,0.5872028017886016,0.9321169126260199,0.6146468815747698,0.8225575318746938,0.6170826329025996,0.566352001526807,0.9570249248321053,1.297898129614074,1.0864038767405109,0.8411895192020054,0.7992709802850694,0.5415606114618152,0.5868458145590436,0.642090961360938,0.6689611155242016,1.1547189604500585,1.1426802526471207,0.753985777187841,1.1595904631057181,0.9212260560688913
774672366,SST,visual cortex,opto,268,1.1345351441426699,0.902758239629145,0.9967492539768683,0.9460030539390252,0.9417651066648637,1.0482233523914763,0.9496237188603219,1.0406815706284296,1.0008487994091855,0.9204566955660796,0.9789783171128698,1.083386127644007,1.0479776899050528,0.9691189824163927,1.0493765621021989,1.0361396634430342,1.0130332467971448,1.0043750482758733,1.0109616809137658,0.9517556692312965,1.1180954943846693,0.40067954476240525,0.1012610354306654,0.030688271432002687,0.022010687961549306,0.0224135056421363,0.015415094845946681,0.02690247447966438,0.014042483807498599,0.022646845797744435,0.04024955767124254,0.0815425922142273,0.12349741430327442,0.14217294958119545,0.22349268708393427,0.25761793951522743,0.296696333164863,0.3970817235189259,0.4298658178573319,0.5044189974415987,0.5218243240688858,0.5792470912174811,0.6332551138472398,0.6844684549667133,0.717393317954123,0.8674679731954001,1.0187926338252318,1.1159257320353746,1.1494264664279106,1.2615032516537412,1.291496068836318,1.1636891169207317,1.1903039413154826,1.1541042929286465,1.1060707730438453,1.0592692948119857,0.9869247939051755,1.001709154989305,1.0633158583479316,0.9765956293890863,0.9794865105392206,0.9539329487801719,1.00550532089705,1.0113367348702562,0.935600533900109,0.9694757985001262,0.9409807512218737,0.8820220800778396,0.9092344101898732,0.9446429111810778,0.8628186818665211,0.9039502729444396,0.8951374386072616,0.8922215335818465,0.8989206391431502,0.9043542131887214,0.8810066059129178,0.8747706426195276,0.9300179407742396,0.9068764387952782,0.9870049029441881,0.8396980355827786,0.8304877438222807,0.931709310539733,0.8078072900727464,0.958481880099861,0.8738936699934661,0.9482168556309324,0.8611847735460872,0.8671223624983971,0.7963963723904692,0.801231441527878,0.8713054435362834,0.8666433808082152,0.8007853377847498,0.8421178411836843,0.8075561160855993,0.8844887403167301,0.937242942386926,0.8436837926581234
774672366,SST,visual cortex,flash,123,1.012732216590588,1.15552025770244,1.0200163215386546,0.9713438900461012,1.1550618678218263,1.1548071937426028,1.0279897296218636,1.0921178959519218,0.9988076849623057,1.0132494198433093,1.0688164927053556,0.8664989365348299,1.0809099550975636,0.9752568875333752,1.1343851208707991,1.0729154048489922,1.154605876499305,0.9633107717148095,1.1148144659257773,1.0512526242953142,1.0479742150691367,1.0719429545532186,1.008020457245249,0.938988899209234,1.0117663927150187,1.1608761121430822,0.968186988858219,1.0317208302634964,1.1063987767767949,1.1125405813427915,0.8234534449189133,0.6402766152802802,0.5761096038599374,0.4951690280587761,0.49875882770330243,0.4825411483488535,0.47807277623282535,0.4924502815010611,0.41455427944771217,0.4452142168634078,0.4140746557422277,0.40512844207230203,0.4357157184876457,0.4423478747863256,0.35773142465921526,0.359768591085163,0.3350297520115075,0.2943600769692234,0.2844280381380669,0.28982987515590014,0.3049857449596377,0.2891637421969803,0.3174172887364897,0.3435846915076627,0.3903789972935623,0.3762224081011438,0.421537118923602,0.4258565589219698,0.38754196059309337,0.38752506287326954,0.49081187014483263,0.5367122035190496,0.5863910257957938,0.6546889824254889,0.634701373346491,0.5430243628921628,0.5882859853481844,0.7172851692714048,0.8363921179163387,0.7238422245725703,0.8273618261621636,0.9277346567376393,1.0234087182182148,0.9797453575277062,0.8859671198220386,1.0120199448251976,1.0379010038667944,1.043504165814015,1.2660652987228116,1.1242779439769357,1.1487299188848863,1.0116000297424306,1.0380752398326796,0.7800256561874193,0.8295282259495985,0.6109974477108664,0.7352097329141634,0.6151418313883565,0.6664238960356094,0.5839280996647147,0.6040445301070321,0.6584965457247028,0.5899233366019349,0.51479895300349,0.5293530778265448,0.45053447789911555,0.465077876329251,0.4199603495647281,0.44301769458522505,0.42525204401953987
775876828,VIP,LP,opto,28,0.9868717467132704,0.990335913621185,1.042875175403007,0.8462007977548646,1.1087642402850297,1.0458397037692082,1.001164028532005,0.9184542917825932,0.94738672530639,1.2004023662078107,0.826703226990918,1.0311341686730253,1.1942210137711053,0.8027947372070514,0.8827691450323575,0.963581961500264,0.7035162334510482,1.0082548330356293,0.8684891267795262,0.9133903376571529,0.9034098747891056,0.8699471675141626,0.791497014174001,1.024508574043058,0.9717854279368787,0.9595799992619352,1.1298022083590193,1.403282133508224,1.0763370799886276,0.9285095147770374,0.7690361890389193,0.4719268497979935,0.2843405767324471,0.379496296184145,0.46940033637424283,0.48828652877012274,0.45865169320688093,0.4348938726430647,0.5121195368806656,0.6431896839788074,0.6810859648121007,0.6280710769653568,0.8114146646996903,0.5602641139119846,0.6354951902431856,0.563191875491647,0.4776127306497186,0.5514303245835038,0.4542114030453867,0.3158188079730896,0.5008804657244099,0.27824657478736003,0.2829297281971691,0.36233708297995876,0.32685683473071947,0.3234255730253611,0.32213904781196767,0.35656019119750537,0.4325114390770489,0.35382405598097216,0.3598329926479281,0.40216609190230773,0.5071006594062941,0.5584313382902107,0.4129631394539263,0.5652295765411873,0.7046650104179519,0.8290181871739312,0.8037324755431735,0.9405359157973715,0.7999091180895738,1.123252422004839,0.9275122385945399,0.8283661942118401,1.0637062493380438,1.1888596069334891,1.2151231145893997,0.969469511454005,0.9325214928246853,0.8608607669617543,1.0042807619142813,1.1222349735907466,1.013900902821963,1.2326920179607495,1.1500560132174389,0.9133463598396888,0.857485915222922,0.9163994328980475,0.8912235177371232,0.782058242282811,0.8996697663858008,0.7054874601729676,0.829000464471261,0.9348713790449137,0.7843194238731312,0.6263846254755627,0.8436897237611463,0.8689853618073944,0.7571985566009932,0.8241187035226389
775876828,VIP,LP,flash,11,1.303989496676201,0.9792876731626471,0.8648878448858526,1.1716833845722923,0.862491569103041,0.9341847253501164,1.266592195855816,0.9687113580915045,0.9476499433069453,1.0574835651776704,0.9255567277855082,0.7304597403518,1.0822375983405748,0.9730607787178783,1.1950727017043343,0.8004352721040543,0.9801158816613199,0.8894283181618957,1.1133960381974397,0.9916830669883153,1.1098356740544169,0.8490389910422174,1.0284652435541384,0.6941509352760159,1.150672758338793,1.112420640586371,1.0688649021793042,0.9826981235995951,1.0196101118300351,0.9262203934500907,0.8283920366420113,1.2231026386472161,0.7698538162787297,0.7627440220855516,0.6622579674654022,0.9229512020489236,0.6820820101483889,0.3061970484269059,0.3015008378737696,0.2852947332421174,0.541319790049597,0.5703726736004624,0.6634721662211789,0.3534289854981144,0.26707631817228084,0.3751786728067167,0.40582850329942244,0.6576187848509337,0.40097270508139393,0.37020969505531826,0.4473814675774745,0.40210103707344286,0.29054768193555086,0.42467716990958077,0.420257275145744,0.4573807889640662,0.6158872804472231,0.6799988920969021,0.41091050174569105,0.5561186131467081,0.9034262702236687,0.6210110327586134,1.0491917465547973,0.6730685992234856,1.2120237255208086,0.9527085709483715,1.060155400785897,0.9686838348531205,1.2076076120718464,1.034872231067361,1.1048619116801575,0.9798217719810491,1.599383250071586,1.6030192780513792,1.6018436077658385,1.0985563473570343,1.531478217485209,1.8647008929244635,1.0476881831198974,1.1933104843314766,1.393852938333051,1.1158092438221419,0.8339360665645811,1.0078809566583917,0.7889082090714109,0.6148889599093532,0.662109257159381,0.6241861497898603,0.684620116770638,0.51939722153833,0.6058641810623829,0.6012053223675801,0.6159804051167476,0.5002513931112788,0.3606253836965792,0.22909590795383464,0.4591250958682599,0.3001179172007574,0.329717796902362,0.3520412034248505
775876828,VIP,hippocampal formation,opto,9,1.5547119355717776,0.7680231540411564,1.4709420556010264,1.8169130204422155,1.18413560458365,1.0148152544391058,0.911516786121142,1.292357472270527,0.699907259244015,0.27579217247817084,0.9402132741541744,1.3582196761754248,1.469187932249269,1.397670929661766,1.3917292363537597,1.122124465262611,0.5852696929845764,0.9619681196139614,0.804314249021713,1.1209258226010927,0.9552830151742479,1.013246336035004,0.8343524569887877,0.5710207173338905,1.3052796698813818,0.7210198845587998,0.9661535492530317,0.7997995910691869,1.0084606283963384,0.7112377350950138,0.7055925252244518,1.0855855085256225,0.5412328154629192,0.5012357754658793,0.6119531292154268,0.37609372737790303,0.44098206769141335,0.7442788065918673,0.4769473399962215,0.7231837613500137,0.49409818655883275,0.46130602858026215,0.6046495203299808,0.34077570382458533,0.3078534273330167,0.38695715845674417,0.4632761033839631,0.47100307960612103,0.419585501354959,0.24135810440698593,0.37356786180315593,0.21256924620636297,0.6269499272537108,0.46086617232128063,0.4993442910459239,0.681439752332662,0.5767238886641243,0.40752706064376687,0.5480930322553115,0.8563531525839211,1.0374919433925658,0.47007827038205385,0.8641344572365834,1.2673110566430603,0.27287376110905526,0.9994140314048678,0.6122269654960087,0.6136865973117781,0.6908458202856839,0.5974031657741093,0.9166527180532115,0.7436378290482644,0.7449557173706691,0.6036970408236889,0.8087214152586112,0.5005593124995481,0.8314146418261303,0.3946468905738756,0.16792032674385612,0.4709208416614141,0.4365076172035576,0.36458153109675145,0.39549650321138674,0.4230424566795735,0.48551878569431545,0.4922009033821257,0.5202630247921604,0.7986389242814576,0.44739893156121074,0.5392798512200868,0.5537482229939614,0.5247990697688553,0.5789807527257294,0.8494763585346298,1.0575551382394504,0.6439028042492666,0.7658331524056317,0.6285853777805154,0.6325136968116253,0.3920708511981641
775876828,VIP,hippocampal formation,flash,4,1.6599662132013786,0.8983566755610521,1.6921142323152956,1.9390211287809993,1.4026148926140674,1.5378850149068415,0.9543525077896845,0.9889661749402265,0.8716792064212773,1.42563190892107,1.2197644016186073,0.9675414317879212,1.1037874954225506,0.5511874333198654,0.5833354524337822,0.5166163442435385,0.467598178995315,0.5174897191254668,0.7828590348801745,0.48398905961444266,1.1242362972330007,0.4512072983761872,0.685104915215532,0.4168332639832348,0.49974619810923165,1.2556455530178268,0.48219973177637104,0.4498546579790798,0.3997660631655534,0.4667248041133866,0.6988330931146598,0.7821827146816207,0.6327477270487548,0.7543922379023281,0.4669644368709762,0.5667049390570649,0.5174897191254668,0.9545921405472741,0.6496178731830616,0.46604848391483295,1.0766733388418115,0.5491584727242043,0.9714622866815811,0.3500715777187761,0.9867401596611909,0.41659363122564524,0.2660456359532615,0.5174897191254668,0.3332440096586843,0.3997660631655534,0.667798081640261,0.5004225183077854,0.40131575824603544,0.43390046480091626,0.9377219944129672,0.8987933630020164,0.8495781430704181,1.0190852334584821,0.6990727258722493,0.6493782404254721,0.7314177996695408,1.4773127768892933,0.8867600247175127,0.9874164798597447,0.7489216879281861,0.7509506485238473,1.4925906498689032,0.9990131307032841,0.6833155873774605,0.6502941933816154,0.4170728967408244,0.48422869237203225,0.8662512345213504,1.2092381803403707,0.6997064679965881,0.8213509788501614,0.2494577006507592,0.8710028862227237,0.6833155873774605,1.291954059782993,0.5157003912873952,1.1541157229936665,1.459089990357879,0.8003629231388201,0.9372853069720031,0.9482482156912039,1.171619611252312,0.5664653062994753,0.837305172028325,0.4496150252214902,1.305297460390389,0.4999432527926062,1.1219677038797498,0.549834792922758,0.8479858699157211,0.5150240710888415,0.48176304433540695,1.6444487074641794,0.3491982028368479,0.4323081916462192
775876828,VIP,midbrain,flash,8,0.6112299658200218,0.545355331998118,1.1210773284854616,1.112826430188352,0.7384566829371955,0.5358502939307566,0.8772577426142886,1.481695602089986,1.1859063828476994,0.9106036594569695,0.7552002251917979,0.9317816699050387,0.9583821750408129,0.8282483475180922,1.169760766845534,0.8427874367181045,0.8619073994031443,0.754944955204161,0.9997374283030598,0.8275430137062063,0.7950165363983198,0.865648212950755,0.8457635349859508,0.7225430425908919,0.7206266739381573,0.7530205513400262,1.1288434269260843,0.6313947322336102,0.3840335349339373,0.30550110559099264,0.3670048131066442,0.3257537361322831,0.5340367481989773,0.7442178617102521,0.32718098153428865,0.2426512003906778,0.1767024301600164,0.23481442038602016,0.2734272931649865,0.4051772690360835,0.38214562869698004,0.5784058495446228,0.7075221032869823,0.7727251322800419,1.333745740280315,0.6303349451959461,0.3626859145763052,0.5562152043451808,0.5803445338582778,0.34513692634976145,0.6726211435282847,0.4570305402420097,0.6130075056476089,0.7751591285726294,0.6262728743958093,0.7215676820678334,0.5329834386301486,0.5357449425978337,0.7045624134708254,0.7811088958663944,0.5466411627404565,0.5565010878733454,0.7024384564988806,0.7057445865819767,0.6828528195215815,0.4244971516255386,0.5346850981376176,0.7266405102379718,0.5695384719961336,0.800484206595045,0.6589990260082489,1.0159365483659335,0.9863442016684527,0.8747126201534445,1.039218790917905,1.1180964589583744,0.9474332999008047,1.0414593072992395,0.19671068647497136,0.1770865253442832,0.16084638430077003,0.5198455055577123,0.6361809556884839,0.47254253782643024,0.49519684196907454,0.5627367357454317,0.49116809634038494,0.24685119081483348,0.28647341305285334,0.4854225989409623,1.120603544716999,0.8186119060931923,0.7420808235522846,0.6754837451304714,1.7172297652291042,0.8483535612922595,1.488329695752363,0.8817904597136714,0.756759178367037,1.5224639684123835
775876828,VIP,thalamus,opto,9,0.8049227194134352,0.7128457999171609,1.0210543252791608,1.322596726765945,1.3485711964096185,1.0968216372444124,1.0097799365854174,1.289173312301174,0.7831473945633248,0.8355193532406665,0.9650131278099098,1.137041814973391,0.6342705122020882,1.1091583581530797,0.9697452868129398,1.3196433415242912,1.3493665272981035,0.78918871601961,0.8815400214505754,0.9972910358084479,0.7638592757222278,0.8394122766346584,0.9938031166433094,1.3109627563279769,1.3432825485524489,1.9102082875026594,1.8182047617023223,0.6488807327262873,0.9579695091353904,0.9491572980566159,0.7220404575847368,0.19625406453363442,0.17159430226966774,0.4208806299647975,0.24849499046546952,0.40082327719756744,0.39321385603605136,0.48335295899255853,0.37423855542614215,0.7702558266518222,0.24191259409333593,0.4819350964814297,0.4653510567489062,0.6107909359485184,0.5030720717780413,0.3640924291509836,0.5789246142972506,0.7433451076991756,0.9906788191480298,0.2825893314584453,0.3141150760336456,0.4973023333032165,0.49556245255649084,0.4464213174240545,0.544693707154702,0.4487065276831684,0.6022376968661437,0.4315385525969071,0.6081700426136398,0.36541294558567183,0.3352031916293914,0.618094033604401,0.4308355098121506,0.3226963200081479,0.4737831436199993,0.4616933454832826,0.7826960412727786,0.5376030789198978,0.4514908160673535,0.727333987919824,0.7832886811683477,0.8333021294878622,0.7378547975322168,0.509140856397067,1.3030557835642973,0.8574308760558149,0.8307508645105974,0.9617172428492121,0.7113144559126986,1.208181003377289,1.09111283729857,1.395947017522384,1.1959013345855987,1.8458719899675937,1.7123504949841326,1.7639120107211994,1.2413713596907159,1.1909682748138293,1.6740681896341743,1.1973458724828325,1.4641498764742236,1.038293136091772,1.3181791762182793,0.6710649996248227,1.2405451495180824,0.9276916298723717,1.0980868802639143,1.2214424827630095,1.3145759601636502,1.1155198214687951
775876828,VIP,thalamus,flash,5,1.0023681310924757,1.277002688851858,1.2334967999309767,1.2090483789218278,0.9627113999251959,1.0305211861104062,0.874083422451377,0.9267880802568638,1.0670880439318846,1.112561109970716,1.1484082450645174,1.2769689239560733,0.8077190960460765,1.1862549272927423,1.0936712955367236,1.112122868497617,0.973469940007224,1.14511858604279,1.0011067966953375,0.9833866019328859,0.7940969019417186,1.1502084013724938,1.326710573473951,0.7593967498697138,0.8498670175500376,1.1527648750203836,1.1653342065732528,1.4974700738533766,0.7631543593714127,0.608561715635341,0.65670748521739,0.5892598955153376,0.23338747510699873,0.2283553143843889,0.5844594825669246,0.5144372863321821,0.37754505432955954,0.7766559907868507,0.7683044132022749,0.37999078657501867,0.6957882857055937,0.7114408624969458,0.545456053434847,0.45554785670480236,0.6852823098033874,0.700552281624159,0.8229766030173629,0.7639698527135999,0.8278535445963915,0.83466697676789,0.7996534904122996,0.842533688284617,0.7192231774675925,0.7451689560372361,0.7845390723486926,0.8780443593619136,1.0543207069893792,0.8864811428712903,0.7853516494163889,0.6436313046875197,0.9691119151720458,0.610656430437078,0.9843913650946561,0.8984799456799415,0.7550249940547618,0.8348656847314831,0.8506505887517827,0.9818948127809455,0.9172591677385942,0.580666981623742,0.6304460459681434,0.8226626055506845,0.9199179024837519,0.8019684298927127,0.9589404848085298,1.026531243333919,1.1136658303449611,2.031717523788636,1.3202226835044413,0.6968031210408615,0.9803523650896029,0.6479287361298885,0.6775269426362872,1.138124578792498,0.5550321446616963,0.2788237895023989,0.40859390501050835,0.1630597391995167,0.3243830418161025,0.8060258311161789,1.0225576131981131,0.898631572297217,0.8156992673792687,0.6356966111253104,0.33240717673444337,0.45453702842508115,0.5259802688967643,0.6550397826542282,0.8770069578500579,0.519058193343068
775876828,VIP,visual cortex,opto,100,0.9022752175058308,1.2235565543579785,0.9366072687331066,0.9062188813030104,0.8951092074548632,1.008416601284671,0.98022117919498,0.9263137771567017,0.9483027538367697,1.0595218359390934,0.8426034189817325,1.0573526004543106,0.9014685259538568,0.834722552735877,1.0832191086168435,0.8093020313029428,1.103336870757432,0.9461471512641443,1.120610665961208,1.0475012309584237,0.86919309848298,0.7219394645469653,0.8295153846981542,1.0463937833860257,1.1330861008383155,1.2113976515619351,1.078150177597999,1.0675845894852767,0.8302124369809479,0.9646987154312407,0.7018413394071434,0.637453923918284,0.44770904553836943,0.510350732891128,0.36383836528979585,0.3742502013500855,0.2618718459915947,0.31586020989724095,0.2668419163616835,0.31549879852812013,0.33046130134441226,0.335562688696574,0.3214497463057031,0.29309164663789006,0.22117203682911615,0.34621469086649836,0.3057258891027912,0.39750105730469343,0.3390528234397804,0.3042381212810733,0.2871414423946627,0.3789004770635277,0.40221606189704917,0.3600182179617362,0.3533963292399332,0.51031379243138,0.3879435122231969,0.5725970354803128,0.42665371206035585,0.4693421687661288,0.5357817251075947,0.5878478611592896,0.6076451662196067,0.5295560881921826,0.5944163451967729,0.4853336052199827,0.707689349770406,0.6796775492643614,0.6341439453612985,0.5916967293002084,0.7108697523786042,0.8370898836963092,0.6844386491394089,0.7457328161397578,0.73219151369201,0.7440188606981757,0.9293635797971315,0.7673065384891128,0.9369945038625233,0.8386056066980616,0.8436351015219747,0.8144827036449945,0.9915103887631553,0.9472779491561499,0.864024273185799,0.8415901937033864,0.8216098860245543,0.7744175663300763,0.8226660803845484,0.8241683599057555,0.7608039699999324,0.7844195192963997,0.7816756472587791,0.8847103210869588,0.7648126938742252,0.7526945896519388,0.7296092542654439,0.8316755210260649,0.8039977169163351,0.8425227544315297
775876828,VIP,visual cortex,flash,73,0.9131487890037603,1.227624655507661,0.9803448597153047,1.154933652513323,1.43390129813697,0.9556402827633614,0.8549540997379754,1.1569726450741824,1.263103594180956,1.071798193667924,1.11943180933417,0.858816738161326,1.1497067449753502,1.1107296036578334,0.8948539824174182,1.0943928501526183,1.016969057854904,1.0104371998302262,0.9661562057112927,1.0250787513620963,1.0953865508695493,0.9052670123214706,0.8717840422346783,0.905917172018346,1.050824990345566,1.0407035957501651,0.9008987240258162,0.9192001581699581,0.9324282263563453,0.7435602537617493,0.6505235202765638,0.5518240566667415,0.43489937653623967,0.3496433294599219,0.35166697954248094,0.33771902139518845,0.3251638955526834,0.39621979605391516,0.4450327686523339,0.3781247606071863,0.29205593122219814,0.24359774548125862,0.2665985260091292,0.283416211896471,0.25645438685361927,0.27470802185126014,0.27117274204105896,0.31350133856066204,0.3675604768276631,0.3388099972013263,0.45087102144899915,0.39805072385304,0.3717578471938797,0.3814869361298619,0.46864931047982145,0.47011135480837346,0.38016502861228635,0.5043980076811855,0.49433669970667415,0.5643465052222864,0.5448945799418701,0.5679025228371168,0.5650783624884647,0.7970136791697727,0.7288879123329615,0.7656233822626294,0.6372146925582499,0.7225700802211656,0.7659580335495906,0.6865765245653322,0.9170038226498005,1.0405716782575378,0.8443411314936048,0.7480248064907757,0.8655524769528892,0.8355314689022754,0.894368557683821,0.6721266477945952,0.819184809469489,0.6944672511425862,0.44560184899953637,0.6632173160022622,0.578203984870411,0.45281282326685746,0.34776126276618274,0.3435273857101219,0.384418040388031,0.5208744907850729,0.3384610357761695,0.3865736076234588,0.43657480152905354,0.39814095870024757,0.4222757302873458,0.4388502521425243,0.5422422049862039,0.5449233606245723,0.678085098931934,0.5592914117858515,0.6296045939514302,0.5194159784127778
776061251,PV,LP,opto,26,0.9378273342299003,1.0236181373176196,0.9064024448679654,1.1187521355723853,0.7524241834512545,0.8112403731494187,1.0363358422930327,1.0055618508049355,1.1049278818183057,1.1646751913437383,0.8408596856426505,0.8947481550167707,1.0607165205270153,0.9233030673521044,0.8881011042042128,0.9482315528198286,1.0471850463364343,0.8887472435590974,1.0548880313007347,0.9515038402263454,1.0937993818566285,0.5105256315598727,0.7431433398510118,0.5290573616708811,0.9067171310982297,0.5832813425275938,0.6089230242272454,0.810875900750082,1.0417565037862175,0.9285545999587919,0.5917606708785689,0.39259135374896853,0.40985535515828864,1.042657293490639,1.0987292623308649,1.0419357664071829,0.6805195607311381,0.6794541495514294,0.49782834189488756,0.5294454987142406,0.43438112226108505,0.5650844673698076,0.4711152250274096,0.45177936463555063,0.4118770896685697,0.35903123821611777,0.4218696359632315,0.34592666476356726,0.35986344944178916,0.1994940875277139,0.443322372214834,0.2825576820024793,0.19753680644867236,0.31644463285101554,0.2668621699981386,0.23532514583726943,0.2916841210712486,0.35751714481854996,0.463063569411628,0.37115346145813805,0.21685932845573114,0.3668112484618116,0.3514908862094232,0.500968812730939,0.5722338334933171,0.49444888203190224,0.8988787720002664,0.8377344934840725,0.8946390958411115,0.9280893045169702,1.287628381081917,1.4392357651643666,1.303002960524584,0.9216762598962271,1.1760244277806107,1.2288640214673647,1.27478805528277,1.0823027378994199,1.0282477184323402,1.3207881700687443,0.9257286945304759,1.1890730344523592,1.0052325674866343,0.9317114466611494,1.020772710873509,1.0801152579511628,0.9164519176152026,0.9173161925444691,0.6201808923462178,0.8411665315687549,0.9285310839083809,1.1716032622011532,1.0409803667764719,1.1648282219048098,0.8757265438355925,0.9104885977027476,0.5819718675931129,0.756928836738938,0.8942178920835435,0.9559092456270956
776061251,PV,LP,flash,32,0.902080689653504,1.258442558677297,1.009685538341346,0.9077638505635829,0.6550816577861315,0.9233225140017958,0.8139274276173947,0.9003957236215189,0.6621202831375091,0.8611541669361169,0.830253632947428,0.9600115000774204,0.8061959410834416,0.9211254295561636,0.7518733341839058,1.1890896469530174,0.8409103815813586,1.117183944817316,0.8724247160073738,0.9505791933703612,0.7679398368174981,1.0708655944182095,0.8783330134902627,0.857391500244037,1.0027257035412467,0.6992311984686285,0.858992675195271,0.9652010374014381,1.536709158156786,0.9043094982695008,0.7097066588074789,0.7035748639087056,0.4645287236958695,0.5046365010811612,0.4729821789739065,0.8223639120593088,1.106084478429331,1.0210277073463834,1.3476581043014162,1.0398054105179655,0.7881251271810941,0.5453757289265604,0.6128292282889919,0.5723496267686279,0.2462851533917818,0.18941127065634966,0.29496492066461644,0.1389137283583049,0.1383746284528347,0.14475813005859697,0.09381864552945493,0.12244117430574379,0.1623982531628299,0.0882574327877385,0.11385810965054577,0.1672467334254204,0.13998409924923405,0.14743752365429716,0.2632411700698865,0.32834293232341627,0.4300209800852892,0.4017983428989217,0.5697168522845638,0.6071539173832707,0.5472805216441592,0.8180551499539606,0.9496099588903942,1.0531747807908698,1.0416133107561862,1.4610864279373943,1.3509053698460172,1.9974756948086216,1.8912201664975745,1.6803822187793735,1.7864663575533881,2.0944522422244924,2.024878089596155,2.081850644120595,1.814244355587391,1.7922478008447786,1.5042590095840085,1.3070480364734758,1.5280336125302607,1.3491519222107609,1.6670905173438093,1.663624541642694,1.7471165618422302,1.6134349098412417,1.6973748281145986,1.333787881749563,1.0431329738106965,1.0506036550452722,0.9930674445403582,0.9173085023127849,0.6957073489718323,0.37779889529454613,0.44414974718358274,0.12121361742566233,0.36506830115766487,0.15414068207880108
776061251,PV,hippocampal formation,opto,8,1.0187032032184995,0.9018396514099936,0.7649958696555299,0.94421358324819,0.5507550366722579,1.0354031226035723,1.39037715480659,0.9912452645472485,0.8474175047648824,1.500564092517848,1.2579535622393179,0.9980523951121602,0.6943440811492987,0.8959603874647677,0.71633287955649,1.1887630492357055,0.7654581091448525,1.3559554566344152,1.008929998852581,0.66091182413369,1.0989879632714663,0.8956619694436503,0.6033022228257786,0.42767572188442265,0.24293815351848988,0.384130610140358,0.40913908915999775,0.7627217218522162,0.621429634077246,0.6430288883727926,0.6742788890033699,0.6586802907936912,0.8138336711975176,0.9989850372779423,1.3760835871346344,0.9175011587794227,0.8963980160167824,0.7647152510466463,1.2182800178094544,1.619452374406006,1.3773293641156545,1.0255670006676594,1.0488757898977927,1.6091339993066365,0.9829013690011095,0.8427240834114138,0.9932478450378666,0.7242922866508087,0.857752129724572,1.3170885512930426,1.1030696798011355,0.9427882845773459,0.9693740669399329,0.8387593369565484,1.0951414136220445,0.9811644190629952,0.7355325559004067,1.062713649630286,1.098552682926793,0.7154319697269058,1.2849721812952788,0.9414309693327276,0.935309642040002,1.3068703801610941,0.776651312896117,1.5767543478393466,1.013027709258651,1.0159011363858672,1.140448380826929,0.9741244430230633,0.8525491867407424,0.7340288277587687,1.1522597917949988,1.1995810039763377,1.2267941375661102,1.2721069437621975,1.2190515361502803,1.162310536570693,0.863741575493139,0.8482761979280391,1.0638068705816126,1.167714671433204,0.9334448896114085,1.138646052887921,0.9813332821707765,0.9902899510254275,1.3434860994805131,0.8507824049186951,1.0191977279874658,1.0949616637605144,1.1028541692348934,1.1499489364208435,0.8504241798553716,1.096027076181676,0.911235875036127,0.9033247423510137,1.1054443060000645,1.2257492532611467,1.0765817615114202,1.0979605322687602
776061251,PV,hippocampal formation,flash,4,2.1406462392895698,0.4489593532675555,1.2897888668911865,0.5333428826075884,1.2897888668911865,1.8095722283791877,1.4852625108942423,1.0240325643701782,0.6543164961246983,0.8691910823228138,0.8261718259647008,1.727209737928462,1.178843112148829,1.0240325643701782,0.9905307513530379,1.2270026128248994,1.3089990477625109,0.8576526000925337,1.2778843291477922,1.2680008302937051,1.0044563279857397,0.20499108734402854,0.8261718259647008,1.152136526825839,0.08199643493761141,0.4612299465240641,0.4489593532675555,0.5432263814616756,0.9949388846447669,0.6665870893812069,0.2849664833923326,0.4103482302011714,0.20499108734402854,0.49032362624947545,0.16399286987522282,0.4079611357987497,0.949166478371118,1.0024352890964323,0.775290109641808,0.6953147135935039,0.36696291832994404,0.6953147135935039,1.0271208355301147,1.3964708482624804,0.775290109641808,1.1501154879365318,0.6909065803017751,0.8962637231589179,0.4469383143782481,0.6089101453641637,1.1501154879365318,0.7298837588812734,0.40594009690944244,1.0271208355301147,0.4079611357987497,0.2849664833923326,0.5747071555895085,0.5313218437182812,0.492710720651897,0.5289347493158596,1.5628508125401246,1.0701400918882278,0.912210338680927,0.5432263814616756,1.0844317240340438,1.074914280693071,1.1470272167765954,0.5333428826075884,0.830946014769544,1.4640312911336109,1.0582355541448334,0.16399286987522282,0.45134644766997706,0.9105553553047339,1.0868188184364653,0.4079611357987497,1.4828754164918205,0.6641999949787853,0.7851736084958951,0.338235294117647,0.8404634581105168,1.2734761958560632,0.44932540878066973,0.4079611357987497,0.8593075834687267,0.36696291832994404,0.8305799592564298,0.6543164961246983,1.0355710466004584,1.2222284240200563,1.1815962620643647,1.9755861371437176,0.9905307513530379,1.7228016046367332,1.768574010910382,0.36696291832994404,0.9105553553047339,0.8285589203671224,0.6157053730583142,0.8528784112876906
776061251,PV,midbrain,opto,19,0.9028181257597057,0.9907116320916941,0.9714562119531527,1.0402971102591922,0.9684539949148812,1.023765125681355,0.9735190676432816,1.1266759408986986,0.9939946490491278,0.9935824284955138,1.0654656244710328,0.9712559688679995,0.9229866950550396,0.9627237526992358,0.9417965799434896,1.0561130327837112,0.9746237723773247,1.0050616678715232,0.9626660869838318,0.9906326650976226,1.1761856897499252,0.8362065028314588,0.753705145720104,0.5633969698194455,0.5384200972219919,0.5673926921124531,0.5058167859449585,0.47340230138994793,0.5009787379843008,0.616576101255775,0.559828279260839,0.7049239755828545,0.7425224185626849,0.7875333654104737,0.7997588443468039,0.9155407375164272,0.8647295043623549,0.9823478158374507,0.902752164470698,1.0204879985483746,1.1611936573876045,1.214018033850373,1.2409709366090518,1.1928061460726551,1.1126055956633443,1.0323231209950916,0.8793424241402846,0.9216113959854376,0.8920334189258124,0.7944621190593822,0.9163353142151721,0.8382206454825815,0.8578819871666246,0.9031107154434946,0.8373576631792631,0.7636730248639216,0.7822857207351701,0.8998151788945429,0.9119284247699551,0.8714519527337157,0.9026433107294454,0.8513671810196366,1.0099130766073443,0.9767765734615577,0.9965893069547586,1.1444647570585806,1.0618418238582736,1.1009175785886367,1.1389249125076362,1.057374464163341,1.1209978624723647,1.2213323418829254,1.0447942967221373,0.976076637768985,1.1048769340776852,0.9676010327981576,1.0141701956096492,0.9382492867181579,1.0045951093051648,0.9498738184663346,0.9598906651413296,0.879524646864526,0.9472954343433968,0.8904668025274323,0.9501624177382668,0.8641707463726945,0.9436790006274102,0.9698755885587445,1.0536593504194414,0.9097435792473861,1.0098147536458952,0.9289281516092023,0.9203057346079347,1.0294166630402009,0.9966017299419699,0.9345663027059838,0.8573669116942536,0.960805587801782,1.0252904467823951,0.9560297822469617
776061251,PV,midbrain,flash,10,0.9866000458387036,1.048205665143503,0.9703990770435592,0.9627056990155947,0.9785295938680942,0.9855816629790619,0.8907933613621697,0.9612900755447574,0.9087418836967126,0.9492072437057738,0.9282958607097781,1.0308892754992514,1.0180242236456967,1.0184372318186279,1.0958488849659718,1.0763407535947846,1.0069235159723204,1.0472410901261964,1.0931678975389734,1.0538736969465479,0.9686765883919671,1.0725478222260463,0.8353493994897384,1.058280761275554,0.952968920454149,0.9677585096675907,1.0448237223781711,0.9535278216903784,1.0055926535225739,0.9790031307088555,0.873566291651185,0.8638536386237154,0.79860378349147,0.8766771495528494,0.8885297949773001,0.7818771081953866,0.7101691263055798,0.8243814105746828,0.830414142143973,0.9167923777739452,0.7905247280979787,0.8894243034045373,0.897600985840492,0.8347499982994367,0.6891588887237599,0.6788338701891139,0.7775139438559172,0.6478316733719275,0.5934529625122839,0.6745410289532978,0.6209273927293149,0.6841720773686714,0.7009559260172884,0.6547003656097468,0.6484129429111236,0.6780031049395319,0.5760670454446666,0.5918466066547396,0.5890613265356924,0.7091517490645083,0.7591372234242061,0.7637939560904303,0.8372833235665041,0.7879719553263504,0.798986571572128,0.8293663498979145,0.8771175599044231,0.7851766755952716,0.8848234360308067,0.846735781967201,1.126966860999124,0.9437496172382103,1.0189318714766908,0.9915637953529514,0.9569124913697932,0.9859177699878858,0.9530923386157151,0.8978978096817949,1.0479564899173037,0.9328177545107035,0.8722973303473486,1.035680388763458,0.9574854450467521,1.0144035450737237,0.8164167652326795,0.8218770071906292,0.8160573570764127,0.8770277114518716,0.7925570607029695,0.7608025685195804,0.8196171377559871,0.6604658950133322,0.7081091398601576,0.6974051923766286,0.7314537469020107,0.6932709375922015,0.6683982641845815,0.6304047128789716,0.6387343202550163,0.7419646642937814
776061251,PV,thalamus,opto,30,1.093267427519949,0.9553396897745672,1.0958443816280592,1.032924357230014,0.9601861402646024,0.9629480265568184,1.1025090495422853,0.9268787472757527,1.0155563637201093,0.8673404675214772,0.766956971562973,0.9582295692342399,0.9595087033323417,0.8952814513940304,0.9195466001397316,0.9212822450983177,0.852421034082311,0.9678895928466624,0.9543401468654449,1.129816431316783,0.8771117132970477,0.7699497537054163,0.574728021076746,0.44469549409353193,0.3801467528998812,0.3415636419233879,0.2952189492989581,0.3666557793968432,0.5216610097476455,0.33122299396023436,0.3876933725573456,0.2916750249802477,0.3672288310151493,0.4193743500163615,0.46555402157227255,0.4824541166033639,0.5204333334283542,0.46878648021828717,0.6758640937886609,0.8600601754879772,1.0199489437246014,0.9454828631106115,1.0636054713184029,0.9287040822697235,1.4544273598085196,1.2994296875344988,1.2913478966374663,1.1192144974758678,0.7280725212486806,0.9298812753309708,0.9410003557527057,0.8288606785562855,0.8130469926472371,0.8487865891232765,0.7922228620974249,0.8305765302008842,0.7879652563655647,0.8425182444319892,0.8230902627818022,0.8743394877774004,1.0803719988556166,0.8395549256501554,0.9826446660683038,0.9274333752722879,0.801665720079617,0.8965206333595984,1.047539940678899,0.976576267087603,1.0395044061095022,1.0436392379731179,1.0373192150999784,1.1594645261065883,1.1303453087044872,0.9854639395897167,1.0085561319766083,1.0890259211364286,0.8912677574257236,0.9795963158574603,1.1391596114158886,1.0305104618084533,0.9503538899663666,0.9095311824571561,0.9250489553275066,0.9966726836539404,0.9296786262348208,1.0203014563619417,1.0570318946201576,0.9666448595998275,0.989915007807772,0.782027409197798,0.8766298240236472,0.8527095337367816,1.0996177692587776,1.0498576780050728,0.8645044971207266,0.8827903438963847,0.927449510957613,1.0309459384927806,1.0324377406351912,1.0325840230664833
776061251,PV,thalamus,flash,4,1.172594734193722,1.0539444132996718,1.428620312866481,0.8377902556403143,1.3529069885333416,1.1315957882309962,1.0603433729576646,0.8765181784170306,1.0986530611182155,1.0171399560844823,1.0202910076030296,0.8865703959922591,0.8372750084294607,0.9680544289575597,0.7575741233094656,0.9363246447962349,1.0637592425950841,0.6255122171102564,1.350384246009532,1.0279029102124784,0.9252969305182731,0.902532309634074,1.139500036803257,1.4127424289760948,0.9792066436381723,0.9758617629400163,1.102710066619842,1.2093295907203505,0.9667720992602393,0.8086831770056113,0.9451639773889138,0.6574665047130215,0.6128418286770001,0.7535185060585415,0.9881443770762418,0.7772327380309101,0.9950311140700546,0.49115046963527875,0.6462998030006343,0.6552635780270576,0.4930320762948814,0.5499958683746173,0.7013661131382904,0.5399856656751035,0.545729002437115,0.6426191732132487,0.6218186445155889,0.5748795421671413,0.5213896078879,0.5506921178956107,0.51363723158844,0.43888651911965876,0.46119089051197765,0.712741131062061,0.6431069505490687,0.8210209047986233,0.6701659652147102,0.8160997062109586,0.7277564640957851,0.5889742782122216,0.6857239752983442,0.6373911416309974,0.6451419737059648,0.9392673801033989,0.6888330119411772,0.9093786339455714,0.7545505626376706,0.7110129408997516,0.6710720751715793,0.8853170983273941,1.1159264344946898,1.0972738747999973,0.8861667063767744,0.973883241690609,0.903440021784342,0.6647714763229999,0.6953433732207489,0.967678111212225,1.1758426022971904,1.153412342251518,0.981157695012546,0.853976574718686,0.8895794295963027,0.6953418289962563,0.8838377350636671,1.2672673352783275,1.3796736572361707,1.1299096529803783,0.9103120578036841,0.7773571404286774,0.9373567414113408,0.8923686904372669,0.7591618397817635,0.7382384128748518,0.5975601332999113,0.651678162631194,0.6704018092700335,0.9405627506128846,0.7218712074241531,0.8326462538094916
776061251,PV,visual cortex,opto,132,0.915364419075269,0.9621610797320482,1.0094941648133522,0.9753983780325222,0.9495053837025801,0.9543596132690243,1.0379413303669758,1.0275229945622784,0.9303654702250779,0.9955599418862782,0.9793533640895173,0.911641581822931,0.9963704146163519,1.0276550101307214,1.002757779649936,0.9503200811569901,0.9055637737483507,0.9950550288425988,1.0392864899011467,1.0529621160283535,0.8842075414276661,0.42962026350395643,0.15066197765484185,0.14431807272723135,0.1401949740504477,0.0618031217358597,0.10143684397402337,0.1157380816819732,0.10556186808522161,0.11789755664543598,0.1891983780015346,0.380344273013479,0.4371932952240355,0.5372130775951981,0.5358918477704788,0.7055361165567898,0.7884148907921181,0.9219473476792893,0.9835230608022911,1.2377077286513027,1.455619864398217,1.506076680687025,1.5901611515372835,1.4547589308093885,1.2291001321738784,1.1427441055785308,1.0867336409917734,1.0228634106600936,0.9323975064941227,0.7727250805529867,0.7387601580497792,0.723081645545613,0.6676410306954564,0.5834370113818258,0.6433087713880514,0.6319769474025448,0.6572545016921442,0.6038955132079497,0.7365131640411108,0.6923742740026304,0.7782761715734601,0.8361508923192369,0.9369257151007809,0.9279928304824503,0.9893123403877695,1.0400913098612563,1.0946851976320024,1.1248402033204892,1.1171059187209385,1.1280364661929534,1.1884936649108353,1.1399029551680135,1.0258737726933045,1.0628261391744651,1.1019284849730073,0.9359788887168878,1.1058813851952447,0.9722245138030582,1.0065184687354747,0.9589536468050962,0.8811058369474621,0.9762150850439895,0.8646739911005109,0.9370519018909695,0.927539711175986,0.8137157849984727,0.9615520501841094,0.8351538795703661,0.8549040894887108,0.9657534585860494,0.8179225734809165,0.8257619865207858,0.8269665454868601,1.0152779980568933,0.867730518070906,0.9363756096173916,0.9704254186257386,0.8377912132162513,0.7897095664765534,0.8148440689123277
776061251,PV,visual cortex,flash,66,0.8753153022731293,1.0850932044270356,1.0432929224966594,0.9811421864677268,1.1011086629034643,0.9319869991347561,1.1167709319298809,1.047876144210182,1.0467064729240994,1.0161482410905094,0.8368231391741292,1.0918201949086683,1.0935071959943594,0.9163765675566014,0.9778305434837486,0.844595643841922,0.9283917820884156,0.9822724857903837,1.0387782506225607,1.2532734912009857,1.0644088441303303,1.0979107731176074,0.9573769365445105,0.9790505525808664,0.9008073977302036,0.9042537254982612,1.0606724885447136,1.1239053229442604,1.1756739794814464,0.7954607703799408,0.7146130357511681,0.5632528850613241,0.45275997755899755,0.43183184105104594,0.4411591704925239,0.34607264504970997,0.3353205899864483,0.334838186507609,0.3115751968879115,0.296557199183038,0.384048781354555,0.3934745230384865,0.3135279788098648,0.30093579231997597,0.29629333771215394,0.30993126400064536,0.2836438773498856,0.3291630765026994,0.37807219871822634,0.29864744939151744,0.35939089115126865,0.41399192572131355,0.44569096980501965,0.4062482927507995,0.4427651069956114,0.4033258624359073,0.4389334477108658,0.42250481535716394,0.5302345481779559,0.5338945712773915,0.46996807575455063,0.6332310576654494,0.6065997253755696,0.5416422657990899,0.6013072117032823,0.6143991740885167,0.7278946306046397,0.7131037351994642,0.7691467171104102,0.8738210601362116,0.6419511813994815,0.9465509032868021,0.8423067201499058,0.7625359162969366,0.687109873123444,0.7319896386989776,0.7271837215661776,0.9473334417453327,0.8007394171825173,0.7302999610922197,0.713244478027931,0.540087054470675,0.5597330297399613,0.4401888620258609,0.40028217896033136,0.39624705049523945,0.3105224745266558,0.45619324309213904,0.38299996757879773,0.427771950112878,0.2786808290931163,0.3126181332408009,0.33453910409307286,0.3637811266887993,0.359438184369847,0.38367206511311774,0.32826700257369795,0.2767228861536903,0.35773056328911573,0.41767864747211697
791857608,VIP,LP,opto,14,0.8691097792892252,0.9611442545961599,0.965062676394911,0.8796155729335602,1.010469735720536,1.182028676947237,0.9601958303788829,0.7628137599732641,1.1248174889810743,1.0521157180148608,0.831496081719582,1.0584943097782868,0.9585407047806574,1.0732220572489066,0.8912808812415376,1.192254330787166,0.9034442783124005,0.8378442514299663,0.9083406450190733,0.966271548199349,1.0626170044735572,1.0765063837659972,1.0035935471453614,1.053753136730583,0.9035088628793126,0.9329570144678682,0.8768573525852716,1.097475465776611,1.2176246051162696,0.8996067108822984,0.8044972085554225,0.7109200965371097,0.7780683015681985,0.8573839688161841,0.9514684402436325,1.044085285093242,0.8957819259818374,1.0323220064200966,0.7764759983107464,0.7624293067329466,0.587767409008975,0.47810280546877626,0.5727590248973696,0.48062017565067167,0.6140369179011393,0.47116646770823,0.6188532523220162,0.597431141531743,0.6607230818889954,0.5893773159982754,0.5128112810640718,0.6691033804302535,0.5721622130128133,0.6319266827627998,0.8014541863979813,0.5811054644965373,0.524461914000266,0.891322685474835,0.7784383090449969,0.6189636894028826,0.8646466812618616,0.8573419669505074,0.8187181298928968,0.8198430873953119,0.8895154575680454,0.7906502567526829,0.8582598226775257,0.8979330516224293,0.9517798886538833,0.9344513850918312,0.8856316602992546,0.8104807811111713,0.9020204765836866,0.813367123738537,0.9464487007592569,1.0065688271896776,0.9564297823193205,0.8459502583913064,0.8349277807809926,1.0148388038133378,0.9234823592197697,0.9953116695637234,0.9566591287605034,0.8544171776019004,0.8855655956623844,1.0316093919390454,0.8503368050262183,0.9610560545871843,0.9492935266043262,0.9450735941305392,0.8851396318676711,0.9717577634151157,0.7924343499190195,1.053697543815606,0.9955726763637378,0.8971136262095234,1.0218764172623276,1.017842247658637,0.9533318033040411,0.7990828155539736
791857608,VIP,LP,flash,15,1.0217066529893803,0.6245736349257351,0.92420030483693,0.9253359174037796,1.0507145683513166,1.223730317045184,1.051257749985218,1.0029102088919113,0.9759103900069265,0.9540193531274382,0.7236657436430429,0.8960356131515058,1.10534908214235,1.0922839379599618,0.8258104161798496,1.0518572740726115,0.7866505968403827,0.7305472232143183,0.8951666190610333,1.0411590671368218,0.8254070907923078,0.9853616766378991,0.5890032146462048,0.9220036307710869,1.252564131124761,0.72917222904544,0.7229771318005811,1.0124877508952315,1.9675759735918283,0.988027641390294,0.8398111917163519,0.7270052728723829,0.9415865257629871,0.4513720309112549,0.5209912053015696,0.5071104670426363,0.6670392717782792,0.4120306620001805,0.6521937967068462,0.52964516688346,0.3055422257764377,0.7206465650452833,0.3525553056547308,0.45412920465087103,0.3070745944536966,0.2125136484344695,0.18289600307660406,0.12272392768946631,0.041913635609199466,0.13004293128993624,0.028067785020626613,0.040369522567888685,0.0385816760223225,0.23883116833179688,0.15140422985488328,0.1425303499742406,0.466641570325009,0.22530722495921424,0.46573408582647524,0.5073564405053741,0.5257446117088592,0.8126419319587286,0.663098566708183,0.7988622588050607,0.8885658726731863,1.1922277076209975,0.8622083458154302,1.3159982083771284,1.0388968168038242,1.2324916329770303,1.360270201025936,1.5899272971661165,1.763520704687135,2.07853588345987,2.2743433267553113,1.3903907353235878,1.7433451588016318,1.6152406652301905,1.4318706514497885,1.25545093347005,1.0942694328549474,0.9787747799592856,0.9348022386058262,0.9813366483261902,0.8244318349012533,0.7641016354519243,0.8245516516918584,0.962522641507182,0.956352093543568,1.1792345494619583,0.7635695956610558,1.077676488304,0.9127796073248265,0.9286136742406648,1.236865251080657,0.9059514587735937,0.7930743084355814,0.8052618301157167,0.8873172996455048,0.9904336471464773
791857608,VIP,hippocampal formation,opto,8,0.953396170050931,1.5442996025144429,1.0068875301191165,1.1975879001387222,1.0186889964839925,0.7410728807982356,0.9975291293439208,0.8257810674727213,0.46795974573063376,1.3182589131014795,1.2041880419451254,0.5036834378971451,0.7244262981403659,1.6281085657667957,1.8224610676531425,0.8198888207547701,0.44790175216768036,0.7377365274726859,0.9006521537729787,0.5290729182235605,0.4864644315062085,1.006960656981403,0.8989837432581234,0.31627113303993293,0.44333528121781823,0.5039678779067213,0.4925223337518925,0.37455769454097176,0.6442840733048799,0.5614207020031838,0.5272807774769225,0.4245094015440424,0.9476882586652053,0.5821074029052535,0.5441717652840813,0.629293281809844,0.48717570184683856,0.6590218508889443,0.6920680101053434,0.5155735376105033,0.6338436514985684,1.0422577315517216,0.7425294594420758,0.3466679441056445,0.9242692976098401,0.562803154371327,0.5776059387530147,0.4984731144665745,0.5195218286211376,0.7700972373709868,0.7121189436494715,0.9514706490733045,0.5831540986650369,0.8251042911701154,0.6006388769055206,0.7293076592111218,0.5949175157622015,0.9197201583315999,0.54727009055822,0.8992582710565966,1.0917264640319795,1.054359165107847,1.139422105684075,1.0584613439413442,0.9722181124549387,0.8054643005558824,0.46636839934783314,0.570985833407496,0.7850978470453308,0.8515137142551524,0.3363609025303217,0.49872669011350185,0.6206519643039357,0.43081589173391044,0.7993009192564674,0.7121595609411918,0.6148338086381508,0.6624516766559772,0.6007805453812745,0.8299373087219761,0.6803503875930141,1.434423720704981,1.2073162203710952,1.0209118309647796,1.1448867733466,0.8931567580254608,0.3775533035554184,1.1961115610777648,0.7345412806053,0.5430455000165157,0.8968954251053799,1.00841259473905,1.1881565685564177,0.7608869127751445,0.7397550531876348,1.1613719243809524,0.8387887710668692,0.5391546370609543,0.6960024077951397,0.7137380220330011
791857608,VIP,thalamus,opto,19,0.9423069845380551,0.9026081655386884,1.0042976406823971,0.9975496593638568,0.9938693737473563,1.0097346688409405,1.1539163901617298,0.8596694780622847,0.9062188271291955,1.0247974485514457,0.9516361637089693,1.1312104751706544,1.0174749181362384,1.0013359649661104,1.082887792401519,0.9397349479691817,0.960664586670906,0.8650854664804302,1.020347490961401,0.8054102980503424,1.0756463723403318,1.0659500733870435,1.0411457820872436,0.9337240522844389,0.959015150187714,0.8351654938240917,1.0281171909476496,0.8287065678254399,0.7684916977859306,1.0291664810629972,1.0037618005108508,0.8919115172435562,0.6595956779414648,0.7044888852621607,0.6500376106449387,0.7030774942581517,0.7632912480086644,0.7015174638106011,0.6865350798370727,0.792626427887987,0.7499513576146822,0.8189598479766736,0.6820154093639826,0.8169159736611629,0.693095140072525,0.7135027246241435,0.7400528978620264,0.6660153532186227,0.7023733808288898,0.8191954588923402,0.7049067948232358,0.6522238782553295,0.7439307654844779,0.6511100942031066,0.6492237356415343,0.6797150171024736,0.6640254828059069,0.758804134540246,0.8011688388225473,0.8154936668534728,0.8210809136598962,0.7778056358723612,0.8701469444871603,0.8759754521724931,0.7778320894315864,0.7582926164375261,0.8567501535550196,0.9250773911817084,0.7950452251800082,0.8605421885785205,1.0828761782695044,0.9721206680484421,1.0128764071577754,0.967749052023359,1.0157324541366328,1.0713246429569463,1.0397175364516744,1.03908392729241,1.0103175762790273,0.8962697709903459,0.844592131669643,0.9826338143515962,0.8601271689532853,0.891615731796838,0.9481206735367911,0.9646770796876732,0.8749709273184266,0.9547980390719703,1.0203678606675641,0.8209943568061305,0.8947088551821448,0.8381255691830178,0.8922890834643512,0.8750453912248367,0.7946417573213341,0.7579258536505025,0.997511100466371,0.8001681312013926,0.8344110072499882,0.8119151273325061
791857608,VIP,thalamus,flash,17,0.8314576783653759,1.0105480044397914,1.0312644928017083,1.130448567231611,1.1841660218288148,0.8970850629004145,1.0705578981242057,1.1485517757342696,0.855815310359251,1.1022266626306148,1.1078079591048682,0.9930479194549472,0.7863524090359817,0.8125685766749446,1.1363032251915888,1.1042906778846802,0.9080220709010073,1.1046782956665362,0.9181648756782606,0.9784846622581782,1.135441815299901,0.9626673526082388,1.170440269639661,0.9134291011759933,1.1797890487614007,1.0232453925523302,1.0141743555909928,0.7929709686149174,0.9961073363901529,0.7824212753921025,0.8469347919042187,0.948351985716225,0.7081194932164944,0.5764152972359391,0.6645204495099272,0.5313498007656539,0.6337624957821879,0.4799163806153722,0.5596089465252101,0.3659269282315451,0.2878405147520942,0.16402107320451706,0.23054638557827195,0.34949751526033807,0.3572105974032237,0.3180791636677769,0.30388185183739025,0.2501733649142324,0.2613942141573866,0.31760109726035834,0.2577575040121993,0.3998398132638281,0.5081931454250833,0.38721591814249945,0.3399240623786481,0.4228861249039193,0.6552102282062016,0.5396352405510118,0.476718745001278,0.5427587990961582,0.7198563190217504,0.6765210997812204,0.7195256298878705,0.7451065903139015,0.7785668632036812,0.9337347728633015,0.8675985442268762,0.8990057465991266,0.813809546556053,1.0943205542349446,0.860987488614671,0.9077371895043259,1.0607456252067669,1.0617744112067438,0.9527014604892436,0.9763915968850002,1.2294558552722095,1.1702236617831836,1.0185289104957018,1.3049596975154172,1.5291287560116984,1.7694735697932118,1.641561342108469,1.5303850180044458,1.1203124339843376,0.8657491272282877,0.7927643467582021,0.8750514737481074,0.9150106264576354,1.008263128426827,0.7918688207626107,0.7366027031697951,0.6441592895154221,0.6052542502032341,0.620042865940036,0.4429413554806154,0.5272387582047798,0.422346566124313,0.6108253331186289,0.479726077206947
791857608,VIP,visual cortex,opto,56,0.9005091667801643,0.9412555215985847,1.0533529405633024,0.8591242233710871,0.9193043715493215,0.8601866440073102,0.9169538155023872,0.9479873074639622,0.897586437168479,1.252148656775277,0.9991162944235654,0.9419690274352177,0.9448386741935293,1.2448845457900648,1.097315328716123,0.9150780451511962,1.0401556105558591,1.034407485424514,1.0171420530913715,1.116203321256096,1.0728622656073512,1.0183403724055085,1.068809323381109,1.0580907385471796,1.141285856537883,1.0192547526725675,0.9849276798189548,1.1683423842072878,1.154217084165364,0.898264028901024,0.6589822821239585,0.7205117377988136,0.6610598336811456,0.6230187130958607,0.5392134334074273,0.5220421324457952,0.6325964940995018,0.5396892972944832,0.5152710942942845,0.5219463535103105,0.4846534953502001,0.439832221970687,0.5179864407007295,0.5067741535390727,0.5450338892869059,0.5005604309940738,0.5646341115736039,0.48638049410188927,0.5220006556271986,0.5265031395919662,0.557770588119479,0.5721977635775364,0.5257918018202672,0.4973379930102781,0.53752323493243,0.7106635483702032,0.5311197094044278,0.6342803611672314,0.784261757132996,0.7507501651556664,0.8250042688204786,0.8556598100530557,0.7899388313983854,0.7301035185533647,0.8761147014242079,0.8285644824242382,0.7914671127639743,0.9239828804186885,0.8163549086713585,0.9334813285256324,1.0048699973668411,0.9826044533542311,1.044502457715993,0.9298054751997806,0.9922411029955783,0.9140432506983703,0.9304729247653947,0.9703539781129628,1.1307793160859165,0.9203845526260644,0.7787909012983815,0.9147932494906005,0.9778850001096856,0.6712971417868848,0.8302469406466212,0.780539515753623,0.8549343709110399,0.863152381459061,0.970618174957841,0.8192535125901471,0.8001861320666404,0.8037377943331917,0.8970028990406554,0.6756817909100743,0.8602792955026303,0.8575116929541897,0.8434763051634447,0.893204045308688,0.856914882263074,0.8449414979027867
791857608,VIP,visual cortex,flash,87,0.9172450620008549,1.1343560605351366,0.9331647752032639,0.9747203497958566,0.929077571659103,0.965091563193073,0.9990951026645092,1.0289563250605869,0.9183554198705828,0.9957533721360275,1.0938582235276317,1.0392589972957347,1.0348818772464619,1.0302534659180203,1.0461487639865756,1.1473457869009989,1.038937926473247,1.0253884944431573,1.0845672461927722,1.0825709259722085,0.9679773037483251,1.0018630116368579,0.9166524334689077,0.9925020473564047,1.1067887224959907,1.0420568549135107,1.078609425750742,1.018963706527763,1.3279951901475522,0.7378670649003173,0.771640968053857,0.4555427871816708,0.4215071919818069,0.2954712404283587,0.25457620836885736,0.2564579339350176,0.2751460556002715,0.27522888035514065,0.2712320619199906,0.2958154946172646,0.2609094398564905,0.2480679661966402,0.2159484205189465,0.2541968926522974,0.17803708733040877,0.22408565987532877,0.22830421783401905,0.2312268106906373,0.28032262124093654,0.36359133173941577,0.23373674353278373,0.25952984528268525,0.36011101540069074,0.25697071037766445,0.39687318216701034,0.4167529826819073,0.4512819295447397,0.47088907970439775,0.4622861915166875,0.5514536357456506,0.5565198701314892,0.6111038692117673,0.668448764311844,0.7040464487224637,0.7256113237870251,0.8373237181259875,0.8016968076469725,1.1352920355911569,1.0670932407925429,1.1250577592676314,1.33146317123803,1.4365683099161133,1.6026935023442703,1.5938063384779286,1.474557210096349,1.540465931234852,1.4661164986752577,1.6143324386391282,1.4475531656105751,1.181216353092061,0.8673591019580386,0.650432881745568,0.6180113533237389,0.4298585664734168,0.5351584205531897,0.5020564989178091,0.43973885961666836,0.39348460185874345,0.5281766539138991,0.4998738594258899,0.5264169686589821,0.3767261202595407,0.34357968565329566,0.26170335290103897,0.3256878722044318,0.33200547806381575,0.27489846880675084,0.2148806926822915,0.2675324956579371,0.3029271335290812
795770036,VIP,LGd,opto,18,1.0356190186734888,1.0621581617290368,0.8797196962837579,0.863845018411737,1.1196321772552522,0.8988319523224144,0.9610870110410961,1.0335907203958081,0.9700687761820982,0.8675478631127037,1.0174687863744096,1.0614398381544705,0.9702904608370589,1.066900267325379,1.1014021596521972,0.9965353443565326,0.8150580420191016,0.9604465674676042,1.0023203579515267,0.9693437208069491,1.3666010402199038,0.854101687732996,1.534788769345611,1.1951145487269348,1.0800674629315268,1.0560208675025384,1.5504592193557012,1.3764064636002302,1.188895627111818,0.6626738794063979,0.6962306325032939,0.6176163647070071,0.7436594960636393,0.7373561351143031,0.5629056360865111,0.46001396832396946,0.5683559922306755,0.5322982719707297,0.5689249796710742,0.34360690871021365,0.3917307508214852,0.3874650506711643,0.31519622978355016,0.3124452613036324,0.2915963331982416,0.30240929329747385,0.34712814347452015,0.4952458007649636,0.525473551678435,0.4368927411300733,0.7937012963015355,0.7115675850264022,0.47073915453439646,0.8247917365057167,0.645252402630215,0.6445024436438767,0.6458536112217819,0.7408965333678099,0.6199470300207219,0.6205973304219774,0.6129307218463388,0.7384164462187124,0.5532767970012975,0.7336352674194444,0.7866026642712829,0.8476068263075817,0.6322770808289335,0.8631731800944449,0.8307226136226934,0.8766630415669857,0.7825800164999892,0.9423683881398515,0.9027805058042415,1.2102574733702651,1.1268927011924084,1.1109529746101658,1.0772910006424103,1.1878231249449436,1.006285565086665,0.9564553317182471,1.029540460226162,0.9166990057216154,0.8867262292787702,0.8939873121515475,0.8457393469642674,0.8704481799359326,0.8778869902701679,0.6446682667038289,1.0625083433015687,0.9583373720223654,0.5955779742036242,0.8775549257950566,0.8133832079775938,0.7728992196768744,0.8986622813183113,1.0353141385736935,0.8599318103001088,0.8729153708043106,0.8730887815031106,0.6221573041822483
795770036,VIP,LGd,flash,16,0.9449505781269565,1.0032028171214544,0.8621302076204761,1.0709255895735614,0.810814939332299,1.0960964792142454,1.0474785644583435,1.0793404127806139,1.0439665926466954,0.9751349207185471,0.9835116944764325,1.0204509260862427,1.094476597300124,1.0266444318820847,0.9013128469024707,1.0459672144206842,1.0109177994089706,0.8683976639607052,1.08321230763669,1.020285939876449,0.9677103637792941,1.1692541170218598,1.052992748912158,1.0089143553964885,0.9099032210405373,0.9347705852064161,1.1012465562231348,0.9412074839336506,0.5875369353604643,0.653519242565123,0.5966839008935669,0.5661275904535102,0.8496469029510099,0.8862394426776697,0.6476029343743352,0.6504112325098363,0.5572236086544592,0.4068507818783649,0.5367543465583975,0.8083093090169354,0.9856893592057829,0.5671449603764754,0.4352211702170073,0.5133777294642445,0.5507966271694444,0.5507835140777021,0.3773051952488098,0.5061893163664187,0.4999046768833305,0.549143706522554,0.47294841386129366,0.5415550536134223,0.5273384120826081,0.5592592536155729,0.6312012211182577,0.6607744565163682,0.7511695214890787,0.9028066145546005,0.7673384052892026,0.8802226479089227,0.8545331108351328,0.949239349591017,0.9273500579967404,0.9195900682250772,0.9972943161297606,0.8319788503351943,0.974557086448739,0.8933005905564221,0.9124429183382919,0.8429388065555921,0.7547982780576544,0.7887699936599066,0.6847613099573773,0.7966606614790253,0.901405546147951,0.9264226154499919,0.8811637220526518,1.0548725251761275,0.5536725614202453,0.3725638391787224,0.4477008372407313,0.5256668701485439,0.8322615850798126,1.178329167715918,0.9384840093947427,0.9296928092753093,0.8390212407269014,0.890039156611556,0.9337966964135435,0.9421391702867916,0.819895187852731,0.6684443347388352,0.8993263858998539,0.7076223778071663,0.2739019761190674,0.24989928660172758,0.1972500443982534,0.22907428253780476,0.18180581212576968,0.16548551000007153
795770036,VIP,LP,opto,6,0.7573009931561127,1.3437146908338748,0.9307396611311892,0.8422927140815472,1.0183551447806614,1.2563188718358194,0.8433849322491445,1.0836391780973942,0.7158372433850605,1.097384107482957,1.253957294041633,0.9050564487659979,0.9221725083641346,1.0318423458857493,1.0102199221639867,1.276343690288448,0.9322998202068907,0.9700535337777065,1.098933025608416,0.8180061749434624,0.7729617779848952,0.8711010948595445,1.155441020082134,0.8508073036606757,1.2569821688064151,1.3207232158272648,1.1880620186153885,0.8404688067309006,0.9515574470455883,0.917652361987754,0.8493024892763574,0.8398268758461528,0.3802365758456497,0.6555345130519464,0.9752586100694002,0.7836087461241438,0.5313674064242238,0.4461638812183828,0.5587483994762338,0.49216638206581903,0.47073869345539926,0.5805964196789891,0.2741040063323129,0.4094708513336957,0.43762886025081027,0.5325969793440688,0.4377513613519107,0.3899441598435967,0.3657232155278966,0.4109208152246226,0.16347749508425324,0.4844042358179908,0.4581080942698263,0.35286124952210773,0.30765833894695443,0.4417232155278967,0.36861144114095107,0.3286763177218932,0.44406012712535575,0.4772771307855283,0.5617899314382019,0.6426499562616342,0.6476980770085515,0.594905696472367,0.6986831055382817,0.7163760917517382,0.7252717666992542,0.8494645102253323,0.9050200657808878,0.6273902963354184,0.9047768542629032,1.2388517929356206,1.0233046700570774,0.9058920515537663,1.0954275206877573,0.978592789553562,0.8288116438374749,0.6667849797350217,0.9992617000447793,0.9033447705100763,0.7026913426993778,0.8480860729863665,0.5856140910281342,0.8990320771332424,0.6998920515537663,1.0122542943815485,0.7204963361664657,0.9904020376127488,0.9387023689514199,0.7957196907709858,0.8348438758412408,1.0764885261983634,0.630782212028716,0.9446847979968753,0.974941342033751,0.9043619371597497,0.8922544998452967,0.7900795328465637,0.8978595123451063,0.7474861204722436
795770036,VIP,LP,flash,13,0.991615082526095,1.1339834331539511,1.0768485560249117,1.0781058140070334,1.0440829256558086,1.0447217032210327,0.909850341721114,1.1139145208591594,0.9915275024234474,1.0591125358428406,0.9593866464784954,1.1609942359443328,1.0328320195544032,0.9200359388534387,0.9953050072762555,1.0923430010747472,0.9635556859193539,0.9271048442772549,0.9074982210767264,0.8671913849389361,1.0142794123564647,1.0028992990245766,1.0084260810969456,0.9877477706701426,0.9269816092477716,0.9554113388506517,1.0048315045972225,1.0869628507996953,1.0938249561947955,1.814388737475681,1.634805175998595,0.8598331196739148,0.815915656786104,0.8119739727588663,0.629195402292615,0.628307954072939,0.5251727477098794,0.5639415743488473,0.6039120072177433,0.5050498750248789,0.47070166296514804,0.48868431528613127,0.6252587240239789,0.5143545731031511,0.49655405107766176,0.42095025641333905,0.3323774649717953,0.38811269753334976,0.40449677427244607,0.4692982769621678,0.39713120391416845,0.38576866189758563,0.4283597696159602,0.3694252794706214,0.2831074278624487,0.4039639081540978,0.47799477713815214,0.45313724470350575,0.5798771585413133,0.5371635333375173,0.6567744053514849,0.5796106946516442,0.7049646458526662,0.7016457880311743,0.8514436787596869,0.7437265456634881,0.8001882723370101,0.7583585000039876,0.8417417798200371,0.8389435342617517,0.8558206877840582,0.7747491142140984,0.7314154743232151,0.8023888267594154,0.889240776286386,0.9702372093257368,0.8948247998415313,0.9309549568301269,0.7996142739439189,0.9636805913180247,1.0094672486835405,1.309110896384298,1.424853122520337,1.3537685468304046,1.415989045425996,2.097166575697701,1.9841626068770613,1.6747740296484133,1.2206258564692096,0.9642088929137755,0.9511471247199322,0.834795529399901,0.6525980336026076,0.7647227942005743,0.7967901712469323,0.8268719289916157,0.6968568357192931,0.5651679765468436,0.5334879263480584,0.6398999467745141
795770036,VIP,hippocampal formation,opto,4,1.0555992656700761,0.5506350455209621,0.46226509898502666,0.31797235023041476,1.016180857630963,1.1902580554122866,0.988219456521625,1.394561753287975,1.2179104476044114,0.8895975331388613,1.2182194565216249,0.8085964466303004,1.6628637186324489,1.215247752313864,1.154927794275574,0.7982558823951649,1.683147250797199,1.210541587577037,1.1519560900678132,0.44198156682027645,0.31797235023041476,0.17665130568356374,0.6845872300404385,0.6845872300404385,0.31797235023041476,0.4799745232475366,0.9676269154396613,0.7453047843842494,0.141321044546851,0.7806350455209621,0.5432661854935875,0.141321044546851,0.2119815668202765,0.5049642201491139,0.141321044546851,0.7199174911771513,0.8792569689037258,0.9602580554122868,0.4799745232475366,0.4269348378483139,0.32094405443817564,0.6139267077670131,0.46226509898502666,0.35627431557488837,0.3359907834101382,0.17665130568356374,0.6643036978756884,0.7883129144655502,0.7655883165489994,0.7176523921921246,0.3636431756022629,0.47731182795698923,0.6212955677943877,0.17665130568356374,0.5153047843842493,0.3359907834101382,0.9425486311497768,0.8215111187676758,1.0989164046685904,0.8365578477396385,0.7199174911771513,0.9399745232475366,0.7095769269420159,0.7655883165489994,1.1369093610958505,0.2119815668202765,0.43430369787568845,0.4696339590124011,1.0158718487137497,1.7538077730706245,1.2532407087411241,1.5918941874418098,0.6492569689037258,0.10599078341013825,0.4066513056835637,0.7959907834101382,0.32831291446555017,0.6996339590124012,0.907218370013064,0.9348707622051886,0.32094405443817564,0.32831291446555017,0.4696339590124011,0.32831291446555017,0.8715790999591377,0.6212955677943877,0.371321044546851,1.0356247424225393,0.43430369787568845,0.44464426211082386,1.1472499253309858,1.4655312844786141,0.6216045767116012,0.7982558823951649,0.6845872300404385,0.8009185776857122,1.296248838822425,1.0235497176583377,0.24731182795698925,1.5491950662777223
795770036,VIP,hippocampal formation,flash,8,0.8861796572481373,1.1941151844706512,0.8642713001583785,1.095848062341633,0.9238738408526896,0.8898429770620426,1.0452085952900354,1.043086115086599,1.0055049439111097,1.1536263677793903,1.1481211205889423,1.3598849379732294,0.7228058988093837,0.9971157453219694,1.0724756428231312,1.0720626933107469,0.9254059074473715,1.0219405298564337,1.2476658945710994,0.6224757661465956,0.7395135285264367,1.0602452158147169,1.1229119884937837,1.1243440157348672,0.9140090055639907,0.863430835606077,0.8306504898742331,0.6850184749580032,0.8120453274249299,0.9022181584801581,0.7568417848023541,0.7229802463743501,1.052640074296448,0.8631132998227875,0.5949463331665006,0.8719780275960987,0.8114659898436534,0.9980256452598573,0.95918643770762,0.7987191949817393,0.6143297482050069,0.7536088531496512,0.6610832727716824,0.616540428889003,0.7168945681903085,0.7181239249259693,0.8100822455460603,0.4774933917070046,0.4882967741917489,0.6622858919835041,0.9371489594752455,0.7651466868112019,0.8457515950066562,0.636522913579767,0.4735032829579816,0.6849336025535697,0.5111835498987976,0.5442861460621302,0.5172406231037022,0.8321322942239254,0.8446010941242988,0.6574614793237306,0.6038838894185051,0.8819428728986011,0.947257765223698,0.7659619410108214,0.8381818422966393,0.9949680622010352,0.8652841908221093,0.8453913952803729,1.1195982065492867,0.7168493794715407,0.6644742765425672,0.6534922815229928,1.0068419578995733,0.8368044017997589,1.144445854449647,0.8390632581528452,0.9878224019624018,0.8978199601959651,0.90434050328693,0.8929468425900957,0.6818010245776429,0.9051880969695345,0.937122181406014,1.1269100270420218,0.6310182066473442,0.8428286260493113,0.7530436636175729,0.7745481089675083,0.6669873785196361,0.9323311209160302,0.8419858956584356,0.7798841671824323,0.6262015730280013,0.7136537018165414,0.8887768547030208,0.8642950673796573,0.9264114897263013,0.6721047462298837
795770036,VIP,midbrain,opto,6,1.4910801461552132,0.9505792305848706,1.747718596189359,0.884655278008195,0.7156175355392999,0.8497761678060919,0.6134564928984595,0.4225244635277025,0.8604961012226545,1.2806195315778035,1.027618895051764,1.1995272544416202,1.5650961204294151,1.1165147483215028,1.1509914095161278,0.9227032515400397,1.213317568767985,0.8251362273908073,1.0026748911812242,0.5867942709337047,0.9821707447489064,0.7009645350902457,0.883447654759615,1.1573750139642485,2.9954779368771605,1.4301147802913834,2.7513145282260942,1.439807140862147,1.5092962719445457,0.7068767225418185,0.30479223366713853,0.076095947063689,0.076095947063689,0.3243431786364641,0.5462615462133039,0.3353374817189824,0.5029875505365166,0.6895600902567631,0.5602824055824316,0.4160009662866804,0.487737423699859,0.5787794341449505,0.6280687990353077,0.7295778375744927,0.5861191061499813,0.6433562699558792,0.7240197545235771,0.498466703749618,0.25207256641984715,0.4641607463245774,0.38867292617139854,0.5212272063608908,0.46024802644818896,0.6619109897584153,0.6853636540812227,0.6316401113725271,0.49551451884581527,1.0185407952230066,0.6742352752522774,0.8474527737539236,0.9115284987790053,0.6462821112986746,0.8059778480934368,0.35762321710541567,0.4080328202150365,0.8954678767982222,0.6766863493702333,0.8936257830781246,1.2931360382697228,0.8439083416800384,0.479410873161235,0.4994365853554001,1.058434529488262,0.5101565187719628,0.9576176526606114,0.923615758690826,0.802242365093864,0.9151465018333352,0.8684849112354227,0.8504253058138292,0.7707317028519133,1.0335802400386298,0.9771422540689297,0.8671436115161507,0.6697347756214819,0.8314068193093602,0.9656959977358576,0.6269485608160439,0.998568306853183,0.7681164580716042,0.5937721882434635,0.9360042685319364,0.8229228949156496,1.1106212541363225,1.123605678160829,0.9128616640692885,0.8113977872579848,0.8662078911153435,1.2384154169068895,0.6972538666624514
795770036,VIP,midbrain,flash,5,0.8477458655658736,1.3051000418807066,0.7599375195269753,0.9658704264695717,0.8433602927713413,1.023722029842847,0.9815359297008831,0.9604156781707166,0.9827300987045501,0.8313680552785966,0.9907825037245604,0.9231086517983075,1.0540699109054388,0.8840519168390095,1.0261074452155874,0.786489517829345,1.0820645841382344,1.126498914059205,1.0555176060529596,1.1212061504803281,0.9231694106971489,0.9068688990556062,0.8093347865957634,0.9945533225524625,1.0053439543581706,1.1231697902396172,0.9283414743514863,1.293738153440865,1.0109923111190948,0.9848088037476493,0.8175188999790363,0.6651110551570948,0.3486225975895924,0.5924723139089935,0.6620240412841216,0.531404842678432,0.6420511895527625,1.0078472196196302,0.7160560244619587,0.687076754023477,0.6621172349990376,0.48159478119499555,0.5189342964611782,0.8104998628983813,0.5523963202018455,0.7129356170342638,0.8040980265047082,0.7465841198154066,0.4290240868220607,0.4290299789899974,0.6062175245821223,0.4977362659279875,0.6004664184724303,0.49391729041026033,0.5207163696214792,0.6628368592408499,0.627880408680747,0.5560238457168626,0.6915895797531609,0.5464430507108728,0.6317402612353968,0.3595704587042588,0.5324315005767073,0.47448741358605134,0.5219637155320656,0.6567762234994827,0.6405990272552151,0.6505027767978783,0.49669624892432856,0.5670850237706071,0.5559041255187724,0.4679976192457718,0.5424360141042925,0.5739144201700607,0.47709849521220465,0.41434936122536514,0.8041385426818641,0.5956532271513704,0.733143849659288,0.8509106164658784,0.7795948884708597,0.40723985850097516,0.7152499448129801,0.3194222899010303,0.25659322525096667,0.44898813055004866,0.456538833736432,0.36392375815623246,0.5624972383399335,0.8660631280740105,1.5300894667071223,1.4738086631502658,0.6481122871303446,0.4003204369264092,0.3827593700204967,0.7038765510323717,1.1187428785719473,1.0033563498905345,1.4170985064310848,0.7937650271322794
795770036,VIP,thalamus,opto,7,0.5555755278042611,0.6228107765919306,1.0075030535073863,1.0322898667247415,1.1841879346108173,0.699446764619409,0.6365244042058439,1.3817506089664315,0.8210737196502652,0.697846785689868,0.9161678462466876,0.9168307049813095,0.7320205199459398,1.1603122039972902,1.0766381588582792,0.8296588912881466,0.770657597470268,0.9966394918801093,0.9042392376173636,0.7590424241988681,0.9375718868976589,0.9031310361638004,0.941959144060159,0.7271625208286875,0.6523381049506796,1.2897270209538103,0.8725660189145173,1.2232746075081635,1.057335572843521,1.1359465359089913,0.7989600795985988,0.5294980299628881,0.896312697687837,0.8022340566248246,0.5417484084893613,0.4868487851723646,0.701349016021682,0.41782682190120607,0.5832901079954239,0.49045593010055655,0.909520052373575,0.574696781309454,0.6469339774812974,0.776391343705267,0.5585072188928963,0.7804677555656502,1.0308530776531415,0.647978198356288,0.519432715407555,0.9497576497584603,0.6886848500110142,0.7011214659632377,0.7727851150547984,0.4124071418360073,0.6598476154463258,0.6714082755254457,0.6933593133599995,0.7350866405619387,0.5807148700279112,0.7693541554251869,0.7033551462293002,1.082018434820263,0.7707102784753299,0.8667268382341268,0.5008553538245762,0.7876015196276602,0.7106682443905361,0.8631006351130456,1.0788240202326462,1.3239622224431378,0.7545434136370998,0.9103774224565315,0.9580556113028624,0.833117580100755,0.9017210311014834,1.0155002079700135,0.8590095184062957,0.8578935583333541,0.6773808032323554,0.8053640896593518,1.130131863543914,0.9908605596120407,1.0629300538020579,1.0493613799748367,1.3311649305283453,1.3739579320054431,1.2894164532059074,0.7394235648486138,0.946516779602388,0.9529107299925673,0.9972354767983277,0.81661199981387,0.7836297665302573,0.8936429077059597,0.886563375645605,0.725444465639007,0.803092342985505,0.8638351181757613,0.7576978825516727,1.1149731515832293
795770036,VIP,thalamus,flash,7,0.9715597965722714,1.0449112944474186,0.946820583615047,0.8047965572901633,0.7969032520298338,1.0894740787897221,1.1776673846961756,0.9609753653493895,0.7449072239105412,0.9851267657572198,1.1908365538974615,1.1751891150880984,0.9688580926407935,1.2086682719281856,1.0647015125989956,1.052477328647145,0.8360333961587724,0.8443908174897456,0.9029121812133317,1.1260914442265144,0.9835941673473173,1.002187585996945,1.0733049769399625,0.9429441117076787,1.0453841718405654,0.90472298836081,1.0540436990642414,0.9746510267551571,0.9579295641741787,0.8988963679125656,1.0100194655593782,0.7875489244147326,0.575274528690929,0.7670375740750953,0.5436390905918485,0.60598187297622,0.601225920620403,0.7902243627399373,0.47853443194800266,0.6597462266283161,0.658875577003227,0.5479856636378042,0.6979133215976141,0.723693365768239,0.6786331350501763,0.6886296545159828,0.6713049031763753,0.8222177116592082,0.7617390882641375,0.7011471976420631,0.5740384300073499,0.9655491026676055,0.6695628640573198,0.6894119530260961,0.8145145589398873,0.811228875163294,0.7864258258792068,0.7888098113703458,0.7386873628683814,0.7513121522356462,0.7293649587995251,0.8818165069824996,0.8371808461695627,0.7175468506761448,0.715107479920162,0.691287392745742,1.0334150377130429,0.853970982867749,0.8442202496265695,0.9005436160610366,0.8692299153818018,0.8376775663426276,0.8194481396798464,0.7563370461264535,0.929444035477856,0.8251613193788581,0.9467957603498068,1.0578053223889945,0.9927909934948724,0.8123693950936733,0.9359079270719112,0.9452031958132648,0.7034909421553124,0.9647077087644895,1.0276305427646952,0.9281851661713786,0.7464280091628986,0.8563890602830522,0.8613120865217472,0.9400850692480365,0.8984566433175944,0.5957346439803306,0.9155162629377013,0.8191581585571718,1.0256964551541485,0.7438463840809659,0.9133574604935978,0.8497965206900224,1.046523463492578,0.7320587779081672
795770036,VIP,visual cortex,opto,59,0.960639549989926,0.8303449451752025,0.8132089041035473,1.156183639638763,1.0702138519772408,0.9107086794463788,1.188297827771986,1.0109409306101849,0.9521125336098603,0.9982018329143557,1.0691625689548792,0.9728440229519276,1.020948276937533,1.0678839218813367,1.0691935445816272,0.9002457434649982,0.8583863601597287,1.1835349984047152,0.9645405686046825,0.9797871744982941,1.1592800543944242,0.7440721850196952,1.330878471539253,1.0577110549054047,1.388941973723824,1.2567041421445422,1.2808636773967603,1.0777503623094635,0.782016128098239,0.8109274276285248,0.7082418003825541,0.5934770735765266,0.5171614373853176,0.6223111194372242,0.30104272924936815,0.4300959554724246,0.28429741483181614,0.24359783565221407,0.27847616383542406,0.24528231686188462,0.36817024091598444,0.36516702129183704,0.30268126753231006,0.3005980246611403,0.40584350822593407,0.40416508099515686,0.37506981988044247,0.4139654307506389,0.4279018783249266,0.3860457839137227,0.4373038486584608,0.452580036810367,0.5186148227880039,0.5043067756637271,0.5139977386717018,0.5375463726287355,0.6734815146151972,0.5255024454860181,0.5891806682518042,0.5562680757076205,0.6858339216172601,0.7489194634144765,0.7649907049573562,0.6426962408322333,0.6664437408180462,0.9393402485343982,0.6316050903754057,0.754919293002834,0.7355957568529587,0.7322140434982045,0.771046419285131,0.8246675337424046,0.8516875888417259,0.8159034797040617,0.8086853197083445,0.8085614851277887,0.7645008601658677,0.9213701153864717,0.7465043360678449,0.8531617133657855,0.7811518738923918,0.91350486140468,0.8528593525515489,0.8799220412969162,0.8447425384889078,0.9010288869322184,0.7215714959452302,0.9110910351155327,0.8841742670339826,0.8742053717872689,0.9676245320418374,1.003243242252052,0.7678615286183024,0.8781182715834672,0.7297186070376299,0.920073442036425,0.9567833892501112,0.7166432703202966,0.8671997055098941,0.9677709508450855
795770036,VIP,visual cortex,flash,53,0.9523599493757817,1.0210747403743363,1.03271942246851,0.8728138756980662,0.9212489343651152,0.899446520886272,1.1438662963116246,0.9147844071840737,1.0031333257039223,1.0166175646916258,0.8392899841689723,1.019755383500495,0.9393316780840881,1.012038612956171,1.0809470564478814,0.9646265390068494,0.9875807815125635,0.9896879592781481,1.0897435451189794,0.9774280190417042,1.1231663531186182,0.8989257609237823,0.9868087829846984,1.1606038228558515,1.0588262706167728,1.0101571718104303,0.8631747969859233,1.0140455106481738,0.9397323822614018,0.7436858433219673,0.5072239691116002,0.4086954776577195,0.32416022139358613,0.3588797127100975,0.3546766666631675,0.38355971729297167,0.26537733430149435,0.2725718976791791,0.21835814565711892,0.20857552610325558,0.3254609440940971,0.3037733472145571,0.41055323077372413,0.3546104178749285,0.3243374064390047,0.3227583280884284,0.32640278100968306,0.3417320183471837,0.4247407638845359,0.4070644011580578,0.3637413210324438,0.40915209513075645,0.36906275706930713,0.39342377667346057,0.545519661505435,0.5171258577369792,0.5462679001093677,0.558869736340802,0.5656213725197999,0.5215302939738294,0.685476280294585,0.5934663905413605,0.7346268929238815,0.7233560237584234,0.6697174260757843,0.656457266281889,0.7393844663159063,0.6447436423417551,0.6985057930470034,0.6853083959571964,0.6223380876003584,0.7673833552983395,0.7393419929480627,0.6028400390187234,0.6403575067230632,0.711074118782429,0.8509364459655436,0.8593904662006623,0.7459838371747856,0.543402955424318,0.32679719883475833,0.28057867037121087,0.2817971140095331,0.44268780380866873,0.2886029332805976,0.3570143495597214,0.4624659151206139,0.3201475869562819,0.3496500971062862,0.31772851019959,0.37850305383413285,0.4097122092306049,0.4588217932961851,0.48316766327671035,0.38249361138490584,0.40246616176123273,0.4072673386494255,0.38282415187487173,0.4457105163175503,0.3572612341601916
803390291,SST,hippocampal formation,opto,18,0.9717353381857455,0.913026928971738,1.1167403027575977,1.1639061993607245,0.7922803379421163,0.9253472267690989,0.9383305202919369,1.0578421691261632,0.9854313492783784,1.1159285915342592,0.9225637830418498,1.2046049173919795,1.1498423335443635,1.1193379816819318,1.0320539019360508,0.9532523227955788,1.1942582299849214,0.6304303845857552,1.0142865480174204,0.7096669698221367,0.9698924306315043,0.9087121445461,0.5918056632490679,0.3295096064485167,0.22020783606103597,0.17624767486481543,0.3417970555077211,0.41481343624883554,0.30863375397695975,0.3735134203808781,0.601663504169391,0.6394952282650359,0.7156251805964939,0.521738528374749,0.5579255465850558,0.7049263508694719,0.8706202444013464,0.8342634706653166,0.8484851289967076,0.7937099163979568,0.771566559501706,0.895719767774503,0.8163550540020029,0.8576765394230144,1.0008361968870645,0.6292032106987029,0.830636111582439,1.3162960933898222,0.9128206683651187,1.1901774189043464,1.0914272633876787,0.8976320009295004,1.0246257612881304,0.9879866893641869,0.8090655901782594,0.9933132767696699,0.9126743568939373,1.068515249522524,0.9378136890186697,1.2692727905668688,0.8736097630435582,1.1798430043906685,0.9153315271142893,0.914894658410955,1.0132676636603748,0.8422229611347073,1.1285312822796765,1.0534345499880717,0.8833847543249962,0.9592143635677525,1.0202247314270556,0.8419617980584773,0.8003611067818973,1.129847285294212,0.7783961684700371,0.9532239405145518,0.8770113324363517,0.8923895607467845,1.056701074726911,1.2586993875931598,0.9093244120835268,1.072418963661587,0.7035206548130243,0.9506377755010197,0.9351002394151227,0.692739703274827,0.8137045983643342,1.133894021898576,0.979999678277761,0.9528835095776667,1.1382790861453964,0.9851044482514529,0.9707985092494591,0.9910952927076413,0.8073752335027645,1.0317032856575445,0.9386728549335458,0.9345183101100566,1.1946688444326679,0.9273211977345555
803390291,SST,hippocampal formation,flash,3,1.2430399503374643,0.30564784053156147,0.10188261351052048,0.5076564707679383,0.25294993699163704,0.3548325505021575,0.5585977775231985,0.5076564707679383,0.9900900133458274,0.6095390842784588,1.1119257646924046,0.709665101004315,0.4057738572574178,0.8080345209455073,0.8097911177301714,0.5568411807385344,0.6587237942490548,1.4959898873291013,1.494233290544437,0.3548325505021575,0.7588498109749112,1.0902160300716837,0.660480391033719,0.40753045404208194,0.40753045404208194,0.40753045404208194,1.1938552403668683,0.20376522702104097,0.35658914728682173,0.6587237942490548,0.709665101004315,1.2939812570927247,0.15282392026578073,0.3038912437468973,0.6077824874937946,0.5058998739832741,0.5058998739832741,0.7588498109749112,0.9591018444266238,1.0100431511818841,0.8097911177301714,0.6077824874937946,0.707908504219651,0.6060258907091304,0.5058998739832741,0.8115477145148356,0.7606064077595754,0.6077824874937946,0.5550845839538702,1.0117997479665481,0.3038912437468973,0.4057738572574178,0.3038912437468973,1.2922246603080605,1.1119257646924046,1.0592278611524801,1.2120517814182608,1.0592278611524801,0.45495856722801387,1.2612364913888572,2.1476872944395,1.2922246603080605,1.1119257646924046,0.757093214190247,1.7963679375066703,0.7588498109749112,0.9099171344560277,0.5550845839538702,1.743670033966746,1.00828655439722,0.45495856722801387,1.3121777981441174,0.45495856722801387,0.7061519074349868,0.25294993699163704,1.1119257646924046,0.707908504219651,1.9474352609877872,0.7061519074349868,0.709665101004315,0.7588498109749112,0.5058998739832741,1.210295184633597,0.7588498109749112,1.8947373574478625,1.1411573368269439,1.4123038148699736,1.3613625081147134,1.5124298315958298,1.1611104746630005,1.0627410547218086,1.4123038148699736,1.1101691679077403,0.8589758277007675,0.6569671974643907,1.1611104746630005,1.0609844579371444,1.8964939542325265,0.40401726047275366,1.492476693759773
803390291,SST,midbrain,opto,14,1.0229664304579507,0.8638768896224931,1.1627189781212777,1.0964942661646362,0.9797199039360811,1.056978155102435,0.950722328890613,0.896833150132773,1.1075476618010323,0.8307053413483795,1.050112195277525,1.1341770896136159,1.0043496743156044,1.1935631827650668,0.8644694211225868,0.7557816193428796,0.8764962241346808,0.9776507610155764,1.1681538923220118,0.9711844724846869,1.6395888825530758,1.1417315828942267,0.9228793618571504,0.5168920977784849,0.49533655303506624,0.5330024267900636,0.49973959447315647,0.43311132045983086,0.7624395903143272,1.3008022070427316,0.675306502442181,0.5403597568479653,0.45355816562367224,0.4532266091697205,0.4263615293115272,0.4185373908875682,0.4144952062273641,0.5415528344150294,0.351534183698322,0.470452855139332,0.5395882518411349,0.8120270848813699,1.0753533342639319,1.1156601357414868,1.1225856783031387,1.5376238171027097,1.6226913234565683,1.0777628171291576,1.2834931349398955,1.2944226294006254,1.205279362794597,1.24568570106382,0.942666664143682,1.2592204635186888,1.245093115451359,1.2161698196110522,1.052972710769081,0.9103563035830291,1.0623676470375336,1.2071740863379683,0.9172541604466505,1.4439466798382434,0.8343100608401741,0.9324304523190916,1.0585053259691206,1.3584864974841033,1.088995132681933,1.1466611335481642,0.969846428834015,0.7192394344389207,1.0396205828616016,1.0357565471218215,0.7708901798325108,0.8536886447821171,0.8524866179886325,0.8865201710185612,0.9817674354826559,0.8623437777992099,1.039163215986194,0.8650464752678395,0.8559254960790599,0.9443243221318353,0.9535137898298875,0.7351866132797609,0.8405106302394932,0.7611511436917058,0.8556232153580717,0.6850421174413769,1.2618628535555183,0.8741134500679234,0.8717219698240601,1.0867163865412668,0.8427846869324824,0.7291217888265125,1.0950146755894907,0.7446462640717632,0.6862510819721063,0.794474077657281,0.806949274650072,0.9936124979460522
803390291,SST,midbrain,flash,6,1.0037534801212122,0.8875949132256652,1.1327150035773097,0.9005895708056983,0.8257727252220041,1.0587644840456392,0.9329577773211964,1.0713932877371857,1.1245414458601004,1.0834237461548368,0.8959560785296073,0.997792388214697,1.0190520301864887,1.1233034605294074,0.9082602230690116,0.8561957691027593,1.1087998344091499,0.9932121223435882,0.9289862448904894,1.103939946862951,1.1588205340550337,1.0018845677154808,0.9191998831416349,0.9791236354551295,0.9341626246989184,0.9340410049324744,0.9785092726830609,1.0849516729393789,1.117919678648757,1.4292568986046763,0.8904500854485039,0.7683739973563197,0.815968694462657,0.5680506873110649,0.7859967185904043,0.6631370378872485,0.6105226807316151,0.5602933645542348,0.4425886722489427,0.6521361394304339,0.653404647880521,0.6515463739684275,0.6876534243389716,0.6343630183288268,0.868857817510058,0.7876486465812165,0.7170877230505032,0.6973492024717851,0.6011812447535062,0.7559457141105153,0.7684857422120261,0.8113079580310338,0.8118084383381596,0.7763263418346465,0.624185538399984,0.8644478908450544,0.8274476784676144,0.8088532257985381,0.7646074004159606,0.8295416215758192,0.7333720290530342,0.9145258793302626,0.9460397694792088,0.8586658185461321,0.8137785608856563,0.8172793434138779,0.7614471112624908,0.810255835840555,0.8362233917415601,0.6844123427030723,0.8751801515710271,0.7729139110377706,0.825449781778179,0.796398569204896,0.8183509570234729,0.895868084216786,0.907700490456285,0.6921201947608498,0.8104533632595521,1.1068343115467447,0.8009837395790326,0.5708334778370155,0.5273766489897086,1.07397725512783,0.8787237695074941,0.5095446076243281,0.6626029402700889,0.9913935955299683,1.0051519202607804,0.6743318403115985,0.6701031842141062,0.5293704583461056,0.6910177799555429,0.6473360524169186,0.6617816669704549,0.8271943789620604,0.834370494529067,0.9039542825046141,0.8487444015892827,0.8333363649187073
803390291,SST,other / unassigned,opto,8,1.0675998071854478,0.8535596941892979,1.0639502620626764,0.7668631361136377,1.282800661178843,1.383773869404794,1.0495188906923254,0.823013809640355,1.1586498252935722,0.9301381772439035,1.125057921009355,0.9988588099513581,0.9144711737761761,0.9655198548475812,1.173657745925063,0.9912579533651484,0.9465452019118992,0.7468535353762813,0.9339530960282351,0.9132576021839088,0.8678437905557251,1.5641606316664924,1.3821471626880812,0.37101215301085605,0.16305741936349116,0.2681891951379858,0.47658702210421644,0.4583980085428877,0.4571399506691134,0.5026562195583905,0.4851031070103478,0.8401628612733206,0.7910297877090329,1.0016766407795274,0.8867396459458621,0.6135146939845619,0.4817894762509888,1.3710877080273691,0.7574441244408482,0.8791588556326145,0.6299402184013532,0.8526739185648438,0.8933677009359551,0.9953890102526335,0.845220905878618,0.7843023087786711,0.857177487160285,1.0261056719143862,0.9858406118967188,1.1699110922001874,1.0871743095854005,1.0008219628457886,0.9439158779545352,1.096408401074349,0.7818803047654116,1.0019673684773631,0.8363433780136897,1.1616085101276399,0.7624282859220983,1.1709893634588782,0.9908518347965782,1.0193701902075092,1.0474582010846019,1.0447551428845847,1.1466664782680536,0.7511010661787255,0.8612210677717697,0.953619834883707,1.0969530080308825,0.8818356786223699,0.8023252627384633,1.0364857253837456,0.8860994406274467,1.0930331866368235,0.8551847358899429,0.9077726186226376,0.7226710614705281,0.8089234404692875,1.0049929092114498,1.1303603554514878,1.0562173634558587,0.8494836721498764,0.9105397442070029,0.759786159213135,1.2020926657134388,0.780374530963019,0.8395588145658632,0.7737212235837336,0.9569414542485748,0.6312077865207104,1.1864239060287831,1.1114999187951216,1.0411670104588526,0.7252885007817614,0.8541927622211207,0.9696077938611652,0.8416672026032541,0.8104794908496862,0.6943635525089829,0.872984120354306
803390291,SST,visual cortex,opto,180,0.9908758192806564,1.0473070173428545,1.035392032896199,0.9334328395583671,1.0132380975287345,0.9932047176103069,0.9799401740688375,0.9394054796698,0.9008016313744405,0.9908967582312187,0.8856821482723913,1.0156034611836244,1.0781992413328279,0.9492556550198492,1.0669040237343206,0.8843014536038635,0.9786035423174593,0.9825697186642559,0.9631206885825135,0.9913617663596273,2.15982086904937,0.7654333858297311,0.36325392034117593,0.15932440955274935,0.10443625697958404,0.07498860183362152,0.0836660078853081,0.1079845919180944,0.1368436126768281,0.10119576455197919,0.12472920802186205,0.18587515488645023,0.19680868989075728,0.3109666983867163,0.3734339905608163,0.4089930901055082,0.4586380628119829,0.5459744762135988,0.5641063598582098,0.7004910907264977,0.7457444038563774,0.8068953796343793,0.9080462250620851,0.9759057245202354,1.1036583149040182,1.2545278754881664,1.411427871400618,1.5359505269940688,1.3427974090078565,1.4212737555206842,1.1922519285760123,1.0691133452593125,0.8412338866433421,0.8526558163796177,0.7511541859131926,0.6791104458931636,0.6080155921059026,0.6365068834914411,0.6285517590188403,0.6467105120820967,0.7102622604577497,0.7358477458486151,0.6354933383456324,0.6291162563789527,0.6184444148272132,0.6303690744691391,0.749642948222815,0.6924619944282805,0.8385274880625967,0.6539445760823607,0.7863818208203489,0.9155920336410315,0.7757194481675119,0.768364937740283,0.8342229339227675,0.8442268063544508,0.9168890474357573,0.9104582707745966,0.984195622426389,1.0397448320454186,1.0129982046877803,1.0382698066976466,1.1311616233305697,1.1420647984370818,1.232000620160915,1.1535604482443846,1.1597006148132654,1.123288172857238,1.0581336844825733,1.0163874650453804,1.099687456005712,1.0814137381297926,1.1541404460517273,1.096726879875143,1.137993639978163,1.086766668907124,1.0871222628175738,0.9657358406585006,1.046091521124203,1.0547669704423723
803390291,SST,visual cortex,flash,49,1.1790763824822192,0.9722933119836005,1.1140035331713498,0.9412620405024835,0.9421989717732033,1.092539386770241,0.844731435816571,1.0785119621413715,1.055686286199694,1.1000064308201674,1.0417707763002628,0.9894445597070407,1.0692552333852903,0.9830032773839509,1.071844804688926,0.9289954571644018,0.8298172706406567,1.0288302561161686,1.0649478094655853,1.0001257452049417,0.8976795703688847,0.9186058455752176,1.1479230415002617,1.0179244637406328,1.0618801669899733,0.8196323030389732,0.9743421015668006,0.9064134174930649,1.2673174548999018,0.9136374935708613,0.7030888671390345,0.6134698280593022,0.591542054867805,0.4976686797508055,0.41455134488362094,0.3519988081180581,0.4270733753465402,0.47806808549388013,0.3087343981303427,0.34989093582224606,0.4697045395088831,0.3716531040248003,0.4270874863912491,0.4048729282723294,0.25411032017411805,0.23930584708859315,0.3075949448360895,0.24842768081277386,0.21994781656956947,0.31661784617369326,0.27029217600440625,0.37102696110907,0.3413282329686472,0.3511887661311789,0.3654788484528979,0.46578991701428424,0.4089141086736503,0.4246847293445107,0.46675375004307407,0.5864464429407327,0.5889014167738508,0.7221505180822646,0.6708483121097553,0.6110015253040617,0.6998481388969343,0.6063168826353234,0.8524761679721057,0.6683771269144538,0.7077334018851137,0.775160752416331,0.7570938288322552,0.7145307526617618,0.746770258321069,0.9229669952150354,0.695461561421888,0.6564647852735868,0.7174873878265577,0.6242185536119506,0.8036507680401828,0.683740062701495,0.5052406829089171,0.3617324681740484,0.2726368976714669,0.3812503211292651,0.5394006996312948,0.3714671070576557,0.36878925128594675,0.4526233772326962,0.32018301793679754,0.3319684595956265,0.3011592143159995,0.3333979108770708,0.3145423777802683,0.2949493884643842,0.3079903847400732,0.45658318683786053,0.30553994866656015,0.36602956526948466,0.2984217691570042,0.2301309125713926
811322619,PV,hippocampal formation,opto,4,0.27433356117566643,0.6910480747322851,0.798264901153518,1.3683127480434703,0.3734290271132376,1.0142999146915916,0.4167145135566188,1.5608708875783541,1.0575854011349728,1.5112177377905651,1.100870887578354,0.9192651289958511,1.1243477615815438,0.8593944692598303,0.8092172821058989,1.5043260370800149,1.1810741971207086,0.5960132890365448,1.3331486220837505,0.9261568297064013,0.750918734468306,0.9083127480434701,0.26744186046511625,0.0,0.0,0.0,0.0,0.11004784688995214,0.27433356117566643,0.3734290271132376,0.9625506154392323,1.2109187344683061,0.5377147413989518,0.7452859421280473,1.34287134326302,0.6368102073365232,1.166061135926497,0.38438140806561855,0.695108754974116,0.647762588288904,1.2384562887133266,1.1337280304354966,1.0725984623291844,0.3734290271132376,0.5417754216407826,1.7187889385196606,2.015027261600089,0.8662861699703805,0.8120483025746184,1.0575854011349728,1.6426463092191366,1.8397891663619936,1.1620004556846661,0.7562383230804284,1.3153337890179997,1.129667350193666,1.5827756494831158,1.2761089828164491,1.5937280304354968,0.647762588288904,0.5486671223513329,1.7244217308599192,1.4707632718159034,1.228762816131237,1.872122271852994,0.9544292549555708,2.419530485834035,1.9404567443979928,1.5370015948963318,1.0252522956439725,1.2453479894238768,0.8553337890179995,0.9261568297064013,0.7020004556846662,0.27433356117566643,0.9261568297064013,1.2437758773254488,1.501837468936612,1.3594565165556598,0.8609665813582581,0.8569059011164274,0.7076332480249248,1.1421918432444746,1.1158839487725656,1.1393608227757555,1.6855393769836853,0.5502392344497608,1.2926941561090888,0.9330485304169513,1.331918962310639,1.0725984623291844,0.8484420883074494,1.379265128995851,0.5417754216407826,1.5043260370800149,0.7942042209116873,0.695108754974116,1.3752044487540203,1.921040550636634,1.2974897073550684
811322619,PV,hippocampal formation,flash,5,0.4837815704347732,1.1486993002607393,1.038596909376262,0.7351318335621928,0.8373455953849114,0.933753604532957,0.918010188007454,0.7194215882751808,0.9110434188697513,1.0912922302944261,1.2086689004111328,1.2363645036189992,1.5077622381505473,1.5534901195714856,1.3839993071276528,0.9075258575231235,0.7243406633428593,0.8402819781405005,0.8987837220928613,0.6827101811405403,0.6169009867174592,1.060760428405967,0.8169912842457798,0.9084138758491649,1.3219806721881877,1.3420619851903308,0.9841262221655382,0.9060911725635815,0.7313412740785766,0.9017201048484506,0.6570967839602363,1.038596909376262,0.6518376979190639,0.8012146964817859,0.7511489185842077,0.5644461630573158,0.7284380625614784,0.9113164170067396,1.2182652125694218,0.7700685447637973,1.301012011219527,0.6573366108587338,0.668127781078067,0.3923251372333734,0.7377613765827788,0.6532723828786058,0.6666930961185253,1.1309068489461649,0.7677458414782141,1.0228534928507589,0.5682367225409319,0.44068256167489767,0.6690157994041087,0.3990189082340878,0.4756192728765024,0.5027011966143629,0.4529090872132967,0.6879692671817128,0.6919996535638264,0.7511482482246841,0.8886062313435339,0.7435671292574518,0.7260821880374042,0.592755445735188,0.4718287133928863,0.659999325117811,0.8227970369204527,0.6113689025392982,1.0642441481545803,1.2986893079339437,0.809376323680533,0.8658953753208044,0.9369636557850581,1.3053837492941816,0.6771774266028558,0.8082153072175032,1.000756986657559,1.1551194027649414,0.6608873434438524,1.0837442825656851,1.876523012992688,1.0054355644672166,1.2593821993767313,0.9838525536690261,0.40427799427526034,0.5134923668336963,0.7217442915607639,0.9288013582267874,0.7365665185217347,0.5292357833591992,0.4570064864319157,0.8431851896575988,1.8721181036795425,1.4329372398006923,1.1373607930483818,0.9273673436267691,1.4972779076662168,1.7737287429384545,0.9925953594588117,0.7488262152986244
811322619,PV,visual cortex,opto,199,1.030647089275068,1.162434109192762,1.1227033944651235,0.9453894706015297,1.0624811261284217,0.9386014341663604,0.9946929577873501,0.9570961086564246,0.977319155307185,1.0646509194671512,0.9937600706458739,1.011126175541377,1.042213100218737,0.9444538173728535,0.9787045733436364,0.8740395078306802,0.9569235422503783,0.97308957557985,0.9771792611470698,1.0049683612579974,1.0561838220937176,0.35792538364616633,0.18600221094022248,0.045726874661667874,0.026674552543614574,0.03427215809122246,0.027053170052554604,0.01873273875897269,0.03359200006864227,0.020406226899523653,0.027197855405201185,0.13926161440634602,0.2830090267206628,0.4787188928467714,0.786603379456508,1.0204636016946622,1.2830223610456624,1.5081614591216803,1.691327487219103,1.809179295049762,1.929422378704917,1.8181680424764763,1.8340704625407744,1.6963149929092154,1.6206464931549143,1.4338904727720732,1.2837612642732452,1.1593739776421328,1.0339310383220681,0.9552231058330454,0.8559398410618801,0.8521846279203124,0.7807632475810071,0.7483852621568805,0.7089716153180837,0.6187121832178859,0.5591725599117968,0.6733722696743051,0.601018600976185,0.6522653940474161,0.6769096759459621,0.6888109359204072,0.751499181099922,0.7489127161489562,0.7933713261632462,0.8460275117829896,0.8446430497928585,1.0231143690820088,0.9965963872815291,1.1376972399684897,1.0106490610788066,1.110025589583141,1.151081761581271,1.0574503292172068,1.1764666691300654,1.119379482351025,1.1294579428277418,1.095550485680539,1.0436119007692557,1.040190407530458,0.9414353713331841,1.0221424339866594,0.9903145108618616,0.9837724199739161,1.0594690091402026,0.8502493537724547,0.8878455785731768,0.8516428992097126,0.862440998995111,0.8465928403927863,0.8241153597737828,0.8551828564001998,0.8202317400034045,0.8215894328956619,0.9275331972434374,0.890157298751058,0.8071094751001505,0.8588342219386481,0.8074088932818348,0.7674728040751534
811322619,PV,visual cortex,flash,89,0.8526364632833487,0.7682689729451522,0.9430450478918799,1.1243531089869723,1.0263722017368078,0.8894851008891961,1.0161307599978282,1.041481309753229,1.0757604839029036,0.9728193862620849,1.0595851510722913,1.137819769544348,0.9861775695377997,0.9865884691586353,0.9714614375662478,0.8971944567677023,0.9211569529625231,1.1161781320760398,1.0006100109137839,1.0363302400060332,1.171357211896317,0.9274224478309175,0.9658794229506902,1.0585736434178612,0.9316727498964035,0.9607854710204216,0.9130674791870246,1.0164895369529354,1.0927552415062045,0.8075023556212308,0.6909651520164262,0.6849305345706297,0.5494041594244323,0.48485010027234704,0.40381404174627367,0.41551616946080666,0.40640270559743424,0.3764414118721271,0.33765261482280295,0.3643306796545155,0.37613751660686107,0.37902725967139866,0.3677744369321552,0.4263445797014247,0.39871770992321337,0.34324147577437586,0.3396386555387993,0.34314719459091314,0.38019571298929555,0.20895071979538024,0.2607231188968697,0.20647232234250384,0.2737667280540479,0.2700964338352695,0.28306927554380024,0.29989366180579646,0.31809268337188557,0.28812119520681856,0.29145074798515114,0.3956010204345032,0.43223590098848086,0.3983484972477417,0.523863879011586,0.5053933877673923,0.4898449505208789,0.6690629849878217,0.6976961582869874,0.8409773722486718,1.0371426327985083,0.9053315776293861,1.0376766235930175,1.0446167855239443,1.2615791849712161,1.2754236275748128,1.4285993679331133,1.7927038972827019,1.8560064011444937,2.029078972657593,1.8545785337903393,1.665631935033342,1.3211466679635047,1.173463335296888,1.050727975558421,0.8481320135280189,0.9185952622248008,0.7515909127043092,0.5917652307910904,0.6459645976278501,0.4572240425262411,0.6382002684313061,0.6037363031658062,0.500774468770584,0.5277596317554379,0.47567624499404193,0.4345561055221519,0.48850054155133327,0.45150926313132084,0.41716924943471795,0.37869217681540773,0.44166600577542175
813701562,VIP,LGd,opto,17,0.988342570938801,0.7962618040476632,1.0697178379497978,1.081328798329635,1.04637824345681,0.9887890402378315,0.8497207537715089,1.0783153470536169,1.1666972597045318,0.9913193138227077,1.0804797999745068,1.0765140191260811,1.0583661487523197,0.8211028575952433,1.4151031301738357,1.0161796599090418,0.9615920775290036,0.9845943743711937,1.1105024496197136,1.0273696547473687,0.8383011789888097,1.049756654478509,1.0650158421564293,0.9145849467526372,1.1653596005225024,1.0754632394192054,1.1892836411819492,1.255962014740687,0.9417135494007673,0.9574442702435478,1.3094478530522144,1.2940892519798846,1.0787910034249837,0.9788317441168156,0.9760572394486199,0.6926602866902287,0.8226738453872146,0.8113806753803073,0.7185535141137956,0.6742635560719401,0.6814304094309378,0.7610117878821667,0.693446262972564,0.3291543879616128,0.24179792025778582,0.3240090241232986,0.12997137036227865,0.16043560140157173,0.1291233342093273,0.1293749670178149,0.11999156356472568,0.12102109828877096,0.11531658616376007,0.10504910524590387,0.12731801913212962,0.16684016077865543,0.13634991470900867,0.12619620592624545,0.17638909572915848,0.2022226890637332,0.289032112898167,0.2897557055632459,0.30107990156378495,0.35825842577844924,0.17199097427919727,0.35270580540117075,0.3946704672642361,0.49511259946882236,0.48455869015093983,0.455632973264311,0.5256943180649147,0.7158183336938785,0.7462955733339295,1.1170582684269037,1.1989700491266213,1.3200252013827434,1.6595013137925994,1.2927612532230985,1.0644187344489384,1.2254321051921548,0.7014829091511471,0.9816618992471569,0.762313830677866,0.8278077882923407,0.6451766967029392,0.5415508838576198,0.5602989814302187,0.4029775618687424,0.27822060797202264,0.4485699077324603,0.508790713923284,0.5129966175510859,0.5970861561858478,0.4269767927564973,0.38879181377743904,0.38119654735097597,0.3994273838067848,0.5176082136968829,0.5497095238021635,0.4853645857413716
813701562,VIP,LGd,flash,4,1.2360439920293746,1.120096430549599,0.8048618292293496,0.9193154058800431,0.7181662189029576,1.2511625464990819,1.3275084490609799,1.5560042935589133,0.9662519045583622,0.3099731757220208,0.911444840730662,1.264505804272293,0.7965418316828771,0.6983219642239611,1.2049298937393795,0.868909026450027,1.0582089404829829,0.7988965577125038,0.8667924657918898,1.3290024338900617,0.6416527532596495,0.7403651996115809,0.910697848316121,1.7487903364936024,0.8738728920308061,1.2183162980085152,1.022006560026723,1.1485582427925176,0.3823403704891706,0.8484421959419752,0.7324946344621998,0.6648962864002633,0.8490647717710305,1.0663339191538896,1.4881083854795276,0.9958288715233512,1.1169947121054313,0.9268178087218948,0.41129476162510453,0.31859073328594284,0.7646807409783412,0.9060589985469475,0.4330011634407125,0.3909579280530927,0.7837780032427968,0.3718606657886371,0.28101878458608687,0.3890957809164812,0.1605999364185476,0.1710796411190811,0.28963634215000894,0.14937323930347318,0.1013215859030837,0.15198237885462557,0.2506948252065569,0.09871244635193133,0.10993914346700576,0.27240122702216485,0.354625550660793,0.3606339686735626,0.2784096450349345,0.354625550660793,0.25931238277047897,0.7910259925631228,1.0903950469991242,0.2026431718061674,1.2759706667588575,1.0608180800341351,1.368674695098019,0.8555657686768153,1.3937803753752442,1.3366185855179173,1.8294338248630329,1.7530072096598408,1.3898885180206115,1.3820610993671547,0.8785117417999797,0.9034498589957951,0.8318296566431862,0.6889574142454981,0.702793250911725,1.5341734751578198,0.9351809527642911,0.8667924657918898,0.8003905425415857,0.4000680645100301,0.5173851942334016,0.895579293846414,0.8262432152333519,0.6798472777885607,0.519994333784554,0.1605999364185476,0.059278350515463915,0.1013215859030837,0.15198237885462557,0.2198782869340115,0.27915663744947544,0.11855670103092783,0.1605999364185476,0.15198237885462557
813701562,VIP,hippocampal formation,opto,7,0.28597307694293894,1.3107116144596402,1.0608908011118279,0.9246420777153074,1.0174040725905498,0.812919611642968,1.3316152476451049,0.6639666868652441,0.8176097531554551,1.0150143122787116,0.7864156664570808,0.8787168411152745,0.7970841880540499,1.1538599988171214,1.6857940952662867,0.32217929496733877,0.9162273266583514,0.44422625173936253,1.427948468894034,0.5271805328975195,0.9687256490461603,1.0045604259647007,1.4855883182221952,1.0866924954302688,0.503612407909151,0.8422452048840218,0.783390467148373,0.7001409028598476,1.1581234592486371,1.0926468879582953,0.5565309191697361,0.579179438880985,0.3311268847742772,0.31769858207545304,0.6398778770427918,0.639442464698041,0.43856265246978515,0.6500055454164375,0.4264604677398123,1.0533514993862965,0.23580713778557527,0.604691760256819,0.8736646932861117,0.31585488164929515,0.2771548827503271,0.47688519812582925,0.2953226895696904,0.2136900365084659,0.4023564344453853,0.3463654983743214,0.20434042388171444,1.1856408786947517,0.40048073198943124,0.29058318544915135,0.8427120372381349,0.2995307752560898,1.2082893984060006,0.2994013796417631,0.1635240973511022,0.4354080575467507,1.0513937287670898,0.9325194310217605,0.8660599671851451,0.5418303509820311,1.6950056829642353,0.6778370288870187,1.0083991057022186,0.8582952637558982,1.0458761688996563,0.9342337358335916,0.7139712283784849,1.1819148488344402,0.6421128666887067,1.4643146642467142,0.8304266044138648,1.4962436186834664,0.9190591262931401,0.6820050980702808,0.8134016674690558,0.5201953055310097,0.3041408837623022,0.8619812771130722,1.3762956289648314,0.9266304300484679,1.4654189379339735,0.9874248742996633,0.41263014222117506,0.8169983017150406,0.5911508076807886,1.1493052650560251,1.1726946318220155,0.6788505031472462,0.6891075671352186,1.911702137887311,0.7099645568393458,0.731638198477662,0.24989625453286574,1.26807838287031,1.395338885115619,0.945667092041757
813701562,VIP,hippocampal formation,flash,5,1.1589269626076772,1.0218554461820895,1.1313730372466417,1.2252532385710635,0.6712831803265068,0.9210828254616134,1.5579518902052563,0.5634855172740172,0.9936957490312105,1.0356966327069996,1.080633783285521,1.2224502146680987,1.2802857125035967,1.062957258269065,0.8659929701680145,0.8045335920063025,1.1113916462327778,0.8413239103435822,0.6064226401589954,0.40150874423628125,0.45136976041308696,0.6843538781660328,0.9642237728249142,0.8842676332873053,0.3925665494726268,0.34876946258161723,0.5109434600389313,1.0349195439628702,0.6256650163832485,0.8518213162237588,0.6425568189685664,0.7242014126224652,0.6292888967094624,0.7151697425381636,0.7233480486751787,0.5539700582445566,0.400541031131319,0.46731872373047134,0.8100242570262924,0.7661128209776071,0.7089334626698178,0.40917165231771974,0.7720624011057277,1.444936926540868,1.0918874441053283,1.5592061678357996,0.8990699328584328,1.3334260430561613,0.717111768806833,1.127053909809937,0.5091157829279377,0.3656612651669354,0.3506800149545133,0.2998512856727454,0.4909305951292941,0.44530583112729083,0.48921726717597613,0.7731195895313372,0.5480204781164362,0.336444379590447,0.5108291108812557,0.5048795307531352,1.0235687741354074,1.032600444219709,0.4258911043204884,0.8413239103435822,0.9731410937515402,1.0754546918427847,1.1174489754598291,1.0866331110876983,0.5872946130924183,1.1113916462327778,0.6695764524319336,1.0071608957098923,1.0350338931205463,1.1093850184804896,1.0962960468626801,0.9133884434844015,0.5776896787423104,0.6196010870974522,0.7241185373605628,0.5984481585003032,0.8126804242475444,0.36460407674132594,0.5161225514816675,0.7582526884765908,0.8748019219319015,0.969427738104679,1.1237996044858505,0.9044777226165204,0.9570197798516065,1.272622804422158,0.8468145753635721,1.0455816667385878,0.7679404980886011,1.4286576310187826,1.0746842031574004,1.329477389035204,1.1624175999341237,0.6793471373058463
813701562,VIP,visual cortex,opto,96,0.8845312382114191,0.9818070773030633,0.9036203497032048,1.1300195681090233,0.9343999315512539,1.0101880887236807,1.055762813904908,0.9454133613558855,0.9457666349813282,1.0299062127812404,1.1748350681541109,1.0624522770958365,1.1212587918524444,0.9281359154724869,1.0097478486120222,1.0373116954309813,1.1305054713056255,0.8879769463249195,1.0338274621237182,1.0282426606585109,1.163148054638006,0.9065414657243117,1.0021518924167978,1.2776051753642068,1.2929410525356215,1.3238093312850021,1.1963499167810279,0.843632954548965,0.8945531361757895,0.7677067024589674,0.6951996837997135,0.6815365487680823,0.5561654068666034,0.5971268445105775,0.44425106549972226,0.47170620573192856,0.42110975322649913,0.4460623326009571,0.37257645466886324,0.4830822741598227,0.3597310760982426,0.38068684940617986,0.4132169034886752,0.3758249024331097,0.4128698209942652,0.3576558395186937,0.31603468977205157,0.34397450381215194,0.2929271059589578,0.3104212276647447,0.2859518631377433,0.26511660865537284,0.29824903066063146,0.33525101315515227,0.23963872251953908,0.29513161522169884,0.32634317891308995,0.31774324829922035,0.290505535090087,0.31255638578011086,0.28602626812852444,0.3385217155619638,0.3782871533513585,0.4414559549925257,0.5105231811491694,0.5283032303204354,0.5149446012477089,0.46715546457628593,0.5948052968577794,0.7192896334679997,0.7621443810260349,1.0643331331406918,1.0445546061434692,1.3497011905239715,1.397228911164157,1.234307977432847,1.3904830406987887,1.3062514073950895,1.3894571147221528,1.1871758012847347,1.3152743788864187,0.9773329255720139,0.8989219693222982,0.8460388211087371,0.741777360563802,0.6564336865295192,0.7082681505611016,0.6137339035342195,0.6319760568616971,0.5918532626547942,0.7160427723575369,0.6028308031591622,0.7554477391521809,0.7327160691993467,0.6867097101069054,0.599035134468926,0.5665577651122674,0.7072274728076339,0.6663306728011077,0.6657518612021346
813701562,VIP,visual cortex,flash,52,0.8407315543913261,1.225602742117658,1.2576797201200658,0.9011721952355161,1.199164942315631,1.1256584337695297,0.990913644560037,1.4369838189447561,1.03670590024805,0.9917324048596802,0.9609563288385802,1.1115186486015587,0.9768834761634193,0.8107609103478082,1.204310133852732,1.1072966853786566,0.9940389570999565,1.0426804375015513,0.9752097465931489,0.861555221593422,1.1477006959195204,0.9215957927554067,0.9260611115846988,1.1633845341195999,0.9139639303095186,1.0383523577437463,1.1338633137497207,1.0000344286992349,1.1788138804693038,0.9811067822697679,0.584364863405127,0.5007422990635224,0.5628016087536657,0.4558599913079054,0.453677788351755,0.3135364323000033,0.4245961179042742,0.3698872248629016,0.29608071644819595,0.3123859441021248,0.3733295591098153,0.32918672363238094,0.3502725658520127,0.33900142865616567,0.2822887767316625,0.39388294367463367,0.36816790520807074,0.23511668537141217,0.30021260527696836,0.36317044742695886,0.39132723381778267,0.40345654564343975,0.3470272065242345,0.43349944415659264,0.4226248948051122,0.5225830229286287,0.3986618304110365,0.41817066347159987,0.4658171428431175,0.5284234153236199,0.5381819163558866,0.6656312377663494,0.6437716628800987,0.6832105807013024,0.6227640694923482,0.7240834077585815,0.7643133355190628,0.880255803613616,0.813789263022406,0.7509570687834645,0.7077244625330157,0.8603739940391569,0.7369091479246108,0.9595235905615502,0.9679040448590279,1.1167471865274794,0.8186229391495259,1.0509104715946243,1.6665576548894157,1.56230000366118,0.9084413655323215,0.6437615156924595,0.4822182829277877,0.32065368552046175,0.695009701149604,0.6311168437461308,0.4738207461229206,0.31277495531322164,0.4159401584456227,0.4385540900963232,0.3343218160542935,0.3355225429510639,0.28398794992783266,0.26861771069218504,0.3225081135642409,0.5065548180049744,0.49832015699325627,0.4398924574773838,0.46347943735472685,0.4374049611337221
817060751,SST,LGd,opto,5,0.8026914008674133,1.2601766578456437,1.4299559039330607,1.1205386459358995,0.8236949684175313,0.9919723960224214,0.867876188733071,1.5330905482494221,0.8796961370393476,0.8006894754984938,0.8559212535766525,1.431343535908928,0.8015557963543213,0.7426824334686003,1.0119418347996496,0.9785420820881743,0.980544007457094,1.1753335259384419,1.4070514828640608,0.7987214651296781,0.45509741122957764,0.9685258634898994,0.49826135507655245,0.7622815167385262,0.8369404117389367,0.4959861980112107,0.45430700995098333,0.3458780067317954,0.27819118661082537,0.4586967810685558,0.17305461692554416,1.2606636500754145,3.8004716851775675,3.409971208125294,3.3847708296474694,3.199627174257094,3.287922668429695,2.9241191528667203,3.956538412515561,3.4189489460213567,3.2074273030629366,3.0893944413299055,3.4911478133435834,3.002835730406827,2.846992140611101,3.2796053700416814,1.7483745542757407,1.3130153547040986,0.8594825668776593,1.6624170220890935,1.0117436391387316,1.5136964627855456,0.9251849282156537,1.5230102372986418,0.682517485377453,0.8582841574439556,0.9136550639101241,0.9639208340156298,0.9208371616752103,0.8515734870362094,0.43591837373094366,0.581388504077714,0.6483483421223207,0.30968613776426107,0.7622815167385262,0.7050648759872271,0.7760482711799713,0.8967181520184567,0.563236120056564,0.6367386102004001,0.635392982801662,0.4849947075215001,0.6342956452179962,0.5750939314021022,0.6765720639754965,0.9674534677875835,0.3254336133409789,0.8599459046579743,0.9967915899202046,0.539209209131094,0.6000083674170467,0.7763722701808222,0.957975412613673,1.0351363398693958,0.7863084276639963,0.9950968112478111,0.6765720639754965,0.4556946419268506,0.5624288664736451,1.177255179800806,1.0905284505692112,0.6934971486424357,0.8772319678232968,1.2679938493472647,0.7893276295014808,0.6365285873147541,0.6221475394802567,0.8211929361622188,0.8304476434024067,0.7603767151804867
817060751,SST,LGd,flash,5,0.808911896085089,1.0804948080978818,1.1154085541302776,0.9024117745038506,1.0315109623448855,0.45501461145948474,0.844255413863712,1.1697285547039074,0.914840802345019,0.950941408601142,0.5144564468816977,1.0772571980748262,0.6790003480486553,0.5991960693221661,0.8890843810598745,0.6783852465165676,0.6652595343470866,1.0212954453482763,1.3883184421433614,1.1596839852922833,0.8042179618138849,0.957999027202072,0.6071439651050603,0.607129484785274,1.0751008301170137,1.1236437831853479,1.212660658376987,1.6896372838019633,4.469983772370036,1.495833600093464,0.8161045745593315,0.5662644824001571,0.28505042123333296,0.6125806056528891,0.2558302687411598,0.28864617979608254,0.8839637075600347,1.3252995223445208,1.0923525583226668,0.9413077080047746,0.6842924502087357,0.7407681089200734,0.24969694386501864,0.0888348066682193,0.07493752570145193,0.3543107048831969,0.3111769199356218,0.20947335409031548,0.04329025221277376,0.13453582838886352,0.0560025441246621,0.07493752570145193,0.10089120564990753,0.0,0.013897280966767369,0.1298707566383213,0.02939297124600639,0.0560025441246621,0.11757188498402556,0.2387098580711232,0.013897280966767369,0.09108910891089109,0.2759338878841941,0.02939297124600639,0.2793731791817449,0.49535248700768175,0.02939297124600639,0.204435653480293,0.402664968784319,0.9972097664022416,0.6705516365071671,0.8149755670424559,0.7114311192120704,1.237371526110329,1.4680341640201062,1.2674203902865355,1.4370427834616282,1.6130995071658085,1.4166859241172793,1.5909714197551552,1.602028159467825,1.4494710033637808,0.6290306430729391,0.42301106059996096,0.5605564085401481,0.665357468631946,0.7706008115019983,1.3642620772466276,1.2483037917149644,1.0753822230188856,1.0233480663164531,0.8622434564470461,1.1643734969523034,1.0551518070703299,0.583757521929674,0.5738694197832487,0.29408282034391114,0.042105263157894736,0.1402130704404516,0.0560025441246621
817060751,SST,LP,opto,22,1.0314310029143923,0.9453234230703464,0.9319255457549523,0.8313778692159915,0.9572100013848801,0.7032770817279279,0.8173180958747203,0.9801147332390913,0.8329894022072,1.0296473034138311,1.317560394664106,1.2573834356766602,1.0996140185653955,1.1906999021747604,1.0589518962169213,0.9899545858847948,0.9148831495361612,1.0408893227737757,1.1560328800674102,1.165220333689435,0.7187494615068446,0.6877969022086,0.6343070182673375,0.7885131957074166,0.49022847930245167,0.26513922570646603,0.36048282036812346,0.34551877733002884,0.3361844250683215,0.4097640299912781,0.2560404644680911,0.2901345142464424,0.28386653474062423,0.42468447536515774,0.4861567194807821,0.6348929283695849,0.6217000800646295,0.8430187275571238,0.6881562249520404,0.7782712906211541,0.5802463488850799,0.684991170881064,0.8333312739714337,0.737314366384372,0.8221674360331555,0.8330288896803015,0.9392407203683963,0.9020218754745969,0.9554539066387208,0.6341683342882471,0.6886858014410141,0.9464305577280936,0.48409911050289317,0.6857457667100455,0.9652636945527839,0.839202627939499,0.9676070302850125,0.7569060654012266,1.0369792544316236,0.9278761148988395,0.8190023359762381,0.977708282487271,0.9203554738996043,0.9606121606358542,0.7131736535377035,0.965431779307436,1.006773965290099,0.792620153658222,0.7026674844942618,0.7288988434347662,1.162266823862707,0.791643571636743,0.7250600924017934,0.7698282434754371,0.8164923778214187,0.8397952402505097,1.0762415070044153,0.7342007186126399,0.6225463740225915,0.995433032584678,1.016652244761744,0.8583583140176841,0.8318675358277534,0.7155207063528196,0.8162364505273068,0.8175093803780462,0.8113185517722887,0.7237076279827573,0.7123791153597966,0.9487873948587492,0.7726183365733008,0.9886316595864169,0.9914090123167363,0.7437571687708016,0.9233061906888618,0.9378282292069984,0.779790703564765,1.082227841650386,1.127847937436677,0.974125588748307
817060751,SST,LP,flash,21,0.988029474814772,1.078747539710965,1.0425341595494484,1.009802413336548,0.8806540503805079,1.0917615439441408,1.1693006325173816,0.9885440768902439,0.7757378612889338,0.9234384416846344,0.9393419076601197,1.0038957894864151,1.1312855385914784,1.0516378050496156,1.1801431540336578,0.7351136516399697,0.991803334692983,1.080958947896956,0.9653262620042029,0.6643747829322366,0.8801999324258285,0.8915217298698008,0.7691211674109323,0.8845023838278054,1.0326930153665035,0.796805770112047,0.8542346216141647,0.9516153544081934,1.1562777367775692,0.7972183127527954,0.9900205202553028,0.7574429899274934,0.6674790591227865,0.6384344415923403,0.5174870046651463,0.5036762823049227,0.3438922597864529,0.2973136003822018,0.11722777518614069,0.2131516571125836,0.3912446512550643,0.29285149719622405,0.492211153395828,0.46812829584864474,0.3008395107436062,0.265095978628021,0.19595568933402024,0.19374433703817914,0.2263493131824942,0.21772445548018235,0.14374069711340945,0.29962028252477135,0.15844636720216634,0.2152060040395437,0.10928829549851901,0.21111182067231055,0.19698857936898037,0.15853867721355366,0.2257137977025725,0.26165773169951184,0.2739766463539296,0.20627412098915474,0.5433349587292993,0.3943747254552171,0.41647628569563655,0.37197349933521134,0.47050656126101637,0.39989801941622377,0.5956319754373982,0.6804332528535697,0.9192655264507087,0.7727695274474035,1.0917301825935612,0.8447854432610191,1.2107779365940279,1.3723388924135778,1.3864449111932058,1.6668311194854653,1.9758560650879828,1.7486739889789367,1.5497010119615595,1.031982092896865,1.1172301661539412,0.8216853681486395,0.6604793041920055,0.7298870671536077,0.5869850468445881,0.6663626342839626,0.6841648142640904,0.7003904682731298,0.7114106284909486,0.7983727287773768,0.601346836274926,0.7450675741937619,0.669217365850772,0.38159505862602394,0.5402559512728508,0.29035523824841963,0.5171048754200784,0.5030711175993008
817060751,SST,hippocampal formation,opto,14,1.171306680373389,0.8820929741346036,1.2400257874558338,0.932632325570621,1.0437075898712047,0.95595519875384,0.9765937319754602,0.8556062583796373,0.8184285622813741,1.0236143296291538,1.0386446568097984,1.039255580254001,0.969788447656599,1.1733217793784705,0.8010339578337373,0.8562984115937367,0.8899795508962661,0.9669552313757473,0.8591909708058983,1.0336109201860957,0.581877646589364,0.6403176838016281,0.4709574736244189,0.3195765323407332,1.0478248710863232,0.3063795374531718,0.40142093374749976,0.5483142696259813,0.6513263475499859,0.8066192844193775,0.9243624354768301,0.9123435193290204,0.8636002269275176,1.0311610795908863,0.9467413062311621,0.8916814256457967,0.7509024445521106,0.952603718108003,0.8562111783005898,0.992019051650031,1.0211807644500808,0.794378132334684,0.7356052950803545,1.0676020486167581,0.9180599595732042,0.786320870695528,0.9286026512858684,1.0467562906897534,1.0436818613600973,0.7871329134561391,1.0030941496548271,0.8141007613198001,1.0773801375167673,1.1888156813751602,0.8394563306638295,1.1533838670926368,0.8767011172629945,0.9390950253987282,0.9702445503586498,1.0658090383542547,1.185968317079605,0.8038655109231693,1.276264292536278,1.1532743191629764,1.3608058346514837,0.9842776183512402,0.9510389963275271,1.0995390149951076,1.0115427762360365,1.0607969958199253,0.9537893493680214,0.8187722153126116,0.9417906416944467,1.0416667232810697,1.1111240554638155,0.8697916826594053,1.006691698444351,0.911010605790348,0.970446269119762,0.9522062180332441,0.8833050122758939,0.7212124244200232,0.9903111952113132,0.7310793760717761,0.9459641253691738,1.082978243984518,0.9643485612674285,0.9871715619710963,0.8971275262741886,1.037715061400993,0.9904725338585528,0.9890855376977093,1.1140295730395606,0.8397288914735893,0.8211039223676476,0.9052026225389858,0.8672044755481136,0.9432104862189717,1.0685543642502018,0.8602336702345975
817060751,SST,hippocampal formation,flash,4,1.1261794246100258,0.9598380517856624,0.9215820400598952,0.6334796625738588,0.406167744026599,0.6580787955285705,0.8764117846374139,0.9165323554675953,0.8974540568445791,0.5394822276627056,0.9371635295212714,0.6691604759246994,0.9205603659545375,0.621926183599425,1.037232323130082,0.9145283701507085,1.0306891658541195,0.4851942654282445,0.9673235085404164,0.7829255111983943,0.6923061479284863,1.0075434938503327,0.5606639260823435,0.4967871072965068,0.37553661526805826,0.28102866772368085,0.5575782150741926,0.5103045598550897,0.6218868207055965,0.35944461317345794,0.990389805917637,0.8889469259844677,0.5334502318588765,0.7430973010013073,0.8224955576626135,0.8391380841231757,0.5107757095944854,0.49725825703590254,0.6736996478837751,0.6375076730608011,0.5546319302785145,0.8144595765418978,0.9417420643741754,1.0533636881185107,0.7939678287006946,1.7552400183966226,1.1991739502078427,1.275114760601337,1.0362893748123814,1.063895492987587,0.2995958048745636,1.0357394992853286,0.432830913884104,0.5575782150741926,1.3736907303653947,0.4329102885106702,0.7139990078202576,0.8180958119160107,1.0256394812618197,0.9381451918938911,0.5042725640512606,0.7380476164090075,0.3514086320527422,0.7904109679531481,0.6928173094006197,0.3534126173696289,0.7325267820773119,0.434363749461595,0.7767147262882639,0.7334690815561034,0.604812507399467,0.6691604759246994,0.6339508123132545,0.7205021533634823,0.8154812506472554,0.8723444112566432,0.5942019767427338,0.9010109175921257,0.8641690039234547,0.7842995975227528,0.8541089976326834,0.7335084444499318,0.8793187065392636,0.5580100019197598,0.8603197825428137,0.8084275807380689,1.019136335718595,0.8285275534664425,1.0407891838776284,0.9070035505021263,0.6088405178864094,0.7244908009565961,1.0246571700502904,0.6712638757213212,1.0689851893126245,1.0805773823419775,0.8773540841162053,0.8019244351948441,0.7134484834542958,1.3821578494927682
817060751,SST,midbrain,opto,15,1.0040638311676804,0.820887342794048,0.9326699753590445,1.0223864173714543,0.8554092864247674,1.1035084848294803,0.8828375149562376,1.1444685762437856,0.7954692071671066,1.012277698976324,1.0687308130015796,0.969749521543232,1.1046920074505056,1.1909718773957703,0.9015097574006404,0.9601413477886853,1.0630869159138991,0.931880303116866,1.1472261780230009,1.1536324361001529,0.7495282486419647,0.8848012287758178,0.3653281119891046,0.534841242617428,0.30290924646638906,0.3006640847694691,0.19319836468949747,0.2362113283691772,0.24252711623111864,0.2104196777669218,0.28749979037850554,0.33309737491144903,0.3410717095301758,0.3639730867447085,0.3749515523232337,0.43803918363919536,0.26351019004159737,0.32527778580282435,0.3219665776650848,0.3126597476972177,0.3614850222160974,0.3978768137420727,0.4287977042210273,0.5538677380327403,0.6414506750978616,1.0586682423299603,1.4485283034750447,1.4052936918565528,1.5569003731948243,1.6390792794367466,1.2196581060026157,1.211717083280796,1.0300629403262824,1.269007481928746,1.1479152682286298,1.1236578122863625,0.9247948767440133,0.9380431404498002,0.770531525848312,0.9140835441813433,0.6302136519740257,0.6761726077459351,0.6854526679221234,0.7803095197433013,0.5579618693410734,0.8742990153223882,0.7610080498035792,0.8555135224612979,0.7865150056863207,0.6790438976259476,0.6776612364986618,0.584586427243631,0.7147013471233242,0.8589326783837802,0.773270530677966,0.7053617846718742,0.7236012949771907,0.7330236692692971,0.8083763292479257,0.9023423526845895,0.7716043443405206,0.728824531940032,0.803049436024131,0.8267587126692316,0.8436106380746327,0.9206282562714191,1.1933407078922387,0.9423252675986031,0.8880343523775411,0.781458100966584,1.0271454781892397,0.779702051459076,0.967438016251657,0.9605802533572082,0.8191716246205092,0.9905005364414663,1.1104605785013915,1.0042950746685577,0.9656563874810714,1.2029398289136641
817060751,SST,midbrain,flash,7,0.9330186854904399,1.0456295674061669,0.6362244477278446,0.7484652937323435,0.7038890734628783,0.7559329457604331,0.9504576877297948,1.0217133405840768,1.0319027050593115,1.0727420444535256,1.0166510003487934,1.081001052307436,0.9864170767384574,1.0381351304729438,0.872873404804715,1.003519623267947,1.0446314863707387,0.8898721885657582,1.1147268548901808,1.1805447090138732,1.0946573354819693,0.9299363390224531,0.8414146256895387,1.014409345817149,0.6900969677803823,1.249408311118057,0.929115942736167,0.8974084240834437,1.2495446915280186,1.0177490360768566,0.7787518080818049,0.9265202295082753,0.970500691588632,0.9217219209498418,0.7329202566831491,0.8820224777916332,0.8315365520522356,0.7034656471136557,0.6173039914712153,0.5903842760695907,0.4879574142074893,0.5548912453343754,0.5805169657617657,0.8149653487487171,0.5136575581019122,0.7856987479207681,0.48927474734712717,0.5338715470405638,0.5202609035533634,0.567204873095917,0.5814250220380844,0.7827045916640973,0.4577171995906399,0.4160849086168038,0.6992782032651496,0.5252095042770674,0.3011084663785114,0.33559435047723596,0.465978971937549,0.742882012910017,0.5129102432172804,0.3950475094420423,0.6590442784348626,0.745738687824774,0.6755825824298579,0.6862389178380456,0.6374282803356771,0.7201490251397062,1.2668979548070658,1.4514247374633924,1.4688162659631172,1.2651395037094182,1.7284864353209939,1.291097301255898,1.132246858031415,1.4181602824669974,1.5433073753464193,1.043859147947066,1.2737150640164832,1.6084756809720513,2.635645658164291,1.1951782800173238,1.0784678944324884,1.0267084295669684,0.944276617227224,0.7286477457757675,0.6426707780912855,0.5981662923243661,0.5926718313807245,0.4844394275320524,0.514014029148716,0.70660521534886,0.6222576147256571,0.5253574347387614,0.5454487744265192,0.660258671832214,0.3770302616664458,0.4937811321903266,0.48408182468181377,0.6112374821681347
817060751,SST,visual cortex,opto,224,1.0354547842840185,1.1083672226341286,1.0084793248572,0.9773634149841305,1.05103058896956,0.9552765007953704,1.0456472938279264,1.0731642748309265,1.1117913174881358,1.0362564960546246,0.9824685023500529,1.0182371106594867,1.0566710786081617,1.0404192907531962,1.004481037175605,1.004566700072394,1.020518943070824,0.8986737295611863,1.0630783144974436,0.9913746972577517,0.7890795664526552,0.3780164519769112,0.08618971845512693,0.04855514896028878,0.027406603084217267,0.022047754764797537,0.01662047212961344,0.009134430221916767,0.013642902620438933,0.008623649894593435,0.01748001376960783,0.010143311062148509,0.026007142887573203,0.02831048586058499,0.04448559452013664,0.07678060899920998,0.09082164134559674,0.14528895398404792,0.19740811772853709,0.2571593254451189,0.38818800607377985,0.47150900421455283,0.8007248158263705,1.055130218862662,1.1492224102802189,1.2338414250184775,1.293374420564812,1.2426291355553014,1.1417274331718228,1.0069189227055417,0.968515282540635,0.9235917338837479,0.8743192260172163,0.7897323189729141,0.6722618906486507,0.7955483801719484,0.7057354836227655,0.6616333344311495,0.5316327671075087,0.5576007778240384,0.591751114351297,0.6025366914232748,0.6293430940263788,0.5904693926107558,0.6672271091750245,0.6539742948151748,0.7210579131757255,0.6878016618611781,0.7800007263646073,0.642630615560954,0.8225196902297467,0.7551072204990829,0.7182900805961646,0.811896590597649,0.7562667556324735,0.8207677419459557,0.8038002315379879,0.7855916809581768,0.8090653722507436,0.9145239283037749,0.8082895087514779,0.9364779197122101,0.8613297523907706,0.8469208648969949,0.8195709927387391,0.9135132421341697,0.883941633475649,0.9636090701672886,0.8637356526076949,0.7896830754195907,0.8213632567878826,0.8753448259553552,0.8641532531311398,0.763778008721572,0.7799152443355437,0.9301790205813448,0.752986832242141,0.7729350657513983,0.7416775160548964,0.8545040433030812
817060751,SST,visual cortex,flash,178,1.0123245807749335,0.953528450946238,1.0994124128045082,0.9604706461001243,1.0518443666791004,1.0055796259662109,0.9351336428025452,1.0088759794503013,0.8876566192778923,0.9676428896226423,0.9846105447943806,0.9294949494059666,1.0138521935659486,0.9087436372668215,1.0175095793116606,0.92950669101764,0.9006331469827272,0.8990898898101796,1.0034034445011424,1.042380749031064,0.9684452227868293,0.9621807787525879,0.9923000164540773,1.0239174488088647,1.0277433165170549,0.982097431467826,1.0367853637664726,1.132651673398506,1.329758463251887,0.9332091976309727,0.6296854218858727,0.6005247236957242,0.5730771360561596,0.5057777644262503,0.47996379390061766,0.4703736003044897,0.44598165168372617,0.49491793021109215,0.42772241512612946,0.4018170418241674,0.33122345410144877,0.3396331045831171,0.31860259405173924,0.3439632831196906,0.2613604847771338,0.24655123627081102,0.24158915349419663,0.18876630062114738,0.22692208388306603,0.20825283451236687,0.18672315399788988,0.20825519504605167,0.17285614873936014,0.20444187714323503,0.23074521816664625,0.19545348424093123,0.19706816922577888,0.25452719120616274,0.2483229605385716,0.2991080846637786,0.2959281039946138,0.3361902258921094,0.3354334805293524,0.3973187325210928,0.3436102409243808,0.41333952539523655,0.5418058188782031,0.5267298856574912,0.579593070026163,0.6279500522925339,0.7799793926920402,0.9350101468232602,1.0134405319670445,1.2182642091327345,1.5416617565050474,1.9885331038117549,2.2992219802535625,2.8687663420429823,3.8342640038255036,3.40121460820582,2.1672085155210286,1.4615813413741605,1.25712711903848,0.9366358987668068,0.9375045353679549,0.9246536852492765,0.8354381916098491,0.9025309723097508,0.8331616284399517,0.946605698545983,0.7919441800117025,0.724413988180671,0.7304830217057803,0.6914880441008902,0.6433416075576216,0.4612845395881566,0.42709360275745634,0.35240381699205486,0.34526183559385837,0.31361962965859236
820866121,PV,LP,opto,28,0.9603757974416117,0.9829027243825367,0.9508050074813793,0.7931520240902282,1.1580881516254256,0.9749049444345612,0.9974595700582884,0.8691537294944934,0.965161701940752,0.7985550795956181,0.9412536181443925,1.27152769980191,0.9098704566509669,1.002598155974293,0.9513281792925324,1.091213953734886,0.7822875381793365,0.8007745797063305,0.8829235508856498,0.8403403652160601,0.9763558207056429,1.0412554606220987,1.3442673581616784,1.028875832236061,0.7079004006944336,0.6391461074041344,0.6343236042975333,0.7636024169957628,0.5737297929816744,0.836857639017673,0.9141999487225433,0.7467957543512381,0.6174332956990278,0.6776253712617352,0.7318387962118064,0.5211547483477982,0.6349636012529072,0.5798199386577022,0.61045365557817,0.47057683942846756,0.5737221437705966,0.5701032828165769,0.6499190081184834,0.6045302230962484,0.4241548038697553,0.5146277215233631,0.5995954936800668,0.6767927135260882,0.5382852679867159,0.5263392703174408,0.5648808300941437,0.6113866775470747,0.6187241828785405,0.5820733856824389,0.7370199773515805,0.6807173884645594,0.7107344966764787,0.6568982481793461,0.5946412412358636,0.8005658831249958,0.6654614909875848,0.7066880695750059,0.907039952795598,0.6872954388203266,0.8093943910465634,0.8666568142570789,0.8164505697189223,0.7042882161069688,0.7304448028330819,0.8554989799785486,1.05995222206243,0.8469714790016665,0.842260239503071,0.7459968177037352,0.9451875462974912,0.8515276284287248,0.8898880265176504,0.9277087316584706,0.8686671826048621,0.8140871571198444,1.0923531703895673,0.897982010750611,0.8994801502000532,0.8443237411108725,0.7343096800058256,0.8276450696764757,0.7553719554664046,0.7542601122458201,1.0341545419410303,1.0235052021583984,0.88045133323501,0.9419685742926369,0.8170017608610485,0.8584484575271282,1.0195307932199087,0.8997401907664485,0.8650670140580061,0.9252392895108216,0.8100776822781889,0.8290168427914733
820866121,PV,LP,flash,35,0.9664599143104774,0.9486223213167146,1.0606520512163864,1.0738776418960554,0.982011034769989,0.978152452970785,1.0055828839931646,1.103259383606449,0.9034931600721297,0.8441407914793309,0.9389234035079727,0.9549368274957553,1.0145698387369224,1.0390180927547341,1.0176657245524645,1.1821404335280192,1.07517519953537,1.0112664609880055,0.9443256822764543,1.1405067084743212,1.040788571720059,0.9889635870780946,1.0250920169783184,0.997212952797855,0.9949599756641143,0.9156810702685358,1.0200892486398994,0.9185856147062538,0.9509949200052633,0.8899085676426995,0.7780676844468793,1.0892379357064104,0.8868204560500093,0.8700437845903245,0.5015322118377571,0.6133794338675644,0.5120132197968539,0.49947053222043575,0.49370269677134093,0.5635498906891392,0.41005568143137267,0.3669363097797541,0.4887604171936434,0.4035184394795223,0.4227705390498377,0.3318635105348551,0.40597592464279664,0.260026170448171,0.28264037677138687,0.2307659217788994,0.19647011168016157,0.33213395915663374,0.28401036167526234,0.2940539258334954,0.4122460483898494,0.3419088511960888,0.33608664185490317,0.34851551319221175,0.47937600839567296,0.4439025273787669,0.558618961246733,0.469243668152866,0.586958297585173,0.6997504625392864,0.55723189262043,0.5759467948631951,0.6488002430656429,0.6834715434207007,0.699543198764094,1.0690645131763008,0.8822363755765021,1.0042294830413823,1.1547637445530965,1.296175798562658,1.4573558167118659,1.4316362241151597,1.3464512399802995,1.4170206099256617,1.4239443724315308,1.552723166202647,1.3345150815918827,1.104620776520525,1.1071580304018378,0.9105239278112661,0.7339344643278805,0.8389586424675991,1.0285864200591266,0.8684228307827646,0.9311498911574174,1.020525762772241,1.139881332937992,1.2365377647003428,1.0894985976376308,1.02157004709141,0.7307046056700618,0.7230412098428982,0.6594688270588879,0.549467975020681,0.6387192425080669,0.6655913722340674
820866121,PV,hippocampal formation,opto,4,0.7866644608534391,1.5417664902402324,0.6862761128597271,1.4184770976532282,0.8960638885989334,1.1520034464031528,0.44422651989701795,0.43997576215324624,0.5967002927793988,0.3969014170163595,0.544300804217752,0.8279017286232739,1.1864164046666859,1.5794167568177022,0.8906398100395163,0.9086263403376303,0.6711771979971213,0.5536259476425122,1.5831636293958775,0.9569648926481238,0.36892598674207866,0.3212511909829917,0.16995073891625614,0.6587746176442347,0.5400500464739801,0.38792596647002775,0.7146012360124365,0.397251109894788,0.3499260070141296,0.5482018690830951,0.9623889712075409,1.4137167756452174,0.7300142145480205,0.5732896839218677,0.8709760737601606,0.9515408140887067,0.6145269516917027,0.6063751290825876,1.2810666104280024,1.3290554698600674,1.1194275655066717,0.7429263591651458,0.9476397492233635,0.6833528682187685,0.7863147679750107,0.5493751898987405,0.49763945788850006,0.449650598456435,1.417777711896371,1.12434207980185,0.5346259679145631,0.6920142550921223,1.3051409758369403,1.3663916727645593,0.9762789360490509,0.8095655054467314,0.910303546318872,0.719675621693425,1.6611548179618933,0.62927617367588,0.8236509708795022,1.1090889726520763,0.33635010584559755,0.4822264793529161,1.070929141810368,0.5346259679145631,0.648276153403829,0.696265012835894,1.322813442462076,0.6576012968285894,0.85689060832739,0.7824137031096674,0.9150638683268825,1.3132927984460552,0.8764001523195778,0.8523257869106401,0.8752268315039324,0.40267518845420514,0.8014136828376165,1.3234771990134828,1.1950777915400392,1.1284386452584538,0.46865057818438405,1.2514139741724801,0.76766448112549,1.0054633163444278,1.2810666104280024,0.34567524927035786,1.6038408151050683,0.9717141146323012,0.9003146463427051,0.6913504985407157,1.4416922059194985,1.1230145666990368,0.8149895840061484,1.2897279973013562,1.1801743772686943,1.2424028944206977,0.933714155176403,0.5831243916108669
820866121,PV,midbrain,opto,13,0.8272657612472621,1.0031868723556232,0.9268459178907891,0.8940879125349023,0.9131681574134007,0.9634258531608662,1.0344645136364425,1.0696369013223939,0.9196281831068304,0.9495642028525931,0.8418022766097683,1.1975478811281177,0.9891259818085438,0.9361660034800826,0.8005891815204593,0.9029828360095953,0.929661037733416,0.8586810107021788,0.9721277727966634,1.0407169100401463,0.7829131732955351,0.9160509221845603,1.022470939303472,0.7725946747177089,0.5777440087693176,0.47668417044684835,0.591862820409443,0.6090551034293534,0.5238417506923125,0.4732929582842619,0.5329414060970709,0.5245739342950926,0.47867999596600713,0.4805682492030503,0.6515152116380899,0.5521403079566819,0.5011999976776884,0.4424960523974091,0.5559954243707049,0.7174762609558832,0.7110008047299444,0.7996941592599942,0.8928727299659622,0.7936608469396952,0.9126586029269805,1.0059276191872888,0.8862989285960727,0.958955479436769,0.9574645873390819,1.225005066425655,1.1597983326392165,1.2348280010763766,1.2140712007956669,1.0934463140589703,0.9857524454732065,0.8602074161655595,0.8610828778601275,0.9977494210240617,0.8156114063175821,1.1034544667751163,0.938510485672864,0.8822807404503433,0.7531473370912767,1.0080155220721232,0.710792189856268,0.855091830534386,1.2148974678100297,0.9167704790444119,0.8669464632283331,0.8722041393785365,0.9463873901018098,0.85312135640013,1.0983472858786287,0.8670900656149876,1.1879132885140435,0.83863143427241,1.0694856491856746,0.8680590014419837,0.7987276230748814,1.0663621049024992,0.9255592310261446,1.0243649821278409,1.0227246657961955,1.0422831525759255,1.158732593328075,1.2302875721959654,1.048807075680533,0.8279399043251808,1.0492428550248336,1.0322926653079407,0.8793828247148312,1.0744348423622494,1.2291719972247495,1.1104905426223814,0.9453889647536351,0.8542340212168309,1.066553014053625,0.8934170683713961,1.060658795362024,0.896268623687821
820866121,PV,thalamus,opto,16,0.8427436775269881,0.8819580267342095,1.1431779928052077,0.9928697055726797,1.0017901168409553,0.9107652762631031,1.1470235184021949,0.8525700759436116,1.1813786165886648,1.0461121644383413,0.9497701752393846,1.1399005162704614,0.5541783766198145,0.7979239502184631,0.588037765943383,1.031609618593127,0.8904931245222653,1.0113674582363883,0.7735820954682219,1.128595765626164,0.5855475404329404,0.6306264817038603,0.5076125212529596,0.42603634662941753,0.3766923807958727,0.3536729736076062,0.4085470650451734,0.44152132924945764,0.5362369174184948,0.47927362345313607,0.37733495223406954,0.5293960180370892,0.5410076520162199,0.6205999377458584,0.45584375092020846,0.7349431016462541,0.6111117913763778,0.7061847725234662,0.6477480039102528,0.5187081923124911,0.7242462909469441,0.7755309619474545,0.9172044822890912,1.0823879270012582,0.9270710974320189,0.9480862931292887,1.2731031343750971,1.4121173626494572,0.9664274552880272,1.150968685666127,1.3815342948011966,1.453495217534929,1.0399563558361176,1.2657816435698925,1.3025885946164315,0.936338655992646,0.9878249357922155,0.8004150380729902,0.9884562794462841,0.8871533159493392,0.8643070369786564,0.8164178050422366,0.6765132016333657,1.0508455866164084,0.8478939592443854,0.678866768373317,0.7922317759227231,0.6450178912799495,1.0428519038742974,0.7785047993872237,0.6659904179052477,0.6864742626984714,0.9200472944201977,1.043380260374912,1.0784144139628833,0.8997010921879423,0.7873639410253502,0.626687001728279,0.8014536717292752,0.7075266467751391,0.7834309798457362,1.2220965672967634,0.9685857873584577,0.9525456431190162,1.1719832760020963,0.9374265115997338,1.015277938836869,0.976948434574583,1.0360134486011983,1.0651128012243558,0.9445863181734739,0.9266845392944724,0.8744900044064434,0.9602396980784407,1.1066160418737907,1.2340114359156564,0.7085280986999597,0.8766327896912459,0.9278710935151157,0.8190191193335559
820866121,PV,thalamus,flash,12,1.1118151702045627,1.1361879945879194,0.8833062760608011,0.9669553077751666,0.887749304751759,1.056844165151834,1.028178499537083,1.0721114375626775,0.876905651489246,1.0229120262596163,1.0515862726684806,1.055784085778068,0.8819839636746489,1.0747256165975174,0.7252691145912689,1.0514763861009093,0.9257487019545229,0.9569545419327419,0.9974431567573728,0.8872211761917635,0.8642276060054807,0.9369719905823514,0.9506162676334022,0.8388064588096183,0.619751403131603,0.8497247532326994,0.756155646717469,0.7530191073697581,0.7642554336753675,0.6758493352440058,1.0153629733489418,0.684820017109598,0.8053147150544087,0.8678611574774839,0.7476800550675008,0.6422681544368664,0.6845513252345571,0.8757428517914075,0.8744603770311979,0.7938107531198065,0.7857091317164925,0.8447776403309398,0.8759000376403384,0.9447978780654117,0.6224371963448245,0.8672724808393432,0.8452138559210111,0.8394505763457443,0.778338105873866,0.742088196425163,0.7723153513411053,0.710368248372011,0.8155400619717491,0.7821547420239502,0.8990229228708806,1.0320053466064043,0.7328690313709285,0.8810208989268148,0.6710182110931071,0.8800083168366507,1.1382320372512325,0.9809724075996332,0.840998795591385,0.6568100292012294,0.9474543926007493,0.927585173210947,1.0039457010877724,1.025051213855993,0.8580247669845494,0.9193908788749572,0.8132156412935498,0.9136498716479973,1.1183587000989574,1.074336242136203,0.8848565369942788,0.8021116689877491,0.9189153402144035,0.9152570497410187,1.0799157806815145,1.2254649626167067,0.9159048863663187,0.886719175124377,0.7248071056496476,0.8668362065918586,0.8809512496037076,0.8047960490616451,0.8822352563190705,1.11056720886802,0.9126337940614532,1.034064218150886,0.8543695224101243,1.0417362948217788,0.7896833101524708,0.7820407872364986,0.8329280108703575,0.9667971475712885,0.8034991114568987,0.9942428409822246,0.9872138131012478,1.0237431495423703
820866121,PV,visual cortex,opto,153,0.9551270874611213,0.9265659562458243,1.0813039817468262,1.0034887281341547,1.0485900472495429,1.0224267200699848,0.9282814583415729,0.9864319145025129,0.9688550280104846,0.9277741516158567,0.9973447621605275,0.9974657154964439,1.0675972605669015,0.9385245750447896,1.0286193759150664,1.046245211574264,1.0462890656202837,0.8901643842739224,1.1146252570532869,1.005327535496103,1.0661187589461845,0.5574444273124103,0.2240126296810174,0.13220002785251042,0.04455412153218559,0.0663646632713208,0.07122032913599181,0.04822418334011586,0.03625395926294924,0.05958315306348571,0.06068110776777725,0.07865009051961817,0.10863043717667799,0.09138077204677038,0.13816321693263361,0.21344449605273125,0.19655200091303773,0.3216884548916419,0.34970670724023195,0.4439618050654714,0.5786782453623754,0.6622462934466123,0.7802724017783927,0.8951289025744024,0.9281185488741437,1.1170771601266518,1.1434135682451114,1.1544651455371697,1.1430603892222493,1.2204195085887029,1.3575532132348411,1.2681580170822573,1.2251461302233058,1.2532192657643237,1.1888714912312168,1.1364567875917178,1.1001772447887657,1.0662668406626534,1.0414808245221132,0.9288707411082345,0.9231659733752655,0.8380842713658714,0.7347464615943414,0.8139940241646663,0.9144640406353727,0.856929132015025,0.813459104456505,0.8806416312417017,0.7548471811704036,0.7215739142263888,0.7045968468412894,0.8249900618345042,0.7564537943021895,0.6746214942237664,0.7704651917932104,0.7446167805965974,0.8731421545639505,0.8732248993359936,0.7860658744873019,0.8116391768717856,0.8915297015750705,0.9374199134286401,0.9192952362876571,0.9578277407836313,0.9422214613037418,0.8715908940690793,0.9278719990212935,0.9071876081140516,0.9410104984008508,1.0666524815182874,0.9852590231383859,0.9359708352676154,0.9377801307379285,1.0194627516470296,0.9036391226172756,0.9757298252190415,0.9296951209922967,0.9035754445388459,0.960551427373641,0.9050351423728632
820866121,PV,visual cortex,flash,41,1.1636786184923595,0.9202685303446476,0.7160857225856427,1.1629914498064373,0.9089207008164986,1.1199614095955086,1.1715712167690269,1.0452350594689535,1.326413324054266,1.3660022127469995,0.9205118922868122,1.243696201641805,0.7870234944353355,0.9154400492921034,0.9139438635765196,1.1101514037641262,0.9765797522407831,1.2349439065009777,0.972307963635189,0.8884301843036235,1.0682613608752662,0.8701312646143605,1.0666288882489001,1.2476894487338714,0.7938894523157969,1.0167577415944775,1.1696097958600564,1.229102875633973,0.8907129587462443,1.021591735105301,0.7702833633717971,0.8516447865825163,0.8028724018913108,0.4719946684571039,0.4771980701968508,0.49130392459733924,0.383965004198643,0.310248822610982,0.2592291166044729,0.28289512731361466,0.2362996524053438,0.28216038285396283,0.2501183849136168,0.35045199123776655,0.2046277781206636,0.19768963404319845,0.24591300115806083,0.26631512374158084,0.30279998566478,0.18942990164596601,0.15548550816732892,0.21329790876573476,0.27740453242469765,0.27611829411231764,0.3743423565785322,0.2397792330326424,0.3926976181894276,0.30516865336400667,0.3317942539898532,0.3344297917155585,0.5204197444320474,0.4761005051754214,0.34562904570844494,0.40686723597862706,0.4247001911997727,0.6742153031280065,0.4791795883033849,0.7587704098708301,0.8094524781657824,0.8407292441547125,0.9889112041639587,1.0495594070106553,1.093379577074934,1.0856834402751883,1.1906732363614665,0.9285160043833225,1.0801996223891803,1.2215781117394973,1.0376522732663518,1.1675693995745127,1.3699721002661742,1.1527423745329728,1.0171940334455736,0.7409546016049051,0.5039039964647373,0.6270026481399338,0.6271701917954621,0.4496013233451859,0.5414506464482126,0.664229749542076,0.6353342444019199,0.46439258233983843,0.5864682781853635,0.3927690811582407,0.36514355818461436,0.5899127384622254,0.27210530831197166,0.28585390522025944,0.2618921792847913,0.242230107095564
821469666,PV,LGd,opto,3,1.449685344108709,0.7798630096101032,0.8592147909769715,0.925793459965279,1.185829829629621,1.103419753659357,1.0258653716802497,0.8634713518388747,0.9990582517074934,1.1254338085980844,0.8799349213250741,1.365349181043577,1.113292858723767,1.1651096992815182,0.8647026474723711,1.1217433514904454,0.8512347436324399,0.8592147909769715,1.2133647704387374,0.8677609420757674,0.7742794947825863,0.8744470648296744,0.4964856310414201,0.920305603469879,0.688873753166054,0.4769637669518245,0.4427757327637904,0.14413305096741477,0.13924432760126854,0.072665658612961,0.17832108515544895,0.14962090746281462,0.07695524884985361,0.10565542654248795,0.10625455967174158,0.18320980852159519,0.3529517132032589,0.6033393238424152,0.7059034264065178,1.0752856797209869,0.7920039594844207,0.7297148807330059,0.7609072492747723,0.6045375901009225,0.45002795927196165,0.7016138361696251,0.8707896370970247,0.7651011811795474,0.7699899045456936,0.6986181705233571,0.6014462661225372,0.7352027372284059,0.35355084633251255,0.4830177272014886,0.5324710646172152,0.5611712423098495,0.8512347436324399,0.7150817400095567,0.5844165928820734,0.7688246676621757,0.8457799165120293,0.9215368991033758,0.6857824291876687,1.0326471527662742,0.8982915485311519,0.7371288243232733,0.7719159916405611,0.6754058493261227,0.7748786279118397,0.7981239784840636,0.6857824291876687,0.6436143476551028,1.1780114993671855,0.6564831183657808,0.9215038697283863,0.48125335718871715,0.6808937058215224,1.0406272001108057,1.0057443744614005,0.8781705513123027,0.7963265790963029,0.8976924154018983,0.8488712404904147,0.5832183266235661,0.6131167705747077,1.2256344080201618,0.8592147909769715,0.7810612758686105,0.8201380334227911,1.0619464635881621,0.6760049824553763,0.6900720194245613,0.5465381015864001,0.5783296032574199,1.0119270224181713,0.8689922377092639,0.8848236446912204,0.7376949280775374,0.6961259796742253,1.243263214389879
821469666,PV,LGd,flash,3,1.4334254174232692,1.2743061115331809,1.1740201213744106,1.4921591540130892,1.5619298508598298,1.0142543672870525,1.3593499632628914,1.485557546665213,1.0906576879355787,1.2444372664184213,1.1312059878648302,0.8993726868964922,1.1341182696424292,0.8322563455264195,1.0149008154843224,0.9747410374514098,1.2354082134408986,1.033832279483659,0.9671044600099252,1.1225344403297368,0.6496118755685166,1.10424942452767,0.8863963820477615,0.8478870058518183,0.8999881186398525,0.9518623215808653,0.919954552732798,0.8003485766783521,0.7715147016572014,0.6393209426503638,0.7492514175300172,0.5612672201648684,0.9329308575815286,0.9481729960105886,0.853873181456334,0.5104279873174643,0.5336952250843477,0.3743179928933284,0.7568879949715018,0.9465225941736195,0.6442721481612709,0.5336952250843477,0.8744550472926398,0.8441976802815413,0.689771653601429,0.7352711590415874,0.8847459802107926,0.8781133564090071,0.7054023139268278,0.8874003356874609,0.7189940505189187,0.795397371167445,0.7937469693304761,0.5586128646882002,0.7552375931345328,0.8794062528035468,0.9133529453849221,0.8017410522143903,1.4470171540153602,0.766532479692385,0.641975298127032,0.7525522212039552,0.9318958874879198,0.972444187417171,0.7818056345753542,0.9355852130581966,1.0521483117396355,1.3998672467382332,0.6941074273689757,1.1145403574458228,1.0856754659707624,0.8635176661772173,1.1301710177712216,0.9020270423731604,0.6808731962193143,1.2228204304885069,1.2800033443828565,1.2168342548839914,1.4297360918529922,1.2102326475361154,1.1278741677369826,0.7871143455286908,1.2228204304885069,1.0753845330526095,1.0315354294494203,1.2580290030105123,0.5981261945238427,1.2118830493730843,0.8023875004116601,0.8495374076887873,0.9913756514165081,1.1843110542925637,1.1929515853737476,0.8349107010030877,1.050466893448757,1.0657400483317263,0.8917361094550076,1.0136079190897826,0.9454876240800107,0.8777558509665777
821469666,PV,hippocampal formation,opto,25,1.193831962450354,0.857062135698729,1.0977879807445972,0.9966559449813113,0.9799956376813401,1.1742364966052896,1.1874061765315191,1.1828251059090749,1.3504934042393721,0.9144018060903023,1.0083738855255029,0.9140960047765581,1.0102861888565997,1.0094084712804625,0.8385466689172831,0.80030007363027,0.7478553196728458,0.8827673858606971,1.0275150373845638,0.8221836434300017,0.9649280462643397,0.3920199783155996,0.20906558905866013,0.2977789293696666,0.2059572044121748,0.33198272230694215,0.3363441155018094,0.30540250683717135,0.6329159422138562,0.5008753074333068,0.8793451457585283,0.8865015030752018,0.9664970695680302,1.1745385210323505,0.817044713196613,1.0504214435372428,1.0321626584392207,0.9009899775087393,0.9821664193042696,0.7775899044123007,0.983746574150438,0.9747475378887198,0.8879999754906345,1.0041322389100755,0.8484399879923417,1.0284468705206407,0.8394303761470009,0.8903423488209665,0.866447326607895,0.7514097940410531,0.7975271160368557,0.7514052344546097,0.7823862324252608,0.8759251805003427,0.7321784168331782,0.9382480232645666,0.7715734536033507,0.8555289317224961,0.7225985154233413,0.9342566227488578,1.081009746703132,1.16510651571565,1.1228401868015483,0.7337706238612263,0.8689211533368878,0.8742459711284246,0.8184861042998484,0.8159323485563829,1.0412267733760348,0.7366363900059874,0.9840980855780578,1.0055771458349516,0.8539682227087062,0.9161164910953721,0.7663842275578959,0.7068265716518121,0.90429564584807,0.8572493823635311,0.9863477621692666,0.9630654811845198,1.0055239378527643,0.8876056907841644,1.0399617694560406,0.8158187637742789,0.9604949454485165,0.9156276601590926,0.8870612411062921,0.9044107164775099,0.776791288477837,0.7988881228765584,0.7855156305265868,0.7733568793671399,0.8340569589237101,0.7819683505978443,0.9776775944074808,1.073662412187403,0.9464523178998792,1.0052509217574994,0.8566957365258752,0.8873732992648514
821469666,PV,visual cortex,opto,93,1.1258494892369924,0.884470923927811,0.994029664913094,0.9679300599698559,1.0239155721256392,0.9469468763550026,0.9542960084308257,0.8378106848690869,1.0374595693927022,1.0441866062870684,0.9318742697109602,0.9439121552175769,1.0774982184665522,0.979264185439896,1.0411547662663194,0.9913163464916249,1.040222039941492,0.9764494547919279,0.8954827318105526,1.0128581873639448,1.8419000418167473,0.7344950771642663,0.33686153803861746,0.020988455745161016,0.012449790440300484,0.019610629529629102,0.024789143209743212,0.01089479418312728,0.01373739530501937,0.008715835346501824,0.013073753019752736,0.00687508640563757,0.008715835346501824,0.02658786297766137,0.05126074974094152,0.034913258367579754,0.17667169503154614,0.3907520810117416,0.5746119734954404,0.9040514935557147,0.9241152722928295,1.153814084735887,1.2312354448967513,1.2760880698811254,1.5383172446271989,1.4095433336162828,1.3066180655379687,1.415538645227769,1.3345083384459273,1.1122206588423478,1.0534609402641324,0.9191511949471786,0.9868089429264431,0.9120632813613218,1.0488388724414943,0.9106048725176664,0.8477087029263796,0.9342727005226802,0.8481564880637928,0.7374304260059129,0.848207200627728,0.8682259306590462,0.7974546699392538,0.8494755685573268,0.8887552245293011,0.7484936250594423,0.7725231907793946,0.8276122926285707,0.8249897268601095,0.9641471114317368,0.8905738112037304,0.9348503457103549,1.084157228749416,0.9300759928331889,0.8672952122960659,1.03678496542545,0.9272030112896066,0.9744109681331939,0.8930800388825892,0.8822466235950981,0.9414101639859233,0.9649083988173495,0.950947008677058,0.882533661596253,0.9251677250601335,1.0172609901439373,0.9589168151797424,0.890401549345265,0.9349029999461855,0.9316494686429618,0.8710529431666568,0.9430643326227178,0.9771418133197323,0.9951645963057194,0.8466601135323929,0.8134649572956912,0.8824095110464831,0.8917953809647667,0.9714936312068903,0.9232881675440154
821469666,PV,visual cortex,flash,35,1.28442572680106,1.0538000696307612,1.2432142766340923,1.0715608264765455,1.1288894675820815,1.2190029768318904,0.9714649360350813,0.969583485583957,1.1741991857227205,0.9883203114250451,1.1570681363914748,1.2337927865847218,1.1873586558542666,1.073402222309035,1.040348215613272,0.998090637607986,1.083456039814288,1.002779917205537,1.0043748507600998,1.027561854164221,1.067337773645084,1.0022104246850045,1.0396327065187652,0.9516158276084602,1.1309332945616193,1.0590010144837485,0.9028626466938482,1.1669277657221715,1.251204021595224,1.0795394475457962,0.8510363876029946,0.708555010532313,0.8746488419832201,0.5717977337650201,0.48997650334405224,0.4425327835638406,0.5677094905186085,0.5883909663842732,0.5395380149014725,0.5210580897232978,0.43592820976732755,0.3288396189271065,0.3678208915798762,0.4734729386877514,0.37878558250528066,0.3390553464185378,0.39635369975874285,0.4936314810379861,0.3710935305857711,0.35451972092971246,0.37855089593180835,0.36149911549087926,0.38219954717643045,0.295211223360702,0.42744298305270023,0.38894976589277425,0.4727665322099605,0.3834038473523761,0.5273426346939202,0.42708959450636996,0.5971490051197238,0.5309735262165571,0.5514325074920833,0.5998823058397703,0.4868712436545924,0.5845551004555892,0.6944745026104905,0.4633707245813278,0.5969108078940899,0.6694695437030832,0.6289937853968458,0.655544397625428,0.5679804049493503,0.6757941320017675,0.8570532427947115,1.0242580902466003,0.9819616809359224,0.8866470287743475,0.9245704004441082,1.1142530225611456,0.9121732042987689,0.9834431672886552,0.878642866013574,0.749889135277836,0.6835464830270579,0.7329973292470532,0.6173865036907819,0.8150699506649257,0.6895241897830351,0.6192088679143481,0.7995216926519113,0.4916955933287589,0.49007569998825906,0.5587810612765868,0.5801966223500954,0.5875963866999481,0.6041596013467266,0.5262298173274365,0.5590643216924881,0.5645372490124916
