session_id,driven_unit,control_unit,probe_name,n_candidates,driven_lam_spont_hz,control_lam_spont_hz,driven_y_um,control_y_um,driven_waveform_ms,control_waveform_ms,control_lfdr,tier
715093703,950918280,950918175.0,probeB,3,9.360978751513219,7.108038528674934,2680,2680.0,0.934003350083752,0.65929648241206,1.0,strict
715093703,950918280,950918802.0,probeB,3,9.360978751513219,7.18240899889421,2680,2780.0,0.934003350083752,0.206030150753769,0.8431435715829322,strict
715093703,950918280,950918422.0,probeB,3,9.360978751513219,8.430539499095973,2680,2740.0,0.934003350083752,0.604355108877722,1.0,strict
715093703,950956604,950956911.0,probeF,1,5.55030052745162,4.603693781508444,1280,1380.0,0.480737018425461,1.75812395309883,1.0,strict
715093703,950956845,950957053.0,probeF,1,0.2643385191489484,0.2829311367037674,1380,1440.0,0.384589614740368,0.65929648241206,1.0,strict
719161530,950920237,950920150.0,probeA,1,0.8067583053537082,0.7178370492525981,3200,3160.0,0.412060301507538,0.288442211055276,1.0,strict
719161530,950935440,,probeC,0,5.244737359854568,,2940,,0.398324958123953,,,none
719161530,950935909,950935726.0,probeC,1,0.978942192167676,0.8997214367321414,3120,3040.0,0.357118927973199,0.590619765494137,1.0,strict
719161530,950945543,950943213.0,probeD,5,5.202701856970407,4.820340455735633,2700,2600.0,0.357118927973199,0.68676716917923,1.0,strict
719161530,950945543,950943399.0,probeD,5,5.202701856970407,4.3757341752300825,2700,2680.0,0.357118927973199,0.494472361809045,1.0,strict
719161530,950945543,950943604.0,probeD,5,5.202701856970407,4.559235312820555,2700,2740.0,0.357118927973199,0.618090452261307,1.0,strict
719161530,950935440,950935366.0,probeC,6,5.244737359854568,2.9044915742844424,2940,2920.0,0.398324958123953,0.741708542713568,1.0,relaxed
719161530,950935440,950935264.0,probeC,6,5.244737359854568,3.9149603936152393,2940,2900.0,0.398324958123953,0.563149078726968,1.0,relaxed
719161530,950935440,950935804.0,probeC,6,5.244737359854568,3.3814328570085785,2940,3080.0,0.398324958123953,0.32964824120603,1.0,relaxed
721123822,950907362,,probeA,0,18.194905215556698,,2360,,0.233500837520938,,,none
721123822,950907394,950907406.0,probeA,9,5.385394461793084,6.550262882604226,2500,2520.0,0.206030150753769,0.521943048576214,1.0,strict
721123822,950907394,950907565.0,probeA,9,5.385394461793084,4.321572919955843,2500,2520.0,0.206030150753769,0.563149078726968,1.0,strict
721123822,950907394,950907432.0,probeA,9,5.385394461793084,5.12348095149273,2500,2580.0,0.206030150753769,0.68676716917923,1.0,strict
721123822,950907398,950907396.0,probeA,4,9.56307662609009,7.369146789808728,2500,2480.0,0.274706867671692,0.576884422110553,1.0,strict
721123822,950907398,950907386.0,probeA,4,9.56307662609009,7.454834543178597,2500,2460.0,0.274706867671692,0.549413735343384,1.0,strict
721123822,950907398,950907402.0,probeA,4,9.56307662609009,8.651229590229597,2500,2500.0,0.274706867671692,0.549413735343384,1.0,strict
721123822,950907889,,probeB,0,2.8446717368732903,,2680,,0.233500837520938,,,none
721123822,950907949,950907927.0,probeB,1,12.58720762002103,14.709192078472974,2820,2760.0,0.315912897822446,0.260971524288107,0.6164255139378017,strict
721123822,950908424,950908452.0,probeC,3,2.480094597535452,3.0621246204251276,2220,2280.0,0.206030150753769,0.604355108877722,1.0,strict
721123822,950908424,950908418.0,probeC,3,2.480094597535452,2.962694491514808,2220,2180.0,0.206030150753769,0.343383584589615,1.0,strict
721123822,950908424,950908414.0,probeC,3,2.480094597535452,2.7129066066913223,2220,2180.0,0.206030150753769,0.618090452261307,1.0,strict
721123822,950908547,950908475.0,probeC,1,2.737157857645059,2.5350640996972547,2440,2360.0,0.192294807370184,0.549413735343384,1.0,strict
721123822,950908834,,probeC,0,0.5537368967769832,,2640,,0.260971524288107,,,none
721123822,950913049,950913097.0,probeF,4,17.901465079016486,16.543395025607243,2540,2560.0,0.219765494137353,0.494472361809045,1.0,strict
721123822,950913049,950913177.0,probeF,4,17.901465079016486,16.963750042138674,2540,2600.0,0.219765494137353,0.576884422110553,1.0,strict
721123822,950913049,950913077.0,probeF,4,17.901465079016486,14.628354575293852,2540,2560.0,0.219765494137353,0.50820770519263,1.0,strict
721123822,950913115,950912946.0,probeF,6,6.921307022196395,6.010268361367694,2560,2480.0,0.192294807370184,0.576884422110553,1.0,strict
721123822,950913115,950913087.0,probeF,6,6.921307022196395,6.405563751913599,2560,2560.0,0.192294807370184,0.480737018425461,1.0,strict
721123822,950913115,950912938.0,probeF,6,6.921307022196395,6.049070362893672,2560,2460.0,0.192294807370184,0.206030150753769,1.0,strict
721123822,950913168,950913267.0,probeF,7,4.167981663915512,4.653815058022032,2600,2640.0,0.219765494137353,0.645561139028476,1.0,strict
721123822,950913168,950913151.0,probeF,7,4.167981663915512,4.501840552045284,2600,2600.0,0.219765494137353,0.645561139028476,1.0,strict
721123822,950913168,950913196.0,probeF,7,4.167981663915512,3.214099126401876,2600,2600.0,0.219765494137353,0.604355108877722,1.0,strict
721123822,950907362,950907561.0,probeA,1,18.194905215556698,9.26478623935913,2360,2480.0,0.233500837520938,0.50820770519263,1.0,relaxed
721123822,950907889,950907865.0,probeB,3,2.8446717368732903,3.944870155141136,2680,2620.0,0.233500837520938,0.700502512562814,1.0,relaxed
721123822,950907889,950907969.0,probeB,3,2.8446717368732903,3.6287955177107705,2680,2840.0,0.233500837520938,0.384589614740368,1.0,relaxed
721123822,950907889,950907832.0,probeB,3,2.8446717368732903,2.947335365910775,2680,2540.0,0.233500837520938,0.549413735343384,1.0,relaxed
721123822,950908834,950908657.0,probeC,1,0.5537368967769832,0.8285844075859968,2640,2620.0,0.260971524288107,0.988944723618091,1.0,relaxed
751348571,951875895,,probeF,0,12.100561974951662,,2980,,0.32964824120603,,,none
751348571,951875895,951875119.0,probeF,1,12.100561974951662,11.03108215045697,2980,2780.0,0.32964824120603,0.247236180904523,1.0,relaxed
755434585,951846590,,probeC,0,4.357946528128683,,2760,,1.67571189279732,,,none
755434585,951846827,,probeC,0,3.037871091208976,,2900,,0.549413735343384,,,none
755434585,951846590,951846054.0,probeC,8,4.357946528128683,3.4655011623238106,2760,2560.0,1.67571189279732,0.631825795644891,1.0,relaxed
755434585,951846590,951846257.0,probeC,8,4.357946528128683,6.106460410588772,2760,2620.0,1.67571189279732,0.590619765494137,1.0,relaxed
755434585,951846590,951846106.0,probeC,8,4.357946528128683,4.551956390260177,2760,2560.0,1.67571189279732,0.851591289782245,1.0,relaxed
755434585,951846827,951846741.0,probeC,1,3.037871091208976,1.6781853074374227,2900,2840.0,0.549413735343384,0.892797319932998,1.0,relaxed
756029989,951802492,,probeD,0,5.725637529979527,,2700,,0.439530988274707,,,none
756029989,951817731,951817798.0,probeA,1,11.395497989569588,11.253226041909501,2680,2660.0,0.590619765494137,0.563149078726968,1.0,strict
756029989,951817953,,probeA,0,14.934512687614255,,2780,,0.467001675041876,,,none
756029989,951802492,951802068.0,probeD,5,5.725637529979527,4.922932734374604,2700,2520.0,0.439530988274707,0.164824120603015,1.0,relaxed
756029989,951802492,951802501.0,probeD,5,5.725637529979527,3.8575098536019063,2700,2700.0,0.439530988274707,0.65929648241206,1.0,relaxed
756029989,951802492,951802055.0,probeD,5,5.725637529979527,3.184951555572404,2700,2520.0,0.439530988274707,0.590619765494137,1.0,relaxed
756029989,951817953,951817559.0,probeA,3,14.934512687614255,14.430902327431106,2780,2580.0,0.467001675041876,0.274706867671692,1.0,relaxed
756029989,951817953,951817568.0,probeA,3,14.934512687614255,14.482637581125683,2780,2580.0,0.467001675041876,0.810385259631491,0.8431435715829322,relaxed
756029989,951817953,951817551.0,probeA,3,14.934512687614255,16.115531525860774,2780,2580.0,0.467001675041876,0.549413735343384,1.0,relaxed
758798717,951909078,951909050.0,probeE,5,10.548479085866626,11.209729441621006,2500,2460.0,0.384589614740369,0.631825795644891,1.0,strict
758798717,951909078,951909036.0,probeE,5,10.548479085866626,9.738487818793413,2500,2420.0,0.384589614740369,0.590619765494137,1.0,strict
758798717,951909078,951909044.0,probeE,5,10.548479085866626,8.780564014919403,2500,2440.0,0.384589614740369,0.590619765494137,1.0,strict
758798717,951909525,,probeB,0,38.96526851842617,,820,,0.412060301507538,,,none
758798717,951909525,951909504.0,probeB,1,38.96526851842617,27.51949371753832,820,680.0,0.412060301507538,0.164824120603015,1.0,relaxed
760345702,951855055,,probeA,0,28.18883151712226,,2500,,0.274706867671692,,,none
760345702,951855309,951855031.0,probeA,1,16.42455561254022,14.216076139488745,2600,2500.0,0.302177554438861,0.521943048576214,1.0,strict
760345702,951855055,951854655.0,probeA,4,28.18883151712226,15.382560722070473,2500,2360.0,0.274706867671692,0.590619765494137,1.0,relaxed
760345702,951855055,951854667.0,probeA,4,28.18883151712226,18.548964124684904,2500,2340.0,0.274706867671692,0.274706867671692,1.0,relaxed
760345702,951855055,951854741.0,probeA,4,28.18883151712226,16.07452940030329,2500,2380.0,0.274706867671692,0.604355108877722,1.0,relaxed
762120172,951889441,951889393.0,probeE,1,4.917623760933409,5.065207719093342,3240,3200.0,0.425795644891122,0.398324958123953,1.0,strict
762602078,951846428,951844858.0,probeC,8,4.132350912624832,4.25546908343642,2420,2360.0,0.315912897822446,0.206030150753769,1.0,strict
762602078,951846428,951845018.0,probeC,8,4.132350912624832,3.1955479077956355,2420,2460.0,0.315912897822446,0.494472361809045,1.0,strict
762602078,951846428,951844886.0,probeC,8,4.132350912624832,4.8860550993239755,2420,2400.0,0.315912897822446,0.563149078726968,1.0,strict
762602078,951856247,951856202.0,probeF,6,6.604974176424221,6.975907126946312,800,760.0,0.412060301507538,0.576884422110553,1.0,strict
762602078,951856247,951856423.0,probeF,6,6.604974176424221,6.387938939416615,800,860.0,0.412060301507538,0.260971524288107,1.0,strict
762602078,951856247,951855999.0,probeF,6,6.604974176424221,4.961820127515722,800,700.0,0.412060301507538,0.467001675041876,1.0,strict
786091066,950996533,950996704.0,probeB,1,4.56109003442525,4.513980184304426,2060,2140.0,0.467001675041876,0.535678391959799,1.0,strict
786091066,950997544,950997664.0,probeB,1,9.009544699925257,8.14700617134944,2400,2420.0,0.439530988274707,0.260971524288107,1.0,strict
786091066,950998077,,probeB,0,2.9400829189041637,,2440,,0.439530988274707,,,none
786091066,951002295,951001877.0,probeC,8,10.140609374189772,8.773567177956402,2000,1900.0,0.343383584589615,0.535678391959799,1.0,strict
786091066,951002295,951001967.0,probeC,8,10.140609374189772,10.332474945590947,2000,1920.0,0.343383584589615,0.233500837520938,1.0,strict
786091066,951002295,951001988.0,probeC,8,10.140609374189772,9.479358387039294,2000,1900.0,0.343383584589615,0.467001675041876,1.0,strict
786091066,951006206,951006324.0,probeD,8,3.1987588232039617,3.1362312039526863,1900,1900.0,0.412060301507538,0.631825795644891,1.0,strict
786091066,951006206,951006501.0,probeD,8,3.1987588232039617,2.870274686452397,1900,1940.0,0.412060301507538,1.35979899497487,1.0,strict
786091066,951006206,951006577.0,probeD,8,3.1987588232039617,3.391480937334606,1900,1980.0,0.412060301507538,0.714237855946399,1.0,strict
786091066,951014346,951014283.0,probeE,3,7.863062256530291,7.379543885744741,2380,2380.0,0.686767169179229,0.65929648241206,0.6164255139378017,strict
786091066,951014346,951015028.0,probeE,3,7.863062256530291,6.236487613267652,2380,2460.0,0.686767169179229,0.590619765494137,1.0,strict
786091066,951014346,951013346.0,probeE,3,7.863062256530291,8.387694678330378,2380,2300.0,0.686767169179229,0.65929648241206,1.0,strict
786091066,951014655,951013695.0,probeE,1,2.384614958843173,2.634725435848276,2420,2320.0,0.50820770519263,0.631825795644891,1.0,strict
786091066,951015451,951016269.0,probeE,3,10.096069152257357,8.924318698343038,2520,2620.0,0.439530988274707,0.315912897822446,1.0,strict
786091066,951015451,951015311.0,probeE,3,10.096069152257357,8.773995449321136,2520,2500.0,0.439530988274707,0.714237855946399,1.0,strict
786091066,951015451,951015560.0,probeE,3,10.096069152257357,10.159881585602836,2520,2520.0,0.439530988274707,0.590619765494137,1.0,strict
786091066,951026361,951026800.0,probeF,1,2.568771645679122,2.5443601778892404,2760,2860.0,0.302177554438861,0.714237855946399,1.0,strict
786091066,950998077,950997048.0,probeB,8,2.9400829189041637,1.691671890702323,2440,2240.0,0.439530988274707,0.796649916247906,1.0,relaxed
786091066,950998077,950997059.0,probeB,8,2.9400829189041637,3.1790583404261628,2440,2260.0,0.439530988274707,0.700502512562814,1.0,relaxed
786091066,950998077,950997019.0,probeB,8,2.9400829189041637,4.198344188494904,2440,2240.0,0.439530988274707,0.590619765494137,1.0,relaxed
787025148,951014211,951013857.0,probeA,3,10.441682118555345,8.60011560734629,2500,2400.0,0.467001675041876,0.618090452261306,1.0,strict
787025148,951014211,951014440.0,probeA,3,10.441682118555345,10.978734305777708,2500,2580.0,0.467001675041876,0.32964824120603,1.0,strict
787025148,951014211,951014476.0,probeA,3,10.441682118555345,8.931169308082243,2500,2600.0,0.467001675041876,0.590619765494137,1.0,strict
787025148,951032757,951032682.0,probeE,4,4.9623793407858905,4.428325052535264,3080,3020.0,0.425795644891122,0.769179229480737,1.0,strict
787025148,951032757,951032610.0,probeE,4,4.9623793407858905,4.297702311623924,3080,2980.0,0.425795644891122,0.631825795644891,0.8431435715829322,strict
787025148,951032757,951032637.0,probeE,4,4.9623793407858905,5.555963337189554,3080,3000.0,0.425795644891122,0.700502512562814,1.0,strict
787025148,951035781,,probeF,0,8.146148048769174,,2780,,0.563149078726968,,,none
787025148,951035781,951035874.0,probeF,4,8.146148048769174,10.192428232619609,2780,2880.0,0.563149078726968,0.590619765494137,1.0,relaxed
787025148,951035781,951035575.0,probeF,4,8.146148048769174,8.435659435182504,2780,2620.0,0.563149078726968,0.357118927973199,1.0,relaxed
787025148,951035781,951035553.0,probeF,4,8.146148048769174,4.895569020844353,2780,2600.0,0.563149078726968,0.32964824120603,1.0,relaxed
789848216,951057299,,probeA,0,11.146618833857236,,2400,,0.439530988274707,,,none
789848216,951057307,951057487.0,probeA,1,2.2569900969926473,2.433437899641788,2440,2340.0,0.453266331658292,0.796649916247906,1.0,strict
789848216,951057315,951057351.0,probeA,2,6.353833980831673,5.280157667138965,2480,2580.0,0.618090452261307,0.604355108877722,1.0,strict
789848216,951057315,951057327.0,probeA,2,6.353833980831673,6.654052208154603,2480,2520.0,0.618090452261307,0.618090452261307,1.0,strict
789848216,951057319,951057353.0,probeA,1,3.488698544611405,3.0205979419523987,2520,2600.0,0.315912897822446,0.631825795644891,1.0,strict
789848216,951057401,,probeA,0,0.18415668723089912,,2720,,0.370854271356784,,,none
789848216,951057450,,probeA,0,7.3418560213937285,,2840,,0.604355108877722,,,none
789848216,951057908,,probeB,0,42.41942222522348,,2220,,0.343383584589615,,,none
789848216,951058101,951058089.0,probeC,2,5.786374421341112,5.346968000180873,520,500.0,0.370854271356784,0.219765494137353,1.0,strict
789848216,951058101,951058117.0,probeC,2,5.786374421341112,5.207351534977912,520,540.0,0.370854271356784,0.260971524288107,1.0,strict
789848216,951058439,951058429.0,probeC,2,2.7619220370978335,3.1246678838061395,1780,1780.0,0.947738693467336,0.879061976549414,1.0,strict
789848216,951058439,951058420.0,probeC,2,2.7619220370978335,2.662991351631932,1780,1760.0,0.947738693467336,0.15108877721943,1.0,strict
789848216,951058522,951058518.0,probeC,2,18.925739919582934,14.96166015909642,1940,1940.0,0.260971524288107,0.453266331658291,1.0,strict
789848216,951058522,951058515.0,probeC,2,18.925739919582934,19.40540384911458,1940,1940.0,0.260971524288107,0.384589614740369,0.6164255139378017,strict
789848216,951059775,951059779.0,probeE,2,28.777694415070386,24.075703091563312,1060,1040.0,0.343383584589615,0.32964824120603,0.6164255139378017,strict
789848216,951059775,951059814.0,probeE,2,28.777694415070386,34.75978885051504,1060,1160.0,0.343383584589615,0.233500837520938,1.0,strict
789848216,951059791,951059809.0,probeE,1,32.71222345132683,39.7037534956162,1080,1120.0,0.425795644891122,0.247236180904523,1.0,strict
789848216,951060069,,probeE,0,6.084879563201429,,1620,,0.302177554438861,,,none
789848216,951060092,951060073.0,probeE,1,13.369347221597621,16.55825581025175,1660,1640.0,0.247236180904523,0.357118927973199,1.0,strict
789848216,951060300,,probeE,0,7.2544886628004654,,2040,,0.260971524288107,,,none
789848216,951061792,,probeF,0,0.9940178396812019,,1300,,0.535678391959799,,,none
789848216,951062181,951062238.0,probeF,1,3.5079707560658013,2.9542158802761445,3000,3020.0,0.233500837520938,0.590619765494137,1.0,strict
789848216,951062277,951062314.0,probeF,1,2.5593496811438445,2.381188793032091,3060,3140.0,1.34606365159129,0.65929648241206,1.0,strict
789848216,951062302,,probeF,0,1.635568345429776,,3100,,0.824120603015075,,,none
789848216,951062320,951062327.0,probeF,2,19.29490983677604,22.958771369939626,3140,3200.0,0.343383584589615,0.274706867671692,1.0,strict
789848216,951062320,951062264.0,probeF,2,19.29490983677604,15.491431838409493,3140,3060.0,0.343383584589615,0.535678391959799,1.0,strict
789848216,951057299,951057359.0,probeA,7,11.146618833857236,5.576521452171017,2400,2600.0,0.439530988274707,0.604355108877722,1.0,relaxed
789848216,951057299,951057331.0,probeA,7,11.146618833857236,15.099563538836767,2400,2520.0,0.439530988274707,0.219765494137353,1.0,relaxed
789848216,951057299,951057344.0,probeA,7,11.146618833857236,15.058449487734055,2400,2580.0,0.439530988274707,0.65929648241206,1.0,relaxed
789848216,951057401,951057498.0,probeA,2,0.18415668723089912,0.09893068546590161,2720,2780.0,0.370854271356784,0.755443886097153,1.0,relaxed
789848216,951057401,951057424.0,probeA,2,0.18415668723089912,0.23811887930320907,2720,2780.0,0.370854271356784,0.741708542713568,1.0,relaxed
789848216,951057450,951057383.0,probeA,3,7.3418560213937285,5.186366238060903,2840,2660.0,0.604355108877722,0.343383584589615,1.0,relaxed
789848216,951057450,951057375.0,probeA,3,7.3418560213937285,7.517019009945909,2840,2640.0,0.604355108877722,0.343383584589615,1.0,relaxed
789848216,951057450,951057373.0,probeA,3,7.3418560213937285,6.435205540305791,2840,2640.0,0.604355108877722,0.700502512562814,1.0,relaxed
789848216,951060069,951060020.0,probeE,1,6.084879563201429,4.092989441548146,1620,1600.0,0.302177554438861,0.206030150753769,1.0,relaxed
789848216,951062302,951062128.0,probeF,1,1.635568345429776,1.9499195278192643,3100,2900.0,0.824120603015075,0.576884422110553,1.0,relaxed
791319847,951059163,,probeA,0,19.627871607087215,,2600,,0.274706867671692,,,none
791319847,951059977,,probeB,0,0.3519915857161599,,2020,,0.315912897822446,,,none
791319847,951062587,951062610.0,probeC,2,12.163440177258872,12.699319743853653,2460,2460.0,0.439530988274707,0.727973199329983,1.0,strict
791319847,951062587,951062505.0,probeC,2,12.163440177258872,13.664534338765904,2460,2380.0,0.439530988274707,0.233500837520938,1.0,strict
791319847,951064902,951064843.0,probeD,2,4.844225007008497,4.496179515302608,2400,2360.0,0.549413735343384,0.741708542713568,1.0,strict
791319847,951064902,951064825.0,probeD,2,4.844225007008497,3.9326772906359304,2400,2340.0,0.549413735343384,0.631825795644891,1.0,strict
791319847,951073237,951073305.0,probeF,1,11.290564182186959,9.73106782932792,2740,2800.0,0.549413735343384,0.233500837520938,1.0,strict
791319847,951059163,951059065.0,probeA,1,19.627871607087215,10.805983837725698,2600,2460.0,0.274706867671692,0.288442211055276,1.0,relaxed
791319847,951059977,951059478.0,probeB,1,0.3519915857161599,0.3125306456134514,2020,2180.0,0.315912897822446,0.714237855946399,1.0,relaxed
794812542,951083173,951083093.0,probeA,19,7.380828521201734,6.014642900763442,1480,1400.0,0.260971524288107,0.549413735343383,1.0,strict
794812542,951083173,951083143.0,probeA,19,7.380828521201734,7.760276941172997,1480,1440.0,0.260971524288107,0.480737018425461,1.0,strict
794812542,951083173,951083086.0,probeA,19,7.380828521201734,6.6964508969194805,1480,1380.0,0.260971524288107,0.535678391959799,1.0,strict
794812542,951083206,951083283.0,probeA,2,28.054771610674365,24.15921537133057,1500,1560.0,0.219765494137353,0.206030150753769,1.0,strict
794812542,951083206,951083281.0,probeA,2,28.054771610674365,25.409339454734763,1500,1560.0,0.219765494137353,0.535678391959799,1.0,strict
794812542,951083231,951083162.0,probeA,13,7.593251112968942,8.939307979751874,1520,1480.0,0.274706867671692,0.535678391959799,1.0,strict
794812542,951083231,951083212.0,probeA,13,7.593251112968942,9.083635426174352,1520,1500.0,0.274706867671692,0.563149078726968,1.0,strict
794812542,951083231,951083178.0,probeA,13,7.593251112968942,7.242925145094797,1520,1480.0,0.274706867671692,0.604355108877722,1.0,strict
794812542,951083297,951083285.0,probeA,7,9.23481521426674,9.988572797956833,1580,1560.0,0.343383584589615,0.563149078726968,1.0,strict
794812542,951083297,951083278.0,probeA,7,9.23481521426674,7.4227991139299325,1580,1560.0,0.343383584589615,0.563149078726968,1.0,strict
794812542,951083297,951084073.0,probeA,7,9.23481521426674,7.80567370473615,1580,1540.0,0.343383584589615,0.576884422110553,1.0,strict
794812542,951083326,951083225.0,probeA,4,8.968858703203361,8.89433948754309,1600,1500.0,0.357118927973199,0.590619765494137,1.0,strict
794812542,951083326,951083252.0,probeA,4,8.968858703203361,8.28233972214926,1600,1540.0,0.357118927973199,0.645561139028476,1.0,strict
794812542,951083326,951084068.0,probeA,4,8.968858703203361,9.72561418637404,1600,1520.0,0.357118927973199,0.618090452261307,1.0,strict
794812542,951083343,951083329.0,probeA,3,7.887901804775069,6.167107502918938,1640,1600.0,0.233500837520938,0.480737018425461,1.0,strict
794812542,951083343,951083379.0,probeA,3,7.887901804775069,6.517861742147453,1640,1640.0,0.233500837520938,0.535678391959799,1.0,strict
794812542,951083343,951083248.0,probeA,3,7.887901804775069,7.924733141250836,1640,1540.0,0.233500837520938,0.631825795644891,1.0,strict
794812542,951083349,951083309.0,probeA,4,6.304582607671506,5.523415657301774,1620,1580.0,0.384589614740368,0.563149078726968,1.0,strict
794812542,951083349,951083319.0,probeA,4,6.304582607671506,5.625344239641684,1620,1600.0,0.384589614740368,0.480737018425461,1.0,strict
794812542,951083349,951083383.0,probeA,4,6.304582607671506,4.950388585155556,1620,1640.0,0.384589614740368,0.576884422110553,1.0,strict
794812542,951083371,,probeA,0,7.323440159716239,,1660,,0.398324958123953,,,none
794812542,951083393,,probeA,0,11.75990311962855,,1680,,0.343383584589615,,,none
794812542,951083397,951083292.0,probeA,1,5.601361043797,4.64117666730087,1680,1580.0,0.288442211055276,0.549413735343384,1.0,strict
794812542,951083401,,probeA,0,12.585610290852697,,1660,,0.357118927973199,,,none
794812542,951083408,,probeA,0,5.210777568612134,,1700,,0.439530988274707,,,none
794812542,951083517,951083529.0,probeA,3,3.3336642224111817,3.3062548557315417,1960,1980.0,0.686767169179229,0.631825795644891,1.0,strict
794812542,951083517,951083575.0,probeA,3,3.3336642224111817,3.199187017139199,1960,2040.0,0.686767169179229,0.700502512562814,1.0,strict
794812542,951083517,951083559.0,probeA,3,3.3336642224111817,3.333235951056812,1960,2020.0,0.686767169179229,0.714237855946399,1.0,strict
794812542,951083573,,probeA,0,29.777707269302343,,2040,,0.247236180904523,,,none
794812542,951083709,951083789.0,probeA,6,1.5798930262686086,1.8745437180747355,2240,2320.0,0.65929648241206,0.796649916247906,1.0,strict
794812542,951083709,951084112.0,probeA,6,1.5798930262686086,1.459120504336446,2240,2140.0,0.65929648241206,0.549413735343384,1.0,strict
794812542,951083709,951083720.0,probeA,6,1.5798930262686086,1.7614800805212216,2240,2240.0,0.65929648241206,0.68676716917923,1.0,strict
794812542,951083778,951084130.0,probeA,6,2.939226305036991,3.636880341304696,2300,2220.0,0.741708542713568,0.631825795644891,1.0,strict
794812542,951083778,951083686.0,probeA,6,2.939226305036991,3.5242449751055513,2300,2220.0,0.741708542713568,0.686767169179229,1.0,strict
794812542,951083778,951083784.0,probeA,6,2.939226305036991,2.2826863187887456,2300,2300.0,0.741708542713568,0.700502512562814,1.0,strict
794812542,951083801,951083797.0,probeA,4,2.3756212026868995,2.0638396567059973,2320,2320.0,0.782914572864322,0.700502512562814,1.0,strict
794812542,951083801,951083857.0,probeA,4,2.3756212026868995,2.767061220580504,2320,2400.0,0.782914572864322,0.741708542713568,1.0,strict
794812542,951083801,951083703.0,probeA,4,2.3756212026868995,2.698966075235774,2320,2240.0,0.782914572864322,0.618090452261307,1.0,strict
794812542,951083804,951083760.0,probeA,1,11.667824778439135,13.28369259847477,2340,2300.0,0.288442211055276,0.288442211055276,1.0,strict
794812542,951083876,951084156.0,probeA,4,1.2355628573556345,1.379462032423743,2420,2320.0,0.357118927973199,0.782914572864322,0.8431435715829322,strict
794812542,951083876,951083769.0,probeA,4,1.2355628573556345,0.9584712910786516,2420,2320.0,0.357118927973199,0.824120603015075,1.0,strict
794812542,951083876,951083821.0,probeA,4,1.2355628573556345,1.2938077615498689,2420,2360.0,0.357118927973199,0.453266331658292,1.0,strict
794812542,951083896,951084229.0,probeA,2,0.35418041006346956,0.289939706908064,2440,2520.0,0.673031825795645,0.782914572864322,1.0,strict
794812542,951083896,951083886.0,probeA,2,0.35418041006346956,0.41285358561207336,2440,2440.0,0.673031825795645,0.727973199329983,1.0,strict
794812542,951084733,,probeB,0,0.5344826502529746,,1780,,0.192294807370184,,,none
794812542,951084769,,probeB,0,17.22550214409046,,1900,,0.315912897822446,,,none
794812542,951086967,,probeC,0,27.49373613645049,,2080,,0.288442211055276,,,none
794812542,951087429,951087615.0,probeC,2,2.196603776560502,2.1554897265410426,2240,2320.0,0.247236180904523,0.618090452261307,1.0,strict
794812542,951087429,951087445.0,probeC,2,2.196603776560502,1.773471678443564,2240,2240.0,0.247236180904523,0.700502512562814,1.0,strict
794812542,951087437,951087364.0,probeC,5,1.2180037318264902,0.9931612707825707,2240,2220.0,0.604355108877722,0.549413735343384,1.0,strict
794812542,951087437,951087462.0,probeC,5,1.2180037318264902,1.30665590218095,2240,2260.0,0.604355108877722,0.576884422110553,1.0,strict
794812542,951087437,951087606.0,probeC,5,1.2180037318264902,1.3696117912732475,2240,2300.0,0.604355108877722,0.618090452261306,1.0,strict
794812542,951087454,951087731.0,probeC,3,2.513952850148206,2.279260147953791,2260,2360.0,0.480737018425461,0.727973199329983,1.0,strict
794812542,951087454,951089209.0,probeC,3,2.513952850148206,2.977342455575865,2260,2360.0,0.480737018425461,0.714237855946399,1.0,strict
794812542,951087454,951087652.0,probeC,3,2.513952850148206,2.945650375352532,2260,2340.0,0.480737018425461,0.727973199329983,1.0,strict
794812542,951087529,951087558.0,probeC,1,0.6818079961560382,0.7006519357482904,2300,2300.0,0.343383584589615,0.576884422110553,1.0,strict
794812542,951087843,951088130.0,probeC,4,1.2783899927925715,1.5370658908316714,2400,2500.0,0.32964824120603,0.631825795644891,1.0,strict
794812542,951087843,951088085.0,probeC,4,1.2783899927925715,1.4488419918315811,2400,2500.0,0.32964824120603,0.590619765494137,1.0,strict
794812542,951087843,951089246.0,probeC,4,1.2783899927925715,1.3023731886372563,2400,2420.0,0.32964824120603,0.68676716917923,1.0,strict
794812542,951087886,951087899.0,probeC,3,1.5687579710550048,1.9550587326961772,2420,2420.0,0.467001675041876,0.631825795644891,1.0,strict
794812542,951087886,951088011.0,probeC,3,1.5687579710550048,1.8886766727689248,2420,2460.0,0.467001675041876,0.631825795644891,1.0,strict
794812542,951087886,951087789.0,probeC,3,1.5687579710550048,1.7811805628222128,2420,2380.0,0.467001675041876,0.700502512562814,1.0,strict
794812542,951088523,951089606.0,probeC,7,0.5563244893258126,0.5010774846121637,2600,2560.0,1.67571189279732,0.645561139028476,1.0,strict
794812542,951088523,951088573.0,probeC,7,0.5563244893258126,0.6085735945588757,2600,2660.0,1.67571189279732,0.673031825795645,1.0,strict
794812542,951088523,951088422.0,probeC,7,0.5563244893258126,0.4732398465781546,2600,2600.0,1.67571189279732,0.727973199329983,1.0,strict
794812542,951090313,,probeD,0,19.998559163632134,,300,,0.357118927973199,,,none
794812542,951091253,,probeD,0,4.890858866898213,,1260,,0.700502512562814,,,none
794812542,951091711,,probeD,0,7.600103454638853,,1360,,0.1785594639866,,,none
794812542,951091837,,probeD,0,7.904176116241105,,1380,,0.123618090452261,,,none
794812542,951093833,951093935.0,probeD,8,1.898098642565051,2.1439263999730698,2060,2100.0,0.425795644891122,0.769179229480737,1.0,strict
794812542,951093833,951095301.0,probeD,8,1.898098642565051,1.6180091768074825,2060,2120.0,0.425795644891122,0.796649916247906,1.0,strict
794812542,951093833,951094014.0,probeD,8,1.898098642565051,2.1739053947789255,2060,2120.0,0.425795644891122,0.673031825795645,1.0,strict
794812542,951094157,951094003.0,probeD,3,1.665975568496852,1.9918900691719432,2160,2120.0,0.357118927973199,0.673031825795645,1.0,strict
794812542,951094157,951093882.0,probeD,3,1.665975568496852,1.385029560030545,2160,2060.0,0.357118927973199,0.563149078726968,1.0,strict
794812542,951094157,951094064.0,probeD,3,1.665975568496852,1.9379278785214025,2160,2140.0,0.357118927973199,0.810385259631491,1.0,strict
794812542,951094682,951094644.0,probeD,1,4.406912236460824,3.8334568929602373,2440,2400.0,0.370854271356784,0.906532663316583,1.0,strict
794812542,951099810,951099688.0,probeE,1,19.467930955568484,15.67344675585586,2060,2000.0,0.260971524288107,0.1785594639866,1.0,strict
794812542,951101812,951101824.0,probeE,1,0.7460486993114438,0.5948689112190559,2580,2620.0,0.343383584589615,0.631825795644891,1.0,strict
794812542,951104539,,probeF,0,26.559248041216524,,2460,,0.357118927973199,,,none
794812542,951105085,951104965.0,probeF,4,3.169208022333343,2.687402748667801,2760,2700.0,0.398324958123953,0.796649916247906,1.0,strict
794812542,951105085,951105261.0,probeF,4,3.169208022333343,2.613740075716269,2760,2860.0,0.398324958123953,0.604355108877722,1.0,strict
794812542,951105085,951106125.0,probeF,4,3.169208022333343,2.4188766094782057,2760,2740.0,0.398324958123953,0.604355108877722,1.0,strict
794812542,951105613,951106531.0,probeF,4,1.2693962943508148,0.9905916426563545,3020,3000.0,0.370854271356784,0.68676716917923,1.0,strict
794812542,951105613,951105754.0,probeF,4,1.2693962943508148,1.4132954694189233,3020,3080.0,0.370854271356784,0.769179229480737,1.0,strict
794812542,951105613,951105561.0,probeF,4,1.2693962943508148,1.1434845161662197,3020,2980.0,0.370854271356784,0.618090452261307,1.0,strict
794812542,951106295,951105705.0,probeF,6,0.6012929815345964,0.4762377460587402,3020,3060.0,0.590619765494137,0.673031825795645,1.0,strict
794812542,951106295,951105605.0,probeF,6,0.6012929815345964,0.6651054133356327,3020,3020.0,0.590619765494137,0.576884422110553,1.0,strict
794812542,951106295,951106335.0,probeF,6,0.6012929815345964,0.5006492132577943,3020,3100.0,0.590619765494137,0.590619765494137,1.0,strict
794812542,951083371,951083256.0,probeA,11,7.323440159716239,4.907989721072989,1660,1540.0,0.398324958123953,0.563149078726968,1.0,relaxed
794812542,951083371,951083191.0,probeA,11,7.323440159716239,6.463043008788174,1660,1460.0,0.398324958123953,0.563149078726968,1.0,relaxed
794812542,951083371,951083181.0,probeA,11,7.323440159716239,4.941823158068169,1660,1480.0,0.398324958123953,0.714237855946399,1.0,relaxed
794812542,951083393,951084081.0,probeA,4,11.75990311962855,10.019408335471427,1680,1860.0,0.343383584589615,0.315912897822446,1.0,relaxed
794812542,951083393,951083462.0,probeA,4,11.75990311962855,11.587738035172062,1680,1860.0,0.343383584589615,0.1785594639866,1.0,relaxed
794812542,951083393,951083215.0,probeA,4,11.75990311962855,12.122220685425038,1680,1500.0,0.343383584589615,0.68676716917923,1.0,relaxed
794812542,951083401,951083300.0,probeA,1,12.585610290852697,15.147101261335903,1660,1540.0,0.357118927973199,0.604355108877722,1.0,relaxed
794812542,951083408,951084075.0,probeA,10,5.210777568612134,3.1255243441876672,1700,1640.0,0.439530988274707,0.618090452261306,1.0,relaxed
794812542,951083408,951083228.0,probeA,10,5.210777568612134,3.5332386735473085,1700,1520.0,0.439530988274707,0.576884422110553,1.0,relaxed
794812542,951083408,951083339.0,probeA,10,5.210777568612134,3.7208215267610925,1700,1620.0,0.439530988274707,0.549413735343384,1.0,relaxed
794812542,951083573,951083670.0,probeA,2,29.777707269302343,16.003643970074645,2040,2180.0,0.247236180904523,0.618090452261307,1.0,relaxed
794812542,951083573,951083681.0,probeA,2,29.777707269302343,43.59802387480194,2040,2200.0,0.247236180904523,0.233500837520938,1.0,relaxed
794812542,951084769,951084790.0,probeB,2,17.22550214409046,9.907201240626652,1900,2040.0,0.315912897822446,0.247236180904523,1.0,relaxed
794812542,951084769,951084720.0,probeB,2,17.22550214409046,18.188684420067172,1900,1760.0,0.315912897822446,0.206030150753769,1.0,relaxed
794812542,951086967,951087323.0,probeC,2,27.49373613645049,30.300626592987346,2080,2200.0,0.288442211055276,0.233500837520938,1.0,relaxed
794812542,951086967,951087087.0,probeC,2,27.49373613645049,14.619899224107208,2080,2100.0,0.288442211055276,0.274706867671692,1.0,relaxed
794812542,951090313,951090215.0,probeD,2,19.998559163632134,10.212558716292014,300,220.0,0.357118927973199,0.576884422110553,1.0,relaxed
794812542,951090313,951090193.0,probeD,2,19.998559163632134,26.119841631633548,300,220.0,0.357118927973199,0.206030150753769,1.0,relaxed
794812542,951091253,951091852.0,probeD,7,4.890858866898213,3.0831254801050996,1260,1380.0,0.700502512562814,1.19497487437186,1.0,relaxed
794812542,951091253,951091086.0,probeD,7,4.890858866898213,2.81074489872618,1260,1220.0,0.700502512562814,0.65929648241206,1.0,relaxed
794812542,951091253,951091888.0,probeD,7,4.890858866898213,4.748244505893213,1260,1380.0,0.700502512562814,1.04388609715243,1.0,relaxed
794812542,951091711,951092499.0,probeD,3,7.600103454638853,4.685288616800915,1360,1420.0,0.1785594639866,0.302177554438861,1.0,relaxed
794812542,951091711,951092621.0,probeD,3,7.600103454638853,6.724288534953489,1360,1560.0,0.1785594639866,0.412060301507538,1.0,relaxed
794812542,951091711,951092006.0,probeD,3,7.600103454638853,5.579947476078531,1360,1380.0,0.1785594639866,0.260971524288107,1.0,relaxed
797828357,951085943,951086019.0,probeA,2,18.859963364617162,14.149905141407753,2700,2800.0,0.247236180904523,0.425795644891122,1.0,strict
797828357,951085943,951085967.0,probeA,2,18.859963364617162,15.173522017329772,2700,2740.0,0.247236180904523,0.645561139028476,1.0,strict
797828357,951086157,,probeA,0,23.75469880368297,,2900,,0.260971524288107,,,none
797828357,951086211,951086110.0,probeA,4,13.343323455060565,14.025997778632304,2960,2860.0,0.260971524288107,0.604355108877722,1.0,strict
797828357,951086211,951086276.0,probeA,4,13.343323455060565,11.044328883309728,2960,3020.0,0.260971524288107,0.673031825795645,1.0,strict
797828357,951086211,951086142.0,probeA,4,13.343323455060565,12.719051327956235,2960,2880.0,0.260971524288107,0.549413735343383,1.0,strict
797828357,951086268,,probeA,0,17.955518538243503,,3000,,0.260971524288107,,,none
797828357,951086304,,probeA,0,19.966448222013206,,3060,,0.260971524288107,,,none
797828357,951086314,,probeA,0,7.495211619607866,,3060,,0.260971524288107,,,none
797828357,951086380,,probeA,0,13.91866401215166,,3120,,0.233500837520938,,,none
797828357,951086811,,probeB,0,5.963337790645155,,80,,0.453266331658292,,,none
797828357,951088151,,probeB,0,22.566924402555262,,3180,,0.260971524288107,,,none
797828357,951088211,951088078.0,probeB,1,14.328268606294705,15.585494268086357,3220,3120.0,0.288442211055276,1.0713567839196,1.0,strict
797828357,951088494,951088319.0,probeB,1,4.805553706622333,4.6840140004604285,3360,3280.0,0.412060301507538,0.302177554438861,1.0,strict
797828357,951091685,,probeC,0,26.569842517186313,,2660,,0.206030150753769,,,none
797828357,951092078,951091891.0,probeC,8,10.768102278396306,10.039653260296058,2860,2780.0,0.206030150753769,0.563149078726968,1.0,strict
797828357,951092078,951091875.0,probeC,8,10.768102278396306,8.84398667045654,2860,2780.0,0.206030150753769,0.549413735343384,1.0,strict
797828357,951092078,951091916.0,probeC,8,10.768102278396306,8.241023452874101,2860,2800.0,0.206030150753769,0.549413735343384,1.0,strict
797828357,951092169,951091926.0,probeC,5,14.249346719176584,11.4736639492323,2880,2800.0,0.274706867671692,0.563149078726968,1.0,strict
797828357,951092169,951091908.0,probeC,5,14.249346719176584,13.073410601116596,2880,2800.0,0.274706867671692,0.494472361809045,1.0,strict
797828357,951092169,951091944.0,probeC,5,14.249346719176584,12.611717561475592,2880,2820.0,0.274706867671692,0.50820770519263,1.0,strict
797828357,951092245,951092333.0,probeC,2,12.940821830758154,12.350486115114615,2900,2920.0,0.247236180904523,0.65929648241206,1.0,strict
797828357,951092245,951092203.0,probeC,2,12.940821830758154,13.906036510212761,2900,2860.0,0.247236180904523,0.233500837520938,1.0,strict
797828357,951092354,,probeC,0,15.726764446027794,,2940,,0.247236180904523,,,none
797828357,951092425,,probeC,0,27.26987965592404,,2960,,0.219765494137353,,,none
797828357,951092652,,probeC,0,19.800712259065154,,3060,,0.233500837520938,,,none
797828357,951092943,,probeC,0,7.590707103020791,,3180,,0.32964824120603,,,none
797828357,951093075,951093093.0,probeC,2,9.959152935435576,11.94088152097157,3220,3240.0,0.206030150753769,0.247236180904523,1.0,strict
797828357,951093075,951092717.0,probeC,2,9.959152935435576,9.681347892779792,3220,3160.0,0.206030150753769,0.206030150753769,0.6164255139378017,strict
797828357,951095002,,probeD,0,6.172480791508173,,2220,,0.302177554438861,,,none
797828357,951095308,951095342.0,probeD,5,13.505113323652711,15.676254438272196,2400,2400.0,0.260971524288107,0.50820770519263,1.0,strict
797828357,951095308,951095191.0,probeD,5,13.505113323652711,10.835185882446709,2400,2340.0,0.260971524288107,0.288442211055276,1.0,strict
797828357,951095308,951095413.0,probeD,5,13.505113323652711,10.713646176284804,2400,2440.0,0.260971524288107,0.521943048576214,1.0,strict
797828357,951099262,951099355.0,probeE,1,4.332717489154704,4.275489788781106,2820,2900.0,0.233500837520938,1.44221105527638,1.0,strict
797828357,951102000,951102134.0,probeF,2,2.2682150357747717,2.19481768075492,1880,1900.0,0.631825795644891,0.480737018425461,1.0,strict
797828357,951102000,951101951.0,probeF,2,2.2682150357747717,1.719707920303837,1880,1840.0,0.631825795644891,0.535678391959799,1.0,strict
797828357,951103064,,probeF,0,6.4258200491573385,,3500,,0.206030150753769,,,none
797828357,951103076,,probeF,0,9.723176492952396,,3500,,0.1785594639866,,,none
797828357,951103084,,probeF,0,6.581296166780035,,3500,,0.192294807370184,,,none
797828357,951086157,951085972.0,probeA,2,23.75469880368297,12.448349255141084,2900,2740.0,0.260971524288107,0.673031825795645,1.0,relaxed
797828357,951086157,951086091.0,probeA,2,23.75469880368297,13.564304738991302,2900,2840.0,0.260971524288107,0.576884422110553,1.0,relaxed
797828357,951086268,951086102.0,probeA,4,17.955518538243503,10.8564947919686,3000,2860.0,0.260971524288107,0.618090452261307,1.0,relaxed
797828357,951086268,951086106.0,probeA,4,17.955518538243503,9.19913516248808,3000,2840.0,0.260971524288107,0.576884422110553,1.0,relaxed
797828357,951086268,951086202.0,probeA,4,17.955518538243503,9.355400498981957,3000,2940.0,0.260971524288107,0.755443886097153,1.0,relaxed
797828357,951086314,951086184.0,probeA,5,7.495211619607866,4.116565632081144,3060,2920.0,0.260971524288107,0.741708542713568,1.0,relaxed
797828357,951086314,951086147.0,probeA,5,7.495211619607866,6.919081843645589,3060,2900.0,0.260971524288107,0.645561139028476,1.0,relaxed
797828357,951086314,951086165.0,probeA,5,7.495211619607866,4.664283528680898,3060,2920.0,0.260971524288107,0.645561139028476,1.0,relaxed
797828357,951086811,951086824.0,probeB,2,5.963337790645155,3.3675969233301846,80,100.0,0.453266331658292,0.453266331658292,1.0,relaxed
797828357,951086811,951086950.0,probeB,2,5.963337790645155,5.2325211159313625,80,280.0,0.453266331658292,0.164824120603015,1.0,relaxed
797828357,951088151,951088456.0,probeB,3,22.566924402555262,20.964810094057423,3180,3340.0,0.260971524288107,0.288442211055276,1.0,relaxed
797828357,951088151,951087959.0,probeB,3,22.566924402555262,15.07329122068976,3180,3040.0,0.260971524288107,0.260971524288107,1.0,relaxed
797828357,951088151,951087941.0,probeB,3,22.566924402555262,11.750679773016902,3180,3020.0,0.260971524288107,0.618090452261307,1.0,relaxed
797828357,951091685,951091825.0,probeC,3,26.569842517186313,19.407681261216915,2660,2740.0,0.206030150753769,0.480737018425461,1.0,relaxed
797828357,951091685,951091461.0,probeC,3,26.569842517186313,16.370767044911652,2660,2540.0,0.206030150753769,0.631825795644891,1.0,relaxed
797828357,951091685,951091321.0,probeC,3,26.569842517186313,22.84157256972632,2660,2480.0,0.206030150753769,0.260971524288107,1.0,relaxed
797828357,951092354,951091848.0,probeC,1,15.726764446027794,10.807563221955366,2940,2760.0,0.247236180904523,0.563149078726968,1.0,relaxed
797828357,951095002,951095063.0,probeD,9,6.172480791508173,7.729609624348683,2220,2280.0,0.302177554438861,0.673031825795645,1.0,relaxed
797828357,951095002,951095290.0,probeD,9,6.172480791508173,6.436869113353875,2220,2400.0,0.302177554438861,0.521943048576214,1.0,relaxed
797828357,951095002,951095366.0,probeD,9,6.172480791508173,4.600356800115221,2220,2420.0,0.302177554438861,0.645561139028476,1.0,relaxed
797828357,951103064,951102999.0,probeF,2,6.4258200491573385,4.807921363235876,3500,3420.0,0.206030150753769,0.68676716917923,1.0,relaxed
797828357,951103064,951102908.0,probeF,2,6.4258200491573385,8.571706159899025,3500,3300.0,0.206030150753769,0.494472361809045,1.0,relaxed
797828357,951103076,951102928.0,probeF,3,9.723176492952396,11.534433802313252,3500,3320.0,0.1785594639866,1.52462311557789,1.0,relaxed
797828357,951103076,951102897.0,probeF,3,9.723176492952396,12.134240144410965,3500,3300.0,0.1785594639866,0.549413735343384,1.0,relaxed
797828357,951103076,951102938.0,probeF,3,9.723176492952396,13.014219185778005,3500,3340.0,0.1785594639866,0.549413735343384,1.0,relaxed
798911424,951116684,951117389.0,probeF,3,1.7560121905703805,1.911488326095039,2780,2680.0,0.673031825795645,1.20871021775544,1.0,strict
798911424,951116684,951116709.0,probeF,3,1.7560121905703805,1.5642319827912334,2780,2820.0,0.673031825795645,0.892797319932998,1.0,strict
798911424,951116684,951116605.0,probeF,3,1.7560121905703805,1.8633459694097387,2780,2700.0,0.673031825795645,0.576884422110553,1.0,strict
798911424,951116761,951116755.0,probeF,5,2.719648543238441,2.9335268819551032,2900,2920.0,0.467001675041876,1.30485762144054,1.0,strict
798911424,951116761,951116783.0,probeF,5,2.719648543238441,3.2744694735624758,2900,2920.0,0.467001675041876,0.590619765494137,1.0,strict
798911424,951116761,951116689.0,probeF,5,2.719648543238441,3.219224146218689,2900,2820.0,0.467001675041876,1.6070351758794,1.0,strict
819701982,951138337,951138402.0,probeB,1,1.4869582485899278,1.4261437119252474,520,620.0,0.576884422110553,0.618090452261307,1.0,strict
819701982,951138352,,probeB,0,1.5700428972726599,,540,,0.480737018425461,,,none
819701982,951138636,951138706.0,probeB,2,7.246351833566123,6.550410833002,1160,1260.0,0.343383584589615,0.714237855946399,1.0,strict
819701982,951138636,951138643.0,probeB,2,7.246351833566123,8.68106097319062,1160,1180.0,0.343383584589615,0.425795644891122,1.0,strict
819701982,951138741,,probeB,0,11.482384102230574,,1300,,0.741708542713568,,,none
819701982,951139460,951139279.0,probeB,1,3.257003882640092,4.034744717732059,1920,1840.0,0.645561139028476,0.1785594639866,1.0,strict
819701982,951140288,,probeD,0,10.310633592973073,,500,,1.57956448911223,,,none
819701982,951141611,951141820.0,probeD,1,2.8137429992038667,2.238146257814217,2020,2120.0,0.741708542713568,0.741708542713568,1.0,strict
819701982,951142184,951142246.0,probeD,1,0.19743310846772946,0.19871792262261706,2320,2360.0,0.673031825795645,0.673031825795645,1.0,strict
819701982,951142472,951142888.0,probeD,3,1.480105906430527,1.2946643967417486,2440,2340.0,0.604355108877722,0.796649916247906,1.0,strict
819701982,951142472,951142253.0,probeD,3,1.480105906430527,1.2107232052890915,2440,2360.0,0.604355108877722,0.700502512562814,1.0,strict
819701982,951142472,951142908.0,probeD,3,1.480105906430527,1.2642571284094086,2440,2360.0,0.604355108877722,0.686767169179229,1.0,strict
819701982,951142843,951141633.0,probeD,1,2.542647212522581,1.937928016955479,2040,2060.0,1.18123953098827,0.604355108877722,1.0,strict
819701982,951138741,951138878.0,probeB,1,11.482384102230574,6.911871881910381,1300,1420.0,0.741708542713568,1.30485762144054,1.0,relaxed
819701982,951140288,951140392.0,probeD,1,10.310633592973073,5.256602979030176,500,580.0,1.57956448911223,0.412060301507538,1.0,relaxed
829720705,951131379,,probeA,0,27.20636549193848,,200,,0.274706867671692,,,none
829720705,951131391,,probeA,0,11.85497911378568,,220,,0.260971524288107,,,none
829720705,951131470,,probeA,0,28.085178292830363,,540,,0.233500837520938,,,none
829720705,951131472,951131450.0,probeA,2,3.8557269232113174,3.391052513383007,520,480.0,1.01641541038526,0.879061976549414,1.0,strict
829720705,951131472,951131780.0,probeA,2,3.8557269232113174,2.9088189783906775,520,560.0,1.01641541038526,0.673031825795645,1.0,strict
829720705,951131478,951131466.0,probeA,4,0.7875910043080765,0.6209934509226269,580,520.0,0.631825795644891,0.50820770519263,1.0,strict
829720705,951131478,951131480.0,probeA,4,0.7875910043080765,0.8269919680907535,580,580.0,0.631825795644891,0.645561139028476,1.0,strict
829720705,951131478,951131836.0,probeA,4,0.7875910043080765,0.9494775728934234,580,620.0,0.631825795644891,0.563149078726968,1.0,strict
829720705,951131486,951131532.0,probeA,5,5.848473493654754,7.169690594410826,580,680.0,0.206030150753769,0.453266331658292,1.0,strict
829720705,951131486,951131784.0,probeA,5,5.848473493654754,7.237785738339583,580,660.0,0.206030150753769,0.590619765494137,1.0,strict
829720705,951131486,951131528.0,probeA,5,5.848473493654754,6.209077966535341,580,660.0,0.206030150753769,0.618090452261306,1.0,strict
829720705,951131506,951131530.0,probeA,1,13.755219073608918,16.34583244231993,660,660.0,0.233500837520938,0.947738693467337,1.0,strict
829720705,951131522,,probeA,0,26.26031408980877,,660,,0.302177554438861,,,none
829720705,951131534,951131524.0,probeA,1,10.596717900812799,9.729040154902977,680,660.0,0.247236180904523,0.645561139028476,1.0,strict
829720705,951131556,,probeA,0,0.43854985775501376,,720,,0.631825795644891,,,none
829720705,951131564,951131548.0,probeA,8,4.490853328534253,3.8792818472118307,740,700.0,0.604355108877722,0.549413735343383,1.0,strict
829720705,951131564,951131536.0,probeA,8,4.490853328534253,5.192361792404089,740,680.0,0.604355108877722,0.727973199329983,1.0,strict
829720705,951131564,951131568.0,probeA,8,4.490853328534253,5.185937722222131,740,740.0,0.604355108877722,0.563149078726968,1.0,strict
829720705,951131583,,probeA,0,12.7487814117688,,780,,0.288442211055276,,,none
829720705,951131589,951131554.0,probeA,1,17.40965846445221,19.317607308493802,780,720.0,0.260971524288107,0.892797319932998,1.0,strict
829720705,951131612,,probeA,0,16.504721111487033,,840,,0.32964824120603,,,none
829720705,951131643,951131629.0,probeA,3,1.0496930677319714,1.0424124548590854,900,920.0,0.65929648241206,0.700502512562814,1.0,strict
829720705,951131643,951131804.0,probeA,3,1.0496930677319714,0.9066504383470353,900,900.0,0.65929648241206,0.631825795644891,1.0,strict
829720705,951131643,951131625.0,probeA,3,1.0496930677319714,0.8612536757278639,900,880.0,0.65929648241206,0.741708542713568,1.0,strict
829720705,951131689,,probeA,0,1.1593305321707248,,980,,0.769179229480737,,,none
829720705,951132054,,probeC,0,18.90475373146662,,1580,,0.192294807370184,,,none
829720705,951132138,,probeC,0,15.886725559982652,,1960,,0.206030150753769,,,none
829720705,951132140,,probeC,0,6.478460642832123,,1980,,0.233500837520938,,,none
829720705,951132159,951132171.0,probeC,1,14.317967621548458,11.5547609006155,2040,2100.0,0.233500837520938,0.521943048576214,1.0,strict
829720705,951132184,951132195.0,probeC,1,14.451160009987724,12.927370562827237,2140,2160.0,0.219765494137353,0.65929648241206,1.0,strict
829720705,951132205,951132197.0,probeC,1,11.93335277000557,9.13802569816282,2200,2160.0,0.274706867671692,0.521943048576214,1.0,strict
829720705,951132224,,probeC,0,19.157005553944845,,2220,,0.233500837520938,,,none
829720705,951133909,,probeD,0,23.005451864283277,,2280,,0.219765494137353,,,none
829720705,951134026,,probeD,0,16.212211782535203,,2360,,0.260971524288107,,,none
829720705,951134066,,probeD,0,15.891436544782755,,2400,,0.288442211055276,,,none
829720705,951134199,,probeD,0,10.730766831942994,,2520,,0.357118927973199,,,none
829720705,951135554,951135766.0,probeE,1,8.898622016048511,7.4159466180525575,1120,1180.0,0.247236180904523,0.192294807370184,1.0,strict
829720705,951136175,951136485.0,probeE,1,18.60239416156912,15.276010621351158,1640,1740.0,0.288442211055276,0.288442211055276,1.0,strict
829720705,951136247,951136140.0,probeE,1,13.309388602981018,13.449433332947708,1660,1600.0,0.247236180904523,0.302177554438861,1.0,strict
829720705,951136394,,probeE,0,17.701311250713115,,1700,,0.233500837520938,,,none
829720705,951136657,,probeE,0,23.971203748304326,,1820,,0.233500837520938,,,none
829720705,951136717,951136681.0,probeE,4,13.150928205159383,10.522626958047548,1840,1820.0,0.247236180904523,0.549413735343384,1.0,strict
829720705,951136717,951136623.0,probeE,4,13.150928205159383,10.847684909254633,1840,1800.0,0.247236180904523,0.576884422110553,1.0,strict
829720705,951136717,951136806.0,probeE,4,13.150928205159383,11.969327563024535,1840,1860.0,0.247236180904523,0.521943048576214,1.0,strict
829720705,951137028,951137039.0,probeE,1,5.7032895075424985,6.074600764059683,1980,2000.0,0.302177554438861,0.65929648241206,1.0,strict
829720705,951137073,,probeE,0,14.426748543296283,,2020,,0.233500837520938,,,none
829720705,951139701,,probeF,0,31.68565549414521,,1500,,0.32964824120603,,,none
829720705,951139814,,probeF,0,31.656533042653667,,1540,,0.164824120603015,,,none
829720705,951140485,951140566.0,probeF,4,4.955956009708027,4.745246507739798,1900,1960.0,0.288442211055276,0.604355108877722,1.0,strict
829720705,951140485,951140672.0,probeF,4,4.955956009708027,6.038197699695253,1900,1980.0,0.288442211055276,0.590619765494137,1.0,strict
829720705,951140485,951140151.0,probeF,4,4.955956009708027,4.768801431740311,1900,1800.0,0.288442211055276,0.480737018425461,1.0,strict
829720705,951140617,951140737.0,probeF,6,8.689625599462138,10.23054590044118,1960,1980.0,0.247236180904523,0.549413735343384,1.0,strict
829720705,951140617,951140997.0,probeF,6,8.689625599462138,9.553020631917322,1960,2040.0,0.247236180904523,0.604355108877722,1.0,strict
829720705,951140617,951140800.0,probeF,6,8.689625599462138,7.935011488754781,1960,2020.0,0.247236180904523,0.576884422110553,1.0,strict
829720705,951140821,951140644.0,probeF,3,7.494748545617911,7.282325958267826,2020,1980.0,0.32964824120603,0.645561139028476,1.0,strict
829720705,951140821,951140888.0,probeF,3,7.494748545617911,5.643759790523019,2020,2040.0,0.32964824120603,0.83785594639866,1.0,strict
829720705,951140821,951140635.0,probeF,3,7.494748545617911,8.733737548044918,2020,1960.0,0.32964824120603,0.618090452261306,1.0,strict
829720705,951140832,951140654.0,probeF,3,10.019836398472952,10.768882981689279,2020,1980.0,0.247236180904523,0.494472361809045,1.0,strict
829720705,951140832,951140870.0,probeF,3,10.019836398472952,11.58002890999787,2020,2040.0,0.247236180904523,0.535678391959799,1.0,strict
829720705,951140832,951140586.0,probeF,3,10.019836398472952,10.918777952601637,2020,1940.0,0.247236180904523,0.782914572864322,1.0,strict
829720705,951141065,951140946.0,probeF,2,6.492165325886966,5.462601011391798,2100,2060.0,0.274706867671692,0.714237855946399,1.0,strict
829720705,951141065,951141312.0,probeF,2,6.492165325886966,6.211647594608125,2100,2200.0,0.274706867671692,0.439530988274707,1.0,strict
829720705,951141154,,probeF,0,17.801526745551662,,2140,,0.247236180904523,,,none
829720705,951141292,,probeF,0,27.725430362640704,,2200,,0.192294807370184,,,none
829720705,951141485,,probeF,0,8.358143578073095,,2260,,0.32964824120603,,,none
829720705,951141536,,probeF,0,15.666594088414218,,2300,,0.233500837520938,,,none
829720705,951141978,951141129.0,probeF,4,1.6265745700718186,1.442846162867814,2100,2120.0,0.769179229480737,0.755443886097152,1.0,strict
829720705,951141978,951140936.0,probeF,4,1.6265745700718186,1.7589104158201578,2100,2060.0,0.769179229480737,0.673031825795645,1.0,strict
829720705,951141978,951141209.0,probeF,4,1.6265745700718186,1.930647225351174,2100,2160.0,0.769179229480737,0.68676716917923,1.0,strict
829720705,951131391,951131431.0,probeA,4,11.85497911378568,13.28968812108968,220,340.0,0.260971524288107,0.288442211055276,1.0,relaxed
829720705,951131391,951131333.0,probeA,4,11.85497911378568,7.496461630999767,220,160.0,0.260971524288107,1.00268006700168,1.0,relaxed
829720705,951131391,951131276.0,probeA,4,11.85497911378568,6.305010747919251,220,120.0,0.260971524288107,0.796649916247906,1.0,relaxed
829720705,951131556,951131792.0,probeA,3,0.43854985775501376,0.304929197970283,720,720.0,0.631825795644891,0.686767169179229,0.8431435715829322,relaxed
829720705,951131556,951131647.0,probeA,3,0.43854985775501376,0.47409637942851585,720,920.0,0.631825795644891,0.755443886097152,1.0,relaxed
829720705,951131556,951131657.0,probeA,3,0.43854985775501376,0.3785918693900705,720,900.0,0.631825795644891,0.686767169179229,1.0,relaxed
829720705,951131583,951131520.0,probeA,3,12.7487814117688,6.4086524135215095,780,660.0,0.288442211055276,0.576884422110553,1.0,relaxed
829720705,951131583,951131566.0,probeA,3,12.7487814117688,7.079325340517947,780,740.0,0.288442211055276,0.563149078726968,1.0,relaxed
829720705,951131583,951131715.0,probeA,3,12.7487814117688,13.642583709751918,780,980.0,0.288442211055276,0.260971524288107,0.8431435715829322,relaxed
829720705,951131689,951131691.0,probeA,3,1.1593305321707248,0.6321285059046878,980,980.0,0.769179229480737,0.769179229480737,1.0,relaxed
829720705,951131689,951131798.0,probeA,3,1.1593305321707248,0.9250661062019822,980,780.0,0.769179229480737,0.727973199329983,1.0,relaxed
829720705,951131689,951131593.0,probeA,3,1.1593305321707248,1.5062303219964681,980,800.0,0.769179229480737,0.810385259631491,1.0,relaxed
829720705,951132138,951132173.0,probeC,1,15.886725559982652,8.379557145346288,1960,2100.0,0.206030150753769,0.521943048576214,1.0,relaxed
829720705,951132140,951132090.0,probeC,3,6.478460642832123,5.243326082514291,1980,1860.0,0.233500837520938,0.782914572864322,1.0,relaxed
829720705,951132140,951132175.0,probeC,3,6.478460642832123,3.329381439636208,1980,2100.0,0.233500837520938,0.645561139028476,1.0,relaxed
829720705,951132140,951132399.0,probeC,3,6.478460642832123,4.1842110451821135,1980,2140.0,0.233500837520938,0.535678391959799,1.0,relaxed
829720705,951132224,951132226.0,probeC,1,19.157005553944845,25.35751809357091,2220,2220.0,0.233500837520938,0.535678391959799,1.0,relaxed
829720705,951133909,951133814.0,probeD,2,23.005451864283277,14.470860491879064,2280,2220.0,0.219765494137353,0.535678391959799,1.0,relaxed
829720705,951133909,951133791.0,probeD,2,23.005451864283277,13.290544663780608,2280,2200.0,0.219765494137353,0.576884422110553,1.0,relaxed
829720705,951134026,951133828.0,probeD,4,16.212211782535203,11.336770785774384,2360,2220.0,0.260971524288107,0.604355108877722,1.0,relaxed
829720705,951134026,951133750.0,probeD,4,16.212211782535203,8.775279868554914,2360,2160.0,0.260971524288107,0.576884422110553,1.0,relaxed
829720705,951134026,951133776.0,probeD,4,16.212211782535203,8.932027180994695,2360,2180.0,0.260971524288107,0.576884422110553,1.0,relaxed
829720705,951136394,951136040.0,probeE,3,17.701311250713115,9.487495116061348,1700,1560.0,0.233500837520938,0.700502512562814,1.0,relaxed
829720705,951136394,951136796.0,probeE,3,17.701311250713115,9.14787593910849,1700,1860.0,0.233500837520938,0.631825795644891,1.0,relaxed
829720705,951136394,951136818.0,probeE,3,17.701311250713115,10.776591865907628,1700,1860.0,0.233500837520938,0.576884422110553,1.0,relaxed
829720705,951137073,951136863.0,probeE,3,14.426748543296283,8.812967746955735,2020,1900.0,0.233500837520938,0.563149078726968,1.0,relaxed
829720705,951137073,951137656.0,probeE,3,14.426748543296283,7.227078954702986,2020,1900.0,0.233500837520938,0.549413735343384,1.0,relaxed
829720705,951137073,951136694.0,probeE,3,14.426748543296283,8.00995897421096,2020,1820.0,0.233500837520938,0.590619765494137,1.0,relaxed
829720705,951139701,951139740.0,probeF,1,31.68565549414521,22.38017569990601,1500,1500.0,0.32964824120603,0.315912897822446,1.0,relaxed
829720705,951141154,951140771.0,probeF,2,17.801526745551662,16.338551829447045,2140,2000.0,0.247236180904523,0.576884422110553,1.0,relaxed
829720705,951141154,951140788.0,probeF,2,17.801526745551662,12.711950076058905,2140,1980.0,0.247236180904523,0.604355108877722,1.0,relaxed
831882777,951085818,,probeA,0,23.246139341145547,,2100,,0.357118927973199,,,none
831882777,951085837,951085802.0,probeA,1,18.57112953904999,17.1218593695473,2120,2100.0,0.467001675041876,0.15108877721943,1.0,strict
831882777,951085849,951085725.0,probeA,2,8.472491655813158,8.591122813304956,2120,2080.0,0.260971524288107,0.631825795644891,1.0,strict
831882777,951085849,951085828.0,probeA,2,8.472491655813158,9.802702396497365,2120,2100.0,0.260971524288107,0.1785594639866,1.0,strict
831882777,951086270,951086016.0,probeA,2,8.280197830131506,8.22366601500906,2360,2260.0,0.467001675041876,0.851591289782245,1.0,strict
831882777,951086270,951086189.0,probeA,2,8.280197830131506,7.620231715709625,2360,2320.0,0.467001675041876,0.576884422110553,0.8431435715829322,strict
831882777,951086326,951086118.0,probeA,2,10.992011870702143,10.744042772551417,2360,2300.0,0.467001675041876,0.467001675041876,1.0,strict
831882777,951086326,951086853.0,probeA,2,10.992011870702143,12.511518537781205,2360,2460.0,0.467001675041876,0.343383584589615,1.0,strict
831882777,951086580,951086935.0,probeA,6,3.9974845632795843,3.486985141870835,2420,2480.0,0.370854271356784,0.65929648241206,1.0,strict
831882777,951086580,951086712.0,probeA,6,3.9974845632795843,3.6283146796769485,2420,2440.0,0.370854271356784,0.590619765494137,1.0,strict
831882777,951086580,951087656.0,probeA,6,3.9974845632795843,3.8163257920917477,2420,2440.0,0.370854271356784,0.618090452261306,1.0,strict
831882777,951087135,951087854.0,probeA,4,4.55637864460376,4.470724379266722,2520,2580.0,0.412060301507538,0.714237855946399,1.0,strict
831882777,951087135,951087017.0,probeA,4,4.55637864460376,4.495135844887778,2520,2520.0,0.412060301507538,0.590619765494137,1.0,strict
831882777,951087135,951087386.0,probeA,4,4.55637864460376,4.281000181545181,2520,2560.0,0.412060301507538,0.618090452261307,1.0,strict
831882777,951088165,951088062.0,probeA,2,5.353819854891588,6.130704041498527,2620,2620.0,0.302177554438861,0.727973199329983,1.0,strict
831882777,951088165,951088025.0,probeA,2,5.353819854891588,4.125537689958457,2620,2620.0,0.302177554438861,0.686767169179229,1.0,strict
831882777,951088188,951088113.0,probeA,1,0.9828826947425161,0.7443355657788641,2640,2640.0,0.590619765494137,0.65929648241206,1.0,strict
831882777,951088315,951088206.0,probeA,3,3.6518696026446342,3.0552876445721613,2680,2640.0,0.274706867671692,0.302177554438861,1.0,strict
831882777,951088315,951087922.0,probeA,3,3.6518696026446342,3.017171496497179,2680,2600.0,0.274706867671692,0.755443886097152,1.0,strict
831882777,951088315,951088604.0,probeA,3,3.6518696026446342,3.8891319176282306,2680,2780.0,0.274706867671692,0.32964824120603,1.0,strict
831882777,951091108,951090408.0,probeB,1,19.52274842694449,16.323561616606103,1780,1680.0,0.412060301507538,0.65929648241206,1.0,strict
831882777,951091367,,probeB,0,14.4725729426727,,1860,,0.398324958123953,,,none
831882777,951091513,951091398.0,probeB,3,6.809942365621241,7.165835838096636,1920,1880.0,0.576884422110553,0.521943048576214,1.0,strict
831882777,951091513,951091290.0,probeB,3,6.809942365621241,5.460031143909515,1920,1840.0,0.576884422110553,0.563149078726968,1.0,strict
831882777,951091513,951091566.0,probeB,3,6.809942365621241,8.31017682299947,1920,1960.0,0.576884422110553,0.535678391959799,1.0,strict
831882777,951091540,,probeB,0,13.084973844212678,,1940,,0.274706867671692,,,none
831882777,951092164,951092089.0,probeB,3,2.121227881071757,1.864693356387327,2340,2320.0,0.549413735343384,0.68676716917923,1.0,strict
831882777,951092164,951092744.0,probeB,3,2.121227881071757,1.8300033789258263,2340,2440.0,0.549413735343384,0.700502512562814,1.0,strict
831882777,951092164,951093884.0,probeB,3,2.121227881071757,2.1576309438399983,2340,2260.0,0.549413735343384,0.645561139028476,1.0,strict
831882777,951092663,951092248.0,probeB,10,9.47807273086999,11.132056594528201,2460,2360.0,0.521943048576214,0.65929648241206,1.0,strict
831882777,951092663,951092531.0,probeB,10,9.47807273086999,7.929871884903019,2460,2440.0,0.521943048576214,0.604355108877722,1.0,strict
831882777,951092663,951092349.0,probeB,10,9.47807273086999,10.200138187661222,2460,2400.0,0.521943048576214,0.631825795644891,1.0,strict
831882777,951092831,951092413.0,probeB,2,4.8805800389044505,4.243312304796884,2500,2400.0,0.604355108877722,0.631825795644891,1.0,strict
831882777,951092831,951092948.0,probeB,2,4.8805800389044505,3.8775685918077305,2500,2540.0,0.604355108877722,0.769179229480737,1.0,strict
831882777,951093033,951093531.0,probeB,2,5.501573462597979,5.1028528574540655,2580,2680.0,0.247236180904523,0.879061976549414,1.0,strict
831882777,951093033,951092857.0,probeB,2,5.501573462597979,6.556405740223608,2580,2500.0,0.247236180904523,0.769179229480737,1.0,strict
831882777,951093294,951093434.0,probeB,1,3.2184590200392194,3.444586280529001,2640,2700.0,0.425795644891122,0.879061976549414,1.0,strict
831882777,951096315,951096119.0,probeC,1,10.14960217111237,9.588566733154769,2340,2240.0,0.302177554438861,0.521943048576214,1.0,strict
831882777,951097357,951097110.0,probeC,2,0.4565372342464149,0.5289150884562124,2680,2620.0,0.370854271356784,0.302177554438861,1.0,strict
831882777,951097357,951097343.0,probeC,2,0.4565372342464149,0.5558961820373794,2680,2680.0,0.370854271356784,0.563149078726968,1.0,strict
831882777,951101808,951101549.0,probeD,8,7.494319945664179,8.991984775082296,1560,1500.0,0.467001675041876,0.233500837520938,1.0,strict
831882777,951101808,951101768.0,probeD,8,7.494319945664179,7.459201696875993,1560,1540.0,0.467001675041876,0.645561139028476,1.0,strict
831882777,951101808,951101820.0,probeD,8,7.494319945664179,6.319571696566697,1560,1560.0,0.467001675041876,0.700502512562814,1.0,strict
831882777,951103862,,probeE,0,7.495176488317549,,240,,0.480737018425461,,,none
831882777,951103876,,probeE,0,14.902557354664633,,300,,0.50820770519263,,,none
831882777,951104323,951104457.0,probeE,1,5.1949311926913815,4.154231868846365,600,660.0,0.343383584589615,0.535678391959799,1.0,strict
831882777,951104936,951104886.0,probeE,6,2.1019556713709235,1.6449901657978232,840,820.0,0.425795644891122,0.700502512562814,1.0,strict
831882777,951104936,951104837.0,probeE,6,2.1019556713709235,2.5760520300114313,840,800.0,0.425795644891122,0.645561139028476,1.0,strict
831882777,951104936,951104849.0,probeE,6,2.1019556713709235,2.4497119886392995,840,840.0,0.425795644891122,0.700502512562814,1.0,strict
831882777,951105678,,probeE,0,7.442927386461956,,320,,0.288442211055276,,,none
831882777,951085818,951085504.0,probeA,1,23.246139341145547,34.67584450771996,2100,1980.0,0.357118927973199,0.219765494137353,1.0,relaxed
831882777,951091367,951090582.0,probeB,3,14.4725729426727,8.024091576773762,1860,1680.0,0.398324958123953,0.604355108877722,1.0,relaxed
831882777,951091367,951090930.0,probeB,3,14.4725729426727,12.69010768100893,1860,1740.0,0.398324958123953,0.727973199329983,1.0,relaxed
831882777,951091367,951090658.0,probeB,3,14.4725729426727,11.54362533947267,1860,1700.0,0.398324958123953,0.590619765494137,1.0,relaxed
831882777,951091540,951091664.0,probeB,1,13.084973844212678,9.51361925098486,1940,2100.0,0.274706867671692,0.673031825795645,1.0,relaxed
831882777,951103862,951103680.0,probeE,2,7.495176488317549,6.231776074596232,240,80.0,0.480737018425461,0.824120603015075,1.0,relaxed
831882777,951103862,951104026.0,probeE,2,7.495176488317549,4.147807798946086,240,440.0,0.480737018425461,0.604355108877722,1.0,relaxed
831882777,951103876,951103795.0,probeE,1,14.902557354664633,20.68122236562793,300,160.0,0.50820770519263,0.260971524288107,1.0,relaxed
835479236,951168769,951168714.0,probeF,1,0.8882218491253073,0.6830828588981992,2060,1980.0,0.673031825795645,0.673031825795645,1.0,strict
835479236,951168771,951168822.0,probeF,2,3.092074132442005,3.224836318183975,2060,2160.0,0.521943048576214,0.618090452261306,1.0,strict
835479236,951168771,951168730.0,probeF,2,3.092074132442005,2.479226752452461,2060,2000.0,0.521943048576214,0.206030150753769,1.0,strict
839068429,951171507,,probeA,0,23.40086946314432,,2020,,0.425795644891122,,,none
839068429,951171599,951171572.0,probeA,5,2.2522908584677155,2.5876290866822473,2260,2220.0,0.439530988274707,0.631825795644891,1.0,strict
839068429,951171599,951171609.0,probeA,5,2.2522908584677155,2.1700623274112787,2260,2300.0,0.439530988274707,0.714237855946399,1.0,strict
839068429,951171599,951171630.0,probeA,5,2.2522908584677155,2.0141707372834508,2260,2320.0,0.439530988274707,0.727973199329983,1.0,strict
839068429,951171607,951171620.0,probeA,3,6.242087709101912,6.036944655060072,2300,2340.0,0.686767169179229,0.796649916247906,1.0,strict
839068429,951171607,951171595.0,probeA,3,6.242087709101912,5.39282116178465,2300,2240.0,0.686767169179229,0.604355108877722,1.0,strict
839068429,951171607,951171574.0,probeA,3,6.242087709101912,5.118726058263194,2300,2220.0,0.686767169179229,0.576884422110553,1.0,strict
839068429,951172228,951172158.0,probeB,2,9.62416432239713,9.825881187644951,1500,1400.0,0.315912897822446,0.288442211055276,1.0,strict
839068429,951172228,951172152.0,probeB,2,9.62416432239713,10.865301213030223,1500,1400.0,0.315912897822446,0.618090452261306,1.0,strict
839068429,951172258,,probeB,0,0.38587451292630004,,1720,,0.727973199329983,,,none
839068429,951172453,951172474.0,probeB,8,4.854909521123792,4.730710177340633,2120,2180.0,0.302177554438861,0.288442211055276,1.0,strict
839068429,951172453,951172451.0,probeB,8,4.854909521123792,6.037372928659325,2120,2100.0,0.302177554438861,0.65929648241206,1.0,strict
839068429,951172453,951172411.0,probeB,8,4.854909521123792,5.655781151725547,2120,2040.0,0.302177554438861,0.288442211055276,1.0,strict
839068429,951173106,,probeC,0,10.694420046928565,,1320,,0.274706867671692,,,none
839068429,951173108,951173095.0,probeC,1,7.6900807481738545,6.07034999580175,1340,1300.0,0.50820770519263,0.412060301507538,1.0,strict
839068429,951173138,,probeC,0,17.411891451200503,,1420,,0.65929648241206,,,none
839068429,951173294,,probeC,0,0.43212806164554574,,1720,,0.384589614740369,,,none
839068429,951173324,,probeC,0,0.6843812116051359,,1720,,0.315912897822446,,,none
839068429,951173655,951173716.0,probeD,3,4.087871504862967,3.4064882084525974,660,740.0,0.618090452261307,0.618090452261307,1.0,strict
839068429,951173655,951173632.0,probeD,3,4.087871504862967,4.881462484277433,660,620.0,0.618090452261307,0.673031825795645,1.0,strict
839068429,951173655,951173708.0,probeD,3,4.087871504862967,3.495997390696323,660,740.0,0.618090452261307,0.673031825795645,1.0,strict
839068429,951174086,951174136.0,probeD,3,2.6784230897237293,2.0385823324408303,1780,1860.0,0.796649916247906,0.769179229480737,1.0,strict
839068429,951174086,951174129.0,probeD,3,2.6784230897237293,2.08183796596531,1780,1860.0,0.796649916247906,0.782914572864322,1.0,strict
839068429,951174086,951174056.0,probeD,3,2.6784230897237293,2.3156753511570525,1780,1720.0,0.796649916247906,0.590619765494137,1.0,strict
839068429,951174154,951174103.0,probeD,2,11.884164105651386,12.060184554944072,1920,1820.0,0.315912897822446,0.192294807370184,1.0,strict
839068429,951174154,951174158.0,probeD,2,11.884164105651386,11.282439698701939,1920,1920.0,0.315912897822446,1.08509212730318,1.0,strict
839068429,951174169,,probeD,0,10.204903322983215,,1940,,0.521943048576214,,,none
839068429,951174187,951174189.0,probeD,1,33.648600146052765,36.63109749124561,1960,1980.0,0.206030150753769,0.206030150753769,1.0,strict
839068429,951174195,,probeD,0,8.102936497853047,,2000,,0.412060301507538,,,none
839068429,951174270,951174303.0,probeD,2,1.8651315247436588,1.8137386928333858,2180,2240.0,0.631825795644891,0.686767169179229,1.0,strict
839068429,951174270,951174573.0,probeD,2,1.8651315247436588,1.496816229386702,2180,2240.0,0.631825795644891,0.645561139028476,1.0,strict
839068429,951174360,951174362.0,probeD,5,2.7092587888698936,2.105393013924185,2400,2400.0,0.398324958123953,0.673031825795645,1.0,strict
839068429,951174360,951174336.0,probeD,5,2.7092587888698936,2.968792590016772,2400,2340.0,0.398324958123953,0.645561139028476,1.0,strict
839068429,951174360,951174388.0,probeD,5,2.7092587888698936,2.480132413269926,2400,2480.0,0.398324958123953,0.618090452261307,1.0,strict
839068429,951174555,,probeD,0,2.4749931300788988,,1780,,0.83785594639866,,,none
839068429,951174982,,probeE,0,17.511679199826283,,1560,,0.480737018425461,,,none
839068429,951174984,951174957.0,probeE,2,14.507768174670824,11.593794605358344,1560,1500.0,0.260971524288107,1.0713567839196,1.0,strict
839068429,951174984,951174963.0,probeE,2,14.507768174670824,11.207920092432044,1560,1500.0,0.260971524288107,0.755443886097152,1.0,strict
839068429,951174995,,probeE,0,9.156061278414393,,1620,,0.398324958123953,,,none
839068429,951175035,,probeE,0,0.5319158102713258,,1740,,0.604355108877722,,,none
839068429,951175091,951175093.0,probeE,6,4.282307718923501,4.185517885492486,1840,1840.0,0.467001675041876,0.590619765494137,1.0,strict
839068429,951175091,951175139.0,probeE,6,4.282307718923501,5.278043837185041,1840,1940.0,0.467001675041876,0.535678391959799,1.0,strict
839068429,951175091,951175077.0,probeE,6,4.282307718923501,5.0506305559820825,1840,1800.0,0.467001675041876,0.631825795644891,1.0,strict
839068429,951175223,951175217.0,probeE,4,1.2034488138988935,1.2038770874981457,2060,2060.0,0.370854271356784,0.631825795644891,1.0,strict
839068429,951175223,951175181.0,probeE,4,1.2034488138988935,0.9871706462764945,2060,2000.0,0.370854271356784,0.1785594639866,1.0,strict
839068429,951175223,951175249.0,probeE,4,1.2034488138988935,1.1550538971833864,2060,2120.0,0.370854271356784,0.645561139028476,1.0,strict
839068429,951175229,951175215.0,probeE,2,1.1349250380185294,1.0676860829359223,2080,2060.0,0.357118927973199,0.618090452261306,1.0,strict
839068429,951175229,951175239.0,probeE,2,1.1349250380185294,0.8860980768529575,2080,2100.0,0.357118927973199,0.563149078726968,1.0,strict
839068429,951175755,951175780.0,probeF,2,5.752142711557309,6.031805371869045,1420,1480.0,0.673031825795645,0.796649916247906,1.0,strict
839068429,951175755,951175786.0,probeF,2,5.752142711557309,6.59926789087831,1420,1500.0,0.673031825795645,0.769179229480737,1.0,strict
839068429,951175852,,probeF,0,8.894386109271252,,1660,,0.247236180904523,,,none
839068429,951176034,951176046.0,probeF,1,8.970190536338906,10.638316205426518,2180,2200.0,0.590619765494137,0.233500837520938,1.0,strict
839068429,951171507,951171479.0,probeA,2,23.40086946314432,23.531921184515518,2020,1840.0,0.425795644891122,0.206030150753769,0.8431435715829322,relaxed
839068429,951171507,951171487.0,probeA,2,23.40086946314432,15.394294525123035,2020,1900.0,0.425795644891122,0.315912897822446,1.0,relaxed
839068429,951173106,951173174.0,probeC,1,10.694420046928565,7.7894402232003825,1320,1500.0,0.274706867671692,0.673031825795645,1.0,relaxed
839068429,951173138,951173186.0,probeC,7,17.411891451200503,17.31510161776949,1420,1540.0,0.65929648241206,0.247236180904523,1.0,relaxed
839068429,951173138,951173226.0,probeC,7,17.411891451200503,8.98046910272096,1420,1620.0,0.65929648241206,0.618090452261307,1.0,relaxed
839068429,951173138,951173212.0,probeC,7,17.411891451200503,13.167700082610455,1420,1580.0,0.65929648241206,0.576884422110553,1.0,relaxed
839068429,951173294,951173381.0,probeC,5,0.43212806164554574,0.6312752852978537,1720,1860.0,0.384589614740369,0.494472361809045,1.0,relaxed
839068429,951173294,951173480.0,probeC,5,0.43212806164554574,0.25182487636033785,1720,1760.0,0.384589614740369,0.549413735343383,1.0,relaxed
839068429,951173294,951173379.0,probeC,5,0.43212806164554574,0.4672464967842323,1720,1860.0,0.384589614740369,0.590619765494137,1.0,relaxed
839068429,951173324,951173184.0,probeC,1,0.6843812116051359,0.7704642050548433,1720,1540.0,0.315912897822446,0.535678391959799,1.0,relaxed
839068429,951174169,951174245.0,probeD,4,10.204903322983215,13.843944095829798,1940,2120.0,0.521943048576214,0.521943048576214,1.0,relaxed
839068429,951174169,951174545.0,probeD,4,10.204903322983215,7.033109046920864,1940,1740.0,0.521943048576214,0.810385259631491,1.0,relaxed
839068429,951174169,951174064.0,probeD,4,10.204903322983215,6.519180727818134,1940,1760.0,0.521943048576214,0.934003350083752,1.0,relaxed
839068429,951174195,951174255.0,probeD,2,8.102936497853047,6.659226194773629,2000,2140.0,0.412060301507538,0.192294807370184,1.0,relaxed
839068429,951174195,951174173.0,probeD,2,8.102936497853047,4.995811535277791,2000,1940.0,0.412060301507538,0.892797319932998,1.0,relaxed
839068429,951174555,951174048.0,probeD,2,2.4749931300788988,1.546495966899966,1780,1760.0,0.83785594639866,0.604355108877722,1.0,relaxed
839068429,951174555,951174020.0,probeD,2,2.4749931300788988,3.2300394855606602,1780,1640.0,0.83785594639866,0.865326633165829,1.0,relaxed
839068429,951174982,951174890.0,probeE,4,17.511679199826283,9.107666361698886,1560,1400.0,0.480737018425461,0.769179229480737,1.0,relaxed
839068429,951174982,951175021.0,probeE,4,17.511679199826283,23.65098124510765,1560,1720.0,0.480737018425461,0.645561139028476,1.0,relaxed
839068429,951174982,951175041.0,probeE,4,17.511679199826283,13.109883146711399,1560,1760.0,0.480737018425461,0.576884422110553,1.0,relaxed
839068429,951174995,951174912.0,probeE,5,9.156061278414393,4.632207249512609,1620,1440.0,0.398324958123953,0.755443886097152,1.0,relaxed
839068429,951174995,951175051.0,probeE,5,9.156061278414393,7.193711646640468,1620,1780.0,0.398324958123953,0.65929648241206,1.0,relaxed
839068429,951174995,951174933.0,probeE,5,9.156061278414393,5.158127229394403,1620,1440.0,0.398324958123953,0.851591289782245,1.0,relaxed
839068429,951175035,951175104.0,probeE,3,0.5319158102713258,0.3824483241322818,1740,1860.0,0.604355108877722,0.68676716917923,1.0,relaxed
839068429,951175035,951175097.0,probeE,3,0.5319158102713258,0.7490505250922295,1740,1840.0,0.604355108877722,0.769179229480737,1.0,relaxed
839068429,951175035,951175057.0,probeE,3,0.5319158102713258,0.3349099546152793,1740,1780.0,0.604355108877722,0.65929648241206,1.0,relaxed
839068429,951175852,951175894.0,probeF,7,8.894386109271252,5.324297385904286,1660,1860.0,0.247236180904523,0.618090452261307,1.0,relaxed
839068429,951175852,951175817.0,probeF,7,8.894386109271252,7.827128299934583,1660,1520.0,0.247236180904523,0.714237855946399,1.0,relaxed
839068429,951175852,951175767.0,probeF,7,8.894386109271252,12.885467780703205,1660,1500.0,0.247236180904523,0.755443886097152,1.0,relaxed
839557629,951125749,,probeA,0,56.30694347738616,,1680,,0.302177554438861,,,none
839557629,951125822,,probeA,0,37.43175108431645,,1960,,0.343383584589615,,,none
839557629,951125846,951125882.0,probeA,1,19.05977723915264,15.90770190929098,2060,2160.0,0.274706867671692,0.576884422110553,1.0,strict
839557629,951125884,951125892.0,probeA,5,10.190282662870707,9.15044042090004,2160,2180.0,0.302177554438861,0.576884422110553,1.0,strict
839557629,951125884,951125890.0,probeA,5,10.190282662870707,9.794988433324198,2160,2180.0,0.302177554438861,0.535678391959799,1.0,strict
839557629,951125884,951125910.0,probeA,5,10.190282662870707,12.511083778702277,2160,2220.0,0.302177554438861,0.65929648241206,1.0,strict
839557629,951125898,951125942.0,probeA,4,1.561904718479006,1.4492694179690038,2200,2260.0,0.274706867671692,0.755443886097153,1.0,strict
839557629,951125898,951126057.0,probeA,4,1.561904718479006,1.4291406760527676,2200,2280.0,0.274706867671692,0.755443886097153,1.0,strict
839557629,951125898,951125860.0,probeA,4,1.561904718479006,1.300231073567936,2200,2100.0,0.274706867671692,0.618090452261307,1.0,strict
839557629,951125920,,probeA,0,44.89309026867105,,2220,,0.302177554438861,,,none
839557629,951125924,951125916.0,probeA,4,2.6475719686419565,2.406883607856324,2240,2220.0,0.618090452261306,0.645561139028476,1.0,strict
839557629,951125924,951125880.0,probeA,4,2.6475719686419565,2.827017561469679,2240,2140.0,0.618090452261306,0.631825795644891,1.0,strict
839557629,951125924,951125954.0,probeA,4,2.6475719686419565,3.1323748590500275,2240,2280.0,0.618090452261306,0.68676716917923,1.0,strict
839557629,951125962,951125914.0,probeA,3,5.570093986437607,5.824058751465864,2320,2220.0,0.741708542713568,0.700502512562814,1.0,strict
839557629,951125962,951125934.0,probeA,3,5.570093986437607,4.698562288575041,2320,2260.0,0.741708542713568,0.755443886097153,1.0,strict
839557629,951125962,951125928.0,probeA,3,5.570093986437607,5.144392508464443,2320,2240.0,0.741708542713568,0.673031825795645,1.0,strict
839557629,951125974,951125938.0,probeA,1,2.429153705295564,1.9593403035485202,2340,2280.0,0.288442211055276,0.714237855946399,1.0,strict
839557629,951125994,,probeA,0,1.5563371941191961,,2440,,0.288442211055276,,,none
839557629,951126300,951126316.0,probeB,1,52.29789766721836,51.54542533643481,980,1040.0,0.219765494137353,0.32964824120603,1.0,strict
839557629,951126363,,probeB,0,7.35298659489061,,1300,,0.274706867671692,,,none
839557629,951126369,,probeB,0,1.9250786151804586,,1320,,1.67571189279732,,,none
839557629,951126373,951126405.0,probeB,1,8.456212960342192,8.239936052518804,1340,1440.0,0.302177554438861,0.645561139028476,1.0,strict
839557629,951126512,,probeB,0,8.685766272408205,,1680,,0.260971524288107,,,none
839557629,951126514,951126489.0,probeB,2,1.6034470156252807,1.2565474208986576,1660,1600.0,0.412060301507538,0.453266331658291,1.0,strict
839557629,951126514,951126495.0,probeB,2,1.6034470156252807,1.5644743451066108,1660,1620.0,0.412060301507538,0.65929648241206,1.0,strict
839557629,951126530,,probeB,0,0.13790329568144777,,1700,,0.673031825795645,,,none
839557629,951126550,,probeB,0,4.245879731012028,,1760,,0.274706867671692,,,none
839557629,951126556,,probeB,0,10.863096568198516,,1780,,0.384589614740368,,,none
839557629,951126558,,probeB,0,11.107211097820956,,1740,,0.274706867671692,,,none
839557629,951127809,951127789.0,probeD,1,25.974214222932066,28.73699111871163,460,400.0,0.260971524288107,0.315912897822446,1.0,strict
839557629,951127992,951127984.0,probeD,2,22.954046393287438,23.32878360981311,1120,1100.0,0.288442211055276,0.192294807370184,1.0,strict
839557629,951127992,951127966.0,probeD,2,22.954046393287438,21.46152159375376,1120,1100.0,0.288442211055276,0.673031825795645,1.0,strict
839557629,951128030,,probeD,0,42.15429655474914,,1220,,0.343383584589615,,,none
839557629,951128097,,probeD,0,0.8381265517037058,,1440,,0.260971524288107,,,none
839557629,951128117,951128115.0,probeD,1,5.9366940519758655,5.841189595649895,1500,1500.0,0.83785594639866,0.741708542713568,1.0,strict
839557629,951128173,951128171.0,probeD,3,4.0681472226027084,3.644158829047947,1680,1680.0,0.206030150753769,0.618090452261307,1.0,strict
839557629,951128173,951128217.0,probeD,3,4.0681472226027084,3.32852302495718,1680,1780.0,0.206030150753769,0.576884422110553,0.8431435715829322,strict
839557629,951128173,951128153.0,probeD,3,4.0681472226027084,4.616334236491694,1680,1640.0,0.206030150753769,0.302177554438861,1.0,strict
839557629,951128212,951128167.0,probeD,3,8.00952619824359,6.521712380860517,1780,1680.0,0.576884422110553,0.673031825795645,1.0,strict
839557629,951128212,951128189.0,probeD,3,8.00952619824359,6.11142866265298,1780,1720.0,0.576884422110553,0.494472361809045,1.0,strict
839557629,951128212,951128193.0,probeD,3,8.00952619824359,9.222389966472969,1780,1740.0,0.576884422110553,0.604355108877722,1.0,strict
839557629,951128219,,probeD,0,6.287448086643896,,1780,,0.302177554438861,,,none
839557629,951128231,951128197.0,probeD,1,8.925598090984636,11.038259449980231,1820,1740.0,0.233500837520938,0.673031825795645,1.0,strict
839557629,951128239,951128235.0,probeD,3,4.2244661757819895,4.040737871908259,1840,1820.0,0.645561139028476,0.65929648241206,0.6164255139378017,strict
839557629,951128239,951128272.0,probeD,3,4.2244661757819895,4.187206589681723,1840,1880.0,0.645561139028476,0.700502512562814,0.8431435715829322,strict
839557629,951128239,951128233.0,probeD,3,4.2244661757819895,3.7032602414828535,1840,1820.0,0.645561139028476,0.604355108877722,1.0,strict
839557629,951128243,,probeD,0,21.705207852271595,,1840,,0.233500837520938,,,none
839557629,951128292,,probeD,0,8.78855133751239,,1960,,0.32964824120603,,,none
839557629,951128324,,probeD,0,2.3169466758901627,,2020,,0.302177554438861,,,none
839557629,951128407,,probeD,0,0.11820282486981236,,1540,,0.233500837520938,,,none
839557629,951128421,,probeD,0,0.286085097873314,,2060,,0.673031825795645,,,none
839557629,951128709,951128677.0,probeE,3,18.837504535864845,15.687570561526185,1460,1440.0,0.302177554438861,0.906532663316583,1.0,strict
839557629,951128709,951128675.0,probeE,3,18.837504535864845,16.29614380116388,1460,1420.0,0.302177554438861,0.782914572864322,1.0,strict
839557629,951128709,951128671.0,probeE,3,18.837504535864845,19.279052044708237,1460,1400.0,0.302177554438861,0.741708542713568,1.0,strict
839557629,951128744,951128732.0,probeE,1,13.544930225208535,14.71625169629164,1680,1580.0,0.425795644891122,0.494472361809045,1.0,strict
839557629,951128768,951128753.0,probeE,2,0.7357697577041219,0.5708853824328256,1840,1780.0,0.233500837520938,0.782914572864322,1.0,strict
839557629,951128768,951128777.0,probeE,2,0.7357697577041219,0.7794534103734003,1840,1880.0,0.233500837520938,0.714237855946399,1.0,strict
839557629,951128781,,probeE,0,13.264840922799632,,1900,,0.274706867671692,,,none
839557629,951128845,951128837.0,probeE,3,8.340151490995384,10.206985235950137,2080,2080.0,0.274706867671692,0.535678391959799,1.0,strict
839557629,951128845,951128855.0,probeE,3,8.340151490995384,10.039102962946636,2080,2120.0,0.274706867671692,0.563149078726968,1.0,strict
839557629,951128845,951128827.0,probeE,3,8.340151490995384,8.327731628961962,2080,2040.0,0.274706867671692,0.673031825795645,1.0,strict
839557629,951128862,951128860.0,probeE,5,5.572663613065212,5.594933710504452,2140,2120.0,0.480737018425461,0.65929648241206,1.0,strict
839557629,951128862,951128876.0,probeE,5,5.572663613065212,4.464297994358421,2140,2160.0,0.480737018425461,0.782914572864322,1.0,strict
839557629,951128862,951128847.0,probeE,5,5.572663613065212,5.3915049358190865,2140,2100.0,0.480737018425461,0.604355108877722,1.0,strict
839557629,951128866,951128823.0,probeE,1,6.906728103896609,5.657033020671563,2140,2040.0,0.535678391959799,0.631825795644891,1.0,strict
839557629,951128870,951129036.0,probeE,3,1.9122304820424356,1.4963792394750883,2120,2180.0,0.315912897822446,0.714237855946399,1.0,strict
839557629,951128870,951129083.0,probeE,3,1.9122304820424356,1.4646871777346315,2120,2040.0,0.315912897822446,0.645561139028476,1.0,strict
839557629,951128870,951128895.0,probeE,3,1.9122304820424356,1.4668285332576354,2120,2220.0,0.315912897822446,0.769179229480737,1.0,strict
839557629,951128891,,probeE,0,1.985464840929167,,2220,,0.755443886097152,,,none
839557629,951128893,951128946.0,probeE,1,4.134100972711227,4.449736776801995,2260,2360.0,0.288442211055276,0.549413735343384,1.0,strict
839557629,951128897,951128880.0,probeE,1,2.036000831272058,2.519947179470927,2220,2180.0,0.302177554438861,0.673031825795645,1.0,strict
839557629,951128905,,probeE,0,1.3910245477432992,,2240,,0.700502512562814,,,none
839557629,951128912,951128882.0,probeE,1,3.091260833008354,3.071132091092118,2260,2200.0,0.425795644891122,0.741708542713568,1.0,strict
839557629,951128948,,probeE,0,7.86477056488853,,2360,,0.315912897822446,,,none
839557629,951129038,,probeE,0,1.9173697352976449,,2200,,0.755443886097153,,,none
839557629,951125994,951125952.0,probeA,1,1.5563371941191961,1.7649052220597707,2440,2280.0,0.288442211055276,0.714237855946399,1.0,relaxed
839557629,951126363,951126421.0,probeB,8,7.35298659489061,6.901588850641399,1300,1460.0,0.274706867671692,0.645561139028476,1.0,relaxed
839557629,951126363,951126433.0,probeB,8,7.35298659489061,7.505451108128485,1300,1480.0,0.274706867671692,0.686767169179229,1.0,relaxed
839557629,951126363,951126397.0,probeB,8,7.35298659489061,4.964518644532119,1300,1440.0,0.274706867671692,0.590619765494137,1.0,relaxed
839557629,951126369,951126429.0,probeB,3,1.9250786151804586,2.446284549479595,1320,1480.0,1.67571189279732,0.631825795644891,1.0,relaxed
839557629,951126369,951126445.0,probeB,3,1.9250786151804586,2.0865368216149487,1320,1520.0,1.67571189279732,0.631825795644891,1.0,relaxed
839557629,951126369,951126403.0,probeB,3,1.9250786151804586,1.3225011710071761,1320,1440.0,1.67571189279732,0.700502512562814,1.0,relaxed
839557629,951126512,951126441.0,probeB,4,8.685766272408205,4.5336779133037455,1680,1500.0,0.260971524288107,0.686767169179229,1.0,relaxed
839557629,951126512,951126469.0,probeB,4,8.685766272408205,4.866016290473942,1680,1560.0,0.260971524288107,0.755443886097152,1.0,relaxed
839557629,951126512,951126425.0,probeB,4,8.685766272408205,6.593233655328845,1680,1480.0,0.260971524288107,0.563149078726968,1.0,relaxed
839557629,951126550,951126637.0,probeB,2,4.245879731012028,2.548213072374578,1760,1560.0,0.274706867671692,0.824120603015075,1.0,relaxed
839557629,951126550,951126475.0,probeB,2,4.245879731012028,2.567485272081613,1760,1560.0,0.274706867671692,0.357118927973199,0.8431435715829322,relaxed
839557629,951126556,951126562.0,probeB,1,10.863096568198516,14.801477646107193,1780,1780.0,0.384589614740368,0.425795644891122,1.0,relaxed
839557629,951128030,951128058.0,probeD,1,42.15429655474914,23.41657918625627,1220,1280.0,0.343383584589615,0.398324958123953,1.0,relaxed
839557629,951128097,951128042.0,probeD,3,0.8381265517037058,0.5344823385417603,1440,1240.0,0.260971524288107,0.618090452261306,1.0,relaxed
839557629,951128097,951128093.0,probeD,3,0.8381265517037058,0.5062164456381095,1440,1440.0,0.260971524288107,0.755443886097152,1.0,relaxed
839557629,951128097,951128109.0,probeD,3,0.8381265517037058,1.131492258355233,1440,1480.0,0.260971524288107,0.604355108877722,1.0,relaxed
839557629,951128243,951128322.0,probeD,1,21.705207852271595,20.8178301235388,1840,2020.0,0.233500837520938,0.700502512562814,0.6164255139378017,relaxed
839557629,951128324,951128237.0,probeD,7,2.3169466758901627,2.1576298249786765,2020,1820.0,0.302177554438861,0.673031825795645,1.0,relaxed
839557629,951128324,951128246.0,probeD,7,2.3169466758901627,1.9383550194230825,2020,1840.0,0.302177554438861,0.700502512562814,1.0,relaxed
839557629,951128324,951128227.0,probeD,7,2.3169466758901627,2.7760533000221876,2020,1820.0,0.302177554438861,0.549413735343384,0.8431435715829322,relaxed
839557629,951128407,951128411.0,probeD,2,0.11820282486981236,0.06038622574870849,1540,1700.0,0.233500837520938,0.590619765494137,1.0,relaxed
839557629,951128407,951128137.0,probeD,2,0.11820282486981236,0.08522594981555312,1540,1560.0,0.233500837520938,0.631825795644891,1.0,relaxed
839557629,951128781,951128761.0,probeE,2,13.264840922799632,17.3659650204566,1900,1800.0,0.274706867671692,1.08509212730318,1.0,relaxed
839557629,951128781,951129034.0,probeE,2,13.264840922799632,10.88108395459175,1900,2080.0,0.274706867671692,0.604355108877722,1.0,relaxed
839557629,951128891,951128853.0,probeE,1,1.985464840929167,2.606457942600283,2220,2120.0,0.755443886097152,0.645561139028476,1.0,relaxed
839557629,951129038,951128815.0,probeE,1,1.9173697352976449,1.012432891276219,2200,2000.0,0.755443886097153,0.810385259631491,1.0,relaxed
840012044,951137773,951137719.0,probeA,1,0.7484066278011061,0.764266332972149,2400,2320.0,0.83785594639866,0.906532663316583,1.0,strict
840012044,951137927,951137972.0,probeA,5,12.035801662100377,13.545045497431245,2520,2540.0,0.1785594639866,0.645561139028476,1.0,strict
840012044,951137927,951137943.0,probeA,5,12.035801662100377,14.43276034632935,2520,2540.0,0.1785594639866,0.631825795644891,1.0,strict
840012044,951137927,951137919.0,probeA,5,12.035801662100377,12.867793222559682,2520,2520.0,0.1785594639866,0.645561139028476,1.0,strict
840012044,951137957,951138681.0,probeA,4,1.5808268289407097,1.8358680337182918,2540,2600.0,0.274706867671692,0.727973199329983,1.0,strict
840012044,951137957,951138775.0,probeA,4,1.5808268289407097,1.738566599290542,2540,2480.0,0.274706867671692,0.618090452261307,1.0,strict
840012044,951137957,951137890.0,probeA,4,1.5808268289407097,1.7857170741233723,2540,2500.0,0.274706867671692,0.673031825795645,1.0,strict
840012044,951138038,,probeA,0,26.20666255276737,,2560,,0.357118927973199,,,none
840012044,951138089,951138096.0,probeA,3,6.53977085931356,6.862537291578298,2600,2600.0,0.274706867671692,0.700502512562814,1.0,strict
840012044,951138089,951137912.0,probeA,3,6.53977085931356,7.9444263686516035,2600,2520.0,0.274706867671692,0.700502512562814,1.0,strict
840012044,951138089,951138006.0,probeA,3,6.53977085931356,5.583044860887404,2600,2560.0,0.274706867671692,0.65929648241206,1.0,strict
840012044,951138133,951138069.0,probeA,3,5.062675075005076,4.726620781651087,2640,2580.0,0.260971524288107,0.645561139028476,1.0,strict
840012044,951138133,951137987.0,probeA,3,5.062675075005076,4.213537887333834,2640,2540.0,0.260971524288107,0.631825795644891,1.0,strict
840012044,951138133,951137979.0,probeA,3,5.062675075005076,4.554307228171107,2640,2540.0,0.260971524288107,0.686767169179229,1.0,strict
840012044,951138190,951138290.0,probeA,3,10.519699575884735,9.175053761788474,2640,2740.0,0.370854271356784,2.08777219430486,1.0,strict
840012044,951138190,951137964.0,probeA,3,10.519699575884735,11.255246983276887,2640,2560.0,0.370854271356784,0.645561139028476,1.0,strict
840012044,951138190,951138030.0,probeA,3,10.519699575884735,8.44250683915841,2640,2560.0,0.370854271356784,0.604355108877722,1.0,strict
840012044,951138323,,probeA,0,6.259868495078668,,2740,,0.384589614740369,,,none
840012044,951138428,,probeA,0,3.106359010122919,,2800,,0.370854271356784,,,none
840012044,951140899,951141048.0,probeB,9,11.557867303567598,13.827948346428226,2100,2180.0,0.260971524288107,0.590619765494137,1.0,strict
840012044,951140899,951141017.0,probeB,9,11.557867303567598,12.549741837778226,2100,2160.0,0.260971524288107,0.631825795644891,1.0,strict
840012044,951140899,951141001.0,probeB,9,11.557867303567598,10.521842779286226,2100,2160.0,0.260971524288107,0.604355108877722,1.0,strict
840012044,951141183,951141238.0,probeB,5,3.94220833670491,3.9662122148016237,2240,2260.0,0.590619765494137,0.727973199329983,1.0,strict
840012044,951141183,951141284.0,probeB,5,3.94220833670491,4.144098097125483,2240,2300.0,0.590619765494137,0.83785594639866,1.0,strict
840012044,951141183,951141253.0,probeB,5,3.94220833670491,3.18651481733873,2240,2280.0,0.590619765494137,0.810385259631491,1.0,strict
840012044,951141260,,probeB,0,24.58168573375592,,2280,,0.32964824120603,,,none
840012044,951141384,951141057.0,probeB,3,8.352063655615437,7.916564724432204,2340,2260.0,0.206030150753769,0.686767169179229,1.0,strict
840012044,951141384,951141248.0,probeB,3,8.352063655615437,7.833837073134602,2340,2280.0,0.206030150753769,0.755443886097152,1.0,strict
840012044,951141384,951141476.0,probeB,3,8.352063655615437,7.25388623269079,2340,2400.0,0.206030150753769,0.865326633165829,1.0,strict
840012044,951141575,,probeB,0,10.493981135066827,,2460,,0.315912897822446,,,none
840012044,951141638,,probeB,0,15.0572898175242,,2480,,0.233500837520938,,,none
840012044,951141655,,probeB,0,5.3070002627751975,,2560,,0.302177554438861,,,none
840012044,951143163,951143182.0,probeC,2,38.93343299150886,31.482800686561077,1160,1160.0,0.260971524288107,0.576884422110553,1.0,strict
840012044,951143163,951143393.0,probeC,2,38.93343299150886,37.530920685572305,1160,1240.0,0.260971524288107,0.233500837520938,0.8431435715829322,strict
840012044,951143428,,probeC,0,42.02050317101835,,1260,,0.233500837520938,,,none
840012044,951143673,,probeC,0,8.084163230428901,,1540,,0.274706867671692,,,none
840012044,951143733,,probeC,0,8.402214615210356,,1560,,0.206030150753769,,,none
840012044,951143770,,probeC,0,2.9220435175945823,,1600,,0.247236180904523,,,none
840012044,951143807,951143933.0,probeC,4,17.09461897098277,13.809088156495093,1640,1720.0,0.384589614740369,0.673031825795645,1.0,strict
840012044,951143807,951143881.0,probeC,4,17.09461897098277,13.658635277710335,1640,1720.0,0.384589614740369,0.631825795644891,1.0,strict
840012044,951143807,951143908.0,probeC,4,17.09461897098277,13.95182550303448,1640,1720.0,0.384589614740369,0.549413735343384,1.0,strict
840012044,951143940,951144076.0,probeC,5,3.2345225735321574,2.7244401639769933,1740,1800.0,0.219765494137353,0.782914572864322,1.0,strict
840012044,951143940,951144069.0,probeC,5,3.2345225735321574,2.895467795416078,1740,1800.0,0.219765494137353,0.604355108877722,1.0,strict
840012044,951143940,951144184.0,probeC,5,3.2345225735321574,3.2636701397924526,1740,1840.0,0.219765494137353,0.618090452261306,1.0,strict
840012044,951144042,951143999.0,probeC,1,3.7883263324777636,3.401263798168257,1780,1780.0,0.288442211055276,0.769179229480737,1.0,strict
840012044,951144148,951144006.0,probeC,3,1.6969884533015918,1.7244214568406928,1820,1780.0,0.673031825795645,0.673031825795645,1.0,strict
840012044,951144148,951144789.0,probeC,3,1.6969884533015918,1.5019569437657936,1820,1820.0,0.673031825795645,0.741708542713568,1.0,strict
840012044,951144148,951144029.0,probeC,3,1.6969884533015918,1.5915428459481713,1820,1780.0,0.673031825795645,0.727973199329983,1.0,strict
840012044,951144165,,probeC,0,4.924224135268675,,1820,,0.233500837520938,,,none
840012044,951144438,951144260.0,probeC,1,1.9614597530457396,2.1470611676149716,1940,1880.0,0.288442211055276,0.590619765494137,1.0,strict
840012044,951144796,951143919.0,probeC,1,2.841030429018174,2.5285513730805986,1820,1720.0,0.315912897822446,0.412060301507538,1.0,strict
840012044,951147532,,probeD,0,11.268106203685841,,2540,,0.233500837520938,,,none
840012044,951147981,951147830.0,probeD,4,7.75925359476267,7.282605158270786,2880,2780.0,0.32964824120603,0.590619765494137,1.0,strict
840012044,951147981,951147944.0,probeD,4,7.75925359476267,6.339167020933882,2880,2860.0,0.32964824120603,0.65929648241206,1.0,strict
840012044,951147981,951147856.0,probeD,4,7.75925359476267,9.600265316644544,2880,2840.0,0.32964824120603,0.645561139028476,1.0,strict
840012044,951149983,951150056.0,probeE,9,13.377446991434548,10.961628117272443,380,420.0,0.453266331658291,0.425795644891122,1.0,strict
840012044,951149983,951149872.0,probeE,9,13.377446991434548,11.026781500677808,380,300.0,0.453266331658291,0.439530988274707,1.0,strict
840012044,951149983,951150132.0,probeE,9,13.377446991434548,15.797552272399637,380,460.0,0.453266331658291,0.453266331658292,1.0,strict
840012044,951150221,951150080.0,probeE,10,8.052015179406517,6.328879644606719,520,420.0,0.453266331658292,0.412060301507538,1.0,strict
840012044,951150221,951150074.0,probeE,10,8.052015179406517,9.572832313105442,520,420.0,0.453266331658292,0.425795644891122,1.0,strict
840012044,951150221,951150152.0,probeE,10,8.052015179406517,8.887007224627911,520,460.0,0.453266331658292,0.412060301507538,0.6164255139378017,strict
840012044,951152376,951152387.0,probeE,2,5.4810283789763705,5.186980872291629,2600,2620.0,0.288442211055276,0.590619765494137,1.0,strict
840012044,951152376,951152299.0,probeE,2,5.4810283789763705,6.674792673607574,2600,2560.0,0.288442211055276,0.50820770519263,1.0,strict
840012044,951152382,951152318.0,probeE,4,11.169090206536897,11.667170677043703,2620,2580.0,0.219765494137353,0.673031825795645,1.0,strict
840012044,951152382,951152371.0,probeE,4,11.169090206536897,11.674886209289076,2620,2600.0,0.219765494137353,0.480737018425461,1.0,strict
840012044,951152382,951152216.0,probeE,4,11.169090206536897,10.812032519848282,2620,2520.0,0.219765494137353,0.302177554438861,1.0,strict
840012044,951152410,951152324.0,probeE,1,11.544579442478344,11.435704709682536,2660,2580.0,0.206030150753769,0.590619765494137,1.0,strict
840012044,951152506,,probeE,0,5.5860453456494925,,2760,,0.247236180904523,,,none
840012044,951152549,951152539.0,probeE,2,1.668269527721595,1.778858823238597,2800,2780.0,0.796649916247906,0.618090452261306,1.0,strict
840012044,951152549,951152492.0,probeE,2,1.668269527721595,1.8941631662388818,2800,2740.0,0.796649916247906,0.700502512562814,1.0,strict
840012044,951152581,,probeE,0,1.8401544405212764,,2840,,0.274706867671692,,,none
840012044,951154223,951154219.0,probeF,3,12.686906855473733,12.84078885970088,2040,2040.0,0.288442211055276,0.357118927973199,1.0,strict
840012044,951154223,951154103.0,probeF,3,12.686906855473733,12.816356340923868,2040,2000.0,0.288442211055276,0.673031825795645,1.0,strict
840012044,951154223,951154166.0,probeF,3,12.686906855473733,9.925174952310774,2040,2020.0,0.288442211055276,0.892797319932998,1.0,strict
840012044,951154403,951154350.0,probeF,3,11.302826098790016,12.013940987405155,2360,2280.0,0.302177554438861,0.425795644891122,1.0,strict
840012044,951154403,951154378.0,probeF,3,11.302826098790016,10.900332499989764,2360,2320.0,0.302177554438861,0.865326633165829,1.0,strict
840012044,951154403,951154420.0,probeF,3,11.302826098790016,13.34101253360918,2360,2340.0,0.302177554438861,0.219765494137353,1.0,strict
840012044,951154535,951154586.0,probeF,2,17.472680051006005,15.156305814673145,2520,2560.0,0.288442211055276,0.673031825795645,1.0,strict
840012044,951154535,951154517.0,probeF,2,17.472680051006005,13.473462503821402,2520,2520.0,0.288442211055276,0.576884422110553,1.0,strict
840012044,951154666,,probeF,0,6.30916217331299,,2680,,0.288442211055276,,,none
840012044,951154694,951154718.0,probeF,1,6.796526626812335,7.506784234066879,2720,2800.0,0.274706867671692,0.521943048576214,1.0,strict
840012044,951154709,951154670.0,probeF,1,2.0861941910125905,1.9824631463803641,2760,2680.0,0.274706867671692,0.357118927973199,1.0,strict
840012044,951138038,951137950.0,probeA,2,26.20666255276737,17.814306673203877,2560,2540.0,0.357118927973199,0.645561139028476,1.0,relaxed
840012044,951138038,951138062.0,probeA,2,26.20666255276737,19.248967030162813,2560,2580.0,0.357118927973199,0.645561139028476,1.0,relaxed
840012044,951138323,951138046.0,probeA,3,6.259868495078668,3.4046929236106447,2740,2580.0,0.384589614740369,0.796649916247906,1.0,relaxed
840012044,951138323,951138176.0,probeA,3,6.259868495078668,3.334395852041698,2740,2640.0,0.384589614740369,0.769179229480737,1.0,relaxed
840012044,951138323,951138392.0,probeA,3,6.259868495078668,3.9190617399687935,2740,2800.0,0.384589614740369,0.315912897822446,1.0,relaxed
840012044,951138428,951138109.0,probeA,1,3.106359010122919,1.6134035206433925,2800,2620.0,0.370854271356784,0.769179229480737,1.0,relaxed
840012044,951141260,951141066.0,probeB,1,24.58168573375592,13.855809990647625,2280,2200.0,0.32964824120603,0.590619765494137,1.0,relaxed
840012044,951141655,951141466.0,probeB,1,5.3070002627751975,2.8736071207208562,2560,2380.0,0.302177554438861,0.700502512562814,1.0,relaxed
840012044,951143673,951143912.0,probeC,6,8.084163230428901,10.446402019553698,1540,1720.0,0.274706867671692,0.563149078726968,1.0,relaxed
840012044,951143673,951143865.0,probeC,6,8.084163230428901,7.067856177441259,1540,1700.0,0.274706867671692,0.590619765494137,0.6164255139378017,relaxed
840012044,951143673,951143654.0,probeC,6,8.084163230428901,5.990253507170938,1540,1520.0,0.274706867671692,0.412060301507538,1.0,relaxed
840012044,951143733,951143852.0,probeC,6,8.402214615210356,10.547989860784432,1560,1680.0,0.206030150753769,0.549413735343384,1.0,relaxed
840012044,951143733,951144783.0,probeC,6,8.402214615210356,7.068284818121557,1560,1760.0,0.206030150753769,0.65929648241206,1.0,relaxed
840012044,951143733,951143991.0,probeC,6,8.402214615210356,7.483637637330762,1560,1740.0,0.206030150753769,0.947738693467337,1.0,relaxed
840012044,951143770,951144013.0,probeC,2,2.9220435175945823,2.1290582590424365,1600,1780.0,0.247236180904523,0.741708542713568,1.0,relaxed
840012044,951143770,951143700.0,probeC,2,2.9220435175945823,1.5242462591413135,1600,1560.0,0.247236180904523,0.370854271356784,1.0,relaxed
840012044,951147532,951147756.0,probeD,6,11.268106203685841,16.90173066484846,2540,2740.0,0.233500837520938,0.549413735343384,1.0,relaxed
840012044,951147532,951147750.0,probeD,6,11.268106203685841,9.099613002055946,2540,2740.0,0.233500837520938,0.65929648241206,1.0,relaxed
840012044,951147532,951147227.0,probeD,6,11.268106203685841,16.575535107141334,2540,2340.0,0.233500837520938,0.288442211055276,1.0,relaxed
840012044,951152506,951152399.0,probeE,2,5.5860453456494925,3.108930854204709,2760,2640.0,0.247236180904523,0.65929648241206,1.0,relaxed
840012044,951152506,951152414.0,probeE,2,5.5860453456494925,6.999702309273804,2760,2660.0,0.247236180904523,0.535678391959799,1.0,relaxed
840012044,951152581,951152419.0,probeE,6,1.8401544405212764,1.8825898678708235,2840,2680.0,0.274706867671692,0.796649916247906,1.0,relaxed
840012044,951152581,951152856.0,probeE,6,1.8401544405212764,1.2267696270141841,2840,2700.0,0.274706867671692,0.824120603015075,1.0,relaxed
840012044,951152581,951152496.0,probeE,6,1.8401544405212764,1.1676172131329972,2840,2740.0,0.274706867671692,0.673031825795645,1.0,relaxed
840012044,951154666,951154567.0,probeF,2,6.30916217331299,8.146744769752475,2680,2560.0,0.288442211055276,0.549413735343384,1.0,relaxed
840012044,951154666,951154594.0,probeF,2,6.30916217331299,3.199374037747684,2680,2580.0,0.288442211055276,0.65929648241206,1.0,relaxed
