session_id,specimen_id,probe_id,unit_id,brain_area,n_trials,baseline_rate,evoked_rate,modulation_ratio,median_latency_ms,latency_sd_ms,latency_iqr_ms,trial_reliability,sham_reliability,fano_factor,latency_cv,p_value,effect_size,intensity_slope,response_at_each_light_level,artifact_flag,adaptation_index,reference_class,label_confidence,label_reasons,evidence_score,composite_uncertainty,subscore_statistical,subscore_reliability,subscore_modulation,subscore_latency,subscore_jitter,artifact_gating,distance_to_decision_boundary,boundary_proximity,evidence_regime,ecephys_channel_id,snr,isi_violations,isolation_distance,presence_ratio,amplitude_cutoff,d_prime,nn_hit_rate,nn_miss_rate,quality,probe_horizontal_position,probe_vertical_position,anterior_posterior_ccf_coordinate,dorsal_ventral_ccf_coordinate,left_right_ccf_coordinate,brain_region,protocol,baseline_firing_rate,evoked_firing_rate,median_latency,latency_variability,responsive_trial_fraction,optical_intensity,evoked_spike_count,baseline_spike_count,uncertainty_score,operational_label,reference_class_int
721123822,707296982,760213137,950907205,MB,45,11.852,8.333,0.648,3.594,1.815,1.781,0.067,0.044,0.955,0.454,0.43756,-0.091,0.0,"{""1.0"": {""evoked_rate_hz"": 0.0, ""baseline_rate_hz"": 4.44, ""reliability"": 0.0, ""modulation_ratio"": 0.0, ""median_latency_ms"": null}, ""2.5"": {""evoked_rate_hz"": 25.0, ""baseline_rate_hz"": 17.78, ""reliability"": 0.2, ""modulation_ratio"": 1.33, ""median_latency_ms"": 3.59}, ""4.0"": {""evoked_rate_hz"": 0.0, ""baseline_rate_hz"": 13.33, ""reliability"": 0.0, ""modulation_ratio"": 0.0, ""median_latency_ms"": null}}",False,-3.978,not light responsive,0.933,Not statistically significant (p=0.4376 >= 0.05); No positive modulation (mod_ratio=0.65 <= 1.0),0.2489,0.3003,0.1623,0.067,0.0,0.9005,0.4838,1.0,1.8896,0.1511,low evidence (non-responsive),850243987,2.83805171078468,0.005099725960424,129.172458038641,0.99,0.0121232221876236,5.25242059153989,0.997333333333333,0.0048309178743961,good,27,40,8456,3144,6920,MB,"10-ms optical pulse (473 nm, Ai32)",11.852,8.333,3.594,1.815,0.067,"1.0, 2.5, 4.0 mW calibrated",4,5,0.3003,0,0
721123822,707296982,760213137,950907524,MB,45,2.963,2.778,0.701,3.062,0.0,0.0,0.022,0.022,1.0,0.0,1.0,-0.008,-2.7778,"{""1.0"": {""evoked_rate_hz"": 8.33, ""baseline_rate_hz"": 0.0, ""reliability"": 0.067, ""modulation_ratio"": 8.33, ""median_latency_ms"": 3.06}, ""2.5"": {""evoked_rate_hz"": 0.0, ""baseline_rate_hz"": 0.0, ""reliability"": 0.0, ""modulation_ratio"": 0.0, ""median_latency_ms"": null}, ""4.0"": {""evoked_rate_hz"": 0.0, ""baseline_rate_hz"": 8.89, ""reliability"": 0.0, ""modulation_ratio"": 0.0, ""median_latency_ms"": null}}",False,1.0,not light responsive,0.95,Not statistically significant (p=1.0000 >= 0.05); No positive modulation (mod_ratio=0.70 <= 1.0); Very low reliability (0.02 < 0.05),0.2796,0.0702,0.1192,0.022,0.0,0.9219,1.0,1.0,2.1109,0.1211,low evidence (non-responsive),850243991,4.2850823034931,0.0,50.450186584574,0.99,0.0023133504654763,5.43996645621354,0.925724637681159,0.0018341638981173,good,11,60,8447,3127,6924,MB,"10-ms optical pulse (473 nm, Ai32)",2.963,2.778,3.062,0.0,0.022,"1.0, 2.5, 4.0 mW calibrated",1,1,0.0702,0,0
721123822,707296982,760213137,950907209,MB,45,0.0,2.778,2.778,1.032,0.0,0.0,0.022,0.0,1.0,0.0,1.0,0.149,-2.7778,"{""1.0"": {""evoked_rate_hz"": 8.33, ""baseline_rate_hz"": 0.0, ""reliability"": 0.067, ""modulation_ratio"": 8.33, ""median_latency_ms"": 1.03}, ""2.5"": {""evoked_rate_hz"": 0.0, ""baseline_rate_hz"": 0.0, ""reliability"": 0.0, ""modulation_ratio"": 0.0, ""median_latency_ms"": null}, ""4.0"": {""evoked_rate_hz"": 0.0, ""baseline_rate_hz"": 0.0, ""reliability"": 0.0, ""modulation_ratio"": 0.0, ""median_latency_ms"": null}}",False,1.0,not light responsive,0.95,Not statistically significant (p=1.0000 >= 0.05); Very low reliability (0.02 < 0.05),0.4123,0.0627,0.1192,0.022,0.6273,0.9702,1.0,1.0,2.2785,0.1024,intermediate evidence (uncertain / borderline),850243991,3.34369401826003,0.0,19.9269508933967,0.96,0.0840634773435383,3.24690935992228,0.0,0.0004671338004671,good,11,60,8447,3127,6924,MB,"10-ms optical pulse (473 nm, Ai32)",0.0,2.778,1.032,0.0,0.022,"1.0, 2.5, 4.0 mW calibrated",1,0,0.0627,0,0
721123822,707296982,760213137,950907526,MB,45,0.0,2.778,2.778,5.818,0.0,0.0,0.022,0.0,1.0,0.0,1.0,0.149,0.0,"{""1.0"": {""evoked_rate_hz"": 0.0, ""baseline_rate_hz"": 0.0, ""reliability"": 0.0, ""modulation_ratio"": 0.0, ""median_latency_ms"": null}, ""2.5"": {""evoked_rate_hz"": 8.33, ""baseline_rate_hz"": 0.0, ""reliability"": 0.067, ""modulation_ratio"": 8.33, ""median_latency_ms"": 5.82}, ""4.0"": {""evoked_rate_hz"": 0.0, ""baseline_rate_hz"": 0.0, ""reliability"": 0.0, ""modulation_ratio"": 0.0, ""median_latency_ms"": null}}",False,1.0,not light responsive,0.95,Not statistically significant (p=1.0000 >= 0.05); Very low reliability (0.02 < 0.05),0.379,0.1052,0.1192,0.022,0.6273,0.7486,1.0,1.0,1.5666,0.2087,intermediate evidence (uncertain / borderline),850243997,2.69707518943712,0.0,66.7738565319395,0.99,0.0245682728801591,5.34705514006995,0.961111111111111,0.0002347417840375,good,43,100,8433,3102,6929,MB,"10-ms optical pulse (473 nm, Ai32)",0.0,2.778,5.818,0.0,0.022,"1.0, 2.5, 4.0 mW calibrated",1,0,0.1052,0,0
721123822,707296982,760213137,950907216,MB,45,5.926,16.667,2.406,2.207,2.938,3.918,0.133,0.067,0.886,0.761,0.18482,0.218,2.7778,"{""1.0"": {""evoked_rate_hz"": 16.67, ""baseline_rate_hz"": 4.44, ""reliability"": 0.133, ""modulation_ratio"": 3.06, ""median_latency_ms"": 5.01}, ""2.5"": {""evoked_rate_hz"": 8.33, ""baseline_rate_hz"": 0.0, ""reliability"": 0.067, ""modulation_ratio"": 8.33, ""median_latency_ms"": 2.21}, ""4.0"": {""evoked_rate_hz"": 25.0, ""baseline_rate_hz"": 13.33, ""reliability"": 0.2, ""modulation_ratio"": 1.74, ""median_latency_ms"": 2.2}}",False,-1.494,not light responsive,0.867,Not statistically significant (p=0.1848 >= 0.05),0.3843,0.656,0.2198,0.133,0.5603,0.9477,0.3088,1.0,1.6929,0.184,intermediate evidence (uncertain / borderline),850244003,2.38797740787644,0.0072493315321528,89.9826835122701,0.99,0.0027495728047114,5.65765480659596,0.997333333333333,0.0016057808109193,good,27,120,8419,3077,6934,MB,"10-ms optical pulse (473 nm, Ai32)",5.926,16.667,2.207,2.938,0.133,"1.0, 2.5, 4.0 mW calibrated",8,3,0.656,0,0
721123822,707296982,760213137,950907222,SCig,45,1.481,0.0,0.0,,,,0.0,0.0,0.0,,1.0,-0.149,0.0,"{""1.0"": {""evoked_rate_hz"": 0.0, ""baseline_rate_hz"": 4.44, ""reliability"": 0.0, ""modulation_ratio"": 0.0, ""median_latency_ms"": null}, ""2.5"": {""evoked_rate_hz"": 0.0, ""baseline_rate_hz"": 0.0, ""reliability"": 0.0, ""modulation_ratio"": 0.0, ""median_latency_ms"": null}, ""4.0"": {""evoked_rate_hz"": 0.0, ""baseline_rate_hz"": 0.0, ""reliability"": 0.0, ""modulation_ratio"": 0.0, ""median_latency_ms"": null}}",False,1.0,not light responsive,0.95,Not statistically significant (p=1.0000 >= 0.05); No positive modulation (mod_ratio=0.00 <= 1.0); Very low reliability (0.00 < 0.05),0.0376,0.144,0.1192,0.0,0.0,0.0002,0.0183,1.0,4.6165,0.0099,low evidence (non-responsive),850244011,3.49289029953314,0.0,45.3940112755969,0.98,0.0060382198218179,5.01804392674339,0.811594202898551,0.0001006947940791,good,27,160,8396,3035,6943,SCig,"10-ms optical pulse (473 nm, Ai32)",1.481,0.0,,,0.0,"1.0, 2.5, 4.0 mW calibrated",0,1,0.144,0,0
721123822,707296982,760213137,950907220,SCig,45,5.926,2.778,0.401,8.462,0.0,0.0,0.022,0.044,1.0,0.0,0.37962,-0.115,-2.7778,"{""1.0"": {""evoked_rate_hz"": 8.33, ""baseline_rate_hz"": 13.33, ""reliability"": 0.067, ""modulation_ratio"": 0.58, ""median_latency_ms"": 8.46}, ""2.5"": {""evoked_rate_hz"": 0.0, ""baseline_rate_hz"": 4.44, ""reliability"": 0.0, ""modulation_ratio"": 0.0, ""median_latency_ms"": null}, ""4.0"": {""evoked_rate_hz"": 0.0, ""baseline_rate_hz"": 0.0, ""reliability"": 0.0, ""modulation_ratio"": 0.0, ""median_latency_ms"": null}}",False,0.004,not light responsive,0.95,Not statistically significant (p=0.3796 >= 0.05); No positive modulation (mod_ratio=0.40 <= 1.0); Very low reliability (0.02 < 0.05),0.2231,0.0936,0.1709,0.022,0.0,0.4425,1.0,1.0,1.7162,0.1797,low evidence (non-responsive),850244009,2.73856381660633,0.0568073794503514,113.026358032953,0.99,0.0875775032856267,5.0192527769002,0.974,0.0142098955658278,good,59,160,8401,3043,6941,SCig,"10-ms optical pulse (473 nm, Ai32)",5.926,2.778,8.462,0.0,0.022,"1.0, 2.5, 4.0 mW calibrated",1,3,0.0936,0,0
721123822,707296982,760213137,950907530,SCig,45,10.37,11.111,0.977,7.327,1.452,1.287,0.089,0.156,0.932,0.214,1.0,0.02,-8.3333,"{""1.0"": {""evoked_rate_hz"": 25.0, ""baseline_rate_hz"": 26.67, ""reliability"": 0.2, ""modulation_ratio"": 0.9, ""median_latency_ms"": 6.99}, ""2.5"": {""evoked_rate_hz"": 8.33, ""baseline_rate_hz"": 0.0, ""reliability"": 0.067, ""modulation_ratio"": 8.33, ""median_latency_ms"": 7.81}, ""4.0"": {""evoked_rate_hz"": 0.0, ""baseline_rate_hz"": 4.44, ""reliability"": 0.0, ""modulation_ratio"": 0.0, ""median_latency_ms"": null}}",False,0.501,not light responsive,0.911,Not statistically significant (p=1.0000 >= 0.05); No positive modulation (mod_ratio=0.98 <= 1.0),0.2015,0.2438,0.1192,0.089,0.0,0.5833,0.5595,1.0,1.4633,0.2315,low evidence (non-responsive),850244015,4.12512392413603,0.0125573389683356,95.8759306527705,0.99,0.0058142089826119,4.48119164616875,0.971333333333333,0.0037565740045078,good,11,180,8387,3018,6947,SCig,"10-ms optical pulse (473 nm, Ai32)",10.37,11.111,7.327,1.452,0.089,"1.0, 2.5, 4.0 mW calibrated",5,5,0.2438,0,0
721123822,707296982,760213137,950907225,SCig,45,8.889,5.556,0.562,4.961,1.492,1.055,0.044,0.067,0.977,0.301,0.44755,-0.092,-2.7778,"{""1.0"": {""evoked_rate_hz"": 8.33, ""baseline_rate_hz"": 13.33, ""reliability"": 0.067, ""modulation_ratio"": 0.58, ""median_latency_ms"": 3.91}, ""2.5"": {""evoked_rate_hz"": 8.33, ""baseline_rate_hz"": 13.33, ""reliability"": 0.067, ""modulation_ratio"": 0.58, ""median_latency_ms"": 6.02}, ""4.0"": {""evoked_rate_hz"": 0.0, ""baseline_rate_hz"": 0.0, ""reliability"": 0.0, ""modulation_ratio"": 0.0, ""median_latency_ms"": null}}",False,0.667,not light responsive,0.95,Not statistically significant (p=0.4476 >= 0.05); No positive modulation (mod_ratio=0.56 <= 1.0); Very low reliability (0.04 < 0.05),0.2374,0.2143,0.161,0.044,0.0,0.8205,0.5506,1.0,1.7932,0.1664,low evidence (non-responsive),850244015,3.77531853049988,0.0330062411740014,95.6538695170849,0.99,0.0036221169428081,4.71943040939285,0.971333333333333,0.0082604470359572,good,11,180,8387,3018,6947,SCig,"10-ms optical pulse (473 nm, Ai32)",8.889,5.556,4.961,1.492,0.044,"1.0, 2.5, 4.0 mW calibrated",3,4,0.2143,0,0
721123822,707296982,760213137,950907233,SCig,45,10.37,5.556,0.489,4.308,3.703,2.619,0.044,0.089,0.977,0.86,0.31568,-0.129,2.7778,"{""1.0"": {""evoked_rate_hz"": 0.0, ""baseline_rate_hz"": 4.44, ""reliability"": 0.0, ""modulation_ratio"": 0.0, ""median_latency_ms"": null}, ""2.5"": {""evoked_rate_hz"": 8.33, ""baseline_rate_hz"": 4.44, ""reliability"": 0.067, ""modulation_ratio"": 1.53, ""median_latency_ms"": 6.93}, ""4.0"": {""evoked_rate_hz"": 8.33, ""baseline_rate_hz"": 22.22, ""reliability"": 0.067, ""modulation_ratio"": 0.36, ""median_latency_ms"": 1.69}}",False,0.401,not light responsive,0.95,Not statistically significant (p=0.3157 >= 0.05); No positive modulation (mod_ratio=0.49 <= 1.0); Very low reliability (0.04 < 0.05),0.218,0.4051,0.1825,0.044,0.0,0.8637,0.2274,1.0,1.8682,0.1544,low evidence (non-responsive),850244023,1.27516055794521,0.0209851048991927,89.4870765675165,0.99,0.0253885993890613,4.11372778945366,0.989333333333333,0.0015701051970482,good,11,220,8368,2984,6954,SCig,"10-ms optical pulse (473 nm, Ai32)",10.37,5.556,4.308,3.703,0.044,"1.0, 2.5, 4.0 mW calibrated",3,5,0.4051,0,0
721123822,707296982,760213137,950907229,SCig,45,1.481,2.778,1.119,6.418,0.0,0.0,0.022,0.022,1.0,0.0,1.0,0.061,2.7778,"{""1.0"": {""evoked_rate_hz"": 0.0, ""baseline_rate_hz"": 4.44, ""reliability"": 0.0, ""modulation_ratio"": 0.0, ""median_latency_ms"": null}, ""2.5"": {""evoked_rate_hz"": 0.0, ""baseline_rate_hz"": 0.0, ""reliability"": 0.0, ""modulation_ratio"": 0.0, ""median_latency_ms"": null}, ""4.0"": {""evoked_rate_hz"": 8.33, ""baseline_rate_hz"": 0.0, ""reliability"": 0.067, ""modulation_ratio"": 8.33, ""median_latency_ms"": 6.42}}",False,-1.987,not light responsive,0.95,Not statistically significant (p=1.0000 >= 0.05); Very low reliability (0.02 < 0.05),0.2607,0.097,0.1192,0.022,0.0809,0.688,1.0,1.0,1.6705,0.1882,low evidence (non-responsive),850244021,2.8509799998777,0.0059083408593649,106.400626275689,0.99,0.0062246755200225,5.19416437201738,0.982666666666667,0.0045324427480916,good,43,220,8373,2992,6952,SCig,"10-ms optical pulse (473 nm, Ai32)",1.481,2.778,6.418,0.0,0.022,"1.0, 2.5, 4.0 mW calibrated",1,1,0.097,0,0
721123822,707296982,760213137,950907235,SCig,45,11.852,5.556,0.432,6.219,1.382,0.977,0.044,0.044,0.977,0.222,0.21778,-0.164,2.7778,"{""1.0"": {""evoked_rate_hz"": 0.0, ""baseline_rate_hz"": 8.89, ""reliability"": 0.0, ""modulation_ratio"": 0.0, ""median_latency_ms"": null}, ""2.5"": {""evoked_rate_hz"": 8.33, ""baseline_rate_hz"": 4.44, ""reliability"": 0.067, ""modulation_ratio"": 1.53, ""median_latency_ms"": 5.24}, ""4.0"": {""evoked_rate_hz"": 8.33, ""baseline_rate_hz"": 22.22, ""reliability"": 0.067, ""modulation_ratio"": 0.36, ""median_latency_ms"": 7.2}}",False,-1.993,not light responsive,0.95,Not statistically significant (p=0.2178 >= 0.05); No positive modulation (mod_ratio=0.43 <= 1.0); Very low reliability (0.04 < 0.05),0.2372,0.1945,0.2078,0.044,0.0,0.709,0.5753,1.0,1.6842,0.1856,low evidence (non-responsive),850244031,3.30984292696531,0.0480647329515128,80.1698358373288,0.99,0.0165775266300338,4.98900029770721,0.986666666666667,0.004521306657624,good,11,260,8350,2950,6961,SCig,"10-ms optical pulse (473 nm, Ai32)",11.852,5.556,6.219,1.382,0.044,"1.0, 2.5, 4.0 mW calibrated",3,5,0.1945,0,0
721123822,707296982,760213137,950907582,SCig,45,17.778,16.667,0.888,2.324,2.686,3.479,0.133,0.089,0.886,0.78,0.86713,-0.019,5.5556,"{""1.0"": {""evoked_rate_hz"": 8.33, ""baseline_rate_hz"": 26.67, ""reliability"": 0.067, ""modulation_ratio"": 0.3, ""median_latency_ms"": 1.77}, ""2.5"": {""evoked_rate_hz"": 16.67, ""baseline_rate_hz"": 8.89, ""reliability"": 0.133, ""modulation_ratio"": 1.69, ""median_latency_ms"": 5.29}, ""4.0"": {""evoked_rate_hz"": 25.0, ""baseline_rate_hz"": 17.78, ""reliability"": 0.2, ""modulation_ratio"": 1.33, ""median_latency_ms"": 1.5}}",False,-1.663,not light responsive,0.867,Not statistically significant (p=0.8671 >= 0.05); No positive modulation (mod_ratio=0.89 <= 1.0),0.2469,0.5793,0.1259,0.133,0.0,0.9447,0.3415,1.0,1.9263,0.1457,low evidence (non-responsive),850244039,2.63235151545973,0.0438556161950076,94.7797690089681,0.99,0.0186298983927722,3.51563622219276,0.951333333333333,0.0306621519939804,good,11,300,8331,2915,6969,SCig,"10-ms optical pulse (473 nm, Ai32)",17.778,16.667,2.324,2.686,0.133,"1.0, 2.5, 4.0 mW calibrated",8,8,0.5793,0,0
721123822,707296982,760213137,950907242,SCig,45,7.407,2.778,0.33,2.451,0.0,0.0,0.022,0.044,1.0,0.0,0.22378,-0.16,0.0,"{""1.0"": {""evoked_rate_hz"": 0.0, ""baseline_rate_hz"": 8.89, ""reliability"": 0.0, ""modulation_ratio"": 0.0, ""median_latency_ms"": null}, ""2.5"": {""evoked_rate_hz"": 8.33, ""baseline_rate_hz"": 0.0, ""reliability"": 0.067, ""modulation_ratio"": 8.33, ""median_latency_ms"": 2.45}, ""4.0"": {""evoked_rate_hz"": 0.0, ""baseline_rate_hz"": 13.33, ""reliability"": 0.0, ""modulation_ratio"": 0.0, ""median_latency_ms"": null}}",False,-1.987,not light responsive,0.95,Not statistically significant (p=0.2238 >= 0.05); No positive modulation (mod_ratio=0.33 <= 1.0); Very low reliability (0.02 < 0.05),0.3085,0.0659,0.2059,0.022,0.0,0.9413,1.0,1.0,2.2038,0.1104,low evidence (non-responsive),850244039,3.15143515346452,0.123973973838403,53.4856648433026,0.99,0.0897709806375163,3.98413749802961,0.829333333333333,0.0080442433383609,good,11,300,8331,2915,6969,SCig,"10-ms optical pulse (473 nm, Ai32)",7.407,2.778,2.451,0.0,0.022,"1.0, 2.5, 4.0 mW calibrated",1,3,0.0659,0,0
721123822,707296982,760213137,950907248,SCig,45,16.296,11.111,0.642,5.312,2.352,3.497,0.089,0.133,0.932,0.462,0.44655,-0.1,5.5556,"{""1.0"": {""evoked_rate_hz"": 8.33, ""baseline_rate_hz"": 22.22, ""reliability"": 0.067, ""modulation_ratio"": 0.36, ""median_latency_ms"": 7.29}, ""2.5"": {""evoked_rate_hz"": 0.0, ""baseline_rate_hz"": 13.33, ""reliability"": 0.0, ""modulation_ratio"": 0.0, ""median_latency_ms"": null}, ""4.0"": {""evoked_rate_hz"": 25.0, ""baseline_rate_hz"": 13.33, ""reliability"": 0.2, ""modulation_ratio"": 1.74, ""median_latency_ms"": 3.79}}",False,-0.497,not light responsive,0.911,Not statistically significant (p=0.4466 >= 0.05); No positive modulation (mod_ratio=0.64 <= 1.0),0.2286,0.3175,0.1611,0.089,0.0,0.7931,0.3903,1.0,1.6014,0.2016,low evidence (non-responsive),850244047,3.46827368608244,0.006659500785673,153.710497495884,0.99,0.0003491150071207,8.27762723519077,1.0,0.0002531004808909,good,11,340,8312,2881,6976,SCig,"10-ms optical pulse (473 nm, Ai32)",16.296,11.111,5.312,2.352,0.089,"1.0, 2.5, 4.0 mW calibrated",5,7,0.3175,0,0
721123822,707296982,760213137,950907256,DG,45,1.481,0.0,0.0,,,,0.0,0.022,0.0,,1.0,-0.149,0.0,"{""1.0"": {""evoked_rate_hz"": 0.0, ""baseline_rate_hz"": 4.44, ""reliability"": 0.0, ""modulation_ratio"": 0.0, ""median_latency_ms"": null}, ""2.5"": {""evoked_rate_hz"": 0.0, ""baseline_rate_hz"": 0.0, ""reliability"": 0.0, ""modulation_ratio"": 0.0, ""median_latency_ms"": null}, ""4.0"": {""evoked_rate_hz"": 0.0, ""baseline_rate_hz"": 0.0, ""reliability"": 0.0, ""modulation_ratio"": 0.0, ""median_latency_ms"": null}}",False,1.0,not light responsive,0.95,Not statistically significant (p=1.0000 >= 0.05); No positive modulation (mod_ratio=0.00 <= 1.0); Very low reliability (0.00 < 0.05),0.0376,0.144,0.1192,0.0,0.0,0.0002,0.0183,1.0,4.6165,0.0099,low evidence (non-responsive),850244183,3.79994529247828,0.0,,0.98,0.03614522825003,,1.0,,good,11,1020,7988,2274,7154,DG,"10-ms optical pulse (473 nm, Ai32)",1.481,0.0,,,0.0,"1.0, 2.5, 4.0 mW calibrated",0,1,0.144,0,0
721123822,707296982,760213137,950907546,CA1,45,10.37,8.333,0.733,4.408,2.163,2.112,0.067,0.089,0.955,0.437,0.7013,-0.044,5.5556,"{""1.0"": {""evoked_rate_hz"": 0.0, ""baseline_rate_hz"": 8.89, ""reliability"": 0.0, ""modulation_ratio"": 0.0, ""median_latency_ms"": null}, ""2.5"": {""evoked_rate_hz"": 8.33, ""baseline_rate_hz"": 4.44, ""reliability"": 0.067, ""modulation_ratio"": 1.53, ""median_latency_ms"": 4.41}, ""4.0"": {""evoked_rate_hz"": 16.67, ""baseline_rate_hz"": 17.78, ""reliability"": 0.133, ""modulation_ratio"": 0.89, ""median_latency_ms"": 5.22}}",False,-887.889,not light responsive,0.933,Not statistically significant (p=0.7013 >= 0.05); No positive modulation (mod_ratio=0.73 <= 1.0),0.2284,0.3024,0.1364,0.067,0.0,0.8577,0.421,1.0,1.7787,0.1689,low evidence (non-responsive),850244319,3.943883108831,0.0825167004930024,58.4235808113196,0.99,0.0008543154643249,4.34675064024788,0.872666666666667,0.0058751141280616,good,11,1700,7698,1633,7510,CA1,"10-ms optical pulse (473 nm, Ai32)",10.37,8.333,4.408,2.163,0.067,"1.0, 2.5, 4.0 mW calibrated",4,5,0.3024,0,0
721123822,707296982,760213137,950907296,CA1,45,1.481,2.778,1.119,2.389,0.0,0.0,0.022,0.022,1.0,0.0,1.0,0.061,0.0,"{""1.0"": {""evoked_rate_hz"": 0.0, ""baseline_rate_hz"": 4.44, ""reliability"": 0.0, ""modulation_ratio"": 0.0, ""median_latency_ms"": null}, ""2.5"": {""evoked_rate_hz"": 8.33, ""baseline_rate_hz"": 0.0, ""reliability"": 0.067, ""modulation_ratio"": 8.33, ""median_latency_ms"": 2.39}, ""4.0"": {""evoked_rate_hz"": 0.0, ""baseline_rate_hz"": 0.0, ""reliability"": 0.0, ""modulation_ratio"": 0.0, ""median_latency_ms"": null}}",False,1.0,not light responsive,0.95,Not statistically significant (p=1.0000 >= 0.05); Very low reliability (0.02 < 0.05),0.2989,0.0686,0.1192,0.022,0.0809,0.943,1.0,1.0,2.1452,0.117,low evidence (non-responsive),850244323,2.15358491398658,0.309350012914083,66.664742302252,0.99,0.0337858281379524,4.41885791512661,0.986,0.0008236923883335,good,27,1720,7690,1614,7523,CA1,"10-ms optical pulse (473 nm, Ai32)",1.481,2.778,2.389,0.0,0.022,"1.0, 2.5, 4.0 mW calibrated",1,1,0.0686,0,0
721123822,707296982,760213137,950907552,CA1,45,10.37,2.778,0.244,5.912,0.0,0.0,0.022,0.111,1.0,0.0,0.07792,-0.24,-2.7778,"{""1.0"": {""evoked_rate_hz"": 8.33, ""baseline_rate_hz"": 8.89, ""reliability"": 0.067, ""modulation_ratio"": 0.84, ""median_latency_ms"": 5.91}, ""2.5"": {""evoked_rate_hz"": 0.0, ""baseline_rate_hz"": 13.33, ""reliability"": 0.0, ""modulation_ratio"": 0.0, ""median_latency_ms"": null}, ""4.0"": {""evoked_rate_hz"": 0.0, ""baseline_rate_hz"": 8.89, ""reliability"": 0.0, ""modulation_ratio"": 0.0, ""median_latency_ms"": null}}",False,0.833,not light responsive,0.95,Not statistically significant (p=0.0779 >= 0.05); No positive modulation (mod_ratio=0.24 <= 1.0); Very low reliability (0.02 < 0.05),0.3037,0.0885,0.2908,0.022,0.0,0.7396,1.0,1.0,1.7901,0.1669,low evidence (non-responsive),850244327,2.57118816615502,0.434338011680915,71.1905525095617,0.95,0.0210355881196634,4.71809568841366,0.979333333333333,0.001631881817401,good,11,1740,7682,1595,7537,CA1,"10-ms optical pulse (473 nm, Ai32)",10.37,2.778,5.912,0.0,0.022,"1.0, 2.5, 4.0 mW calibrated",1,5,0.0885,0,0
721123822,707296982,760213137,950907301,CA1,45,20.741,5.556,0.256,3.502,3.072,2.172,0.044,0.133,0.977,0.877,0.01598,-0.349,0.0,"{""1.0"": {""evoked_rate_hz"": 8.33, ""baseline_rate_hz"": 17.78, ""reliability"": 0.067, ""modulation_ratio"": 0.44, ""median_latency_ms"": 5.67}, ""2.5"": {""evoked_rate_hz"": 0.0, ""baseline_rate_hz"": 17.78, ""reliability"": 0.0, ""modulation_ratio"": 0.0, ""median_latency_ms"": null}, ""4.0"": {""evoked_rate_hz"": 8.33, ""baseline_rate_hz"": 26.67, ""reliability"": 0.067, ""modulation_ratio"": 0.3, ""median_latency_ms"": 1.33}}",False,0.001,not light responsive,0.95,Not statistically significant (p=0.0160 >= 0.05); No positive modulation (mod_ratio=0.26 <= 1.0); Very low reliability (0.04 < 0.05),0.3107,0.405,0.4493,0.044,0.0,0.9046,0.2926,1.0,1.9756,0.1387,low evidence (non-responsive),850244327,5.10509086968634,0.0,124.364300358831,0.98,0.0001467330127363,7.95230812057153,1.0,0.0,good,11,1740,7682,1595,7537,CA1,"10-ms optical pulse (473 nm, Ai32)",20.741,5.556,3.502,3.072,0.044,"1.0, 2.5, 4.0 mW calibrated",3,9,0.405,0,0
721123822,707296982,760213137,950907306,CA1,45,5.926,8.333,1.203,8.496,4.159,3.709,0.067,0.067,0.955,0.658,0.81818,0.063,2.7778,"{""1.0"": {""evoked_rate_hz"": 8.33, ""baseline_rate_hz"": 4.44, ""reliability"": 0.067, ""modulation_ratio"": 1.53, ""median_latency_ms"": 8.95}, ""2.5"": {""evoked_rate_hz"": 0.0, ""baseline_rate_hz"": 8.89, ""reliability"": 0.0, ""modulation_ratio"": 0.0, ""median_latency_ms"": null}, ""4.0"": {""evoked_rate_hz"": 16.67, ""baseline_rate_hz"": 4.44, ""reliability"": 0.133, ""modulation_ratio"": 3.06, ""median_latency_ms"": 5.01}}",False,-2.982,not light responsive,0.933,Not statistically significant (p=0.8182 >= 0.05),0.1665,0.3349,0.1287,0.067,0.1325,0.4383,0.1895,1.0,1.3822,0.251,low evidence (non-responsive),850244335,2.84566224116177,0.304699260979319,62.6521029754293,0.98,0.0140603784476463,3.9994517663981,0.809333333333333,0.0299199325747998,good,11,1780,7666,1557,7564,CA1,"10-ms optical pulse (473 nm, Ai32)",5.926,8.333,8.496,4.159,0.067,"1.0, 2.5, 4.0 mW calibrated",4,3,0.3349,0,0
721123822,707296982,760213137,950907314,CA1,45,11.852,5.556,0.432,7.653,0.813,0.575,0.044,0.067,0.977,0.106,0.26673,-0.145,-2.7778,"{""1.0"": {""evoked_rate_hz"": 8.33, ""baseline_rate_hz"": 13.33, ""reliability"": 0.067, ""modulation_ratio"": 0.58, ""median_latency_ms"": 7.08}, ""2.5"": {""evoked_rate_hz"": 8.33, ""baseline_rate_hz"": 0.0, ""reliability"": 0.067, ""modulation_ratio"": 8.33, ""median_latency_ms"": 8.23}, ""4.0"": {""evoked_rate_hz"": 0.0, ""baseline_rate_hz"": 22.22, ""reliability"": 0.0, ""modulation_ratio"": 0.0, ""median_latency_ms"": null}}",False,0.251,not light responsive,0.95,Not statistically significant (p=0.2667 >= 0.05); No positive modulation (mod_ratio=0.43 <= 1.0); Very low reliability (0.04 < 0.05),0.2228,0.1583,0.1937,0.044,0.0,0.5433,0.7224,1.0,1.6266,0.1966,low evidence (non-responsive),850244343,2.72438248173441,0.498879375416699,60.625816046484,0.99,0.0296665023341496,4.42418569473175,0.895333333333333,0.0086206896551724,good,11,1820,7645,1511,7597,CA1,"10-ms optical pulse (473 nm, Ai32)",11.852,5.556,7.653,0.813,0.044,"1.0, 2.5, 4.0 mW calibrated",3,5,0.1583,0,0
721123822,707296982,760213137,950907319,CA1,45,17.778,19.444,1.036,5.605,2.007,3.377,0.156,0.2,0.864,0.371,0.88312,0.027,-2.7778,"{""1.0"": {""evoked_rate_hz"": 16.67, ""baseline_rate_hz"": 13.33, ""reliability"": 0.133, ""modulation_ratio"": 1.16, ""median_latency_ms"": 3.17}, ""2.5"": {""evoked_rate_hz"": 33.33, ""baseline_rate_hz"": 4.44, ""reliability"": 0.267, ""modulation_ratio"": 6.12, ""median_latency_ms"": 6.33}, ""4.0"": {""evoked_rate_hz"": 8.33, ""baseline_rate_hz"": 35.56, ""reliability"": 0.067, ""modulation_ratio"": 0.23, ""median_latency_ms"": 7.67}}",False,0.001,not light responsive,0.844,Not statistically significant (p=0.8831 >= 0.05),0.2416,0.3638,0.125,0.156,0.0255,0.7681,0.4481,1.0,1.3332,0.2636,low evidence (non-responsive),850244347,2.47399358585671,0.0409601144602264,77.4333747182025,0.99,0.0559240477511633,4.51200036475417,0.970666666666667,0.0222120797200669,good,27,1840,7637,1492,7610,CA1,"10-ms optical pulse (473 nm, Ai32)",17.778,19.444,5.605,2.007,0.156,"1.0, 2.5, 4.0 mW calibrated",9,8,0.3638,0,0
721123822,707296982,760213137,950907328,CA1,45,14.815,16.667,1.054,2.464,1.73,1.663,0.133,0.089,0.886,0.605,0.85814,0.033,-2.7778,"{""1.0"": {""evoked_rate_hz"": 16.67, ""baseline_rate_hz"": 17.78, ""reliability"": 0.133, ""modulation_ratio"": 0.89, ""median_latency_ms"": 2.43}, ""2.5"": {""evoked_rate_hz"": 25.0, ""baseline_rate_hz"": 13.33, ""reliability"": 0.2, ""modulation_ratio"": 1.74, ""median_latency_ms"": 1.72}, ""4.0"": {""evoked_rate_hz"": 8.33, ""baseline_rate_hz"": 13.33, ""reliability"": 0.067, ""modulation_ratio"": 0.58, ""median_latency_ms"": 3.37}}",False,0.201,not light responsive,0.867,Not statistically significant (p=0.8581 >= 0.05),0.2699,0.4244,0.1264,0.133,0.0379,0.9409,0.5006,1.0,1.8619,0.1554,low evidence (non-responsive),850244355,3.25605739725687,0.0,112.85163082586,0.96,0.0007726326572055,7.59601898856704,0.998,0.0,good,27,1880,7621,1457,7633,CA1,"10-ms optical pulse (473 nm, Ai32)",14.815,16.667,2.464,1.73,0.133,"1.0, 2.5, 4.0 mW calibrated",8,7,0.4244,0,0
721123822,707296982,760213137,950907555,VISam,45,1.481,5.556,2.239,5.499,3.742,2.646,0.044,0.0,0.977,0.68,0.48651,0.145,-5.5556,"{""1.0"": {""evoked_rate_hz"": 16.67, ""baseline_rate_hz"": 0.0, ""reliability"": 0.133, ""modulation_ratio"": 16.67, ""median_latency_ms"": 5.5}, ""2.5"": {""evoked_rate_hz"": 0.0, ""baseline_rate_hz"": 0.0, ""reliability"": 0.0, ""modulation_ratio"": 0.0, ""median_latency_ms"": null}, ""4.0"": {""evoked_rate_hz"": 0.0, ""baseline_rate_hz"": 4.44, ""reliability"": 0.0, ""modulation_ratio"": 0.0, ""median_latency_ms"": null}}",False,0.004,not light responsive,0.95,Not statistically significant (p=0.4865 >= 0.05); Very low reliability (0.04 < 0.05),0.3016,0.376,0.1562,0.044,0.5237,0.7774,0.2238,1.0,1.4338,0.2384,low evidence (non-responsive),850244433,2.39321357249389,0.152775729703277,127.564750798353,0.99,0.0591844384598325,3.65475142904778,0.964666666666667,0.0338389731621937,good,59,2280,7455,1146,7729,VISam,"10-ms optical pulse (473 nm, Ai32)",1.481,5.556,5.499,3.742,0.044,"1.0, 2.5, 4.0 mW calibrated",3,1,0.376,0,0
721123822,707296982,760213137,950907350,VISam,45,0.0,2.778,2.778,1.907,0.0,0.0,0.022,0.0,1.0,0.0,1.0,0.149,2.7778,"{""1.0"": {""evoked_rate_hz"": 0.0, ""baseline_rate_hz"": 0.0, ""reliability"": 0.0, ""modulation_ratio"": 0.0, ""median_latency_ms"": null}, ""2.5"": {""evoked_rate_hz"": 0.0, ""baseline_rate_hz"": 0.0, ""reliability"": 0.0, ""modulation_ratio"": 0.0, ""median_latency_ms"": null}, ""4.0"": {""evoked_rate_hz"": 8.33, ""baseline_rate_hz"": 0.0, ""reliability"": 0.067, ""modulation_ratio"": 8.33, ""median_latency_ms"": 1.91}}",False,1.0,not light responsive,0.95,Not statistically significant (p=1.0000 >= 0.05); Very low reliability (0.02 < 0.05),0.4099,0.0699,0.1192,0.022,0.6273,0.9546,1.0,1.0,2.1159,0.1205,intermediate evidence (uncertain / borderline),850244433,2.2389716357865,0.0877774574809305,63.0298156461595,0.99,0.0134545259629675,3.62475841428795,0.947333333333333,0.0071823204419889,good,59,2280,7455,1146,7729,VISam,"10-ms optical pulse (473 nm, Ai32)",0.0,2.778,1.907,0.0,0.022,"1.0, 2.5, 4.0 mW calibrated",1,0,0.0699,0,0
721123822,707296982,760213137,950907356,VISam,45,2.963,0.0,0.0,,,,0.0,0.022,0.0,,0.48052,-0.213,0.0,"{""1.0"": {""evoked_rate_hz"": 0.0, ""baseline_rate_hz"": 4.44, ""reliability"": 0.0, ""modulation_ratio"": 0.0, ""median_latency_ms"": null}, ""2.5"": {""evoked_rate_hz"": 0.0, ""baseline_rate_hz"": 0.0, ""reliability"": 0.0, ""modulation_ratio"": 0.0, ""median_latency_ms"": null}, ""4.0"": {""evoked_rate_hz"": 0.0, ""baseline_rate_hz"": 4.44, ""reliability"": 0.0, ""modulation_ratio"": 0.0, ""median_latency_ms"": null}}",False,1.0,not light responsive,0.95,Not statistically significant (p=0.4805 >= 0.05); No positive modulation (mod_ratio=0.00 <= 1.0); Very low reliability (0.00 < 0.05),0.0489,0.144,0.1569,0.0,0.0,0.0002,0.0183,1.0,4.6165,0.0099,low evidence (non-responsive),850244439,1.90129068145942,0.326987135820042,58.7862594174314,0.99,0.070571052687699,2.77812825167703,0.819333333333333,0.0135231316725979,good,11,2300,7440,1116,7735,VISam,"10-ms optical pulse (473 nm, Ai32)",2.963,0.0,,,0.0,"1.0, 2.5, 4.0 mW calibrated",0,1,0.144,0,0
721123822,707296982,760213137,950907360,VISam,45,0.0,0.0,0.0,,,,0.0,0.0,0.0,,1.0,0.0,0.0,"{""1.0"": {""evoked_rate_hz"": 0.0, ""baseline_rate_hz"": 0.0, ""reliability"": 0.0, ""modulation_ratio"": 0.0, ""median_latency_ms"": null}, ""2.5"": {""evoked_rate_hz"": 0.0, ""baseline_rate_hz"": 0.0, ""reliability"": 0.0, ""modulation_ratio"": 0.0, ""median_latency_ms"": null}, ""4.0"": {""evoked_rate_hz"": 0.0, ""baseline_rate_hz"": 0.0, ""reliability"": 0.0, ""modulation_ratio"": 0.0, ""median_latency_ms"": null}}",False,1.0,insufficient evidence,0.0,Insufficient trial count (<10) or zero spikes recorded,0.0376,0.144,0.1192,0.0,0.0,0.0002,0.0183,1.0,4.6165,0.0099,insufficient evidence,850244447,3.79140627523684,0.13626806369102,49.0182454249397,0.99,0.0216125446827345,3.30097485121966,0.808666666666667,0.0104446012702893,good,11,2340,7423,1079,7744,VISam,"10-ms optical pulse (473 nm, Ai32)",0.0,0.0,,,0.0,"1.0, 2.5, 4.0 mW calibrated",0,0,0.144,0,-1
721123822,707296982,760213137,950907364,VISam,45,0.0,0.0,0.0,,,,0.0,0.0,0.0,,1.0,0.0,0.0,"{""1.0"": {""evoked_rate_hz"": 0.0, ""baseline_rate_hz"": 0.0, ""reliability"": 0.0, ""modulation_ratio"": 0.0, ""median_latency_ms"": null}, ""2.5"": {""evoked_rate_hz"": 0.0, ""baseline_rate_hz"": 0.0, ""reliability"": 0.0, ""modulation_ratio"": 0.0, ""median_latency_ms"": null}, ""4.0"": {""evoked_rate_hz"": 0.0, ""baseline_rate_hz"": 0.0, ""reliability"": 0.0, ""modulation_ratio"": 0.0, ""median_latency_ms"": null}}",False,-221.222,insufficient evidence,0.0,Insufficient trial count (<10) or zero spikes recorded,0.0376,0.144,0.1192,0.0,0.0,0.0002,0.0183,1.0,4.6165,0.0099,insufficient evidence,850244451,4.51617039966579,0.0,47.668320126585,0.97,0.0066364203779874,4.1474874788679,0.943089430894309,0.0001004116879204,good,27,2360,7416,1063,7748,VISam,"10-ms optical pulse (473 nm, Ai32)",0.0,0.0,,,0.0,"1.0, 2.5, 4.0 mW calibrated",0,0,0.144,0,-1
721123822,707296982,760213137,950907362,VISam,45,26.667,55.556,2.008,5.705,1.926,1.901,0.4,0.156,0.773,0.361,0.01499,0.388,22.2222,"{""1.0"": {""evoked_rate_hz"": 8.33, ""baseline_rate_hz"": 22.22, ""reliability"": 0.067, ""modulation_ratio"": 0.36, ""median_latency_ms"": 5.63}, ""2.5"": {""evoked_rate_hz"": 83.33, ""baseline_rate_hz"": 35.56, ""reliability"": 0.6, ""modulation_ratio"": 2.28, ""median_latency_ms"": 5.27}, ""4.0"": {""evoked_rate_hz"": 75.0, ""baseline_rate_hz"": 22.22, ""reliability"": 0.533, ""modulation_ratio"": 3.23, ""median_latency_ms"": 5.91}}",False,0.334,putatively directly optotagged,0.648,Passes direct criteria: mod=2.01>2.0; rel=0.40>=0.3; lat=5.71<8.0ms; p=0.0150<0.05,0.4899,0.5475,0.4562,0.4,0.4644,0.7591,0.4628,1.0,0.7611,0.4672,intermediate evidence (uncertain / borderline),850244449,3.47758812357315,0.0,171.620003988508,0.99,2.02674197245616e-06,8.88201894038556,1.0,0.0,good,59,2360,7419,1071,7746,VISam,"10-ms optical pulse (473 nm, Ai32)",26.667,55.556,5.705,1.926,0.4,"1.0, 2.5, 4.0 mW calibrated",25,12,0.5475,1,2
721123822,707296982,760213137,950907370,VISam,45,1.481,0.0,0.0,,,,0.0,0.022,0.0,,1.0,-0.149,0.0,"{""1.0"": {""evoked_rate_hz"": 0.0, ""baseline_rate_hz"": 0.0, ""reliability"": 0.0, ""modulation_ratio"": 0.0, ""median_latency_ms"": null}, ""2.5"": {""evoked_rate_hz"": 0.0, ""baseline_rate_hz"": 4.44, ""reliability"": 0.0, ""modulation_ratio"": 0.0, ""median_latency_ms"": null}, ""4.0"": {""evoked_rate_hz"": 0.0, ""baseline_rate_hz"": 0.0, ""reliability"": 0.0, ""modulation_ratio"": 0.0, ""median_latency_ms"": null}}",False,-221.222,not light responsive,0.95,Not statistically significant (p=1.0000 >= 0.05); No positive modulation (mod_ratio=0.00 <= 1.0); Very low reliability (0.00 < 0.05),0.0376,0.144,0.1192,0.0,0.0,0.0002,0.0183,1.0,4.6165,0.0099,low evidence (non-responsive),850244455,2.97915890814838,0.172933003784442,38.4647079753592,0.99,0.0009166094991813,3.90149976591114,0.82312925170068,0.001353225751886,good,11,2380,7409,1048,7752,VISam,"10-ms optical pulse (473 nm, Ai32)",1.481,0.0,,,0.0,"1.0, 2.5, 4.0 mW calibrated",0,1,0.144,0,0
721123822,707296982,760213137,950907368,VISam,45,11.852,2.778,0.216,4.564,0.0,0.0,0.022,0.067,1.0,0.0,0.05894,-0.254,-2.7778,"{""1.0"": {""evoked_rate_hz"": 8.33, ""baseline_rate_hz"": 22.22, ""reliability"": 0.067, ""modulation_ratio"": 0.36, ""median_latency_ms"": 4.56}, ""2.5"": {""evoked_rate_hz"": 0.0, ""baseline_rate_hz"": 8.89, ""reliability"": 0.0, ""modulation_ratio"": 0.0, ""median_latency_ms"": null}, ""4.0"": {""evoked_rate_hz"": 0.0, ""baseline_rate_hz"": 4.44, ""reliability"": 0.0, ""modulation_ratio"": 0.0, ""median_latency_ms"": null}}",False,0.501,not light responsive,0.95,Not statistically significant (p=0.0589 >= 0.05); No positive modulation (mod_ratio=0.22 <= 1.0); Very low reliability (0.02 < 0.05),0.3276,0.0806,0.3164,0.022,0.0,0.8479,1.0,1.0,1.9157,0.1472,low evidence (non-responsive),850244455,2.70451691920277,0.343692102415043,65.787846870508,0.99,0.0301174485339891,2.94388635626623,0.873333333333333,0.0283203125,good,11,2380,7409,1048,7752,VISam,"10-ms optical pulse (473 nm, Ai32)",11.852,2.778,4.564,0.0,0.022,"1.0, 2.5, 4.0 mW calibrated",1,5,0.0806,0,0
721123822,707296982,760213137,950907386,VISam,45,0.0,0.0,0.0,,,,0.0,0.0,0.0,,1.0,0.0,0.0,"{""1.0"": {""evoked_rate_hz"": 0.0, ""baseline_rate_hz"": 0.0, ""reliability"": 0.0, ""modulation_ratio"": 0.0, ""median_latency_ms"": null}, ""2.5"": {""evoked_rate_hz"": 0.0, ""baseline_rate_hz"": 0.0, ""reliability"": 0.0, ""modulation_ratio"": 0.0, ""median_latency_ms"": null}, ""4.0"": {""evoked_rate_hz"": 0.0, ""baseline_rate_hz"": 0.0, ""reliability"": 0.0, ""modulation_ratio"": 0.0, ""median_latency_ms"": null}}",False,-221.222,insufficient evidence,0.0,Insufficient trial count (<10) or zero spikes recorded,0.0376,0.144,0.1192,0.0,0.0,0.0002,0.0183,1.0,4.6165,0.0099,insufficient evidence,850244471,0.97318244704689,0.0194494344119797,66.3327970868613,0.99,0.0653670636186432,3.13774282071247,0.947163947163947,0.0015324069236931,good,11,2460,7374,968,7776,VISam,"10-ms optical pulse (473 nm, Ai32)",0.0,0.0,,,0.0,"1.0, 2.5, 4.0 mW calibrated",0,0,0.144,0,-1
721123822,707296982,760213137,950907392,VISam,45,0.0,0.0,0.0,,,,0.0,0.0,0.0,,1.0,0.0,0.0,"{""1.0"": {""evoked_rate_hz"": 0.0, ""baseline_rate_hz"": 0.0, ""reliability"": 0.0, ""modulation_ratio"": 0.0, ""median_latency_ms"": null}, ""2.5"": {""evoked_rate_hz"": 0.0, ""baseline_rate_hz"": 0.0, ""reliability"": 0.0, ""modulation_ratio"": 0.0, ""median_latency_ms"": null}, ""4.0"": {""evoked_rate_hz"": 0.0, ""baseline_rate_hz"": 0.0, ""reliability"": 0.0, ""modulation_ratio"": 0.0, ""median_latency_ms"": null}}",False,0.004,insufficient evidence,0.0,Insufficient trial count (<10) or zero spikes recorded,0.0376,0.144,0.1192,0.0,0.0,0.0002,0.0183,1.0,4.6165,0.0099,insufficient evidence,850244475,3.55668843601671,0.132423364755106,58.5841431336176,0.99,0.0028515857542564,3.57752677008276,0.944761904761905,0.0004071246819338,good,27,2480,7368,952,7781,VISam,"10-ms optical pulse (473 nm, Ai32)",0.0,0.0,,,0.0,"1.0, 2.5, 4.0 mW calibrated",0,0,0.144,0,-1
721123822,707296982,760213137,950907563,VISam,45,10.37,2.778,0.244,4.794,0.0,0.0,0.022,0.022,1.0,0.0,0.07493,-0.24,-2.7778,"{""1.0"": {""evoked_rate_hz"": 8.33, ""baseline_rate_hz"": 8.89, ""reliability"": 0.067, ""modulation_ratio"": 0.84, ""median_latency_ms"": 4.79}, ""2.5"": {""evoked_rate_hz"": 0.0, ""baseline_rate_hz"": 17.78, ""reliability"": 0.0, ""modulation_ratio"": 0.0, ""median_latency_ms"": null}, ""4.0"": {""evoked_rate_hz"": 0.0, ""baseline_rate_hz"": 4.44, ""reliability"": 0.0, ""modulation_ratio"": 0.0, ""median_latency_ms"": null}}",False,-1332.333,not light responsive,0.95,Not statistically significant (p=0.0749 >= 0.05); No positive modulation (mod_ratio=0.24 <= 1.0); Very low reliability (0.02 < 0.05),0.3187,0.0821,0.2943,0.022,0.0,0.8324,1.0,1.0,1.8906,0.151,low evidence (non-responsive),850244473,4.10517949648212,0.0255502923266983,71.0516806699594,0.99,0.0010010327582486,3.5710357103112,0.963986599664992,0.0017357494966326,good,59,2480,7371,960,7778,VISam,"10-ms optical pulse (473 nm, Ai32)",10.37,2.778,4.794,0.0,0.022,"1.0, 2.5, 4.0 mW calibrated",1,5,0.0821,0,0
721123822,707296982,760213137,950907561,VISam,45,14.815,0.0,0.0,,,,0.0,0.133,0.0,,0.002,-0.529,0.0,"{""1.0"": {""evoked_rate_hz"": 0.0, ""baseline_rate_hz"": 17.78, ""reliability"": 0.0, ""modulation_ratio"": 0.0, ""median_latency_ms"": null}, ""2.5"": {""evoked_rate_hz"": 0.0, ""baseline_rate_hz"": 22.22, ""reliability"": 0.0, ""modulation_ratio"": 0.0, ""median_latency_ms"": null}, ""4.0"": {""evoked_rate_hz"": 0.0, ""baseline_rate_hz"": 4.44, ""reliability"": 0.0, ""modulation_ratio"": 0.0, ""median_latency_ms"": null}}",False,0.201,not light responsive,0.95,Not statistically significant (p=0.0020 >= 0.05); No positive modulation (mod_ratio=0.00 <= 1.0); Very low reliability (0.00 < 0.05),0.2022,0.144,0.668,0.0,0.0,0.0002,0.0183,1.0,4.6165,0.0099,low evidence (non-responsive),850244473,2.90379271894738,0.033542712814775,68.0425475739764,0.99,0.0005120141187189,3.15182095179834,0.939393939393939,0.0068577026696056,good,59,2480,7371,960,7778,VISam,"10-ms optical pulse (473 nm, Ai32)",14.815,0.0,,,0.0,"1.0, 2.5, 4.0 mW calibrated",0,7,0.144,0,0
721123822,707296982,760213137,950907396,VISam,45,17.778,8.333,0.444,3.106,0.462,0.421,0.067,0.2,0.955,0.16,0.15784,-0.202,-8.3333,"{""1.0"": {""evoked_rate_hz"": 25.0, ""baseline_rate_hz"": 17.78, ""reliability"": 0.2, ""modulation_ratio"": 1.33, ""median_latency_ms"": 3.11}, ""2.5"": {""evoked_rate_hz"": 0.0, ""baseline_rate_hz"": 17.78, ""reliability"": 0.0, ""modulation_ratio"": 0.0, ""median_latency_ms"": null}, ""4.0"": {""evoked_rate_hz"": 0.0, ""baseline_rate_hz"": 17.78, ""reliability"": 0.0, ""modulation_ratio"": 0.0, ""median_latency_ms"": null}}",False,-443.444,not light responsive,0.933,Not statistically significant (p=0.1578 >= 0.05); No positive modulation (mod_ratio=0.44 <= 1.0),0.3075,0.1714,0.2318,0.067,0.0,0.9203,0.8313,1.0,1.9632,0.1404,low evidence (non-responsive),850244473,2.57514220546239,0.0395777437759266,84.0105862071469,0.99,0.0038148333372824,3.14377735967585,0.994240460763139,0.0022019502988361,good,59,2480,7371,960,7778,VISam,"10-ms optical pulse (473 nm, Ai32)",17.778,8.333,3.106,0.462,0.067,"1.0, 2.5, 4.0 mW calibrated",4,8,0.1714,0,0
721123822,707296982,760213137,950907402,VISam,45,14.815,8.333,0.527,2.947,2.102,2.071,0.067,0.156,0.955,0.625,0.24376,-0.159,-5.5556,"{""1.0"": {""evoked_rate_hz"": 16.67, ""baseline_rate_hz"": 8.89, ""reliability"": 0.133, ""modulation_ratio"": 1.69, ""median_latency_ms"": 3.57}, ""2.5"": {""evoked_rate_hz"": 8.33, ""baseline_rate_hz"": 17.78, ""reliability"": 0.067, ""modulation_ratio"": 0.44, ""median_latency_ms"": 2.95}, ""4.0"": {""evoked_rate_hz"": 0.0, ""baseline_rate_hz"": 17.78, ""reliability"": 0.0, ""modulation_ratio"": 0.0, ""median_latency_ms"": null}}",False,0.667,not light responsive,0.933,Not statistically significant (p=0.2438 >= 0.05); No positive modulation (mod_ratio=0.53 <= 1.0),0.2588,0.3676,0.1999,0.067,0.0,0.926,0.4314,1.0,1.9882,0.1369,low evidence (non-responsive),850244479,3.60979443043216,0.029782456770238,48.889162500233,0.99,0.0002360616663029,3.65220280257359,0.932666666666667,0.0025166543301258,good,11,2500,7361,936,7787,VISam,"10-ms optical pulse (473 nm, Ai32)",14.815,8.333,2.947,2.102,0.067,"1.0, 2.5, 4.0 mW calibrated",4,7,0.3676,0,0
721123822,707296982,760213137,950907394,VISam,45,19.259,63.889,3.154,4.243,2.247,3.94,0.422,0.133,0.856,0.511,0.001,0.587,19.4444,"{""1.0"": {""evoked_rate_hz"": 41.67, ""baseline_rate_hz"": 13.33, ""reliability"": 0.333, ""modulation_ratio"": 2.91, ""median_latency_ms"": 3.53}, ""2.5"": {""evoked_rate_hz"": 50.0, ""baseline_rate_hz"": 13.33, ""reliability"": 0.333, ""modulation_ratio"": 3.49, ""median_latency_ms"": 5.25}, ""4.0"": {""evoked_rate_hz"": 100.0, ""baseline_rate_hz"": 31.11, ""reliability"": 0.6, ""modulation_ratio"": 3.11, ""median_latency_ms"": 6.08}}",False,-1.141,putatively directly optotagged,0.679,Passes direct criteria: mod=3.15>2.0; rel=0.42>=0.3; lat=4.24<8.0ms; p=0.0010<0.05,0.6316,0.5409,0.7311,0.422,0.6797,0.8674,0.4071,1.0,1.2985,0.2729,intermediate evidence (uncertain / borderline),850244479,3.72517437740392,0.0079780336377355,83.7539375157374,0.99,0.0021482201195468,6.12721808851068,0.990666666666667,0.00012482057043,good,11,2500,7361,936,7787,VISam,"10-ms optical pulse (473 nm, Ai32)",19.259,63.889,4.243,2.247,0.422,"1.0, 2.5, 4.0 mW calibrated",29,9,0.5409,1,2
721123822,707296982,760213137,950907398,VISam,45,16.296,55.556,3.212,5.224,2.044,3.664,0.444,0.111,0.568,0.391,0.002,0.538,8.3333,"{""1.0"": {""evoked_rate_hz"": 33.33, ""baseline_rate_hz"": 13.33, ""reliability"": 0.267, ""modulation_ratio"": 2.33, ""median_latency_ms"": 3.91}, ""2.5"": {""evoked_rate_hz"": 75.0, ""baseline_rate_hz"": 13.33, ""reliability"": 0.6, ""modulation_ratio"": 5.23, ""median_latency_ms"": 6.26}, ""4.0"": {""evoked_rate_hz"": 58.33, ""baseline_rate_hz"": 22.22, ""reliability"": 0.467, ""modulation_ratio"": 2.51, ""median_latency_ms"": 5.3}}",False,-0.071,putatively directly optotagged,0.678,Passes direct criteria: mod=3.21>2.0; rel=0.44>=0.3; lat=5.22<8.0ms; p=0.0020<0.05,0.6129,0.5054,0.668,0.444,0.6867,0.8003,0.4415,1.0,1.2113,0.2978,intermediate evidence (uncertain / borderline),850244477,1.31911233166451,0.0209695906558431,79.4955828886316,0.99,0.0576776600545876,3.52844682517854,0.982666666666667,0.0012404749246854,good,43,2500,7364,944,7784,VISam,"10-ms optical pulse (473 nm, Ai32)",16.296,55.556,5.224,2.044,0.444,"1.0, 2.5, 4.0 mW calibrated",25,7,0.5054,1,2
721123822,707296982,760213137,950907406,VISam,45,10.37,2.778,0.244,3.396,0.0,0.0,0.022,0.067,1.0,0.0,0.07293,-0.24,2.7778,"{""1.0"": {""evoked_rate_hz"": 0.0, ""baseline_rate_hz"": 13.33, ""reliability"": 0.0, ""modulation_ratio"": 0.0, ""median_latency_ms"": null}, ""2.5"": {""evoked_rate_hz"": 0.0, ""baseline_rate_hz"": 8.89, ""reliability"": 0.0, ""modulation_ratio"": 0.0, ""median_latency_ms"": null}, ""4.0"": {""evoked_rate_hz"": 8.33, ""baseline_rate_hz"": 8.89, ""reliability"": 0.067, ""modulation_ratio"": 0.84, ""median_latency_ms"": 3.4}}",False,1.0,not light responsive,0.95,Not statistically significant (p=0.0729 >= 0.05); No positive modulation (mod_ratio=0.24 <= 1.0); Very low reliability (0.02 < 0.05),0.3309,0.0726,0.2967,0.022,0.0,0.909,1.0,1.0,2.0632,0.127,low evidence (non-responsive),850244483,4.69875810615819,0.0165061204091792,86.4144774185866,0.99,0.0004437914914324,5.7094096539972,0.979220779220779,0.0002426763737216,good,27,2520,7354,919,7792,VISam,"10-ms optical pulse (473 nm, Ai32)",10.37,2.778,3.396,0.0,0.022,"1.0, 2.5, 4.0 mW calibrated",1,5,0.0726,0,0
721123822,707296982,760213137,950907565,VISam,45,14.815,5.556,0.351,3.17,1.543,1.091,0.044,0.089,0.977,0.487,0.11588,-0.216,-5.5556,"{""1.0"": {""evoked_rate_hz"": 16.67, ""baseline_rate_hz"": 8.89, ""reliability"": 0.133, ""modulation_ratio"": 1.69, ""median_latency_ms"": 3.17}, ""2.5"": {""evoked_rate_hz"": 0.0, ""baseline_rate_hz"": 17.78, ""reliability"": 0.0, ""modulation_ratio"": 0.0, ""median_latency_ms"": null}, ""4.0"": {""evoked_rate_hz"": 0.0, ""baseline_rate_hz"": 17.78, ""reliability"": 0.0, ""modulation_ratio"": 0.0, ""median_latency_ms"": null}}",False,-0.996,not light responsive,0.95,Not statistically significant (p=0.1159 >= 0.05); No positive modulation (mod_ratio=0.35 <= 1.0); Very low reliability (0.04 < 0.05),0.2796,0.2657,0.2565,0.044,0.0,0.918,0.5395,1.0,2.024,0.1321,low evidence (non-responsive),850244481,1.85955669454587,0.0809746391035621,61.0273886887503,0.99,0.0356244185678188,2.79444477441903,0.94125159642401,0.0020535989321285,good,59,2520,7358,928,7790,VISam,"10-ms optical pulse (473 nm, Ai32)",14.815,5.556,3.17,1.543,0.044,"1.0, 2.5, 4.0 mW calibrated",3,7,0.2657,0,0
721123822,707296982,760213137,950907404,VISam,45,10.37,2.778,0.244,3.092,0.0,0.0,0.022,0.111,1.0,0.0,0.06494,-0.24,-2.7778,"{""1.0"": {""evoked_rate_hz"": 8.33, ""baseline_rate_hz"": 4.44, ""reliability"": 0.067, ""modulation_ratio"": 1.53, ""median_latency_ms"": 3.09}, ""2.5"": {""evoked_rate_hz"": 0.0, ""baseline_rate_hz"": 13.33, ""reliability"": 0.0, ""modulation_ratio"": 0.0, ""median_latency_ms"": null}, ""4.0"": {""evoked_rate_hz"": 0.0, ""baseline_rate_hz"": 13.33, ""reliability"": 0.0, ""modulation_ratio"": 0.0, ""median_latency_ms"": null}}",False,1.0,not light responsive,0.95,Not statistically significant (p=0.0649 >= 0.05); No positive modulation (mod_ratio=0.24 <= 1.0); Very low reliability (0.02 < 0.05),0.3358,0.0704,0.3074,0.022,0.0,0.9209,1.0,1.0,2.1066,0.1217,low evidence (non-responsive),850244481,4.00644214168485,0.0011310211495521,76.2487824432237,0.99,0.0001270274390042,5.50293631587025,0.991760299625468,0.0004884004884004,good,59,2520,7358,928,7790,VISam,"10-ms optical pulse (473 nm, Ai32)",10.37,2.778,3.092,0.0,0.022,"1.0, 2.5, 4.0 mW calibrated",1,5,0.0704,0,0
721123822,707296982,760213137,950907388,VISam,45,8.889,2.778,0.281,4.043,0.0,0.0,0.022,0.044,1.0,0.0,0.14486,-0.201,2.7778,"{""1.0"": {""evoked_rate_hz"": 0.0, ""baseline_rate_hz"": 8.89, ""reliability"": 0.0, ""modulation_ratio"": 0.0, ""median_latency_ms"": null}, ""2.5"": {""evoked_rate_hz"": 0.0, ""baseline_rate_hz"": 4.44, ""reliability"": 0.0, ""modulation_ratio"": 0.0, ""median_latency_ms"": null}, ""4.0"": {""evoked_rate_hz"": 8.33, ""baseline_rate_hz"": 13.33, ""reliability"": 0.067, ""modulation_ratio"": 0.58, ""median_latency_ms"": 4.04}}",False,0.002,not light responsive,0.95,Not statistically significant (p=0.1449 >= 0.05); No positive modulation (mod_ratio=0.28 <= 1.0); Very low reliability (0.02 < 0.05),0.3088,0.0771,0.2385,0.022,0.0,0.8785,1.0,1.0,1.9776,0.1384,low evidence (non-responsive),850244481,3.30566614958042,0.111773050825518,43.8267778825951,0.99,0.0011158895568768,3.65461256940392,0.754189944134078,0.0015952211248006,good,59,2520,7358,928,7790,VISam,"10-ms optical pulse (473 nm, Ai32)",8.889,2.778,4.043,0.0,0.022,"1.0, 2.5, 4.0 mW calibrated",1,4,0.0771,0,0
721123822,707296982,760213137,950907428,VISam,45,19.259,2.778,0.137,2.815,0.0,0.0,0.022,0.156,1.0,0.0,0.001,-0.518,2.7778,"{""1.0"": {""evoked_rate_hz"": 0.0, ""baseline_rate_hz"": 26.67, ""reliability"": 0.0, ""modulation_ratio"": 0.0, ""median_latency_ms"": null}, ""2.5"": {""evoked_rate_hz"": 0.0, ""baseline_rate_hz"": 13.33, ""reliability"": 0.0, ""modulation_ratio"": 0.0, ""median_latency_ms"": null}, ""4.0"": {""evoked_rate_hz"": 8.33, ""baseline_rate_hz"": 17.78, ""reliability"": 0.067, ""modulation_ratio"": 0.44, ""median_latency_ms"": 2.81}}",False,0.75,not light responsive,0.95,Not statistically significant (p=0.0010 >= 0.05); No positive modulation (mod_ratio=0.14 <= 1.0); Very low reliability (0.02 < 0.05),0.4644,0.0684,0.7311,0.022,0.0,0.9304,1.0,1.0,2.1476,0.1168,intermediate evidence (uncertain / borderline),850244487,2.58591043003242,0.13318710317313,48.6656716692684,0.99,0.004037354689416,3.03331573417044,0.890547263681592,0.002157829839704,good,11,2540,7345,894,7801,VISam,"10-ms optical pulse (473 nm, Ai32)",19.259,2.778,2.815,0.0,0.022,"1.0, 2.5, 4.0 mW calibrated",1,9,0.0684,0,0
721123822,707296982,760213137,950907408,VISam,45,8.889,27.778,2.809,3.724,1.675,1.772,0.222,0.089,0.795,0.47,0.02997,0.343,2.7778,"{""1.0"": {""evoked_rate_hz"": 8.33, ""baseline_rate_hz"": 13.33, ""reliability"": 0.067, ""modulation_ratio"": 0.58, ""median_latency_ms"": 3.67}, ""2.5"": {""evoked_rate_hz"": 58.33, ""baseline_rate_hz"": 4.44, ""reliability"": 0.467, ""modulation_ratio"": 10.71, ""median_latency_ms"": 3.26}, ""4.0"": {""evoked_rate_hz"": 16.67, ""baseline_rate_hz"": 8.89, ""reliability"": 0.133, ""modulation_ratio"": 1.69, ""median_latency_ms"": 3.82}}",False,-0.166,light-responsive / indirect or uncertain,0.65,Sub-threshold reliability (0.22 < 0.3),0.4822,0.4478,0.383,0.222,0.6322,0.8945,0.5117,1.0,1.239,0.2897,intermediate evidence (uncertain / borderline),850244485,2.54650180054944,0.0319409843405416,78.8078279605327,0.99,0.0853453500529834,4.89101306221074,0.975333333333333,0.0008643721515008,good,43,2540,7348,903,7798,VISam,"10-ms optical pulse (473 nm, Ai32)",8.889,27.778,3.724,1.675,0.222,"1.0, 2.5, 4.0 mW calibrated",13,4,0.4478,0,1
721123822,707296982,760213137,950907420,VISam,45,2.963,8.333,2.103,3.033,3.233,3.149,0.067,0.022,0.955,0.833,0.43057,0.153,-2.7778,"{""1.0"": {""evoked_rate_hz"": 16.67, ""baseline_rate_hz"": 0.0, ""reliability"": 0.133, ""modulation_ratio"": 16.67, ""median_latency_ms"": 5.24}, ""2.5"": {""evoked_rate_hz"": 0.0, ""baseline_rate_hz"": 4.44, ""reliability"": 0.0, ""modulation_ratio"": 0.0, ""median_latency_ms"": null}, ""4.0"": {""evoked_rate_hz"": 8.33, ""baseline_rate_hz"": 4.44, ""reliability"": 0.067, ""modulation_ratio"": 1.53, ""median_latency_ms"": 1.16}}",False,0.004,not light responsive,0.933,Not statistically significant (p=0.4306 >= 0.05),0.3296,0.509,0.1633,0.067,0.4901,0.923,0.2744,1.0,1.7042,0.1819,low evidence (non-responsive),850244489,2.01727891052205,0.104594595547785,46.4901505588384,0.99,0.0552392463653879,3.84621072807212,0.822404371584699,0.0019475194751947,good,59,2560,7341,886,7804,VISam,"10-ms optical pulse (473 nm, Ai32)",2.963,8.333,3.033,3.233,0.067,"1.0, 2.5, 4.0 mW calibrated",4,1,0.509,0,0
721123822,707296982,760213137,950907434,VISam,45,20.741,5.556,0.256,5.069,2.019,1.428,0.044,0.178,0.977,0.398,0.01499,-0.332,2.7778,"{""1.0"": {""evoked_rate_hz"": 0.0, ""baseline_rate_hz"": 17.78, ""reliability"": 0.0, ""modulation_ratio"": 0.0, ""median_latency_ms"": null}, ""2.5"": {""evoked_rate_hz"": 8.33, ""baseline_rate_hz"": 17.78, ""reliability"": 0.067, ""modulation_ratio"": 0.44, ""median_latency_ms"": 3.64}, ""4.0"": {""evoked_rate_hz"": 8.33, ""baseline_rate_hz"": 26.67, ""reliability"": 0.067, ""modulation_ratio"": 0.3, ""median_latency_ms"": 6.5}}",False,0.6,not light responsive,0.95,Not statistically significant (p=0.0150 >= 0.05); No positive modulation (mod_ratio=0.26 <= 1.0); Very low reliability (0.04 < 0.05),0.3143,0.2492,0.4562,0.044,0.0,0.8124,0.4459,1.0,1.7819,0.1683,low evidence (non-responsive),850244495,2.11467532030911,0.195440323124307,64.7321823835456,0.99,0.0727422251622261,3.1791054215464,0.808666666666667,0.0273370292487096,good,11,2580,7331,861,7814,VISam,"10-ms optical pulse (473 nm, Ai32)",20.741,5.556,5.069,2.019,0.044,"1.0, 2.5, 4.0 mW calibrated",3,9,0.2492,0,0
721123822,707296982,760213137,950907432,VISam,45,16.296,2.778,0.161,5.134,0.0,0.0,0.022,0.133,1.0,0.0,0.00599,-0.407,2.7778,"{""1.0"": {""evoked_rate_hz"": 0.0, ""baseline_rate_hz"": 13.33, ""reliability"": 0.0, ""modulation_ratio"": 0.0, ""median_latency_ms"": null}, ""2.5"": {""evoked_rate_hz"": 0.0, ""baseline_rate_hz"": 8.89, ""reliability"": 0.0, ""modulation_ratio"": 0.0, ""median_latency_ms"": null}, ""4.0"": {""evoked_rate_hz"": 8.33, ""baseline_rate_hz"": 26.67, ""reliability"": 0.067, ""modulation_ratio"": 0.3, ""median_latency_ms"": 5.13}}",False,0.501,not light responsive,0.95,Not statistically significant (p=0.0060 >= 0.05); No positive modulation (mod_ratio=0.16 <= 1.0); Very low reliability (0.02 < 0.05),0.3932,0.0842,0.5554,0.022,0.0,0.8074,1.0,1.0,1.8562,0.1563,intermediate evidence (uncertain / borderline),850244495,2.66429089987244,0.376427334499409,41.5434314477591,0.99,0.0173961923498427,3.44828873702131,0.607009694258016,0.0113053491049932,good,11,2580,7331,861,7814,VISam,"10-ms optical pulse (473 nm, Ai32)",16.296,2.778,5.134,0.0,0.022,"1.0, 2.5, 4.0 mW calibrated",1,7,0.0842,0,0
721123822,707296982,760213137,950907425,VISam,45,0.0,0.0,0.0,,,,0.0,0.0,0.0,,1.0,0.0,0.0,"{""1.0"": {""evoked_rate_hz"": 0.0, ""baseline_rate_hz"": 0.0, ""reliability"": 0.0, ""modulation_ratio"": 0.0, ""median_latency_ms"": null}, ""2.5"": {""evoked_rate_hz"": 0.0, ""baseline_rate_hz"": 0.0, ""reliability"": 0.0, ""modulation_ratio"": 0.0, ""median_latency_ms"": null}, ""4.0"": {""evoked_rate_hz"": 0.0, ""baseline_rate_hz"": 0.0, ""reliability"": 0.0, ""modulation_ratio"": 0.0, ""median_latency_ms"": null}}",False,1.0,insufficient evidence,0.0,Insufficient trial count (<10) or zero spikes recorded,0.0376,0.144,0.1192,0.0,0.0,0.0002,0.0183,1.0,4.6165,0.0099,insufficient evidence,850244495,2.4473558126202,0.140976959254344,44.3989730231293,0.99,0.0022599407284753,2.73650157767962,0.834782608695652,0.0006069802731411,good,11,2580,7331,861,7814,VISam,"10-ms optical pulse (473 nm, Ai32)",0.0,0.0,,,0.0,"1.0, 2.5, 4.0 mW calibrated",0,0,0.144,0,-1
721123822,707296982,760213137,950907430,VISam,45,1.481,0.0,0.0,,,,0.0,0.022,0.0,,1.0,-0.149,0.0,"{""1.0"": {""evoked_rate_hz"": 0.0, ""baseline_rate_hz"": 4.44, ""reliability"": 0.0, ""modulation_ratio"": 0.0, ""median_latency_ms"": null}, ""2.5"": {""evoked_rate_hz"": 0.0, ""baseline_rate_hz"": 0.0, ""reliability"": 0.0, ""modulation_ratio"": 0.0, ""median_latency_ms"": null}, ""4.0"": {""evoked_rate_hz"": 0.0, ""baseline_rate_hz"": 0.0, ""reliability"": 0.0, ""modulation_ratio"": 0.0, ""median_latency_ms"": null}}",False,1.0,not light responsive,0.95,Not statistically significant (p=1.0000 >= 0.05); No positive modulation (mod_ratio=0.00 <= 1.0); Very low reliability (0.00 < 0.05),0.0376,0.144,0.1192,0.0,0.0,0.0002,0.0183,1.0,4.6165,0.0099,low evidence (non-responsive),850244493,2.86685234250697,0.0574233947531697,52.3936127896737,0.99,0.0019406559285786,3.52487806823304,0.893004115226337,0.0015715213009463,good,43,2580,7335,869,7810,VISam,"10-ms optical pulse (473 nm, Ai32)",1.481,0.0,,,0.0,"1.0, 2.5, 4.0 mW calibrated",0,1,0.144,0,0
721123822,707296982,760213137,950907443,VISam,45,2.963,0.0,0.0,,,,0.0,0.044,0.0,,0.4965,-0.213,0.0,"{""1.0"": {""evoked_rate_hz"": 0.0, ""baseline_rate_hz"": 8.89, ""reliability"": 0.0, ""modulation_ratio"": 0.0, ""median_latency_ms"": null}, ""2.5"": {""evoked_rate_hz"": 0.0, ""baseline_rate_hz"": 0.0, ""reliability"": 0.0, ""modulation_ratio"": 0.0, ""median_latency_ms"": null}, ""4.0"": {""evoked_rate_hz"": 0.0, ""baseline_rate_hz"": 0.0, ""reliability"": 0.0, ""modulation_ratio"": 0.0, ""median_latency_ms"": null}}",False,1.0,not light responsive,0.95,Not statistically significant (p=0.4965 >= 0.05); No positive modulation (mod_ratio=0.00 <= 1.0); Very low reliability (0.00 < 0.05),0.0484,0.144,0.155,0.0,0.0,0.0002,0.0183,1.0,4.6165,0.0099,low evidence (non-responsive),850244499,3.27393123514329,0.0094730280875649,53.835170613631,0.99,0.0005975371042523,3.77831164629261,0.917543859649123,0.000747536527353,good,27,2600,7322,836,7823,VISam,"10-ms optical pulse (473 nm, Ai32)",2.963,0.0,,,0.0,"1.0, 2.5, 4.0 mW calibrated",0,1,0.144,0,0
721123822,707296982,760213137,950907439,VISam,45,8.889,2.778,0.281,3.418,0.0,0.0,0.022,0.089,1.0,0.0,0.13986,-0.201,2.7778,"{""1.0"": {""evoked_rate_hz"": 0.0, ""baseline_rate_hz"": 8.89, ""reliability"": 0.0, ""modulation_ratio"": 0.0, ""median_latency_ms"": null}, ""2.5"": {""evoked_rate_hz"": 0.0, ""baseline_rate_hz"": 0.0, ""reliability"": 0.0, ""modulation_ratio"": 0.0, ""median_latency_ms"": null}, ""4.0"": {""evoked_rate_hz"": 8.33, ""baseline_rate_hz"": 17.78, ""reliability"": 0.067, ""modulation_ratio"": 0.44, ""median_latency_ms"": 3.42}}",False,1.0,not light responsive,0.95,Not statistically significant (p=0.1399 >= 0.05); No positive modulation (mod_ratio=0.28 <= 1.0); Very low reliability (0.02 < 0.05),0.3141,0.0727,0.2413,0.022,0.0,0.9081,1.0,1.0,2.0602,0.1274,low evidence (non-responsive),850244497,2.58617561981943,0.472532997145084,42.0662833486892,0.99,0.0186110430067614,3.20054808005746,0.64018691588785,0.0136161025212425,good,59,2600,7325,844,7820,VISam,"10-ms optical pulse (473 nm, Ai32)",8.889,2.778,3.418,0.0,0.022,"1.0, 2.5, 4.0 mW calibrated",1,4,0.0727,0,0
721123822,707296982,760213137,950907437,VISam,45,1.481,0.0,0.0,,,,0.0,0.022,0.0,,1.0,-0.149,0.0,"{""1.0"": {""evoked_rate_hz"": 0.0, ""baseline_rate_hz"": 0.0, ""reliability"": 0.0, ""modulation_ratio"": 0.0, ""median_latency_ms"": null}, ""2.5"": {""evoked_rate_hz"": 0.0, ""baseline_rate_hz"": 0.0, ""reliability"": 0.0, ""modulation_ratio"": 0.0, ""median_latency_ms"": null}, ""4.0"": {""evoked_rate_hz"": 0.0, ""baseline_rate_hz"": 4.44, ""reliability"": 0.0, ""modulation_ratio"": 0.0, ""median_latency_ms"": null}}",False,0.004,not light responsive,0.95,Not statistically significant (p=1.0000 >= 0.05); No positive modulation (mod_ratio=0.00 <= 1.0); Very low reliability (0.00 < 0.05),0.0376,0.144,0.1192,0.0,0.0,0.0002,0.0183,1.0,4.6165,0.0099,low evidence (non-responsive),850244497,2.495911246782,0.340556566767195,43.4956995560283,0.99,0.0756475590262392,3.4492612157316,0.599395313681028,0.0153781776336437,good,59,2600,7325,844,7820,VISam,"10-ms optical pulse (473 nm, Ai32)",1.481,0.0,,,0.0,"1.0, 2.5, 4.0 mW calibrated",0,1,0.144,0,0
721123822,707296982,760213137,950907451,VISam,45,5.926,2.778,0.401,2.266,0.0,0.0,0.022,0.044,1.0,0.0,0.35764,-0.115,-2.7778,"{""1.0"": {""evoked_rate_hz"": 8.33, ""baseline_rate_hz"": 0.0, ""reliability"": 0.067, ""modulation_ratio"": 8.33, ""median_latency_ms"": 2.27}, ""2.5"": {""evoked_rate_hz"": 0.0, ""baseline_rate_hz"": 8.89, ""reliability"": 0.0, ""modulation_ratio"": 0.0, ""median_latency_ms"": null}, ""4.0"": {""evoked_rate_hz"": 0.0, ""baseline_rate_hz"": 8.89, ""reliability"": 0.0, ""modulation_ratio"": 0.0, ""median_latency_ms"": null}}",False,0.002,not light responsive,0.95,Not statistically significant (p=0.3576 >= 0.05); No positive modulation (mod_ratio=0.40 <= 1.0); Very low reliability (0.02 < 0.05),0.2998,0.0646,0.1746,0.022,0.0,0.9462,1.0,1.0,2.2332,0.1072,low evidence (non-responsive),850244503,3.17319348318449,0.163016610395121,51.6705334254183,0.99,0.0078158824515047,4.58478549877172,0.914027149321267,0.0010225994477963,good,11,2620,7315,819,7830,VISam,"10-ms optical pulse (473 nm, Ai32)",5.926,2.778,2.266,0.0,0.022,"1.0, 2.5, 4.0 mW calibrated",1,3,0.0646,0,0
721123822,707296982,760213137,950907445,VISam,45,10.37,5.556,0.489,2.329,0.706,0.499,0.044,0.067,0.977,0.303,0.31668,-0.129,0.0,"{""1.0"": {""evoked_rate_hz"": 8.33, ""baseline_rate_hz"": 4.44, ""reliability"": 0.067, ""modulation_ratio"": 1.53, ""median_latency_ms"": 2.83}, ""2.5"": {""evoked_rate_hz"": 0.0, ""baseline_rate_hz"": 13.33, ""reliability"": 0.0, ""modulation_ratio"": 0.0, ""median_latency_ms"": null}, ""4.0"": {""evoked_rate_hz"": 8.33, ""baseline_rate_hz"": 13.33, ""reliability"": 0.067, ""modulation_ratio"": 0.58, ""median_latency_ms"": 1.83}}",False,0.6,not light responsive,0.95,Not statistically significant (p=0.3167 >= 0.05); No positive modulation (mod_ratio=0.49 <= 1.0); Very low reliability (0.04 < 0.05),0.2828,0.1949,0.1823,0.044,0.0,0.9446,0.754,1.0,2.156,0.1158,low evidence (non-responsive),850244501,2.00739061508366,0.158071843490161,56.1304853661021,0.99,0.0743672246292484,2.84870495635734,0.858,0.0121331828442438,good,43,2620,7319,827,7826,VISam,"10-ms optical pulse (473 nm, Ai32)",10.37,5.556,2.329,0.706,0.044,"1.0, 2.5, 4.0 mW calibrated",3,5,0.1949,0,0
721123822,707296982,760213137,950907457,VISam,45,0.0,2.778,2.778,3.761,0.0,0.0,0.022,0.0,1.0,0.0,1.0,0.149,-2.7778,"{""1.0"": {""evoked_rate_hz"": 8.33, ""baseline_rate_hz"": 0.0, ""reliability"": 0.067, ""modulation_ratio"": 8.33, ""median_latency_ms"": 3.76}, ""2.5"": {""evoked_rate_hz"": 0.0, ""baseline_rate_hz"": 0.0, ""reliability"": 0.0, ""modulation_ratio"": 0.0, ""median_latency_ms"": null}, ""4.0"": {""evoked_rate_hz"": 0.0, ""baseline_rate_hz"": 0.0, ""reliability"": 0.0, ""modulation_ratio"": 0.0, ""median_latency_ms"": null}}",False,-665.667,not light responsive,0.95,Not statistically significant (p=1.0000 >= 0.05); Very low reliability (0.02 < 0.05),0.4006,0.0871,0.1192,0.022,0.6273,0.8928,1.0,1.0,1.811,0.1635,intermediate evidence (uncertain / borderline),850244511,3.07167019539463,0.450218058467367,44.7962123576076,0.99,0.0656499685725297,3.58489862735555,0.816479400749064,0.0033562793246344,good,11,2660,7299,776,7846,VISam,"10-ms optical pulse (473 nm, Ai32)",0.0,2.778,3.761,0.0,0.022,"1.0, 2.5, 4.0 mW calibrated",1,0,0.0871,0,0
721123822,707296982,760213137,950907463,VISam,45,5.926,0.0,0.0,,,,0.0,0.022,0.0,,0.12987,-0.309,0.0,"{""1.0"": {""evoked_rate_hz"": 0.0, ""baseline_rate_hz"": 8.89, ""reliability"": 0.0, ""modulation_ratio"": 0.0, ""median_latency_ms"": null}, ""2.5"": {""evoked_rate_hz"": 0.0, ""baseline_rate_hz"": 0.0, ""reliability"": 0.0, ""modulation_ratio"": 0.0, ""median_latency_ms"": null}, ""4.0"": {""evoked_rate_hz"": 0.0, ""baseline_rate_hz"": 8.89, ""reliability"": 0.0, ""modulation_ratio"": 0.0, ""median_latency_ms"": null}}",False,-0.991,not light responsive,0.95,Not statistically significant (p=0.1299 >= 0.05); No positive modulation (mod_ratio=0.00 <= 1.0); Very low reliability (0.00 < 0.05),0.076,0.144,0.2472,0.0,0.0,0.0002,0.0183,1.0,4.6165,0.0099,low evidence (non-responsive),850244515,2.04248639497896,0.0829666198776357,53.7453553201599,0.99,0.0132208201975804,2.81976019062575,0.859333333333333,0.01953125,good,27,2680,7293,759,7853,VISam,"10-ms optical pulse (473 nm, Ai32)",5.926,0.0,,,0.0,"1.0, 2.5, 4.0 mW calibrated",0,3,0.144,0,0
721123822,707296982,760213137,950907473,VISam,45,0.0,0.0,0.0,,,,0.0,0.0,0.0,,1.0,0.0,0.0,"{""1.0"": {""evoked_rate_hz"": 0.0, ""baseline_rate_hz"": 0.0, ""reliability"": 0.0, ""modulation_ratio"": 0.0, ""median_latency_ms"": null}, ""2.5"": {""evoked_rate_hz"": 0.0, ""baseline_rate_hz"": 0.0, ""reliability"": 0.0, ""modulation_ratio"": 0.0, ""median_latency_ms"": null}, ""4.0"": {""evoked_rate_hz"": 0.0, ""baseline_rate_hz"": 0.0, ""reliability"": 0.0, ""modulation_ratio"": 0.0, ""median_latency_ms"": null}}",False,-221.222,insufficient evidence,0.0,Insufficient trial count (<10) or zero spikes recorded,0.0376,0.144,0.1192,0.0,0.0,0.0002,0.0183,1.0,4.6165,0.0099,insufficient evidence,850244519,2.30968685094915,0.492124472230555,38.3361418437538,0.99,0.0072575011579554,2.87579552122334,0.905426356589147,0.002384602282405,good,11,2700,7287,742,7860,VISam,"10-ms optical pulse (473 nm, Ai32)",0.0,0.0,,,0.0,"1.0, 2.5, 4.0 mW calibrated",0,0,0.144,0,-1
721123822,707296982,760213137,950907471,VISam,45,0.0,0.0,0.0,,,,0.0,0.0,0.0,,1.0,0.0,0.0,"{""1.0"": {""evoked_rate_hz"": 0.0, ""baseline_rate_hz"": 0.0, ""reliability"": 0.0, ""modulation_ratio"": 0.0, ""median_latency_ms"": null}, ""2.5"": {""evoked_rate_hz"": 0.0, ""baseline_rate_hz"": 0.0, ""reliability"": 0.0, ""modulation_ratio"": 0.0, ""median_latency_ms"": null}, ""4.0"": {""evoked_rate_hz"": 0.0, ""baseline_rate_hz"": 0.0, ""reliability"": 0.0, ""modulation_ratio"": 0.0, ""median_latency_ms"": null}}",False,1.0,insufficient evidence,0.0,Insufficient trial count (<10) or zero spikes recorded,0.0376,0.144,0.1192,0.0,0.0,0.0002,0.0183,1.0,4.6165,0.0099,insufficient evidence,850244519,7.31020952879972,0.0,75.3566835336517,0.95,0.0067862276655929,8.51429594343425,0.888888888888889,0.0001003613006824,good,11,2700,7287,742,7860,VISam,"10-ms optical pulse (473 nm, Ai32)",0.0,0.0,,,0.0,"1.0, 2.5, 4.0 mW calibrated",0,0,0.144,0,-1
721123822,707296982,760213137,950907467,VISam,45,0.0,0.0,0.0,,,,0.0,0.0,0.0,,1.0,0.0,0.0,"{""1.0"": {""evoked_rate_hz"": 0.0, ""baseline_rate_hz"": 0.0, ""reliability"": 0.0, ""modulation_ratio"": 0.0, ""median_latency_ms"": null}, ""2.5"": {""evoked_rate_hz"": 0.0, ""baseline_rate_hz"": 0.0, ""reliability"": 0.0, ""modulation_ratio"": 0.0, ""median_latency_ms"": null}, ""4.0"": {""evoked_rate_hz"": 0.0, ""baseline_rate_hz"": 0.0, ""reliability"": 0.0, ""modulation_ratio"": 0.0, ""median_latency_ms"": null}}",False,1.0,insufficient evidence,0.0,Insufficient trial count (<10) or zero spikes recorded,0.0376,0.144,0.1192,0.0,0.0,0.0002,0.0183,1.0,4.6165,0.0099,insufficient evidence,850244517,3.86108438013925,0.258863260905546,62.7590633602804,0.99,0.0033220418315711,4.51577742842535,0.952380952380952,0.0001685544768069,good,43,2700,7290,750,7857,VISam,"10-ms optical pulse (473 nm, Ai32)",0.0,0.0,,,0.0,"1.0, 2.5, 4.0 mW calibrated",0,0,0.144,0,-1
721123822,707296982,760213137,950907493,VISam,45,2.963,0.0,0.0,,,,0.0,0.044,0.0,,0.47752,-0.213,0.0,"{""1.0"": {""evoked_rate_hz"": 0.0, ""baseline_rate_hz"": 0.0, ""reliability"": 0.0, ""modulation_ratio"": 0.0, ""median_latency_ms"": null}, ""2.5"": {""evoked_rate_hz"": 0.0, ""baseline_rate_hz"": 0.0, ""reliability"": 0.0, ""modulation_ratio"": 0.0, ""median_latency_ms"": null}, ""4.0"": {""evoked_rate_hz"": 0.0, ""baseline_rate_hz"": 8.89, ""reliability"": 0.0, ""modulation_ratio"": 0.0, ""median_latency_ms"": null}}",False,-0.991,not light responsive,0.95,Not statistically significant (p=0.4775 >= 0.05); No positive modulation (mod_ratio=0.00 <= 1.0); Very low reliability (0.00 < 0.05),0.049,0.144,0.1572,0.0,0.0,0.0002,0.0183,1.0,4.6165,0.0099,low evidence (non-responsive),850244527,2.68186595844052,0.233792617686558,77.2850170723799,0.99,0.0735102853329839,3.80548552236897,0.99039780521262,0.000805830004905,good,11,2740,7271,699,7877,VISam,"10-ms optical pulse (473 nm, Ai32)",2.963,0.0,,,0.0,"1.0, 2.5, 4.0 mW calibrated",0,1,0.144,0,0
721123822,707296982,760213137,950907506,VISam,45,8.889,5.556,0.562,2.515,0.806,0.57,0.044,0.089,0.977,0.32,0.47852,-0.099,0.0,"{""1.0"": {""evoked_rate_hz"": 8.33, ""baseline_rate_hz"": 4.44, ""reliability"": 0.067, ""modulation_ratio"": 1.53, ""median_latency_ms"": 1.95}, ""2.5"": {""evoked_rate_hz"": 0.0, ""baseline_rate_hz"": 8.89, ""reliability"": 0.0, ""modulation_ratio"": 0.0, ""median_latency_ms"": null}, ""4.0"": {""evoked_rate_hz"": 8.33, ""baseline_rate_hz"": 13.33, ""reliability"": 0.067, ""modulation_ratio"": 0.58, ""median_latency_ms"": 3.08}}",False,-0.991,not light responsive,0.95,Not statistically significant (p=0.4785 >= 0.05); No positive modulation (mod_ratio=0.56 <= 1.0); Very low reliability (0.04 < 0.05),0.2715,0.2024,0.1571,0.044,0.0,0.9395,0.7244,1.0,2.1257,0.1193,low evidence (non-responsive),850244531,3.89547110653777,0.0099681438353028,122.047258412449,0.99,9.68143610822081e-05,6.04261102981426,1.0,0.0029610829103214,good,27,2760,7265,681,7885,VISam,"10-ms optical pulse (473 nm, Ai32)",8.889,5.556,2.515,0.806,0.044,"1.0, 2.5, 4.0 mW calibrated",3,4,0.2024,0,0
721123822,707296982,760213142,950907603,LP,45,2.963,11.111,2.804,4.925,1.488,2.017,0.089,0.044,0.932,0.298,0.24975,0.207,2.7778,"{""1.0"": {""evoked_rate_hz"": 8.33, ""baseline_rate_hz"": 4.44, ""reliability"": 0.067, ""modulation_ratio"": 1.53, ""median_latency_ms"": 5.73}, ""2.5"": {""evoked_rate_hz"": 8.33, ""baseline_rate_hz"": 4.44, ""reliability"": 0.067, ""modulation_ratio"": 1.53, ""median_latency_ms"": 3.42}, ""4.0"": {""evoked_rate_hz"": 16.67, ""baseline_rate_hz"": 0.0, ""reliability"": 0.133, ""modulation_ratio"": 16.67, ""median_latency_ms"": 5.41}}",False,0.001,not light responsive,0.911,Not statistically significant (p=0.2497 >= 0.05),0.3866,0.2869,0.1982,0.089,0.6314,0.8231,0.5515,1.0,1.3934,0.2482,intermediate evidence (uncertain / borderline),850244755,2.89865108415568,0.0314597115534253,46.2400110444612,0.99,0.0068986383450364,4.41353399174309,0.927333333333333,0.0036047497879559,good,27,40,7468,3236,7499,LP,"10-ms optical pulse (473 nm, Ai32)",2.963,11.111,4.925,1.488,0.089,"1.0, 2.5, 4.0 mW calibrated",5,1,0.2869,0,0
721123822,707296982,760213142,950907601,LP,45,8.889,11.111,1.124,4.402,2.71,2.927,0.089,0.089,0.932,0.579,0.82118,0.055,2.7778,"{""1.0"": {""evoked_rate_hz"": 8.33, ""baseline_rate_hz"": 4.44, ""reliability"": 0.067, ""modulation_ratio"": 1.53, ""median_latency_ms"": 3.51}, ""2.5"": {""evoked_rate_hz"": 8.33, ""baseline_rate_hz"": 13.33, ""reliability"": 0.067, ""modulation_ratio"": 0.58, ""median_latency_ms"": 5.3}, ""4.0"": {""evoked_rate_hz"": 16.67, ""baseline_rate_hz"": 8.89, ""reliability"": 0.133, ""modulation_ratio"": 1.69, ""median_latency_ms"": 4.96}}",False,0.667,not light responsive,0.911,Not statistically significant (p=0.8212 >= 0.05),0.2401,0.3768,0.1285,0.089,0.0841,0.858,0.3382,1.0,1.6166,0.1986,low evidence (non-responsive),850244755,3.9014003164738,0.0524250778152915,44.7012233516149,0.99,0.0008223578617246,4.21182395439236,0.934666666666667,0.0071960547504025,good,27,40,7468,3236,7499,LP,"10-ms optical pulse (473 nm, Ai32)",8.889,11.111,4.402,2.71,0.089,"1.0, 2.5, 4.0 mW calibrated",5,4,0.3768,0,0
721123822,707296982,760213142,950907609,LP,45,10.37,11.111,0.977,3.215,2.089,3.2,0.089,0.089,0.932,0.641,1.0,0.018,0.0,"{""1.0"": {""evoked_rate_hz"": 8.33, ""baseline_rate_hz"": 13.33, ""reliability"": 0.067, ""modulation_ratio"": 0.58, ""median_latency_ms"": 1.18}, ""2.5"": {""evoked_rate_hz"": 16.67, ""baseline_rate_hz"": 4.44, ""reliability"": 0.133, ""modulation_ratio"": 3.06, ""median_latency_ms"": 3.61}, ""4.0"": {""evoked_rate_hz"": 8.33, ""baseline_rate_hz"": 13.33, ""reliability"": 0.067, ""modulation_ratio"": 0.58, ""median_latency_ms"": 4.64}}",False,0.572,not light responsive,0.911,Not statistically significant (p=1.0000 >= 0.05); No positive modulation (mod_ratio=0.98 <= 1.0),0.2388,0.3702,0.1192,0.089,0.0,0.9163,0.4336,1.0,1.8826,0.1522,low evidence (non-responsive),850244759,3.14364589945036,0.073681914792318,56.9164805246658,0.99,0.0637913485263996,3.16140927144138,0.912666666666667,0.0172021530436713,good,11,60,7469,3218,7495,LP,"10-ms optical pulse (473 nm, Ai32)",10.37,11.111,3.215,2.089,0.089,"1.0, 2.5, 4.0 mW calibrated",5,5,0.3702,0,0
721123822,707296982,760213142,950907623,LP,45,10.37,8.333,0.733,7.491,2.237,2.121,0.067,0.089,0.955,0.335,0.61838,-0.048,2.7778,"{""1.0"": {""evoked_rate_hz"": 8.33, ""baseline_rate_hz"": 8.89, ""reliability"": 0.067, ""modulation_ratio"": 0.84, ""median_latency_ms"": 8.38}, ""2.5"": {""evoked_rate_hz"": 0.0, ""baseline_rate_hz"": 13.33, ""reliability"": 0.0, ""modulation_ratio"": 0.0, ""median_latency_ms"": null}, ""4.0"": {""evoked_rate_hz"": 16.67, ""baseline_rate_hz"": 8.89, ""reliability"": 0.133, ""modulation_ratio"": 1.69, ""median_latency_ms"": 5.82}}",False,-0.332,not light responsive,0.933,Not statistically significant (p=0.6184 >= 0.05); No positive modulation (mod_ratio=0.73 <= 1.0),0.185,0.2534,0.1429,0.067,0.0,0.5633,0.4087,1.0,1.5406,0.2143,low evidence (non-responsive),850244761,2.55331244266646,0.154047588142066,55.9552915125528,0.99,0.0803542289070974,4.02560936739149,0.863363363363363,0.0085112320357192,good,59,80,7469,3209,7493,LP,"10-ms optical pulse (473 nm, Ai32)",10.37,8.333,7.491,2.237,0.067,"1.0, 2.5, 4.0 mW calibrated",4,5,0.2534,0,0
721123822,707296982,760213142,950907629,LP,45,17.778,11.111,0.592,3.473,1.73,2.494,0.089,0.133,0.932,0.511,0.31269,-0.136,-8.3333,"{""1.0"": {""evoked_rate_hz"": 25.0, ""baseline_rate_hz"": 22.22, ""reliability"": 0.2, ""modulation_ratio"": 1.08, ""median_latency_ms"": 2.42}, ""2.5"": {""evoked_rate_hz"": 8.33, ""baseline_rate_hz"": 17.78, ""reliability"": 0.067, ""modulation_ratio"": 0.44, ""median_latency_ms"": 4.52}, ""4.0"": {""evoked_rate_hz"": 0.0, ""baseline_rate_hz"": 13.33, ""reliability"": 0.0, ""modulation_ratio"": 0.0, ""median_latency_ms"": null}}",False,0.75,not light responsive,0.911,Not statistically significant (p=0.3127 >= 0.05); No positive modulation (mod_ratio=0.59 <= 1.0),0.2631,0.3196,0.1832,0.089,0.0,0.9058,0.5006,1.0,1.8422,0.1585,low evidence (non-responsive),850244767,1.75019019941598,0.0565574084201622,62.5248698871288,0.99,0.0733371920200705,3.55500446386042,0.88,0.0199192641122361,good,11,100,7471,3182,7486,LP,"10-ms optical pulse (473 nm, Ai32)",17.778,11.111,3.473,1.73,0.089,"1.0, 2.5, 4.0 mW calibrated",5,8,0.3196,0,0
721123822,707296982,760213142,950907641,LP,45,0.0,5.556,5.556,8.125,0.99,0.7,0.044,0.0,0.977,0.122,0.50949,0.213,0.0,"{""1.0"": {""evoked_rate_hz"": 8.33, ""baseline_rate_hz"": 0.0, ""reliability"": 0.067, ""modulation_ratio"": 8.33, ""median_latency_ms"": 7.43}, ""2.5"": {""evoked_rate_hz"": 0.0, ""baseline_rate_hz"": 0.0, ""reliability"": 0.0, ""modulation_ratio"": 0.0, ""median_latency_ms"": null}, ""4.0"": {""evoked_rate_hz"": 8.33, ""baseline_rate_hz"": 0.0, ""reliability"": 0.067, ""modulation_ratio"": 8.33, ""median_latency_ms"": 8.83}}",False,0.501,not light responsive,0.95,Not statistically significant (p=0.5095 >= 0.05); Very low reliability (0.04 < 0.05),0.3659,0.1419,0.1535,0.044,0.8446,0.4844,0.673,1.0,1.9525,0.1419,intermediate evidence (uncertain / borderline),850244775,2.11765320098904,0.119842328605214,60.8303360549691,0.99,0.0166755350323456,3.64352932592932,0.91335372069317,0.001619628519246,good,11,140,7473,3138,7474,LP,"10-ms optical pulse (473 nm, Ai32)",0.0,5.556,8.125,0.99,0.044,"1.0, 2.5, 4.0 mW calibrated",3,0,0.1419,0,0
721123822,707296982,760213142,950907639,LP,45,7.407,11.111,1.322,4.594,3.007,3.006,0.067,0.022,1.443,0.641,0.74326,0.072,-2.7778,"{""1.0"": {""evoked_rate_hz"": 16.67, ""baseline_rate_hz"": 4.44, ""reliability"": 0.067, ""modulation_ratio"": 3.06, ""median_latency_ms"": 4.59}, ""2.5"": {""evoked_rate_hz"": 8.33, ""baseline_rate_hz"": 8.89, ""reliability"": 0.067, ""modulation_ratio"": 0.84, ""median_latency_ms"": 1.74}, ""4.0"": {""evoked_rate_hz"": 8.33, ""baseline_rate_hz"": 8.89, ""reliability"": 0.067, ""modulation_ratio"": 0.84, ""median_latency_ms"": 7.75}}",False,-221.222,not light responsive,0.933,Not statistically significant (p=0.7433 >= 0.05),0.2534,0.3761,0.1334,0.067,0.1987,0.8459,0.3004,1.0,1.5617,0.2098,low evidence (non-responsive),850244775,3.63908667869609,0.14330001632421,68.3827300864578,0.99,0.0243738484267139,5.39755407858382,0.88227241615332,0.0043098917271102,good,11,140,7473,3138,7474,LP,"10-ms optical pulse (473 nm, Ai32)",7.407,11.111,4.594,3.007,0.067,"1.0, 2.5, 4.0 mW calibrated",5,3,0.3761,0,0
721123822,707296982,760213142,950907637,LP,45,7.407,19.444,2.313,4.44,2.101,3.27,0.156,0.022,0.864,0.428,0.13686,0.242,13.8889,"{""1.0"": {""evoked_rate_hz"": 8.33, ""baseline_rate_hz"": 0.0, ""reliability"": 0.067, ""modulation_ratio"": 8.33, ""median_latency_ms"": 2.57}, ""2.5"": {""evoked_rate_hz"": 0.0, ""baseline_rate_hz"": 13.33, ""reliability"": 0.0, ""modulation_ratio"": 0.0, ""median_latency_ms"": null}, ""4.0"": {""evoked_rate_hz"": 50.0, ""baseline_rate_hz"": 8.89, ""reliability"": 0.4, ""modulation_ratio"": 5.06, ""median_latency_ms"": 5.18}}",False,0.001,not light responsive,0.844,Not statistically significant (p=0.1369 >= 0.05),0.3915,0.4235,0.243,0.156,0.5405,0.8557,0.4315,1.0,1.1638,0.3123,intermediate evidence (uncertain / borderline),850244773,3.29905955470222,0.0333020456797911,73.5370463340044,0.99,0.0030566622660938,4.89188219588779,0.980666666666667,0.0006749156355455,good,43,140,7472,3147,7476,LP,"10-ms optical pulse (473 nm, Ai32)",7.407,19.444,4.44,2.101,0.156,"1.0, 2.5, 4.0 mW calibrated",9,3,0.4235,0,0
721123822,707296982,760213142,950907635,LP,45,0.0,5.556,5.556,4.358,0.749,0.53,0.044,0.0,0.977,0.172,0.48452,0.213,0.0,"{""1.0"": {""evoked_rate_hz"": 8.33, ""baseline_rate_hz"": 0.0, ""reliability"": 0.067, ""modulation_ratio"": 8.33, ""median_latency_ms"": 3.83}, ""2.5"": {""evoked_rate_hz"": 0.0, ""baseline_rate_hz"": 0.0, ""reliability"": 0.0, ""modulation_ratio"": 0.0, ""median_latency_ms"": null}, ""4.0"": {""evoked_rate_hz"": 8.33, ""baseline_rate_hz"": 0.0, ""reliability"": 0.067, ""modulation_ratio"": 8.33, ""median_latency_ms"": 4.89}}",False,1.0,not light responsive,0.95,Not statistically significant (p=0.4845 >= 0.05); Very low reliability (0.04 < 0.05),0.4301,0.149,0.1564,0.044,0.8446,0.8607,0.7411,1.0,2.1541,0.116,intermediate evidence (uncertain / borderline),850244773,3.06896280463373,0.0669520788122393,57.30565758824,0.99,0.0022848786011827,4.69430884737769,0.939112487100103,0.0013778374840687,good,43,140,7472,3147,7476,LP,"10-ms optical pulse (473 nm, Ai32)",0.0,5.556,4.358,0.749,0.044,"1.0, 2.5, 4.0 mW calibrated",3,0,0.149,0,0
721123822,707296982,760213142,950907654,LP,45,7.407,13.889,1.652,7.186,2.745,3.398,0.111,0.044,0.909,0.446,0.26274,0.237,0.0,"{""1.0"": {""evoked_rate_hz"": 16.67, ""baseline_rate_hz"": 13.33, ""reliability"": 0.133, ""modulation_ratio"": 1.16, ""median_latency_ms"": 3.43}, ""2.5"": {""evoked_rate_hz"": 8.33, ""baseline_rate_hz"": 8.89, ""reliability"": 0.067, ""modulation_ratio"": 0.84, ""median_latency_ms"": 8.46}, ""4.0"": {""evoked_rate_hz"": 16.67, ""baseline_rate_hz"": 0.0, ""reliability"": 0.133, ""modulation_ratio"": 16.67, ""median_latency_ms"": 7.74}}",False,1.0,not light responsive,0.889,Not statistically significant (p=0.2627 >= 0.05),0.279,0.3798,0.1947,0.111,0.3471,0.6004,0.3335,1.0,1.0052,0.366,low evidence (non-responsive),850244783,3.85309679284996,0.0285864513637058,70.318087215677,0.99,0.0007460979328683,3.74833083585955,0.958,0.0132091814638372,good,11,180,7474,3103,7464,LP,"10-ms optical pulse (473 nm, Ai32)",7.407,13.889,7.186,2.745,0.111,"1.0, 2.5, 4.0 mW calibrated",6,3,0.3798,0,0
721123822,707296982,760213142,950907652,LP,45,1.481,5.556,2.239,5.795,1.941,1.373,0.044,0.022,0.977,0.335,0.50949,0.145,2.7778,"{""1.0"": {""evoked_rate_hz"": 0.0, ""baseline_rate_hz"": 0.0, ""reliability"": 0.0, ""modulation_ratio"": 0.0, ""median_latency_ms"": null}, ""2.5"": {""evoked_rate_hz"": 8.33, ""baseline_rate_hz"": 4.44, ""reliability"": 0.067, ""modulation_ratio"": 1.53, ""median_latency_ms"": 4.42}, ""4.0"": {""evoked_rate_hz"": 8.33, ""baseline_rate_hz"": 0.0, ""reliability"": 0.067, ""modulation_ratio"": 8.33, ""median_latency_ms"": 7.17}}",False,-0.991,not light responsive,0.95,Not statistically significant (p=0.5095 >= 0.05); Very low reliability (0.04 < 0.05),0.3204,0.258,0.1535,0.044,0.5237,0.7507,0.4601,1.0,1.4031,0.2458,low evidence (non-responsive),850244783,3.42101818760241,0.102294988725128,59.1011029282742,0.99,0.0128446276558705,4.216250035791,0.945704467353952,0.0019968470835522,good,11,180,7474,3103,7464,LP,"10-ms optical pulse (473 nm, Ai32)",1.481,5.556,5.795,1.941,0.044,"1.0, 2.5, 4.0 mW calibrated",3,1,0.258,0,0
721123822,707296982,760213142,950907649,LP,45,5.926,11.111,1.604,6.929,1.541,1.328,0.089,0.044,0.932,0.22,0.50549,0.129,-2.7778,"{""1.0"": {""evoked_rate_hz"": 16.67, ""baseline_rate_hz"": 8.89, ""reliability"": 0.133, ""modulation_ratio"": 1.69, ""median_latency_ms"": 7.8}, ""2.5"": {""evoked_rate_hz"": 8.33, ""baseline_rate_hz"": 8.89, ""reliability"": 0.067, ""modulation_ratio"": 0.84, ""median_latency_ms"": 5.19}, ""4.0"": {""evoked_rate_hz"": 8.33, ""baseline_rate_hz"": 0.0, ""reliability"": 0.067, ""modulation_ratio"": 8.33, ""median_latency_ms"": 7.19}}",False,1.0,not light responsive,0.911,Not statistically significant (p=0.5055 >= 0.05),0.2827,0.2884,0.154,0.089,0.3282,0.6308,0.5399,1.0,1.134,0.3217,low evidence (non-responsive),850244781,2.17950821024498,0.121992808200517,66.8528673918589,0.99,0.0097091713463499,4.54067412296054,0.957037037037037,0.0026598465473145,good,43,180,7474,3112,7467,LP,"10-ms optical pulse (473 nm, Ai32)",5.926,11.111,6.929,1.541,0.089,"1.0, 2.5, 4.0 mW calibrated",5,3,0.2884,0,0
721123822,707296982,760213142,950907666,LP,45,0.0,2.778,2.778,6.481,0.0,0.0,0.022,0.0,1.0,0.0,1.0,0.149,0.0,"{""1.0"": {""evoked_rate_hz"": 0.0, ""baseline_rate_hz"": 0.0, ""reliability"": 0.0, ""modulation_ratio"": 0.0, ""median_latency_ms"": null}, ""2.5"": {""evoked_rate_hz"": 8.33, ""baseline_rate_hz"": 0.0, ""reliability"": 0.067, ""modulation_ratio"": 8.33, ""median_latency_ms"": 6.48}, ""4.0"": {""evoked_rate_hz"": 0.0, ""baseline_rate_hz"": 0.0, ""reliability"": 0.0, ""modulation_ratio"": 0.0, ""median_latency_ms"": null}}",False,1.0,not light responsive,0.95,Not statistically significant (p=1.0000 >= 0.05); Very low reliability (0.02 < 0.05),0.3689,0.1095,0.1192,0.022,0.6273,0.6812,1.0,1.0,1.5169,0.2194,intermediate evidence (uncertain / borderline),850244787,4.24293700188102,0.136682373168672,69.8540513597782,0.99,0.0012686924791985,7.59046805739063,0.977987421383648,0.0001010713563776,good,27,200,7475,3086,7460,LP,"10-ms optical pulse (473 nm, Ai32)",0.0,2.778,6.481,0.0,0.022,"1.0, 2.5, 4.0 mW calibrated",1,0,0.1095,0,0
721123822,707296982,760213142,950907662,LP,45,0.0,0.0,0.0,,,,0.0,0.0,0.0,,1.0,0.0,0.0,"{""1.0"": {""evoked_rate_hz"": 0.0, ""baseline_rate_hz"": 0.0, ""reliability"": 0.0, ""modulation_ratio"": 0.0, ""median_latency_ms"": null}, ""2.5"": {""evoked_rate_hz"": 0.0, ""baseline_rate_hz"": 0.0, ""reliability"": 0.0, ""modulation_ratio"": 0.0, ""median_latency_ms"": null}, ""4.0"": {""evoked_rate_hz"": 0.0, ""baseline_rate_hz"": 0.0, ""reliability"": 0.0, ""modulation_ratio"": 0.0, ""median_latency_ms"": null}}",False,0.051,insufficient evidence,0.0,Insufficient trial count (<10) or zero spikes recorded,0.0376,0.144,0.1192,0.0,0.0,0.0002,0.0183,1.0,4.6165,0.0099,insufficient evidence,850244785,3.42708438682544,0.288599794429369,70.6966432460482,0.99,0.0339790616832847,6.54860999362973,0.96594427244582,0.0005511349936275,good,59,200,7474,3095,7462,LP,"10-ms optical pulse (473 nm, Ai32)",0.0,0.0,,,0.0,"1.0, 2.5, 4.0 mW calibrated",0,0,0.144,0,-1
721123822,707296982,760213142,950907675,LP,45,7.407,2.778,0.33,8.128,0.0,0.0,0.022,0.067,1.0,0.0,0.31269,-0.144,-2.7778,"{""1.0"": {""evoked_rate_hz"": 8.33, ""baseline_rate_hz"": 13.33, ""reliability"": 0.067, ""modulation_ratio"": 0.58, ""median_latency_ms"": 8.13}, ""2.5"": {""evoked_rate_hz"": 0.0, ""baseline_rate_hz"": 4.44, ""reliability"": 0.0, ""modulation_ratio"": 0.0, ""median_latency_ms"": null}, ""4.0"": {""evoked_rate_hz"": 0.0, ""baseline_rate_hz"": 4.44, ""reliability"": 0.0, ""modulation_ratio"": 0.0, ""median_latency_ms"": null}}",False,-2.982,not light responsive,0.95,Not statistically significant (p=0.3127 >= 0.05); No positive modulation (mod_ratio=0.33 <= 1.0); Very low reliability (0.02 < 0.05),0.233,0.0939,0.1832,0.022,0.0,0.484,1.0,1.0,1.7126,0.1804,low evidence (non-responsive),850244791,3.11252502771498,0.169436107057446,61.3763298464658,0.99,0.051451905540647,2.76137902924835,0.915333333333333,0.0055531038540747,good,11,220,7475,3069,7455,LP,"10-ms optical pulse (473 nm, Ai32)",7.407,2.778,8.128,0.0,0.022,"1.0, 2.5, 4.0 mW calibrated",1,3,0.0939,0,0
721123822,707296982,760213142,950907673,LP,45,16.296,16.667,0.964,4.908,2.385,4.435,0.111,0.067,1.227,0.63,1.0,0.006,11.1111,"{""1.0"": {""evoked_rate_hz"": 8.33, ""baseline_rate_hz"": 8.89, ""reliability"": 0.067, ""modulation_ratio"": 0.84, ""median_latency_ms"": 1.36}, ""2.5"": {""evoked_rate_hz"": 0.0, ""baseline_rate_hz"": 0.0, ""reliability"": 0.0, ""modulation_ratio"": 0.0, ""median_latency_ms"": null}, ""4.0"": {""evoked_rate_hz"": 41.67, ""baseline_rate_hz"": 40.0, ""reliability"": 0.267, ""modulation_ratio"": 1.02, ""median_latency_ms"": 5.35}}",False,0.097,not light responsive,0.889,Not statistically significant (p=1.0000 >= 0.05); No positive modulation (mod_ratio=0.96 <= 1.0),0.2257,0.3523,0.1192,0.111,0.0,0.8243,0.3852,1.0,1.5781,0.2064,low evidence (non-responsive),850244791,3.10776622167907,0.0313337210343666,82.6577010290557,0.99,0.0054549302845492,6.27663863566074,0.992666666666667,0.0002299379167624,good,11,220,7475,3069,7455,LP,"10-ms optical pulse (473 nm, Ai32)",16.296,16.667,4.908,2.385,0.111,"1.0, 2.5, 4.0 mW calibrated",8,7,0.3523,0,0
721123822,707296982,760213142,950907671,LP,45,5.926,19.444,2.807,5.992,2.975,4.507,0.133,0.044,1.156,0.549,0.15485,0.238,16.6667,"{""1.0"": {""evoked_rate_hz"": 0.0, ""baseline_rate_hz"": 4.44, ""reliability"": 0.0, ""modulation_ratio"": 0.0, ""median_latency_ms"": null}, ""2.5"": {""evoked_rate_hz"": 8.33, ""baseline_rate_hz"": 8.89, ""reliability"": 0.067, ""modulation_ratio"": 0.84, ""median_latency_ms"": 6.89}, ""4.0"": {""evoked_rate_hz"": 50.0, ""baseline_rate_hz"": 4.44, ""reliability"": 0.333, ""modulation_ratio"": 9.18, ""median_latency_ms"": 5.09}}",False,0.501,not light responsive,0.867,Not statistically significant (p=0.1548 >= 0.05),0.3698,0.4247,0.2333,0.133,0.6319,0.7318,0.3042,1.0,1.0901,0.3362,intermediate evidence (uncertain / borderline),850244791,4.09117980004332,0.248629711230589,82.078304782462,0.99,0.0023205610206562,4.83997230510528,0.992666666666667,0.002270563246173,good,11,220,7475,3069,7455,LP,"10-ms optical pulse (473 nm, Ai32)",5.926,19.444,5.992,2.975,0.133,"1.0, 2.5, 4.0 mW calibrated",9,3,0.4247,0,0
721123822,707296982,760213142,950907987,LP,45,14.815,0.0,0.0,,,,0.0,0.111,0.0,,0.02997,-0.28,0.0,"{""1.0"": {""evoked_rate_hz"": 0.0, ""baseline_rate_hz"": 26.67, ""reliability"": 0.0, ""modulation_ratio"": 0.0, ""median_latency_ms"": null}, ""2.5"": {""evoked_rate_hz"": 0.0, ""baseline_rate_hz"": 8.89, ""reliability"": 0.0, ""modulation_ratio"": 0.0, ""median_latency_ms"": null}, ""4.0"": {""evoked_rate_hz"": 0.0, ""baseline_rate_hz"": 8.89, ""reliability"": 0.0, ""modulation_ratio"": 0.0, ""median_latency_ms"": null}}",False,-443.444,not light responsive,0.95,Not statistically significant (p=0.0300 >= 0.05); No positive modulation (mod_ratio=0.00 <= 1.0); Very low reliability (0.00 < 0.05),0.1168,0.144,0.383,0.0,0.0,0.0002,0.0183,1.0,4.6165,0.0099,low evidence (non-responsive),850244799,4.34354903464022,0.208835681278044,46.4551362221753,0.99,0.001620440372919,4.69541421775691,0.893820713664056,0.0024262590551454,good,11,260,7477,3034,7445,LP,"10-ms optical pulse (473 nm, Ai32)",14.815,0.0,,,0.0,"1.0, 2.5, 4.0 mW calibrated",0,7,0.144,0,0
721123822,707296982,760213142,950907687,LP,45,0.0,2.778,2.778,8.971,0.0,0.0,0.022,0.0,1.0,0.0,1.0,0.149,0.0,"{""1.0"": {""evoked_rate_hz"": 0.0, ""baseline_rate_hz"": 0.0, ""reliability"": 0.0, ""modulation_ratio"": 0.0, ""median_latency_ms"": null}, ""2.5"": {""evoked_rate_hz"": 8.33, ""baseline_rate_hz"": 0.0, ""reliability"": 0.067, ""modulation_ratio"": 8.33, ""median_latency_ms"": 8.97}, ""4.0"": {""evoked_rate_hz"": 0.0, ""baseline_rate_hz"": 0.0, ""reliability"": 0.0, ""modulation_ratio"": 0.0, ""median_latency_ms"": null}}",False,1.0,not light responsive,0.95,Not statistically significant (p=1.0000 >= 0.05); Very low reliability (0.02 < 0.05),0.3239,0.112,0.1192,0.022,0.6273,0.381,1.0,1.0,1.4885,0.2257,low evidence (non-responsive),850244801,3.28653126314402,0.0992201964159568,77.3388653275205,0.99,0.0246582636718772,5.28890946784553,0.986666666666667,0.0009763381575924,good,59,280,7477,3026,7442,LP,"10-ms optical pulse (473 nm, Ai32)",0.0,2.778,8.971,0.0,0.022,"1.0, 2.5, 4.0 mW calibrated",1,0,0.112,0,0
721123822,707296982,760213142,950907691,LP,45,5.926,8.333,1.203,3.027,2.541,2.494,0.067,0.044,0.955,0.708,0.82617,0.053,2.7778,"{""1.0"": {""evoked_rate_hz"": 8.33, ""baseline_rate_hz"": 13.33, ""reliability"": 0.067, ""modulation_ratio"": 0.58, ""median_latency_ms"": 6.36}, ""2.5"": {""evoked_rate_hz"": 0.0, ""baseline_rate_hz"": 0.0, ""reliability"": 0.0, ""modulation_ratio"": 0.0, ""median_latency_ms"": null}, ""4.0"": {""evoked_rate_hz"": 16.67, ""baseline_rate_hz"": 4.44, ""reliability"": 0.133, ""modulation_ratio"": 3.06, ""median_latency_ms"": 2.2}}",False,1.0,not light responsive,0.933,Not statistically significant (p=0.8262 >= 0.05),0.2564,0.4195,0.1282,0.067,0.1325,0.9232,0.3619,1.0,1.8549,0.1565,low evidence (non-responsive),850244807,2.95180922945126,0.232200859559886,60.7692476633969,0.99,0.0254896988748298,3.64646552393454,0.932,0.0040319046366903,good,11,300,7477,3000,7435,LP,"10-ms optical pulse (473 nm, Ai32)",5.926,8.333,3.027,2.541,0.067,"1.0, 2.5, 4.0 mW calibrated",4,3,0.4195,0,0
721123822,707296982,760213142,950907697,LP,45,4.444,5.556,1.02,4.144,1.909,1.35,0.044,0.044,0.977,0.461,1.0,0.044,-2.7778,"{""1.0"": {""evoked_rate_hz"": 8.33, ""baseline_rate_hz"": 4.44, ""reliability"": 0.067, ""modulation_ratio"": 1.53, ""median_latency_ms"": 5.49}, ""2.5"": {""evoked_rate_hz"": 8.33, ""baseline_rate_hz"": 0.0, ""reliability"": 0.067, ""modulation_ratio"": 8.33, ""median_latency_ms"": 2.79}, ""4.0"": {""evoked_rate_hz"": 0.0, ""baseline_rate_hz"": 8.89, ""reliability"": 0.0, ""modulation_ratio"": 0.0, ""median_latency_ms"": null}}",False,-221.222,not light responsive,0.95,Not statistically significant (p=1.0000 >= 0.05); Very low reliability (0.04 < 0.05),0.2272,0.2651,0.1192,0.044,0.0143,0.873,0.466,1.0,1.8739,0.1535,low evidence (non-responsive),850244809,4.091718134058,0.0228251884066762,62.2602911927131,0.99,0.0004336062467821,5.63491669799067,0.984362139917696,0.0003821434775056,good,59,320,7478,2992,7432,LP,"10-ms optical pulse (473 nm, Ai32)",4.444,5.556,4.144,1.909,0.044,"1.0, 2.5, 4.0 mW calibrated",3,2,0.2651,0,0
721123822,707296982,760213142,950907719,DG,45,14.815,8.333,0.527,1.792,1.699,1.48,0.067,0.089,0.955,0.616,0.30969,-0.143,8.3333,"{""1.0"": {""evoked_rate_hz"": 0.0, ""baseline_rate_hz"": 8.89, ""reliability"": 0.0, ""modulation_ratio"": 0.0, ""median_latency_ms"": null}, ""2.5"": {""evoked_rate_hz"": 0.0, ""baseline_rate_hz"": 13.33, ""reliability"": 0.0, ""modulation_ratio"": 0.0, ""median_latency_ms"": null}, ""4.0"": {""evoked_rate_hz"": 25.0, ""baseline_rate_hz"": 22.22, ""reliability"": 0.2, ""modulation_ratio"": 1.08, ""median_latency_ms"": 1.79}}",False,-0.399,not light responsive,0.933,Not statistically significant (p=0.3097 >= 0.05); No positive modulation (mod_ratio=0.53 <= 1.0),0.2661,0.4401,0.1838,0.067,0.0,0.9571,0.5068,1.0,2.1831,0.1127,low evidence (non-responsive),850244977,4.11189192721704,0.0163087055891479,116.666580462248,0.99,0.0001410084918193,6.64754183121195,1.0,0.0,good,59,1160,7567,2175,7376,DG,"10-ms optical pulse (473 nm, Ai32)",14.815,8.333,1.792,1.699,0.067,"1.0, 2.5, 4.0 mW calibrated",4,7,0.4401,0,0
721123822,707296982,760213142,950907721,DG,45,2.963,8.333,2.103,6.437,0.6,0.574,0.067,0.022,0.955,0.09,0.44156,0.153,-2.7778,"{""1.0"": {""evoked_rate_hz"": 8.33, ""baseline_rate_hz"": 0.0, ""reliability"": 0.067, ""modulation_ratio"": 8.33, ""median_latency_ms"": 6.16}, ""2.5"": {""evoked_rate_hz"": 16.67, ""baseline_rate_hz"": 0.0, ""reliability"": 0.133, ""modulation_ratio"": 16.67, ""median_latency_ms"": 6.87}, ""4.0"": {""evoked_rate_hz"": 0.0, ""baseline_rate_hz"": 8.89, ""reliability"": 0.0, ""modulation_ratio"": 0.0, ""median_latency_ms"": null}}",False,-0.991,not light responsive,0.933,Not statistically significant (p=0.4416 >= 0.05),0.3449,0.2126,0.1618,0.067,0.4901,0.686,0.7866,1.0,1.2309,0.292,low evidence (non-responsive),850244983,1.59326758517718,0.0088133062881321,68.0944185037839,0.99,0.0205346287792282,5.49656390152128,0.986,0.0009565716472163,good,11,1180,7571,2144,7379,DG,"10-ms optical pulse (473 nm, Ai32)",2.963,8.333,6.437,0.6,0.067,"1.0, 2.5, 4.0 mW calibrated",4,1,0.2126,0,0
721123822,707296982,760213142,950907717,DG,45,4.444,0.0,0.0,,,,0.0,0.044,0.0,,0.25375,-0.264,0.0,"{""1.0"": {""evoked_rate_hz"": 0.0, ""baseline_rate_hz"": 4.44, ""reliability"": 0.0, ""modulation_ratio"": 0.0, ""median_latency_ms"": null}, ""2.5"": {""evoked_rate_hz"": 0.0, ""baseline_rate_hz"": 8.89, ""reliability"": 0.0, ""modulation_ratio"": 0.0, ""median_latency_ms"": null}, ""4.0"": {""evoked_rate_hz"": 0.0, ""baseline_rate_hz"": 0.0, ""reliability"": 0.0, ""modulation_ratio"": 0.0, ""median_latency_ms"": null}}",False,1.0,not light responsive,0.95,Not statistically significant (p=0.2537 >= 0.05); No positive modulation (mod_ratio=0.00 <= 1.0); Very low reliability (0.00 < 0.05),0.061,0.144,0.1971,0.0,0.0,0.0002,0.0183,1.0,4.6165,0.0099,low evidence (non-responsive),850244983,2.2651869934551,0.0391782190821515,51.0613156923159,0.98,0.0019253013925583,5.20182379588056,0.948,0.0017264987795439,good,11,1180,7571,2144,7379,DG,"10-ms optical pulse (473 nm, Ai32)",4.444,0.0,,,0.0,"1.0, 2.5, 4.0 mW calibrated",0,2,0.144,0,0
721123822,707296982,760213142,950907733,DG,45,10.37,11.111,0.977,6.828,2.119,1.914,0.089,0.089,0.932,0.349,1.0,0.02,-5.5556,"{""1.0"": {""evoked_rate_hz"": 16.67, ""baseline_rate_hz"": 4.44, ""reliability"": 0.133, ""modulation_ratio"": 3.06, ""median_latency_ms"": 5.17}, ""2.5"": {""evoked_rate_hz"": 16.67, ""baseline_rate_hz"": 17.78, ""reliability"": 0.133, ""modulation_ratio"": 0.89, ""median_latency_ms"": 6.98}, ""4.0"": {""evoked_rate_hz"": 0.0, ""baseline_rate_hz"": 8.89, ""reliability"": 0.0, ""modulation_ratio"": 0.0, ""median_latency_ms"": null}}",False,0.75,not light responsive,0.911,Not statistically significant (p=1.0000 >= 0.05); No positive modulation (mod_ratio=0.98 <= 1.0),0.1972,0.2813,0.1192,0.089,0.0,0.6424,0.4284,1.0,1.4829,0.227,low evidence (non-responsive),850244991,1.9143917643856,0.120376527393167,48.6549285697772,0.99,0.0977510841727959,3.08883676082615,0.889333333333333,0.0130899705014749,good,11,1220,7575,2103,7383,DG,"10-ms optical pulse (473 nm, Ai32)",10.37,11.111,6.828,2.119,0.089,"1.0, 2.5, 4.0 mW calibrated",5,5,0.2813,0,0
721123822,707296982,760213142,950907731,DG,45,2.963,5.556,1.402,6.276,1.858,1.314,0.044,0.044,0.977,0.296,0.77622,0.113,-5.5556,"{""1.0"": {""evoked_rate_hz"": 16.67, ""baseline_rate_hz"": 4.44, ""reliability"": 0.133, ""modulation_ratio"": 3.06, ""median_latency_ms"": 6.28}, ""2.5"": {""evoked_rate_hz"": 0.0, ""baseline_rate_hz"": 4.44, ""reliability"": 0.0, ""modulation_ratio"": 0.0, ""median_latency_ms"": null}, ""4.0"": {""evoked_rate_hz"": 0.0, ""baseline_rate_hz"": 0.0, ""reliability"": 0.0, ""modulation_ratio"": 0.0, ""median_latency_ms"": null}}",False,-0.497,not light responsive,0.95,Not statistically significant (p=0.7762 >= 0.05); Very low reliability (0.04 < 0.05),0.2512,0.2404,0.1312,0.044,0.239,0.7031,0.4756,1.0,1.4446,0.2358,low evidence (non-responsive),850244991,1.18433098723004,0.111623886536166,47.5927347437944,0.98,0.0652824511436338,3.79929081358904,0.884199134199134,0.0017196313110469,good,11,1220,7575,2103,7383,DG,"10-ms optical pulse (473 nm, Ai32)",2.963,5.556,6.276,1.858,0.044,"1.0, 2.5, 4.0 mW calibrated",3,1,0.2404,0,0
721123822,707296982,760213142,950907727,DG,45,2.963,2.778,0.701,6.771,0.0,0.0,0.022,0.022,1.0,0.0,1.0,-0.008,0.0,"{""1.0"": {""evoked_rate_hz"": 0.0, ""baseline_rate_hz"": 4.44, ""reliability"": 0.0, ""modulation_ratio"": 0.0, ""median_latency_ms"": null}, ""2.5"": {""evoked_rate_hz"": 8.33, ""baseline_rate_hz"": 4.44, ""reliability"": 0.067, ""modulation_ratio"": 1.53, ""median_latency_ms"": 6.77}, ""4.0"": {""evoked_rate_hz"": 0.0, ""baseline_rate_hz"": 0.0, ""reliability"": 0.0, ""modulation_ratio"": 0.0, ""median_latency_ms"": null}}",False,-0.991,not light responsive,0.95,Not statistically significant (p=1.0000 >= 0.05); No positive modulation (mod_ratio=0.70 <= 1.0); Very low reliability (0.02 < 0.05),0.2386,0.092,0.1192,0.022,0.0,0.649,1.0,1.0,1.7397,0.1756,low evidence (non-responsive),850244989,1.52802472967087,0.0322925746825865,49.1830668383303,0.99,0.0752951912039519,4.2567140501835,0.952064896755162,0.0017455662616952,good,43,1220,7574,2114,7382,DG,"10-ms optical pulse (473 nm, Ai32)",2.963,2.778,6.771,0.0,0.022,"1.0, 2.5, 4.0 mW calibrated",1,1,0.092,0,0
721123822,707296982,760213142,950907798,VIS,45,20.741,22.222,1.022,3.504,1.352,2.192,0.156,0.133,1.097,0.347,0.9031,0.022,2.7778,"{""1.0"": {""evoked_rate_hz"": 16.67, ""baseline_rate_hz"": 31.11, ""reliability"": 0.133, ""modulation_ratio"": 0.52, ""median_latency_ms"": 2.69}, ""2.5"": {""evoked_rate_hz"": 25.0, ""baseline_rate_hz"": 17.78, ""reliability"": 0.133, ""modulation_ratio"": 1.33, ""median_latency_ms"": 4.33}, ""4.0"": {""evoked_rate_hz"": 25.0, ""baseline_rate_hz"": 13.33, ""reliability"": 0.2, ""modulation_ratio"": 1.74, ""median_latency_ms"": 4.88}}",False,0.211,not light responsive,0.844,Not statistically significant (p=0.9031 >= 0.05),0.2732,0.3449,0.1239,0.156,0.0157,0.9045,0.5823,1.0,1.6492,0.1922,low evidence (non-responsive),850245211,2.58788401509387,0.0225482975329549,1349.04611289464,0.99,0.0134829116905137,3.70777727060615,0.970666666666667,0.0924574209245742,good,27,2320,7649,918,7426,VIS,"10-ms optical pulse (473 nm, Ai32)",20.741,22.222,3.504,1.352,0.156,"1.0, 2.5, 4.0 mW calibrated",10,9,0.3449,0,0
721123822,707296982,760213142,950907820,VIS,45,8.889,2.778,0.281,1.077,0.0,0.0,0.022,0.022,1.0,0.0,0.06494,-0.262,0.0,"{""1.0"": {""evoked_rate_hz"": 0.0, ""baseline_rate_hz"": 8.89, ""reliability"": 0.0, ""modulation_ratio"": 0.0, ""median_latency_ms"": null}, ""2.5"": {""evoked_rate_hz"": 8.33, ""baseline_rate_hz"": 8.89, ""reliability"": 0.067, ""modulation_ratio"": 0.84, ""median_latency_ms"": 1.08}, ""4.0"": {""evoked_rate_hz"": 0.0, ""baseline_rate_hz"": 8.89, ""reliability"": 0.0, ""modulation_ratio"": 0.0, ""median_latency_ms"": null}}",False,1.0,not light responsive,0.95,Not statistically significant (p=0.0649 >= 0.05); No positive modulation (mod_ratio=0.28 <= 1.0); Very low reliability (0.02 < 0.05),0.3431,0.0568,0.3074,0.022,0.0,0.9696,1.0,1.0,2.4347,0.0876,low evidence (non-responsive),850245247,3.13078409106173,0.0012143868130629,60.8376735541189,0.99,0.0018055608468076,3.18840898416466,0.994708994708995,0.0009415210796108,good,11,2500,7663,756,7379,VIS,"10-ms optical pulse (473 nm, Ai32)",8.889,2.778,1.077,0.0,0.022,"1.0, 2.5, 4.0 mW calibrated",1,4,0.0568,0,0
721123822,707296982,760213142,950907818,VIS,45,1.481,0.0,0.0,,,,0.0,0.022,0.0,,1.0,-0.149,0.0,"{""1.0"": {""evoked_rate_hz"": 0.0, ""baseline_rate_hz"": 4.44, ""reliability"": 0.0, ""modulation_ratio"": 0.0, ""median_latency_ms"": null}, ""2.5"": {""evoked_rate_hz"": 0.0, ""baseline_rate_hz"": 0.0, ""reliability"": 0.0, ""modulation_ratio"": 0.0, ""median_latency_ms"": null}, ""4.0"": {""evoked_rate_hz"": 0.0, ""baseline_rate_hz"": 0.0, ""reliability"": 0.0, ""modulation_ratio"": 0.0, ""median_latency_ms"": null}}",False,1.0,not light responsive,0.95,Not statistically significant (p=1.0000 >= 0.05); No positive modulation (mod_ratio=0.00 <= 1.0); Very low reliability (0.00 < 0.05),0.0376,0.144,0.1192,0.0,0.0,0.0002,0.0183,1.0,4.6165,0.0099,low evidence (non-responsive),850245247,3.26517223951877,0.0,45.6554063997058,0.99,0.0015521610857635,2.48103532319535,0.904904904904905,0.0053101617185614,good,11,2500,7663,756,7379,VIS,"10-ms optical pulse (473 nm, Ai32)",1.481,0.0,,,0.0,"1.0, 2.5, 4.0 mW calibrated",0,1,0.144,0,0
721123822,707296982,760213142,950907826,VIS,45,8.889,0.0,0.0,,,,0.0,0.044,0.0,,0.03696,-0.388,0.0,"{""1.0"": {""evoked_rate_hz"": 0.0, ""baseline_rate_hz"": 13.33, ""reliability"": 0.0, ""modulation_ratio"": 0.0, ""median_latency_ms"": null}, ""2.5"": {""evoked_rate_hz"": 0.0, ""baseline_rate_hz"": 4.44, ""reliability"": 0.0, ""modulation_ratio"": 0.0, ""median_latency_ms"": null}, ""4.0"": {""evoked_rate_hz"": 0.0, ""baseline_rate_hz"": 8.89, ""reliability"": 0.0, ""modulation_ratio"": 0.0, ""median_latency_ms"": null}}",False,0.002,not light responsive,0.95,Not statistically significant (p=0.0370 >= 0.05); No positive modulation (mod_ratio=0.00 <= 1.0); Very low reliability (0.00 < 0.05),0.1104,0.144,0.3618,0.0,0.0,0.0002,0.0183,1.0,4.6165,0.0099,low evidence (non-responsive),850245251,2.93022319963982,0.019028615332046,49.2335002906047,0.99,0.0144837512856755,2.2222783752458,0.857864357864358,0.0107290137694835,good,27,2520,7664,738,7375,VIS,"10-ms optical pulse (473 nm, Ai32)",8.889,0.0,,,0.0,"1.0, 2.5, 4.0 mW calibrated",0,4,0.144,0,0
721123822,707296982,760213142,950907832,VIS,45,0.0,0.0,0.0,,,,0.0,0.0,0.0,,1.0,0.0,0.0,"{""1.0"": {""evoked_rate_hz"": 0.0, ""baseline_rate_hz"": 0.0, ""reliability"": 0.0, ""modulation_ratio"": 0.0, ""median_latency_ms"": null}, ""2.5"": {""evoked_rate_hz"": 0.0, ""baseline_rate_hz"": 0.0, ""reliability"": 0.0, ""modulation_ratio"": 0.0, ""median_latency_ms"": null}, ""4.0"": {""evoked_rate_hz"": 0.0, ""baseline_rate_hz"": 0.0, ""reliability"": 0.0, ""modulation_ratio"": 0.0, ""median_latency_ms"": null}}",False,1.0,insufficient evidence,0.0,Insufficient trial count (<10) or zero spikes recorded,0.0376,0.144,0.1192,0.0,0.0,0.0002,0.0183,1.0,4.6165,0.0099,insufficient evidence,850245255,4.99353076766963,0.0444871224130954,55.664361046813,0.99,0.0021002827945993,4.64080155128616,0.973684210526316,0.0002378525314305,good,11,2540,7666,712,7369,VIS,"10-ms optical pulse (473 nm, Ai32)",0.0,0.0,,,0.0,"1.0, 2.5, 4.0 mW calibrated",0,0,0.144,0,-1
721123822,707296982,760213142,950907842,VIS,45,11.852,11.111,0.865,4.643,2.933,4.213,0.089,0.111,0.932,0.587,0.82118,-0.017,-5.5556,"{""1.0"": {""evoked_rate_hz"": 16.67, ""baseline_rate_hz"": 13.33, ""reliability"": 0.133, ""modulation_ratio"": 1.16, ""median_latency_ms"": 7.43}, ""2.5"": {""evoked_rate_hz"": 16.67, ""baseline_rate_hz"": 17.78, ""reliability"": 0.133, ""modulation_ratio"": 0.89, ""median_latency_ms"": 2.57}, ""4.0"": {""evoked_rate_hz"": 0.0, ""baseline_rate_hz"": 4.44, ""reliability"": 0.0, ""modulation_ratio"": 0.0, ""median_latency_ms"": null}}",False,-0.249,not light responsive,0.911,Not statistically significant (p=0.8212 >= 0.05); No positive modulation (mod_ratio=0.86 <= 1.0),0.2181,0.3777,0.1285,0.089,0.0,0.8427,0.3094,1.0,1.6785,0.1867,low evidence (non-responsive),850245253,3.75380935055328,0.0065949017185364,79.0564865736511,0.99,0.0002676043450043,3.66689545918959,0.997333333333333,0.0015711868503746,good,43,2540,7666,721,7371,VIS,"10-ms optical pulse (473 nm, Ai32)",11.852,11.111,4.643,2.933,0.089,"1.0, 2.5, 4.0 mW calibrated",5,5,0.3777,0,0
721123822,707296982,760213142,950907828,VIS,45,7.407,5.556,0.661,3.042,0.423,0.299,0.044,0.067,0.977,0.139,0.62438,-0.053,0.0,"{""1.0"": {""evoked_rate_hz"": 8.33, ""baseline_rate_hz"": 8.89, ""reliability"": 0.067, ""modulation_ratio"": 0.84, ""median_latency_ms"": 2.74}, ""2.5"": {""evoked_rate_hz"": 0.0, ""baseline_rate_hz"": 8.89, ""reliability"": 0.0, ""modulation_ratio"": 0.0, ""median_latency_ms"": null}, ""4.0"": {""evoked_rate_hz"": 8.33, ""baseline_rate_hz"": 4.44, ""reliability"": 0.067, ""modulation_ratio"": 1.53, ""median_latency_ms"": 3.34}}",False,1.0,not light responsive,0.95,Not statistically significant (p=0.6244 >= 0.05); No positive modulation (mod_ratio=0.66 <= 1.0); Very low reliability (0.04 < 0.05),0.2766,0.143,0.1424,0.044,0.0,0.9227,0.8443,1.0,2.0432,0.1296,low evidence (non-responsive),850245253,2.71994163771702,0.0761859951752679,59.3607808901023,0.99,0.0518040599344826,2.52633814358547,0.839333333333333,0.0103562293343315,good,43,2540,7666,721,7371,VIS,"10-ms optical pulse (473 nm, Ai32)",7.407,5.556,3.042,0.423,0.044,"1.0, 2.5, 4.0 mW calibrated",3,3,0.143,0,0
721123822,707296982,760213142,950907834,VIS,45,14.815,8.333,0.527,4.895,3.628,3.618,0.067,0.111,0.955,0.698,0.28272,-0.144,-8.3333,"{""1.0"": {""evoked_rate_hz"": 25.0, ""baseline_rate_hz"": 17.78, ""reliability"": 0.2, ""modulation_ratio"": 1.33, ""median_latency_ms"": 4.9}, ""2.5"": {""evoked_rate_hz"": 0.0, ""baseline_rate_hz"": 13.33, ""reliability"": 0.0, ""modulation_ratio"": 0.0, ""median_latency_ms"": null}, ""4.0"": {""evoked_rate_hz"": 0.0, ""baseline_rate_hz"": 13.33, ""reliability"": 0.0, ""modulation_ratio"": 0.0, ""median_latency_ms"": null}}",False,0.167,not light responsive,0.933,Not statistically significant (p=0.2827 >= 0.05); No positive modulation (mod_ratio=0.53 <= 1.0),0.2209,0.3941,0.1898,0.067,0.0,0.8253,0.2343,1.0,1.7204,0.179,low evidence (non-responsive),850245257,3.0917535827215,0.268589457096764,53.4292728337368,0.99,0.0054598005977948,3.50877028630826,0.907333333333333,0.0132509624854508,good,59,2560,7667,703,7367,VIS,"10-ms optical pulse (473 nm, Ai32)",14.815,8.333,4.895,3.628,0.067,"1.0, 2.5, 4.0 mW calibrated",4,7,0.3941,0,0
721123822,707296982,760213142,950907855,VIS,45,0.0,0.0,0.0,,,,0.0,0.0,0.0,,1.0,0.0,0.0,"{""1.0"": {""evoked_rate_hz"": 0.0, ""baseline_rate_hz"": 0.0, ""reliability"": 0.0, ""modulation_ratio"": 0.0, ""median_latency_ms"": null}, ""2.5"": {""evoked_rate_hz"": 0.0, ""baseline_rate_hz"": 0.0, ""reliability"": 0.0, ""modulation_ratio"": 0.0, ""median_latency_ms"": null}, ""4.0"": {""evoked_rate_hz"": 0.0, ""baseline_rate_hz"": 0.0, ""reliability"": 0.0, ""modulation_ratio"": 0.0, ""median_latency_ms"": null}}",False,1.0,insufficient evidence,0.0,Insufficient trial count (<10) or zero spikes recorded,0.0376,0.144,0.1192,0.0,0.0,0.0002,0.0183,1.0,4.6165,0.0099,insufficient evidence,850245267,3.40081544224045,0.0,50.9626695279326,0.99,0.0004604909457464,3.11130193906913,0.933333333333333,0.0002348599228317,good,27,2600,7671,658,7358,VIS,"10-ms optical pulse (473 nm, Ai32)",0.0,0.0,,,0.0,"1.0, 2.5, 4.0 mW calibrated",0,0,0.144,0,-1
721123822,707296982,760213142,950907865,VIS,45,4.444,2.778,0.51,6.162,0.0,0.0,0.022,0.022,1.0,0.0,0.62537,-0.065,-2.7778,"{""1.0"": {""evoked_rate_hz"": 8.33, ""baseline_rate_hz"": 0.0, ""reliability"": 0.067, ""modulation_ratio"": 8.33, ""median_latency_ms"": 6.16}, ""2.5"": {""evoked_rate_hz"": 0.0, ""baseline_rate_hz"": 4.44, ""reliability"": 0.0, ""modulation_ratio"": 0.0, ""median_latency_ms"": null}, ""4.0"": {""evoked_rate_hz"": 0.0, ""baseline_rate_hz"": 8.89, ""reliability"": 0.0, ""modulation_ratio"": 0.0, ""median_latency_ms"": null}}",False,0.004,not light responsive,0.95,Not statistically significant (p=0.6254 >= 0.05); No positive modulation (mod_ratio=0.51 <= 1.0); Very low reliability (0.02 < 0.05),0.2554,0.0897,0.1423,0.022,0.0,0.7148,1.0,1.0,1.7729,0.1698,low evidence (non-responsive),850245271,3.26189609382035,0.353406586739152,48.9481688443734,0.99,0.0780753709512673,3.67207243149785,0.902591599642538,0.0034624839860115,good,11,2620,7672,641,7354,VIS,"10-ms optical pulse (473 nm, Ai32)",4.444,2.778,6.162,0.0,0.022,"1.0, 2.5, 4.0 mW calibrated",1,2,0.0897,0,0
721123822,707296982,760213142,950907861,VIS,45,7.407,0.0,0.0,,,,0.0,0.022,0.0,,0.06494,-0.35,0.0,"{""1.0"": {""evoked_rate_hz"": 0.0, ""baseline_rate_hz"": 8.89, ""reliability"": 0.0, ""modulation_ratio"": 0.0, ""median_latency_ms"": null}, ""2.5"": {""evoked_rate_hz"": 0.0, ""baseline_rate_hz"": 8.89, ""reliability"": 0.0, ""modulation_ratio"": 0.0, ""median_latency_ms"": null}, ""4.0"": {""evoked_rate_hz"": 0.0, ""baseline_rate_hz"": 4.44, ""reliability"": 0.0, ""modulation_ratio"": 0.0, ""median_latency_ms"": null}}",False,0.004,not light responsive,0.95,Not statistically significant (p=0.0649 >= 0.05); No positive modulation (mod_ratio=0.00 <= 1.0); Very low reliability (0.00 < 0.05),0.0941,0.144,0.3074,0.0,0.0,0.0002,0.0183,1.0,4.6165,0.0099,low evidence (non-responsive),850245271,2.65689220523092,0.037803421107557,56.4764392091014,0.99,0.0063554319839386,2.87174764119061,0.946666666666667,0.0059067357512953,good,11,2620,7672,641,7354,VIS,"10-ms optical pulse (473 nm, Ai32)",7.407,0.0,,,0.0,"1.0, 2.5, 4.0 mW calibrated",0,3,0.144,0,0
721123822,707296982,760213142,950907889,VIS,45,11.852,27.778,2.161,4.808,1.929,2.614,0.222,0.089,0.795,0.405,0.05994,0.302,2.7778,"{""1.0"": {""evoked_rate_hz"": 16.67, ""baseline_rate_hz"": 8.89, ""reliability"": 0.133, ""modulation_ratio"": 1.69, ""median_latency_ms"": 2.52}, ""2.5"": {""evoked_rate_hz"": 41.67, ""baseline_rate_hz"": 4.44, ""reliability"": 0.333, ""modulation_ratio"": 7.65, ""median_latency_ms"": 5.67}, ""4.0"": {""evoked_rate_hz"": 25.0, ""baseline_rate_hz"": 22.22, ""reliability"": 0.2, ""modulation_ratio"": 1.08, ""median_latency_ms"": 3.97}}",False,-0.498,not light responsive,0.778,Not statistically significant (p=0.0599 >= 0.05),0.4219,0.4783,0.3148,0.222,0.5049,0.8315,0.4623,1.0,0.8952,0.4085,intermediate evidence (uncertain / borderline),850245281,2.85583341464997,0.0203751664571973,63.8842464406035,0.99,0.0184226259500468,3.30594605371476,0.961333333333333,0.0137533686460366,good,59,2680,7675,597,7345,VIS,"10-ms optical pulse (473 nm, Ai32)",11.852,27.778,4.808,1.929,0.222,"1.0, 2.5, 4.0 mW calibrated",13,5,0.4783,0,0
721123822,707296982,760213142,950908035,VIS,45,0.0,0.0,0.0,,,,0.0,0.0,0.0,,1.0,0.0,0.0,"{""1.0"": {""evoked_rate_hz"": 0.0, ""baseline_rate_hz"": 0.0, ""reliability"": 0.0, ""modulation_ratio"": 0.0, ""median_latency_ms"": null}, ""2.5"": {""evoked_rate_hz"": 0.0, ""baseline_rate_hz"": 0.0, ""reliability"": 0.0, ""modulation_ratio"": 0.0, ""median_latency_ms"": null}, ""4.0"": {""evoked_rate_hz"": 0.0, ""baseline_rate_hz"": 0.0, ""reliability"": 0.0, ""modulation_ratio"": 0.0, ""median_latency_ms"": null}}",False,1.0,insufficient evidence,0.0,Insufficient trial count (<10) or zero spikes recorded,0.0376,0.144,0.1192,0.0,0.0,0.0002,0.0183,1.0,4.6165,0.0099,insufficient evidence,850245291,4.28168037560844,0.223600034577944,59.7758604798374,0.99,0.0020576198097967,4.05420046462004,0.969387755102041,0.0012792028546421,good,27,2720,7679,553,7337,VIS,"10-ms optical pulse (473 nm, Ai32)",0.0,0.0,,,0.0,"1.0, 2.5, 4.0 mW calibrated",0,0,0.144,0,-1
721123822,707296982,760213142,950907901,VIS,45,2.963,16.667,4.206,6.009,2.14,3.742,0.133,0.0,0.886,0.354,0.07692,0.296,0.0,"{""1.0"": {""evoked_rate_hz"": 16.67, ""baseline_rate_hz"": 0.0, ""reliability"": 0.133, ""modulation_ratio"": 16.67, ""median_latency_ms"": 5.98}, ""2.5"": {""evoked_rate_hz"": 16.67, ""baseline_rate_hz"": 4.44, ""reliability"": 0.133, ""modulation_ratio"": 3.06, ""median_latency_ms"": 6.01}, ""4.0"": {""evoked_rate_hz"": 16.67, ""baseline_rate_hz"": 4.44, ""reliability"": 0.133, ""modulation_ratio"": 3.06, ""median_latency_ms"": 6.13}}",False,1.0,not light responsive,0.867,Not statistically significant (p=0.0769 >= 0.05),0.4281,0.3352,0.2919,0.133,0.7764,0.7302,0.4249,1.0,1.4475,0.2352,intermediate evidence (uncertain / borderline),850245289,2.19671406116988,0.208104030125184,59.0801449737665,0.99,0.0563245266067235,3.67431270608335,0.934666666666667,0.0037562917887461,good,59,2720,7678,562,7338,VIS,"10-ms optical pulse (473 nm, Ai32)",2.963,16.667,6.009,2.14,0.133,"1.0, 2.5, 4.0 mW calibrated",8,1,0.3352,0,0
721123822,707296982,760213142,950908001,VIS,45,0.0,0.0,0.0,,,,0.0,0.0,0.0,,1.0,0.0,0.0,"{""1.0"": {""evoked_rate_hz"": 0.0, ""baseline_rate_hz"": 0.0, ""reliability"": 0.0, ""modulation_ratio"": 0.0, ""median_latency_ms"": null}, ""2.5"": {""evoked_rate_hz"": 0.0, ""baseline_rate_hz"": 0.0, ""reliability"": 0.0, ""modulation_ratio"": 0.0, ""median_latency_ms"": null}, ""4.0"": {""evoked_rate_hz"": 0.0, ""baseline_rate_hz"": 0.0, ""reliability"": 0.0, ""modulation_ratio"": 0.0, ""median_latency_ms"": null}}",False,1.0,insufficient evidence,0.0,Insufficient trial count (<10) or zero spikes recorded,0.0376,0.144,0.1192,0.0,0.0,0.0002,0.0183,1.0,4.6165,0.0099,insufficient evidence,850245293,3.75914183205909,0.226861695775656,58.3607164164619,0.97,0.003984188549797,5.03184587159726,0.840909090909091,0.0003348064818534,good,43,2740,7679,545,7335,VIS,"10-ms optical pulse (473 nm, Ai32)",0.0,0.0,,,0.0,"1.0, 2.5, 4.0 mW calibrated",0,0,0.144,0,-1
721123822,707296982,760213142,950907927,VIS,45,11.852,33.333,2.594,4.903,2.709,3.96,0.267,0.067,0.75,0.521,0.02997,0.347,-5.5556,"{""1.0"": {""evoked_rate_hz"": 41.67, ""baseline_rate_hz"": 13.33, ""reliability"": 0.333, ""modulation_ratio"": 2.91, ""median_latency_ms"": 5.25}, ""2.5"": {""evoked_rate_hz"": 33.33, ""baseline_rate_hz"": 8.89, ""reliability"": 0.267, ""modulation_ratio"": 3.37, ""median_latency_ms"": 5.22}, ""4.0"": {""evoked_rate_hz"": 25.0, ""baseline_rate_hz"": 13.33, ""reliability"": 0.2, ""modulation_ratio"": 1.74, ""median_latency_ms"": 3.12}}",False,0.0,light-responsive / indirect or uncertain,0.65,Sub-threshold reliability (0.27 < 0.3),0.4585,0.5576,0.383,0.267,0.5964,0.8247,0.3384,1.0,0.876,0.4164,intermediate evidence (uncertain / borderline),850245297,2.15117301170158,0.0034416584338216,61.5704601599919,0.99,0.000149586812014,3.11265447428817,0.974666666666667,0.0041306796845662,good,59,2760,7681,527,7332,VIS,"10-ms optical pulse (473 nm, Ai32)",11.852,33.333,4.903,2.709,0.267,"1.0, 2.5, 4.0 mW calibrated",15,5,0.5576,0,1
721123822,707296982,760213142,950907925,VIS,45,1.481,0.0,0.0,,,,0.0,0.022,0.0,,1.0,-0.149,0.0,"{""1.0"": {""evoked_rate_hz"": 0.0, ""baseline_rate_hz"": 0.0, ""reliability"": 0.0, ""modulation_ratio"": 0.0, ""median_latency_ms"": null}, ""2.5"": {""evoked_rate_hz"": 0.0, ""baseline_rate_hz"": 0.0, ""reliability"": 0.0, ""modulation_ratio"": 0.0, ""median_latency_ms"": null}, ""4.0"": {""evoked_rate_hz"": 0.0, ""baseline_rate_hz"": 4.44, ""reliability"": 0.0, ""modulation_ratio"": 0.0, ""median_latency_ms"": null}}",False,1.0,not light responsive,0.95,Not statistically significant (p=1.0000 >= 0.05); No positive modulation (mod_ratio=0.00 <= 1.0); Very low reliability (0.00 < 0.05),0.0376,0.144,0.1192,0.0,0.0,0.0002,0.0183,1.0,4.6165,0.0099,low evidence (non-responsive),850245297,1.46007749604732,0.439521633752246,45.03863527171,0.99,0.0892836449595087,2.63486046603926,0.75,0.0024509803921568,good,59,2760,7681,527,7332,VIS,"10-ms optical pulse (473 nm, Ai32)",1.481,0.0,,,0.0,"1.0, 2.5, 4.0 mW calibrated",0,1,0.144,0,0
721123822,707296982,760213142,950907923,VIS,45,0.0,0.0,0.0,,,,0.0,0.0,0.0,,1.0,0.0,0.0,"{""1.0"": {""evoked_rate_hz"": 0.0, ""baseline_rate_hz"": 0.0, ""reliability"": 0.0, ""modulation_ratio"": 0.0, ""median_latency_ms"": null}, ""2.5"": {""evoked_rate_hz"": 0.0, ""baseline_rate_hz"": 0.0, ""reliability"": 0.0, ""modulation_ratio"": 0.0, ""median_latency_ms"": null}, ""4.0"": {""evoked_rate_hz"": 0.0, ""baseline_rate_hz"": 0.0, ""reliability"": 0.0, ""modulation_ratio"": 0.0, ""median_latency_ms"": null}}",False,-221.222,insufficient evidence,0.0,Insufficient trial count (<10) or zero spikes recorded,0.0376,0.144,0.1192,0.0,0.0,0.0002,0.0183,1.0,4.6165,0.0099,insufficient evidence,850245297,2.99186323367261,0.27487857605022,47.1304295430841,0.97,0.002429400544427,3.38871300787758,0.96078431372549,0.0006398599043577,good,59,2760,7681,527,7332,VIS,"10-ms optical pulse (473 nm, Ai32)",0.0,0.0,,,0.0,"1.0, 2.5, 4.0 mW calibrated",0,0,0.144,0,-1
721123822,707296982,760213142,950907921,VIS,45,0.0,0.0,0.0,,,,0.0,0.0,0.0,,1.0,0.0,0.0,"{""1.0"": {""evoked_rate_hz"": 0.0, ""baseline_rate_hz"": 0.0, ""reliability"": 0.0, ""modulation_ratio"": 0.0, ""median_latency_ms"": null}, ""2.5"": {""evoked_rate_hz"": 0.0, ""baseline_rate_hz"": 0.0, ""reliability"": 0.0, ""modulation_ratio"": 0.0, ""median_latency_ms"": null}, ""4.0"": {""evoked_rate_hz"": 0.0, ""baseline_rate_hz"": 0.0, ""reliability"": 0.0, ""modulation_ratio"": 0.0, ""median_latency_ms"": null}}",False,1.0,insufficient evidence,0.0,Insufficient trial count (<10) or zero spikes recorded,0.0376,0.144,0.1192,0.0,0.0,0.0002,0.0183,1.0,4.6165,0.0099,insufficient evidence,850245297,5.40618712935067,0.0605585575086739,90.8356195291551,0.99,0.0006059506521075,5.33980299365068,0.978835978835979,0.0006414151644048,good,59,2760,7681,527,7332,VIS,"10-ms optical pulse (473 nm, Ai32)",0.0,0.0,,,0.0,"1.0, 2.5, 4.0 mW calibrated",0,0,0.144,0,-1
721123822,707296982,760213142,950907935,VIS,45,0.0,0.0,0.0,,,,0.0,0.0,0.0,,1.0,0.0,0.0,"{""1.0"": {""evoked_rate_hz"": 0.0, ""baseline_rate_hz"": 0.0, ""reliability"": 0.0, ""modulation_ratio"": 0.0, ""median_latency_ms"": null}, ""2.5"": {""evoked_rate_hz"": 0.0, ""baseline_rate_hz"": 0.0, ""reliability"": 0.0, ""modulation_ratio"": 0.0, ""median_latency_ms"": null}, ""4.0"": {""evoked_rate_hz"": 0.0, ""baseline_rate_hz"": 0.0, ""reliability"": 0.0, ""modulation_ratio"": 0.0, ""median_latency_ms"": null}}",False,1.0,insufficient evidence,0.0,Insufficient trial count (<10) or zero spikes recorded,0.0376,0.144,0.1192,0.0,0.0,0.0002,0.0183,1.0,4.6165,0.0099,insufficient evidence,850245303,2.71463089629483,0.0485172673660464,56.9486280980948,0.99,0.0015075144300168,4.30556306525803,0.971509971509972,0.0008291014612913,good,11,2780,7684,493,7325,VIS,"10-ms optical pulse (473 nm, Ai32)",0.0,0.0,,,0.0,"1.0, 2.5, 4.0 mW calibrated",0,0,0.144,0,-1
721123822,707296982,760213142,950907949,VIS,45,34.074,69.444,1.98,4.258,2.178,2.964,0.533,0.244,0.536,0.453,0.003,0.52,8.3333,"{""1.0"": {""evoked_rate_hz"": 58.33, ""baseline_rate_hz"": 22.22, ""reliability"": 0.467, ""modulation_ratio"": 2.51, ""median_latency_ms"": 3.46}, ""2.5"": {""evoked_rate_hz"": 66.67, ""baseline_rate_hz"": 40.0, ""reliability"": 0.467, ""modulation_ratio"": 1.63, ""median_latency_ms"": 4.2}, ""4.0"": {""evoked_rate_hz"": 83.33, ""baseline_rate_hz"": 40.0, ""reliability"": 0.667, ""modulation_ratio"": 2.03, ""median_latency_ms"": 5.2}}",False,0.182,light-responsive / indirect or uncertain,0.65,Sub-threshold modulation (1.98 <= 2.0),0.5847,0.5202,0.6278,0.533,0.4564,0.8666,0.4184,1.0,1.4942,0.2244,intermediate evidence (uncertain / borderline),850245309,3.19957941524775,0.0056624933536166,84.1469585580882,0.99,0.0006111131853403,4.21272881096277,0.995333333333333,0.0041091387245233,good,43,2820,7686,467,7320,VIS,"10-ms optical pulse (473 nm, Ai32)",34.074,69.444,4.258,2.178,0.533,"1.0, 2.5, 4.0 mW calibrated",31,15,0.5202,0,1
721123822,707296982,760213142,950907969,VIS,45,8.889,2.778,0.281,7.515,0.0,0.0,0.022,0.067,1.0,0.0,0.13786,-0.201,-2.7778,"{""1.0"": {""evoked_rate_hz"": 8.33, ""baseline_rate_hz"": 4.44, ""reliability"": 0.067, ""modulation_ratio"": 1.53, ""median_latency_ms"": 7.52}, ""2.5"": {""evoked_rate_hz"": 0.0, ""baseline_rate_hz"": 17.78, ""reliability"": 0.0, ""modulation_ratio"": 0.0, ""median_latency_ms"": null}, ""4.0"": {""evoked_rate_hz"": 0.0, ""baseline_rate_hz"": 4.44, ""reliability"": 0.0, ""modulation_ratio"": 0.0, ""median_latency_ms"": null}}",False,-0.664,not light responsive,0.95,Not statistically significant (p=0.1379 >= 0.05); No positive modulation (mod_ratio=0.28 <= 1.0); Very low reliability (0.02 < 0.05),0.2623,0.0936,0.2424,0.022,0.0,0.5603,1.0,1.0,1.7166,0.1797,low evidence (non-responsive),850245313,1.95456713449543,0.0460039714077744,57.2717649754481,0.99,0.0122172822186744,3.72640345379261,0.978666666666667,0.0013243279035889,good,59,2840,7687,450,7317,VIS,"10-ms optical pulse (473 nm, Ai32)",8.889,2.778,7.515,0.0,0.022,"1.0, 2.5, 4.0 mW calibrated",1,4,0.0936,0,0
721123822,707296982,760213142,950907967,VIS,45,0.0,0.0,0.0,,,,0.0,0.0,0.0,,1.0,0.0,0.0,"{""1.0"": {""evoked_rate_hz"": 0.0, ""baseline_rate_hz"": 0.0, ""reliability"": 0.0, ""modulation_ratio"": 0.0, ""median_latency_ms"": null}, ""2.5"": {""evoked_rate_hz"": 0.0, ""baseline_rate_hz"": 0.0, ""reliability"": 0.0, ""modulation_ratio"": 0.0, ""median_latency_ms"": null}, ""4.0"": {""evoked_rate_hz"": 0.0, ""baseline_rate_hz"": 0.0, ""reliability"": 0.0, ""modulation_ratio"": 0.0, ""median_latency_ms"": null}}",False,1.0,insufficient evidence,0.0,Insufficient trial count (<10) or zero spikes recorded,0.0376,0.144,0.1192,0.0,0.0,0.0002,0.0183,1.0,4.6165,0.0099,insufficient evidence,850245313,2.27485927346239,0.374223500802162,47.0706815554208,0.99,0.0133868343221024,4.34514324464839,0.910614525139665,0.0017309846247836,good,59,2840,7687,450,7317,VIS,"10-ms optical pulse (473 nm, Ai32)",0.0,0.0,,,0.0,"1.0, 2.5, 4.0 mW calibrated",0,0,0.144,0,-1
721123822,707296982,760213142,950907965,VIS,45,0.0,0.0,0.0,,,,0.0,0.0,0.0,,1.0,0.0,0.0,"{""1.0"": {""evoked_rate_hz"": 0.0, ""baseline_rate_hz"": 0.0, ""reliability"": 0.0, ""modulation_ratio"": 0.0, ""median_latency_ms"": null}, ""2.5"": {""evoked_rate_hz"": 0.0, ""baseline_rate_hz"": 0.0, ""reliability"": 0.0, ""modulation_ratio"": 0.0, ""median_latency_ms"": null}, ""4.0"": {""evoked_rate_hz"": 0.0, ""baseline_rate_hz"": 0.0, ""reliability"": 0.0, ""modulation_ratio"": 0.0, ""median_latency_ms"": null}}",False,-443.444,insufficient evidence,0.0,Insufficient trial count (<10) or zero spikes recorded,0.0376,0.144,0.1192,0.0,0.0,0.0002,0.0183,1.0,4.6165,0.0099,insufficient evidence,850245313,2.74130725426299,0.0,37.3614694678419,0.97,0.0062163748474716,4.29712416690579,0.466666666666667,0.0010693400167084,good,59,2840,7687,450,7317,VIS,"10-ms optical pulse (473 nm, Ai32)",0.0,0.0,,,0.0,"1.0, 2.5, 4.0 mW calibrated",0,0,0.144,0,-1
721123822,707296982,760213145,950908048,LP,45,17.778,13.889,0.74,2.778,2.947,4.547,0.111,0.2,0.909,0.752,0.61039,-0.071,0.0,"{""1.0"": {""evoked_rate_hz"": 16.67, ""baseline_rate_hz"": 17.78, ""reliability"": 0.133, ""modulation_ratio"": 0.89, ""median_latency_ms"": 3.84}, ""2.5"": {""evoked_rate_hz"": 8.33, ""baseline_rate_hz"": 17.78, ""reliability"": 0.067, ""modulation_ratio"": 0.44, ""median_latency_ms"": 2.78}, ""4.0"": {""evoked_rate_hz"": 16.67, ""baseline_rate_hz"": 17.78, ""reliability"": 0.133, ""modulation_ratio"": 0.89, ""median_latency_ms"": 4.57}}",False,0.112,not light responsive,0.889,Not statistically significant (p=0.6104 >= 0.05); No positive modulation (mod_ratio=0.74 <= 1.0),0.2413,0.531,0.1436,0.111,0.0,0.9316,0.3076,1.0,1.8967,0.1501,low evidence (non-responsive),850245517,2.08964578639214,0.0603278498083174,51.4170852074479,0.99,0.0084442868965015,3.75187498575713,0.891333333333333,0.0135809866187338,good,43,20,7799,3385,7724,LP,"10-ms optical pulse (473 nm, Ai32)",17.778,13.889,2.778,2.947,0.111,"1.0, 2.5, 4.0 mW calibrated",6,8,0.531,0,0
721123822,707296982,760213145,950908056,LP,45,10.37,22.222,1.954,5.412,2.472,3.565,0.178,0.089,0.841,0.483,0.12687,0.259,0.0,"{""1.0"": {""evoked_rate_hz"": 25.0, ""baseline_rate_hz"": 4.44, ""reliability"": 0.2, ""modulation_ratio"": 4.59, ""median_latency_ms"": 3.99}, ""2.5"": {""evoked_rate_hz"": 16.67, ""baseline_rate_hz"": 13.33, ""reliability"": 0.133, ""modulation_ratio"": 1.16, ""median_latency_ms"": 7.23}, ""4.0"": {""evoked_rate_hz"": 25.0, ""baseline_rate_hz"": 13.33, ""reliability"": 0.2, ""modulation_ratio"": 1.74, ""median_latency_ms"": 4.44}}",False,0.8,not light responsive,0.822,Not statistically significant (p=0.1269 >= 0.05),0.3639,0.4719,0.2491,0.178,0.4488,0.7848,0.372,1.0,0.8899,0.4107,intermediate evidence (uncertain / borderline),850245523,2.78997145473012,0.0715152729952956,51.5660305769826,0.99,0.0330190577990637,3.40250438740718,0.871333333333333,0.0132307073146192,good,27,40,7809,3356,7727,LP,"10-ms optical pulse (473 nm, Ai32)",10.37,22.222,5.412,2.472,0.178,"1.0, 2.5, 4.0 mW calibrated",10,5,0.4719,0,0
721123822,707296982,760213145,950908052,LP,45,10.37,8.333,0.733,4.528,3.06,3.053,0.067,0.111,0.955,0.714,0.59341,-0.064,-8.3333,"{""1.0"": {""evoked_rate_hz"": 25.0, ""baseline_rate_hz"": 8.89, ""reliability"": 0.2, ""modulation_ratio"": 2.53, ""median_latency_ms"": 4.53}, ""2.5"": {""evoked_rate_hz"": 0.0, ""baseline_rate_hz"": 17.78, ""reliability"": 0.0, ""modulation_ratio"": 0.0, ""median_latency_ms"": null}, ""4.0"": {""evoked_rate_hz"": 0.0, ""baseline_rate_hz"": 4.44, ""reliability"": 0.0, ""modulation_ratio"": 0.0, ""median_latency_ms"": null}}",False,0.001,not light responsive,0.933,Not statistically significant (p=0.5934 >= 0.05); No positive modulation (mod_ratio=0.73 <= 1.0),0.2172,0.3682,0.1451,0.067,0.0,0.8502,0.2941,1.0,1.7637,0.1714,low evidence (non-responsive),850245521,3.04267300949626,0.0319876437745821,68.184838849459,0.99,0.0023079209964775,4.17851196637401,0.994,0.0022704188325267,good,59,40,7806,3366,7726,LP,"10-ms optical pulse (473 nm, Ai32)",10.37,8.333,4.528,3.06,0.067,"1.0, 2.5, 4.0 mW calibrated",4,5,0.3682,0,0
721123822,707296982,760213145,950908050,LP,45,10.37,2.778,0.244,4.35,0.0,0.0,0.022,0.111,1.0,0.0,0.02697,-0.304,0.0,"{""1.0"": {""evoked_rate_hz"": 0.0, ""baseline_rate_hz"": 0.0, ""reliability"": 0.0, ""modulation_ratio"": 0.0, ""median_latency_ms"": null}, ""2.5"": {""evoked_rate_hz"": 8.33, ""baseline_rate_hz"": 17.78, ""reliability"": 0.067, ""modulation_ratio"": 0.44, ""median_latency_ms"": 4.35}, ""4.0"": {""evoked_rate_hz"": 0.0, ""baseline_rate_hz"": 13.33, ""reliability"": 0.0, ""modulation_ratio"": 0.0, ""median_latency_ms"": null}}",False,1.0,not light responsive,0.95,Not statistically significant (p=0.0270 >= 0.05); No positive modulation (mod_ratio=0.24 <= 1.0); Very low reliability (0.02 < 0.05),0.3528,0.0792,0.3939,0.022,0.0,0.8612,1.0,1.0,1.9403,0.1437,intermediate evidence (uncertain / borderline),850245521,2.49574437495638,0.20236562648568,20.9253869815564,0.99,0.0761041737563375,2.22074350402705,0.363799283154122,0.0094422933224645,good,59,40,7806,3366,7726,LP,"10-ms optical pulse (473 nm, Ai32)",10.37,2.778,4.35,0.0,0.022,"1.0, 2.5, 4.0 mW calibrated",1,5,0.0792,0,0
721123822,707296982,760213145,950908046,LP,45,8.889,5.556,0.562,4.767,5.224,3.694,0.044,0.089,0.977,1.096,0.39161,-0.11,0.0,"{""1.0"": {""evoked_rate_hz"": 8.33, ""baseline_rate_hz"": 8.89, ""reliability"": 0.067, ""modulation_ratio"": 0.84, ""median_latency_ms"": 8.46}, ""2.5"": {""evoked_rate_hz"": 0.0, ""baseline_rate_hz"": 8.89, ""reliability"": 0.0, ""modulation_ratio"": 0.0, ""median_latency_ms"": null}, ""4.0"": {""evoked_rate_hz"": 8.33, ""baseline_rate_hz"": 8.89, ""reliability"": 0.067, ""modulation_ratio"": 0.84, ""median_latency_ms"": 1.07}}",False,0.004,not light responsive,0.95,Not statistically significant (p=0.3916 >= 0.05); No positive modulation (mod_ratio=0.56 <= 1.0); Very low reliability (0.04 < 0.05),0.1992,0.4912,0.169,0.044,0.0,0.8343,0.1237,1.0,1.8143,0.163,low evidence (non-responsive),850245521,4.70916010335734,0.0099489712429605,83.021224980318,0.99,0.0004499138652892,6.72246562573536,0.992666666666667,0.000547138047138,good,59,40,7806,3366,7726,LP,"10-ms optical pulse (473 nm, Ai32)",8.889,5.556,4.767,5.224,0.044,"1.0, 2.5, 4.0 mW calibrated",3,4,0.4912,0,0
721123822,707296982,760213145,950908076,LP,45,20.741,16.667,0.767,4.796,2.729,4.312,0.133,0.178,0.886,0.552,0.64136,-0.067,0.0,"{""1.0"": {""evoked_rate_hz"": 16.67, ""baseline_rate_hz"": 31.11, ""reliability"": 0.133, ""modulation_ratio"": 0.52, ""median_latency_ms"": 2.92}, ""2.5"": {""evoked_rate_hz"": 16.67, ""baseline_rate_hz"": 26.67, ""reliability"": 0.133, ""modulation_ratio"": 0.6, ""median_latency_ms"": 6.63}, ""4.0"": {""evoked_rate_hz"": 16.67, ""baseline_rate_hz"": 4.44, ""reliability"": 0.133, ""modulation_ratio"": 3.06, ""median_latency_ms"": 5.27}}",False,-0.374,not light responsive,0.867,Not statistically significant (p=0.6414 >= 0.05); No positive modulation (mod_ratio=0.77 <= 1.0),0.234,0.4023,0.141,0.133,0.0,0.8323,0.3357,1.0,1.5293,0.2167,low evidence (non-responsive),850245527,3.00812894834419,0.033264105962774,76.7506077763344,0.99,0.0050345887779352,5.07987510703344,0.930666666666667,0.0073827366083819,good,11,60,7816,3337,7729,LP,"10-ms optical pulse (473 nm, Ai32)",20.741,16.667,4.796,2.729,0.133,"1.0, 2.5, 4.0 mW calibrated",8,9,0.4023,0,0
721123822,707296982,760213145,950908066,LP,45,7.407,11.111,1.322,6.116,1.47,1.928,0.089,0.044,0.932,0.23,0.58641,0.109,2.7778,"{""1.0"": {""evoked_rate_hz"": 8.33, ""baseline_rate_hz"": 4.44, ""reliability"": 0.067, ""modulation_ratio"": 1.53, ""median_latency_ms"": 6.87}, ""2.5"": {""evoked_rate_hz"": 8.33, ""baseline_rate_hz"": 4.44, ""reliability"": 0.067, ""modulation_ratio"": 1.53, ""median_latency_ms"": 8.23}, ""4.0"": {""evoked_rate_hz"": 16.67, ""baseline_rate_hz"": 13.33, ""reliability"": 0.133, ""modulation_ratio"": 1.16, ""median_latency_ms"": 5.2}}",False,0.6,not light responsive,0.911,Not statistically significant (p=0.5864 >= 0.05),0.2692,0.275,0.1458,0.089,0.1987,0.7195,0.5554,1.0,1.3006,0.2724,low evidence (non-responsive),850245527,2.94563568906873,0.035664727898249,72.1251880637502,0.99,0.0015377117947446,4.67983170328505,0.976287262872629,0.0012620950778292,good,11,60,7816,3337,7729,LP,"10-ms optical pulse (473 nm, Ai32)",7.407,11.111,6.116,1.47,0.089,"1.0, 2.5, 4.0 mW calibrated",5,3,0.275,0,0
721123822,707296982,760213145,950908064,LP,45,4.444,2.778,0.51,7.615,0.0,0.0,0.022,0.022,1.0,0.0,0.48252,-0.1,0.0,"{""1.0"": {""evoked_rate_hz"": 0.0, ""baseline_rate_hz"": 0.0, ""reliability"": 0.0, ""modulation_ratio"": 0.0, ""median_latency_ms"": null}, ""2.5"": {""evoked_rate_hz"": 8.33, ""baseline_rate_hz"": 8.89, ""reliability"": 0.067, ""modulation_ratio"": 0.84, ""median_latency_ms"": 7.62}, ""4.0"": {""evoked_rate_hz"": 0.0, ""baseline_rate_hz"": 4.44, ""reliability"": 0.0, ""modulation_ratio"": 0.0, ""median_latency_ms"": null}}",False,0.667,not light responsive,0.95,Not statistically significant (p=0.4825 >= 0.05); No positive modulation (mod_ratio=0.51 <= 1.0); Very low reliability (0.02 < 0.05),0.2347,0.0937,0.1566,0.022,0.0,0.548,1.0,1.0,1.715,0.18,low evidence (non-responsive),850245527,2.99634297298036,0.0680231851805594,47.7338641687177,0.99,0.0024452270603716,4.2162457876957,0.898333333333333,0.0010544217687074,good,11,60,7816,3337,7729,LP,"10-ms optical pulse (473 nm, Ai32)",4.444,2.778,7.615,0.0,0.022,"1.0, 2.5, 4.0 mW calibrated",1,2,0.0937,0,0
721123822,707296982,760213145,950908072,LP,45,8.889,5.556,0.562,2.938,0.079,0.056,0.044,0.089,0.977,0.027,0.44955,-0.092,-2.7778,"{""1.0"": {""evoked_rate_hz"": 8.33, ""baseline_rate_hz"": 22.22, ""reliability"": 0.067, ""modulation_ratio"": 0.36, ""median_latency_ms"": 2.99}, ""2.5"": {""evoked_rate_hz"": 8.33, ""baseline_rate_hz"": 0.0, ""reliability"": 0.067, ""modulation_ratio"": 8.33, ""median_latency_ms"": 2.88}, ""4.0"": {""evoked_rate_hz"": 0.0, ""baseline_rate_hz"": 4.44, ""reliability"": 0.0, ""modulation_ratio"": 0.0, ""median_latency_ms"": null}}",False,0.002,not light responsive,0.95,Not statistically significant (p=0.4496 >= 0.05); No positive modulation (mod_ratio=0.56 <= 1.0); Very low reliability (0.04 < 0.05),0.2951,0.1029,0.1607,0.044,0.0,0.9263,0.9689,1.0,2.0591,0.1276,low evidence (non-responsive),850245529,4.70881712115875,0.0,85.5029198386301,0.99,7.89049153677112e-05,4.59368973779371,0.994722955145119,0.0001385857325988,good,59,80,7819,3327,7729,LP,"10-ms optical pulse (473 nm, Ai32)",8.889,5.556,2.938,0.079,0.044,"1.0, 2.5, 4.0 mW calibrated",3,4,0.1029,0,0
721123822,707296982,760213145,950908070,LP,45,7.407,8.333,0.991,4.827,2.161,1.94,0.067,0.111,0.955,0.365,1.0,0.023,2.7778,"{""1.0"": {""evoked_rate_hz"": 8.33, ""baseline_rate_hz"": 4.44, ""reliability"": 0.067, ""modulation_ratio"": 1.53, ""median_latency_ms"": 4.54}, ""2.5"": {""evoked_rate_hz"": 0.0, ""baseline_rate_hz"": 8.89, ""reliability"": 0.0, ""modulation_ratio"": 0.0, ""median_latency_ms"": null}, ""4.0"": {""evoked_rate_hz"": 16.67, ""baseline_rate_hz"": 8.89, ""reliability"": 0.133, ""modulation_ratio"": 1.69, ""median_latency_ms"": 6.62}}",False,0.501,not light responsive,0.933,Not statistically significant (p=1.0000 >= 0.05); No positive modulation (mod_ratio=0.99 <= 1.0),0.2192,0.2909,0.1192,0.067,0.0,0.8301,0.4213,1.0,1.7281,0.1776,low evidence (non-responsive),850245529,3.56799563907941,0.0045059789605576,88.8624156548099,0.99,0.0010307558986721,4.31091474840105,0.996296296296296,0.0001047120418848,good,59,80,7819,3327,7729,LP,"10-ms optical pulse (473 nm, Ai32)",7.407,8.333,4.827,2.161,0.067,"1.0, 2.5, 4.0 mW calibrated",4,3,0.2909,0,0
721123822,707296982,760213145,950908074,LP,45,16.296,16.667,0.964,5.018,2.272,2.517,0.133,0.156,0.886,0.415,1.0,0.007,-2.7778,"{""1.0"": {""evoked_rate_hz"": 25.0, ""baseline_rate_hz"": 8.89, ""reliability"": 0.2, ""modulation_ratio"": 2.53, ""median_latency_ms"": 5.45}, ""2.5"": {""evoked_rate_hz"": 8.33, ""baseline_rate_hz"": 22.22, ""reliability"": 0.067, ""modulation_ratio"": 0.36, ""median_latency_ms"": 4.44}, ""4.0"": {""evoked_rate_hz"": 16.67, ""baseline_rate_hz"": 17.78, ""reliability"": 0.133, ""modulation_ratio"": 0.89, ""median_latency_ms"": 5.41}}",False,0.546,not light responsive,0.867,Not statistically significant (p=1.0000 >= 0.05); No positive modulation (mod_ratio=0.96 <= 1.0),0.2317,0.3641,0.1192,0.133,0.0,0.8162,0.403,1.0,1.501,0.2229,low evidence (non-responsive),850245533,6.07260361012773,0.0002602966937561,137.802881782211,0.99,0.0001143334225561,7.71335733374269,1.0,0.0,good,43,100,7826,3308,7731,LP,"10-ms optical pulse (473 nm, Ai32)",16.296,16.667,5.018,2.272,0.133,"1.0, 2.5, 4.0 mW calibrated",8,7,0.3641,0,0
721123822,707296982,760213145,950908858,LP,45,4.444,2.778,0.51,8.671,0.0,0.0,0.022,0.044,1.0,0.0,0.62138,-0.065,0.0,"{""1.0"": {""evoked_rate_hz"": 0.0, ""baseline_rate_hz"": 4.44, ""reliability"": 0.0, ""modulation_ratio"": 0.0, ""median_latency_ms"": null}, ""2.5"": {""evoked_rate_hz"": 8.33, ""baseline_rate_hz"": 8.89, ""reliability"": 0.067, ""modulation_ratio"": 0.84, ""median_latency_ms"": 8.67}, ""4.0"": {""evoked_rate_hz"": 0.0, ""baseline_rate_hz"": 0.0, ""reliability"": 0.0, ""modulation_ratio"": 0.0, ""median_latency_ms"": null}}",False,0.714,not light responsive,0.95,Not statistically significant (p=0.6214 >= 0.05); No positive modulation (mod_ratio=0.51 <= 1.0); Very low reliability (0.02 < 0.05),0.2108,0.0933,0.1427,0.022,0.0,0.4169,1.0,1.0,1.7205,0.179,low evidence (non-responsive),850245539,2.43077379057055,0.0841639952184963,61.3600295089281,0.99,0.0115733232650266,3.87995380345542,0.922,0.0074373795761079,good,27,120,7837,3280,7733,LP,"10-ms optical pulse (473 nm, Ai32)",4.444,2.778,8.671,0.0,0.022,"1.0, 2.5, 4.0 mW calibrated",1,2,0.0933,0,0
721123822,707296982,760213145,950908080,LP,45,16.296,19.444,1.124,6.235,3.03,4.74,0.156,0.089,0.864,0.604,0.67532,0.064,0.0,"{""1.0"": {""evoked_rate_hz"": 25.0, ""baseline_rate_hz"": 17.78, ""reliability"": 0.2, ""modulation_ratio"": 1.33, ""median_latency_ms"": 8.18}, ""2.5"": {""evoked_rate_hz"": 8.33, ""baseline_rate_hz"": 17.78, ""reliability"": 0.067, ""modulation_ratio"": 0.44, ""median_latency_ms"": 1.08}, ""4.0"": {""evoked_rate_hz"": 25.0, ""baseline_rate_hz"": 13.33, ""reliability"": 0.2, ""modulation_ratio"": 1.74, ""median_latency_ms"": 3.77}}",False,0.001,not light responsive,0.844,Not statistically significant (p=0.6753 >= 0.05),0.2332,0.4254,0.1383,0.156,0.0841,0.7073,0.2976,1.0,1.185,0.3057,low evidence (non-responsive),850245537,2.87289647912208,0.007480282919479,92.9927335400105,0.99,0.0016990684094169,5.68942383193108,0.998666666666667,4.39985920450546e-05,good,59,120,7833,3289,7733,LP,"10-ms optical pulse (473 nm, Ai32)",16.296,19.444,6.235,3.03,0.156,"1.0, 2.5, 4.0 mW calibrated",9,7,0.4254,0,0
721123822,707296982,760213145,950908092,LP,45,10.37,5.556,0.489,4.401,4.369,3.089,0.044,0.067,0.977,0.993,0.35165,-0.121,0.0,"{""1.0"": {""evoked_rate_hz"": 0.0, ""baseline_rate_hz"": 4.44, ""reliability"": 0.0, ""modulation_ratio"": 0.0, ""median_latency_ms"": null}, ""2.5"": {""evoked_rate_hz"": 16.67, ""baseline_rate_hz"": 13.33, ""reliability"": 0.133, ""modulation_ratio"": 1.16, ""median_latency_ms"": 4.4}, ""4.0"": {""evoked_rate_hz"": 0.0, ""baseline_rate_hz"": 13.33, ""reliability"": 0.0, ""modulation_ratio"": 0.0, ""median_latency_ms"": null}}",False,0.667,not light responsive,0.95,Not statistically significant (p=0.3517 >= 0.05); No positive modulation (mod_ratio=0.49 <= 1.0); Very low reliability (0.04 < 0.05),0.2098,0.4524,0.1756,0.044,0.0,0.8581,0.1742,1.0,1.8569,0.1562,low evidence (non-responsive),850245543,2.61795300707253,0.0197144509810896,72.4367223273623,0.99,0.0207047888790844,5.34809785595948,0.987333333333333,0.0004237288135593,good,11,140,7847,3251,7736,LP,"10-ms optical pulse (473 nm, Ai32)",10.37,5.556,4.401,4.369,0.044,"1.0, 2.5, 4.0 mW calibrated",3,5,0.4524,0,0
721123822,707296982,760213145,950908118,DG,45,13.333,8.333,0.581,4.13,0.561,0.492,0.067,0.067,0.955,0.147,0.28671,-0.145,0.0,"{""1.0"": {""evoked_rate_hz"": 8.33, ""baseline_rate_hz"": 13.33, ""reliability"": 0.067, ""modulation_ratio"": 0.58, ""median_latency_ms"": 4.13}, ""2.5"": {""evoked_rate_hz"": 8.33, ""baseline_rate_hz"": 8.89, ""reliability"": 0.067, ""modulation_ratio"": 0.84, ""median_latency_ms"": 4.15}, ""4.0"": {""evoked_rate_hz"": 8.33, ""baseline_rate_hz"": 17.78, ""reliability"": 0.067, ""modulation_ratio"": 0.44, ""median_latency_ms"": 3.17}}",False,-1.987,not light responsive,0.933,Not statistically significant (p=0.2867 >= 0.05); No positive modulation (mod_ratio=0.58 <= 1.0),0.2844,0.1758,0.1889,0.067,0.0,0.8738,0.799,1.0,1.8147,0.1629,low evidence (non-responsive),850245655,2.06229945355202,0.235093393103283,36.4048509228326,0.98,0.0573425706754902,2.85680513035047,0.28874269005848,0.0348561050572786,good,11,700,8046,2746,7788,DG,"10-ms optical pulse (473 nm, Ai32)",13.333,8.333,4.13,0.561,0.067,"1.0, 2.5, 4.0 mW calibrated",4,6,0.1758,0,0
721123822,707296982,760213145,950908116,DG,45,13.333,2.778,0.194,2.738,0.0,0.0,0.022,0.178,1.0,0.0,0.02597,-0.311,0.0,"{""1.0"": {""evoked_rate_hz"": 0.0, ""baseline_rate_hz"": 8.89, ""reliability"": 0.0, ""modulation_ratio"": 0.0, ""median_latency_ms"": null}, ""2.5"": {""evoked_rate_hz"": 8.33, ""baseline_rate_hz"": 8.89, ""reliability"": 0.067, ""modulation_ratio"": 0.84, ""median_latency_ms"": 2.74}, ""4.0"": {""evoked_rate_hz"": 0.0, ""baseline_rate_hz"": 22.22, ""reliability"": 0.0, ""modulation_ratio"": 0.0, ""median_latency_ms"": null}}",False,0.714,not light responsive,0.95,Not statistically significant (p=0.0260 >= 0.05); No positive modulation (mod_ratio=0.19 <= 1.0); Very low reliability (0.02 < 0.05),0.3648,0.0679,0.3978,0.022,0.0,0.9328,1.0,1.0,2.1593,0.1154,intermediate evidence (uncertain / borderline),850245655,2.11232787527478,0.273721568205415,40.0394575645625,0.96,0.0498119054538576,3.11368953471052,0.386,0.0380903358641102,good,11,700,8046,2746,7788,DG,"10-ms optical pulse (473 nm, Ai32)",13.333,2.778,2.738,0.0,0.022,"1.0, 2.5, 4.0 mW calibrated",1,6,0.0679,0,0
721123822,707296982,760213145,950908114,DG,45,11.852,2.778,0.216,3.815,0.0,0.0,0.022,0.089,1.0,0.0,0.02298,-0.343,0.0,"{""1.0"": {""evoked_rate_hz"": 0.0, ""baseline_rate_hz"": 17.78, ""reliability"": 0.0, ""modulation_ratio"": 0.0, ""median_latency_ms"": null}, ""2.5"": {""evoked_rate_hz"": 8.33, ""baseline_rate_hz"": 13.33, ""reliability"": 0.067, ""modulation_ratio"": 0.58, ""median_latency_ms"": 3.81}, ""4.0"": {""evoked_rate_hz"": 0.0, ""baseline_rate_hz"": 4.44, ""reliability"": 0.0, ""modulation_ratio"": 0.0, ""median_latency_ms"": null}}",False,0.286,not light responsive,0.95,Not statistically significant (p=0.0230 >= 0.05); No positive modulation (mod_ratio=0.22 <= 1.0); Very low reliability (0.02 < 0.05),0.3622,0.0755,0.4106,0.022,0.0,0.8902,1.0,1.0,2.0067,0.1344,intermediate evidence (uncertain / borderline),850245655,1.93966211092813,0.0693298405851573,45.5642189302661,0.98,0.0813438416288023,3.18582347365502,0.447333333333333,0.038029052651899,good,11,700,8046,2746,7788,DG,"10-ms optical pulse (473 nm, Ai32)",11.852,2.778,3.815,0.0,0.022,"1.0, 2.5, 4.0 mW calibrated",1,5,0.0755,0,0
721123822,707296982,760213145,950908132,DG,45,17.778,16.667,0.888,4.082,1.784,2.51,0.133,0.2,0.886,0.445,0.83816,-0.024,0.0,"{""1.0"": {""evoked_rate_hz"": 16.67, ""baseline_rate_hz"": 13.33, ""reliability"": 0.133, ""modulation_ratio"": 1.16, ""median_latency_ms"": 4.08}, ""2.5"": {""evoked_rate_hz"": 16.67, ""baseline_rate_hz"": 8.89, ""reliability"": 0.133, ""modulation_ratio"": 1.69, ""median_latency_ms"": 4.28}, ""4.0"": {""evoked_rate_hz"": 16.67, ""baseline_rate_hz"": 31.11, ""reliability"": 0.133, ""modulation_ratio"": 0.52, ""median_latency_ms"": 3.67}}",False,0.251,not light responsive,0.867,Not statistically significant (p=0.8382 >= 0.05); No positive modulation (mod_ratio=0.89 <= 1.0),0.2519,0.3478,0.1275,0.133,0.0,0.8764,0.4899,1.0,1.6299,0.1959,low evidence (non-responsive),850245663,1.96473532861482,0.116960913197292,49.3723075508518,0.98,0.0775339145863041,5.0820827990773,0.976299694189602,0.0019169106371113,good,11,740,8059,2714,7794,DG,"10-ms optical pulse (473 nm, Ai32)",17.778,16.667,4.082,1.784,0.133,"1.0, 2.5, 4.0 mW calibrated",8,8,0.3478,0,0
721123822,707296982,760213145,950908136,DG,45,48.889,63.889,1.281,3.148,2.628,4.492,0.333,0.356,1.3,0.609,0.27572,0.174,-8.3333,"{""1.0"": {""evoked_rate_hz"": 91.67, ""baseline_rate_hz"": 53.33, ""reliability"": 0.4, ""modulation_ratio"": 1.69, ""median_latency_ms"": 2.33}, ""2.5"": {""evoked_rate_hz"": 33.33, ""baseline_rate_hz"": 44.44, ""reliability"": 0.2, ""modulation_ratio"": 0.73, ""median_latency_ms"": 8.69}, ""4.0"": {""evoked_rate_hz"": 66.67, ""baseline_rate_hz"": 48.89, ""reliability"": 0.4, ""modulation_ratio"": 1.34, ""median_latency_ms"": 3.83}}",False,0.438,not light responsive,0.667,Not statistically significant (p=0.2757 >= 0.05),0.3488,0.6169,0.1915,0.333,0.1768,0.9188,0.3495,1.0,1.3826,0.2509,low evidence (non-responsive),850245669,1.66752776545201,0.0057777163373171,131.681708247724,0.99,0.0174967751994227,6.38178048654167,0.998666666666667,0.002000800320128,good,43,780,8069,2690,7799,DG,"10-ms optical pulse (473 nm, Ai32)",48.889,63.889,3.148,2.628,0.333,"1.0, 2.5, 4.0 mW calibrated",29,22,0.6169,0,0
721123822,707296982,760213145,950908140,DG,45,8.889,8.333,0.843,4.371,2.614,2.507,0.067,0.067,0.955,0.5,0.7962,-0.018,5.5556,"{""1.0"": {""evoked_rate_hz"": 0.0, ""baseline_rate_hz"": 0.0, ""reliability"": 0.0, ""modulation_ratio"": 0.0, ""median_latency_ms"": null}, ""2.5"": {""evoked_rate_hz"": 8.33, ""baseline_rate_hz"": 8.89, ""reliability"": 0.067, ""modulation_ratio"": 0.84, ""median_latency_ms"": 4.37}, ""4.0"": {""evoked_rate_hz"": 16.67, ""baseline_rate_hz"": 17.78, ""reliability"": 0.133, ""modulation_ratio"": 0.89, ""median_latency_ms"": 5.65}}",False,0.445,not light responsive,0.933,Not statistically significant (p=0.7962 >= 0.05); No positive modulation (mod_ratio=0.84 <= 1.0),0.2199,0.3397,0.13,0.067,0.0,0.8599,0.3515,1.0,1.7833,0.1681,low evidence (non-responsive),850245673,3.47278521426123,0.0004171662829094,103.486064365801,0.98,0.0001673676546128,7.11184293687948,1.0,0.0,good,59,800,8076,2674,7803,DG,"10-ms optical pulse (473 nm, Ai32)",8.889,8.333,4.371,2.614,0.067,"1.0, 2.5, 4.0 mW calibrated",4,4,0.3397,0,0
721123822,707296982,760213145,950908150,DG,45,13.333,11.111,0.775,5.502,1.81,1.681,0.089,0.044,0.932,0.376,0.61339,-0.056,-2.7778,"{""1.0"": {""evoked_rate_hz"": 16.67, ""baseline_rate_hz"": 8.89, ""reliability"": 0.133, ""modulation_ratio"": 1.69, ""median_latency_ms"": 5.5}, ""2.5"": {""evoked_rate_hz"": 8.33, ""baseline_rate_hz"": 13.33, ""reliability"": 0.067, ""modulation_ratio"": 0.58, ""median_latency_ms"": 2.2}, ""4.0"": {""evoked_rate_hz"": 8.33, ""baseline_rate_hz"": 17.78, ""reliability"": 0.067, ""modulation_ratio"": 0.44, ""median_latency_ms"": 6.07}}",False,0.201,not light responsive,0.911,Not statistically significant (p=0.6134 >= 0.05); No positive modulation (mod_ratio=0.78 <= 1.0),0.2303,0.2793,0.1434,0.089,0.0,0.7771,0.4848,1.0,1.5821,0.2055,low evidence (non-responsive),850245679,1.85612901197894,0.153440377612169,99.6236006774937,0.99,0.0017479746161857,4.89803056391884,0.991967871485944,0.000631446011366,good,11,820,8086,2650,7808,DG,"10-ms optical pulse (473 nm, Ai32)",13.333,11.111,5.502,1.81,0.089,"1.0, 2.5, 4.0 mW calibrated",5,6,0.2793,0,0
721123822,707296982,760213145,950908146,DG,45,25.185,19.444,0.743,4.87,2.299,3.192,0.156,0.267,0.864,0.451,0.44256,-0.107,5.5556,"{""1.0"": {""evoked_rate_hz"": 8.33, ""baseline_rate_hz"": 22.22, ""reliability"": 0.067, ""modulation_ratio"": 0.36, ""median_latency_ms"": 4.05}, ""2.5"": {""evoked_rate_hz"": 25.0, ""baseline_rate_hz"": 17.78, ""reliability"": 0.2, ""modulation_ratio"": 1.33, ""median_latency_ms"": 7.25}, ""4.0"": {""evoked_rate_hz"": 25.0, ""baseline_rate_hz"": 35.56, ""reliability"": 0.2, ""modulation_ratio"": 0.68, ""median_latency_ms"": 4.87}}",False,0.539,not light responsive,0.844,Not statistically significant (p=0.4426 >= 0.05); No positive modulation (mod_ratio=0.74 <= 1.0),0.2514,0.3911,0.1617,0.156,0.0,0.8271,0.3987,1.0,1.4597,0.2323,low evidence (non-responsive),850245679,3.50669080712054,0.0006546398596012,143.450834978464,0.99,0.0001568582158134,7.27421582803627,1.0,0.0,good,11,820,8086,2650,7808,DG,"10-ms optical pulse (473 nm, Ai32)",25.185,19.444,4.87,2.299,0.156,"1.0, 2.5, 4.0 mW calibrated",9,11,0.3911,0,0
721123822,707296982,760213145,950908142,DG,45,11.852,5.556,0.432,6.585,0.102,0.072,0.044,0.067,0.977,0.015,0.30869,-0.138,2.7778,"{""1.0"": {""evoked_rate_hz"": 0.0, ""baseline_rate_hz"": 26.67, ""reliability"": 0.0, ""modulation_ratio"": 0.0, ""median_latency_ms"": null}, ""2.5"": {""evoked_rate_hz"": 8.33, ""baseline_rate_hz"": 4.44, ""reliability"": 0.067, ""modulation_ratio"": 1.53, ""median_latency_ms"": 6.66}, ""4.0"": {""evoked_rate_hz"": 8.33, ""baseline_rate_hz"": 4.44, ""reliability"": 0.067, ""modulation_ratio"": 1.53, ""median_latency_ms"": 6.51}}",False,-0.997,not light responsive,0.95,Not statistically significant (p=0.3087 >= 0.05); No positive modulation (mod_ratio=0.43 <= 1.0); Very low reliability (0.04 < 0.05),0.2627,0.1238,0.184,0.044,0.0,0.6698,0.96,1.0,1.6624,0.1897,low evidence (non-responsive),850245677,2.58273923633725,0.0056409491995216,110.070338883563,0.99,0.001690139136545,5.87796506049955,0.997333333333333,0.0001542733724159,good,43,820,8082,2658,7806,DG,"10-ms optical pulse (473 nm, Ai32)",11.852,5.556,6.585,0.102,0.044,"1.0, 2.5, 4.0 mW calibrated",3,5,0.1238,0,0
721123822,707296982,760213145,950908158,DG,45,1.481,2.778,1.119,4.118,0.0,0.0,0.022,0.022,1.0,0.0,1.0,0.061,0.0,"{""1.0"": {""evoked_rate_hz"": 0.0, ""baseline_rate_hz"": 0.0, ""reliability"": 0.0, ""modulation_ratio"": 0.0, ""median_latency_ms"": null}, ""2.5"": {""evoked_rate_hz"": 8.33, ""baseline_rate_hz"": 0.0, ""reliability"": 0.067, ""modulation_ratio"": 8.33, ""median_latency_ms"": 4.12}, ""4.0"": {""evoked_rate_hz"": 0.0, ""baseline_rate_hz"": 4.44, ""reliability"": 0.0, ""modulation_ratio"": 0.0, ""median_latency_ms"": null}}",False,-221.222,not light responsive,0.95,Not statistically significant (p=1.0000 >= 0.05); Very low reliability (0.02 < 0.05),0.2886,0.0821,0.1192,0.022,0.0809,0.8745,1.0,1.0,1.891,0.1509,low evidence (non-responsive),850245683,4.24571153887068,0.0,88.0919237522093,0.99,0.0019531847313905,4.97249307846403,0.967479674796748,0.0001004116879204,good,27,840,8092,2634,7812,DG,"10-ms optical pulse (473 nm, Ai32)",1.481,2.778,4.118,0.0,0.022,"1.0, 2.5, 4.0 mW calibrated",1,1,0.0821,0,0
721123822,707296982,760213145,950908164,DG,45,13.333,11.111,0.775,5.62,2.123,2.122,0.089,0.067,0.932,0.384,0.68032,-0.046,2.7778,"{""1.0"": {""evoked_rate_hz"": 0.0, ""baseline_rate_hz"": 22.22, ""reliability"": 0.0, ""modulation_ratio"": 0.0, ""median_latency_ms"": null}, ""2.5"": {""evoked_rate_hz"": 25.0, ""baseline_rate_hz"": 13.33, ""reliability"": 0.2, ""modulation_ratio"": 1.74, ""median_latency_ms"": 5.05}, ""4.0"": {""evoked_rate_hz"": 8.33, ""baseline_rate_hz"": 4.44, ""reliability"": 0.067, ""modulation_ratio"": 1.53, ""median_latency_ms"": 7.98}}",False,0.001,not light responsive,0.911,Not statistically significant (p=0.6803 >= 0.05); No positive modulation (mod_ratio=0.78 <= 1.0),0.2214,0.2973,0.1379,0.089,0.0,0.7667,0.4278,1.0,1.5707,0.2079,low evidence (non-responsive),850245681,1.3704917204471,0.0973168294871015,118.861243775159,0.99,0.0993986119264742,3.82207192578731,0.994,0.0027777777777777,good,59,840,8089,2642,7810,DG,"10-ms optical pulse (473 nm, Ai32)",13.333,11.111,5.62,2.123,0.089,"1.0, 2.5, 4.0 mW calibrated",5,6,0.2973,0,0
721123822,707296982,760213145,950908154,DG,45,4.444,11.111,2.041,5.544,2.169,3.045,0.089,0.022,0.932,0.403,0.30669,0.185,-5.5556,"{""1.0"": {""evoked_rate_hz"": 16.67, ""baseline_rate_hz"": 13.33, ""reliability"": 0.133, ""modulation_ratio"": 1.16, ""median_latency_ms"": 7.17}, ""2.5"": {""evoked_rate_hz"": 16.67, ""baseline_rate_hz"": 0.0, ""reliability"": 0.133, ""modulation_ratio"": 16.67, ""median_latency_ms"": 3.59}, ""4.0"": {""evoked_rate_hz"": 0.0, ""baseline_rate_hz"": 0.0, ""reliability"": 0.0, ""modulation_ratio"": 0.0, ""median_latency_ms"": null}}",False,0.251,not light responsive,0.911,Not statistically significant (p=0.3067 >= 0.05),0.3303,0.3368,0.1844,0.089,0.4736,0.7735,0.42,1.0,1.221,0.2949,low evidence (non-responsive),850245681,2.23181566996388,0.007530732722281,102.113205685254,0.99,0.0024296049777598,5.73306606216092,0.994666666666667,0.000274386061188,good,59,840,8089,2642,7810,DG,"10-ms optical pulse (473 nm, Ai32)",4.444,11.111,5.544,2.169,0.089,"1.0, 2.5, 4.0 mW calibrated",5,2,0.3368,0,0
721123822,707296982,760213145,950908168,DG,45,0.0,0.0,0.0,,,,0.0,0.0,0.0,,1.0,0.0,0.0,"{""1.0"": {""evoked_rate_hz"": 0.0, ""baseline_rate_hz"": 0.0, ""reliability"": 0.0, ""modulation_ratio"": 0.0, ""median_latency_ms"": null}, ""2.5"": {""evoked_rate_hz"": 0.0, ""baseline_rate_hz"": 0.0, ""reliability"": 0.0, ""modulation_ratio"": 0.0, ""median_latency_ms"": null}, ""4.0"": {""evoked_rate_hz"": 0.0, ""baseline_rate_hz"": 0.0, ""reliability"": 0.0, ""modulation_ratio"": 0.0, ""median_latency_ms"": null}}",False,1.0,insufficient evidence,0.0,Insufficient trial count (<10) or zero spikes recorded,0.0376,0.144,0.1192,0.0,0.0,0.0002,0.0183,1.0,4.6165,0.0099,insufficient evidence,850245687,1.32235943715402,0.0498993861702611,59.6640502581873,0.99,0.0146220027516345,3.54646820034131,0.914841849148418,0.0055619285987416,good,11,860,8102,2610,7817,DG,"10-ms optical pulse (473 nm, Ai32)",0.0,0.0,,,0.0,"1.0, 2.5, 4.0 mW calibrated",0,0,0.144,0,-1
721123822,707296982,760213145,950908184,DG,45,7.407,11.111,1.322,3.187,1.744,1.742,0.067,0.044,1.443,0.534,0.73427,0.081,-5.5556,"{""1.0"": {""evoked_rate_hz"": 16.67, ""baseline_rate_hz"": 8.89, ""reliability"": 0.067, ""modulation_ratio"": 1.69, ""median_latency_ms"": 1.56}, ""2.5"": {""evoked_rate_hz"": 16.67, ""baseline_rate_hz"": 13.33, ""reliability"": 0.133, ""modulation_ratio"": 1.16, ""median_latency_ms"": 4.12}, ""4.0"": {""evoked_rate_hz"": 0.0, ""baseline_rate_hz"": 0.0, ""reliability"": 0.0, ""modulation_ratio"": 0.0, ""median_latency_ms"": null}}",False,-221.222,not light responsive,0.933,Not statistically significant (p=0.7343 >= 0.05),0.2841,0.3223,0.134,0.067,0.1987,0.9173,0.4978,1.0,1.7781,0.169,low evidence (non-responsive),850245695,1.3059170219493,0.0143497909055117,84.6131691315439,0.99,0.0065153186947931,5.65656745216709,0.988857938718663,0.0003457456003872,good,11,900,8115,2577,7825,DG,"10-ms optical pulse (473 nm, Ai32)",7.407,11.111,3.187,1.744,0.067,"1.0, 2.5, 4.0 mW calibrated",5,3,0.3223,0,0
721123822,707296982,760213145,950908182,DG,45,4.444,2.778,0.51,1.914,0.0,0.0,0.022,0.044,1.0,0.0,0.62038,-0.065,-2.7778,"{""1.0"": {""evoked_rate_hz"": 8.33, ""baseline_rate_hz"": 0.0, ""reliability"": 0.067, ""modulation_ratio"": 8.33, ""median_latency_ms"": 1.91}, ""2.5"": {""evoked_rate_hz"": 0.0, ""baseline_rate_hz"": 4.44, ""reliability"": 0.0, ""modulation_ratio"": 0.0, ""median_latency_ms"": null}, ""4.0"": {""evoked_rate_hz"": 0.0, ""baseline_rate_hz"": 8.89, ""reliability"": 0.0, ""modulation_ratio"": 0.0, ""median_latency_ms"": null}}",False,1.0,not light responsive,0.95,Not statistically significant (p=0.6204 >= 0.05); No positive modulation (mod_ratio=0.51 <= 1.0); Very low reliability (0.02 < 0.05),0.2915,0.0622,0.1427,0.022,0.0,0.9545,1.0,1.0,2.2906,0.1012,low evidence (non-responsive),850245695,1.60342932005623,0.0258686765947994,91.2947034283211,0.99,0.0049313402563214,3.84317938097173,0.985333333333333,0.0004306632213608,good,11,900,8115,2577,7825,DG,"10-ms optical pulse (473 nm, Ai32)",4.444,2.778,1.914,0.0,0.022,"1.0, 2.5, 4.0 mW calibrated",1,2,0.0622,0,0
721123822,707296982,760213145,950908180,DG,45,10.37,11.111,0.977,3.097,1.273,1.197,0.067,0.044,1.443,0.49,1.0,0.018,-2.7778,"{""1.0"": {""evoked_rate_hz"": 8.33, ""baseline_rate_hz"": 13.33, ""reliability"": 0.067, ""modulation_ratio"": 0.58, ""median_latency_ms"": 3.1}, ""2.5"": {""evoked_rate_hz"": 25.0, ""baseline_rate_hz"": 17.78, ""reliability"": 0.133, ""modulation_ratio"": 1.33, ""median_latency_ms"": 2.35}, ""4.0"": {""evoked_rate_hz"": 0.0, ""baseline_rate_hz"": 0.0, ""reliability"": 0.0, ""modulation_ratio"": 0.0, ""median_latency_ms"": null}}",False,0.667,not light responsive,0.933,Not statistically significant (p=1.0000 >= 0.05); No positive modulation (mod_ratio=0.98 <= 1.0),0.2507,0.2631,0.1192,0.067,0.0,0.9207,0.601,1.0,1.9646,0.1402,low evidence (non-responsive),850245693,3.80552687883,0.0,91.4639801539819,0.99,0.0008320681788078,7.12976001727726,0.999333333333333,0.0,good,43,900,8112,2585,7823,DG,"10-ms optical pulse (473 nm, Ai32)",10.37,11.111,3.097,1.273,0.067,"1.0, 2.5, 4.0 mW calibrated",5,5,0.2631,0,0
721123822,707296982,760213145,950908190,DG,45,5.926,8.333,1.203,4.361,1.724,1.716,0.067,0.022,0.955,0.414,0.78721,0.073,-2.7778,"{""1.0"": {""evoked_rate_hz"": 8.33, ""baseline_rate_hz"": 0.0, ""reliability"": 0.067, ""modulation_ratio"": 8.33, ""median_latency_ms"": 4.36}, ""2.5"": {""evoked_rate_hz"": 16.67, ""baseline_rate_hz"": 13.33, ""reliability"": 0.133, ""modulation_ratio"": 1.16, ""median_latency_ms"": 4.07}, ""4.0"": {""evoked_rate_hz"": 0.0, ""baseline_rate_hz"": 4.44, ""reliability"": 0.0, ""modulation_ratio"": 0.0, ""median_latency_ms"": null}}",False,1.0,not light responsive,0.933,Not statistically significant (p=0.7872 >= 0.05),0.2617,0.2783,0.1306,0.067,0.1325,0.8605,0.5018,1.0,1.6501,0.192,low evidence (non-responsive),850245699,2.51937543113118,0.0,136.495137026496,0.99,0.0008778321934049,8.28402095379478,1.0,0.0001023017902813,good,27,920,8122,2561,7829,DG,"10-ms optical pulse (473 nm, Ai32)",5.926,8.333,4.361,1.724,0.067,"1.0, 2.5, 4.0 mW calibrated",4,3,0.2783,0,0
721123822,707296982,760213145,950908188,DG,45,7.407,0.0,0.0,,,,0.0,0.067,0.0,,0.06094,-0.35,0.0,"{""1.0"": {""evoked_rate_hz"": 0.0, ""baseline_rate_hz"": 8.89, ""reliability"": 0.0, ""modulation_ratio"": 0.0, ""median_latency_ms"": null}, ""2.5"": {""evoked_rate_hz"": 0.0, ""baseline_rate_hz"": 13.33, ""reliability"": 0.0, ""modulation_ratio"": 0.0, ""median_latency_ms"": null}, ""4.0"": {""evoked_rate_hz"": 0.0, ""baseline_rate_hz"": 0.0, ""reliability"": 0.0, ""modulation_ratio"": 0.0, ""median_latency_ms"": null}}",False,1.0,not light responsive,0.95,Not statistically significant (p=0.0609 >= 0.05); No positive modulation (mod_ratio=0.00 <= 1.0); Very low reliability (0.00 < 0.05),0.0958,0.144,0.3133,0.0,0.0,0.0002,0.0183,1.0,4.6165,0.0099,low evidence (non-responsive),850245699,4.09819099542062,0.0,211.233933418986,0.99,5.9720881106588e-06,10.5635613054459,1.0,0.000103348491112,good,27,920,8122,2561,7829,DG,"10-ms optical pulse (473 nm, Ai32)",7.407,0.0,,,0.0,"1.0, 2.5, 4.0 mW calibrated",0,3,0.144,0,0
721123822,707296982,760213145,950908196,DG,45,23.704,22.222,0.9,5.184,1.661,1.478,0.178,0.244,0.841,0.327,0.8961,-0.022,0.0,"{""1.0"": {""evoked_rate_hz"": 16.67, ""baseline_rate_hz"": 35.56, ""reliability"": 0.133, ""modulation_ratio"": 0.46, ""median_latency_ms"": 5.28}, ""2.5"": {""evoked_rate_hz"": 33.33, ""baseline_rate_hz"": 22.22, ""reliability"": 0.267, ""modulation_ratio"": 1.44, ""median_latency_ms"": 5.51}, ""4.0"": {""evoked_rate_hz"": 16.67, ""baseline_rate_hz"": 13.33, ""reliability"": 0.133, ""modulation_ratio"": 1.16, ""median_latency_ms"": 3.91}}",False,-0.997,not light responsive,0.822,Not statistically significant (p=0.8961 >= 0.05); No positive modulation (mod_ratio=0.90 <= 1.0),0.2538,0.3619,0.1243,0.178,0.0,0.8035,0.5146,1.0,1.3666,0.255,low evidence (non-responsive),850245703,2.71640376456534,0.0049746099181765,128.935386016599,0.99,0.0012750625546095,5.4413848530379,0.992666666666667,0.0026219790241678,good,11,940,8128,2545,7833,DG,"10-ms optical pulse (473 nm, Ai32)",23.704,22.222,5.184,1.661,0.178,"1.0, 2.5, 4.0 mW calibrated",10,11,0.3619,0,0
721123822,707296982,760213145,950908192,DG,45,10.37,5.556,0.489,2.996,2.193,1.551,0.044,0.089,0.977,0.732,0.31069,-0.138,0.0,"{""1.0"": {""evoked_rate_hz"": 0.0, ""baseline_rate_hz"": 13.33, ""reliability"": 0.0, ""modulation_ratio"": 0.0, ""median_latency_ms"": null}, ""2.5"": {""evoked_rate_hz"": 16.67, ""baseline_rate_hz"": 8.89, ""reliability"": 0.133, ""modulation_ratio"": 1.69, ""median_latency_ms"": 3.0}, ""4.0"": {""evoked_rate_hz"": 0.0, ""baseline_rate_hz"": 8.89, ""reliability"": 0.0, ""modulation_ratio"": 0.0, ""median_latency_ms"": null}}",False,0.334,not light responsive,0.95,Not statistically significant (p=0.3107 >= 0.05); No positive modulation (mod_ratio=0.49 <= 1.0); Very low reliability (0.04 < 0.05),0.2463,0.3502,0.1836,0.044,0.0,0.9243,0.4159,1.0,2.0502,0.1287,low evidence (non-responsive),850245701,1.31839567449138,0.0202460659903172,52.2994076113512,0.98,0.0081820782583944,3.65140056998262,0.925490196078431,0.0010443864229765,good,43,940,8125,2553,7831,DG,"10-ms optical pulse (473 nm, Ai32)",10.37,5.556,2.996,2.193,0.044,"1.0, 2.5, 4.0 mW calibrated",3,5,0.3502,0,0
721123822,707296982,760213145,950908204,DG,45,35.556,22.222,0.608,4.117,2.181,3.001,0.178,0.289,0.841,0.53,0.09191,-0.278,8.3333,"{""1.0"": {""evoked_rate_hz"": 8.33, ""baseline_rate_hz"": 26.67, ""reliability"": 0.067, ""modulation_ratio"": 0.3, ""median_latency_ms"": 4.43}, ""2.5"": {""evoked_rate_hz"": 25.0, ""baseline_rate_hz"": 40.0, ""reliability"": 0.2, ""modulation_ratio"": 0.61, ""median_latency_ms"": 5.85}, ""4.0"": {""evoked_rate_hz"": 33.33, ""baseline_rate_hz"": 40.0, ""reliability"": 0.267, ""modulation_ratio"": 0.81, ""median_latency_ms"": 3.11}}",False,0.188,not light responsive,0.822,Not statistically significant (p=0.0919 >= 0.05); No positive modulation (mod_ratio=0.61 <= 1.0),0.3003,0.4206,0.2762,0.178,0.0,0.8745,0.4179,1.0,1.5213,0.2184,low evidence (non-responsive),850245711,6.78339553516847,0.0026438708217995,104.814956874548,0.99,1.9572091088661e-05,7.67938572388369,1.0,0.0,good,11,980,8142,2513,7841,DG,"10-ms optical pulse (473 nm, Ai32)",35.556,22.222,4.117,2.181,0.178,"1.0, 2.5, 4.0 mW calibrated",10,16,0.4206,0,0
721123822,707296982,760213145,950908209,DG,45,51.852,47.222,0.893,5.004,2.337,4.078,0.378,0.333,0.636,0.419,0.64935,-0.064,-2.7778,"{""1.0"": {""evoked_rate_hz"": 41.67, ""baseline_rate_hz"": 48.89, ""reliability"": 0.333, ""modulation_ratio"": 0.84, ""median_latency_ms"": 6.89}, ""2.5"": {""evoked_rate_hz"": 66.67, ""baseline_rate_hz"": 44.44, ""reliability"": 0.533, ""modulation_ratio"": 1.47, ""median_latency_ms"": 4.39}, ""4.0"": {""evoked_rate_hz"": 33.33, ""baseline_rate_hz"": 62.22, ""reliability"": 0.267, ""modulation_ratio"": 0.53, ""median_latency_ms"": 6.13}}",False,0.4,not light responsive,0.622,Not statistically significant (p=0.6493 >= 0.05); No positive modulation (mod_ratio=0.89 <= 1.0),0.2985,0.509,0.1403,0.378,0.0,0.8173,0.3927,1.0,1.3089,0.2701,low evidence (non-responsive),850245715,2.21706811418343,0.0117735957638489,123.404090853673,0.99,0.0001648509661964,8.53512778901129,1.0,0.0015260518857641,good,27,1000,8148,2497,7845,DG,"10-ms optical pulse (473 nm, Ai32)",51.852,47.222,5.004,2.337,0.378,"1.0, 2.5, 4.0 mW calibrated",21,23,0.509,0,0
721123822,707296982,760213145,950908227,DG,45,8.889,8.333,0.843,2.511,3.927,3.672,0.067,0.067,0.955,0.953,0.8002,-0.014,-2.7778,"{""1.0"": {""evoked_rate_hz"": 16.67, ""baseline_rate_hz"": 4.44, ""reliability"": 0.133, ""modulation_ratio"": 3.06, ""median_latency_ms"": 5.55}, ""2.5"": {""evoked_rate_hz"": 0.0, ""baseline_rate_hz"": 4.44, ""reliability"": 0.0, ""modulation_ratio"": 0.0, ""median_latency_ms"": null}, ""4.0"": {""evoked_rate_hz"": 8.33, ""baseline_rate_hz"": 17.78, ""reliability"": 0.067, ""modulation_ratio"": 0.44, ""median_latency_ms"": 1.25}}",False,-1.494,not light responsive,0.933,Not statistically significant (p=0.8002 >= 0.05); No positive modulation (mod_ratio=0.84 <= 1.0),0.2174,0.6615,0.1297,0.067,0.0,0.9396,0.2079,1.0,2.0592,0.1276,low evidence (non-responsive),850245761,4.22031959990316,0.0,414.834070254034,0.99,3.72863987682412e-06,12.0034137893383,1.0,0.0,good,59,1240,8228,2299,7894,DG,"10-ms optical pulse (473 nm, Ai32)",8.889,8.333,2.511,3.927,0.067,"1.0, 2.5, 4.0 mW calibrated",4,4,0.6615,0,0
721123822,707296982,760213145,950908229,CA1,45,2.963,2.778,0.701,4.15,0.0,0.0,0.022,0.044,1.0,0.0,1.0,-0.008,2.7778,"{""1.0"": {""evoked_rate_hz"": 0.0, ""baseline_rate_hz"": 0.0, ""reliability"": 0.0, ""modulation_ratio"": 0.0, ""median_latency_ms"": null}, ""2.5"": {""evoked_rate_hz"": 0.0, ""baseline_rate_hz"": 4.44, ""reliability"": 0.0, ""modulation_ratio"": 0.0, ""median_latency_ms"": null}, ""4.0"": {""evoked_rate_hz"": 8.33, ""baseline_rate_hz"": 4.44, ""reliability"": 0.067, ""modulation_ratio"": 1.53, ""median_latency_ms"": 4.15}}",False,1.0,not light responsive,0.95,Not statistically significant (p=1.0000 >= 0.05); No positive modulation (mod_ratio=0.70 <= 1.0); Very low reliability (0.02 < 0.05),0.2722,0.0778,0.1192,0.022,0.0,0.8727,1.0,1.0,1.9643,0.1403,low evidence (non-responsive),850245785,2.68928248818388,0.140841437010648,66.3570733394268,0.99,0.0631523227408533,5.55907023378503,0.994,0.0002201188641866,good,59,1360,8272,2188,7920,CA1,"10-ms optical pulse (473 nm, Ai32)",2.963,2.778,4.15,0.0,0.022,"1.0, 2.5, 4.0 mW calibrated",1,1,0.0778,0,0
721123822,707296982,760213145,950908237,CA1,45,19.259,27.778,1.371,3.859,2.041,3.314,0.222,0.178,0.795,0.443,0.38961,0.137,-11.1111,"{""1.0"": {""evoked_rate_hz"": 50.0, ""baseline_rate_hz"": 26.67, ""reliability"": 0.4, ""modulation_ratio"": 1.81, ""median_latency_ms"": 3.86}, ""2.5"": {""evoked_rate_hz"": 16.67, ""baseline_rate_hz"": 4.44, ""reliability"": 0.133, ""modulation_ratio"": 3.06, ""median_latency_ms"": 2.53}, ""4.0"": {""evoked_rate_hz"": 16.67, ""baseline_rate_hz"": 26.67, ""reliability"": 0.133, ""modulation_ratio"": 0.6, ""median_latency_ms"": 7.16}}",False,-0.299,not light responsive,0.778,Not statistically significant (p=0.3896 >= 0.05),0.3284,0.4761,0.1693,0.222,0.2238,0.888,0.442,1.0,1.2331,0.2914,low evidence (non-responsive),850245799,2.89327958400396,0.0067021895412068,125.907157522952,0.99,0.0155662730840811,6.31259413878552,0.999333333333333,0.0020392156862745,good,11,1420,8295,2127,7933,CA1,"10-ms optical pulse (473 nm, Ai32)",19.259,27.778,3.859,2.041,0.222,"1.0, 2.5, 4.0 mW calibrated",13,9,0.4761,0,0
721123822,707296982,760213145,950908259,CA1,45,17.778,16.667,0.888,4.05,1.864,1.793,0.111,0.111,1.227,0.481,0.87013,-0.018,11.1111,"{""1.0"": {""evoked_rate_hz"": 0.0, ""baseline_rate_hz"": 13.33, ""reliability"": 0.0, ""modulation_ratio"": 0.0, ""median_latency_ms"": null}, ""2.5"": {""evoked_rate_hz"": 16.67, ""baseline_rate_hz"": 17.78, ""reliability"": 0.133, ""modulation_ratio"": 0.89, ""median_latency_ms"": 2.17}, ""4.0"": {""evoked_rate_hz"": 33.33, ""baseline_rate_hz"": 22.22, ""reliability"": 0.2, ""modulation_ratio"": 1.44, ""median_latency_ms"": 4.37}}",False,0.001,not light responsive,0.889,Not statistically significant (p=0.8701 >= 0.05); No positive modulation (mod_ratio=0.89 <= 1.0),0.2446,0.3343,0.1257,0.111,0.0,0.8781,0.4744,1.0,1.6936,0.1839,low evidence (non-responsive),850245815,2.83715017506851,0.0044801221068139,75.484901754425,0.99,0.0092591892670013,5.75525995366886,1.0,0.0002481081751643,good,11,1500,8323,2056,7948,CA1,"10-ms optical pulse (473 nm, Ai32)",17.778,16.667,4.05,1.864,0.111,"1.0, 2.5, 4.0 mW calibrated",8,8,0.3343,0,0
721123822,707296982,760213145,950908267,CA1,45,0.0,0.0,0.0,,,,0.0,0.0,0.0,,1.0,0.0,0.0,"{""1.0"": {""evoked_rate_hz"": 0.0, ""baseline_rate_hz"": 0.0, ""reliability"": 0.0, ""modulation_ratio"": 0.0, ""median_latency_ms"": null}, ""2.5"": {""evoked_rate_hz"": 0.0, ""baseline_rate_hz"": 0.0, ""reliability"": 0.0, ""modulation_ratio"": 0.0, ""median_latency_ms"": null}, ""4.0"": {""evoked_rate_hz"": 0.0, ""baseline_rate_hz"": 0.0, ""reliability"": 0.0, ""modulation_ratio"": 0.0, ""median_latency_ms"": null}}",False,1.0,insufficient evidence,0.0,Insufficient trial count (<10) or zero spikes recorded,0.0376,0.144,0.1192,0.0,0.0,0.0002,0.0183,1.0,4.6165,0.0099,insufficient evidence,850245823,6.9143147777047,0.0,203.613031783809,0.99,0.0009113408817231,8.12184051877052,0.971428571428571,0.0002341528683726,good,11,1540,8336,2019,7954,CA1,"10-ms optical pulse (473 nm, Ai32)",0.0,0.0,,,0.0,"1.0, 2.5, 4.0 mW calibrated",0,0,0.144,0,-1
721123822,707296982,760213145,950908277,CA1,45,4.444,0.0,0.0,,,,0.0,0.022,0.0,,0.24775,-0.264,0.0,"{""1.0"": {""evoked_rate_hz"": 0.0, ""baseline_rate_hz"": 4.44, ""reliability"": 0.0, ""modulation_ratio"": 0.0, ""median_latency_ms"": null}, ""2.5"": {""evoked_rate_hz"": 0.0, ""baseline_rate_hz"": 0.0, ""reliability"": 0.0, ""modulation_ratio"": 0.0, ""median_latency_ms"": null}, ""4.0"": {""evoked_rate_hz"": 0.0, ""baseline_rate_hz"": 8.89, ""reliability"": 0.0, ""modulation_ratio"": 0.0, ""median_latency_ms"": null}}",False,1.0,not light responsive,0.95,Not statistically significant (p=0.2477 >= 0.05); No positive modulation (mod_ratio=0.00 <= 1.0); Very low reliability (0.00 < 0.05),0.0615,0.144,0.1988,0.0,0.0,0.0002,0.0183,1.0,4.6165,0.0099,low evidence (non-responsive),850245827,1.51118924685672,0.103977242266116,53.2046056697477,0.99,0.0225903724656488,3.46639455196121,0.853086419753086,0.0020897567660157,good,27,1560,8343,2001,7958,CA1,"10-ms optical pulse (473 nm, Ai32)",4.444,0.0,,,0.0,"1.0, 2.5, 4.0 mW calibrated",0,2,0.144,0,0
721123822,707296982,760213145,950908275,CA1,45,10.37,13.889,1.221,4.08,1.646,1.95,0.111,0.044,0.909,0.332,0.69231,0.077,-5.5556,"{""1.0"": {""evoked_rate_hz"": 25.0, ""baseline_rate_hz"": 4.44, ""reliability"": 0.2, ""modulation_ratio"": 4.59, ""median_latency_ms"": 3.8}, ""2.5"": {""evoked_rate_hz"": 8.33, ""baseline_rate_hz"": 17.78, ""reliability"": 0.067, ""modulation_ratio"": 0.44, ""median_latency_ms"": 4.08}, ""4.0"": {""evoked_rate_hz"": 8.33, ""baseline_rate_hz"": 8.89, ""reliability"": 0.067, ""modulation_ratio"": 0.84, ""median_latency_ms"": 7.5}}",False,-0.331,not light responsive,0.889,Not statistically significant (p=0.6923 >= 0.05),0.2807,0.3269,0.137,0.111,0.143,0.8765,0.5177,1.0,1.5363,0.2152,low evidence (non-responsive),850245827,5.10241205961395,0.0,180.12228492748,0.99,4.48823271724807e-06,6.15389221579689,0.983739837398374,0.0001020929045431,good,27,1560,8343,2001,7958,CA1,"10-ms optical pulse (473 nm, Ai32)",10.37,13.889,4.08,1.646,0.111,"1.0, 2.5, 4.0 mW calibrated",6,5,0.3269,0,0
721123822,707296982,760213145,950908760,CA1,45,4.444,0.0,0.0,,,,0.0,0.022,0.0,,0.51948,-0.202,0.0,"{""1.0"": {""evoked_rate_hz"": 0.0, ""baseline_rate_hz"": 0.0, ""reliability"": 0.0, ""modulation_ratio"": 0.0, ""median_latency_ms"": null}, ""2.5"": {""evoked_rate_hz"": 0.0, ""baseline_rate_hz"": 0.0, ""reliability"": 0.0, ""modulation_ratio"": 0.0, ""median_latency_ms"": null}, ""4.0"": {""evoked_rate_hz"": 0.0, ""baseline_rate_hz"": 13.33, ""reliability"": 0.0, ""modulation_ratio"": 0.0, ""median_latency_ms"": null}}",False,-221.222,not light responsive,0.95,Not statistically significant (p=0.5195 >= 0.05); No positive modulation (mod_ratio=0.00 <= 1.0); Very low reliability (0.00 < 0.05),0.0476,0.144,0.1524,0.0,0.0,0.0002,0.0183,1.0,4.6165,0.0099,low evidence (non-responsive),850245831,2.65824612682878,0.101726370427424,61.2829957561273,0.99,0.0054640970989896,5.20703152115476,0.847826086956522,0.0003683611278547,good,11,1580,8354,1973,7962,CA1,"10-ms optical pulse (473 nm, Ai32)",4.444,0.0,,,0.0,"1.0, 2.5, 4.0 mW calibrated",0,2,0.144,0,0
721123822,707296982,760213145,950908291,CA1,45,0.0,0.0,0.0,,,,0.0,0.0,0.0,,1.0,0.0,0.0,"{""1.0"": {""evoked_rate_hz"": 0.0, ""baseline_rate_hz"": 0.0, ""reliability"": 0.0, ""modulation_ratio"": 0.0, ""median_latency_ms"": null}, ""2.5"": {""evoked_rate_hz"": 0.0, ""baseline_rate_hz"": 0.0, ""reliability"": 0.0, ""modulation_ratio"": 0.0, ""median_latency_ms"": null}, ""4.0"": {""evoked_rate_hz"": 0.0, ""baseline_rate_hz"": 0.0, ""reliability"": 0.0, ""modulation_ratio"": 0.0, ""median_latency_ms"": null}}",False,1.0,insufficient evidence,0.0,Insufficient trial count (<10) or zero spikes recorded,0.0376,0.144,0.1192,0.0,0.0,0.0002,0.0183,1.0,4.6165,0.0099,insufficient evidence,850245831,1.74957835396259,0.0,44.4551317272237,0.99,0.0181364935327173,3.49952708759901,0.625,0.0004340277777777,good,11,1580,8354,1973,7962,CA1,"10-ms optical pulse (473 nm, Ai32)",0.0,0.0,,,0.0,"1.0, 2.5, 4.0 mW calibrated",0,0,0.144,0,-1
721123822,707296982,760213145,950908289,CA1,45,22.222,11.111,0.478,4.06,3.097,4.159,0.089,0.156,0.932,0.711,0.14885,-0.217,5.5556,"{""1.0"": {""evoked_rate_hz"": 0.0, ""baseline_rate_hz"": 17.78, ""reliability"": 0.0, ""modulation_ratio"": 0.0, ""median_latency_ms"": null}, ""2.5"": {""evoked_rate_hz"": 16.67, ""baseline_rate_hz"": 22.22, ""reliability"": 0.133, ""modulation_ratio"": 0.72, ""median_latency_ms"": 4.66}, ""4.0"": {""evoked_rate_hz"": 16.67, ""baseline_rate_hz"": 26.67, ""reliability"": 0.133, ""modulation_ratio"": 0.6, ""median_latency_ms"": 4.06}}",False,0.501,not light responsive,0.911,Not statistically significant (p=0.1489 >= 0.05); No positive modulation (mod_ratio=0.48 <= 1.0),0.2538,0.418,0.2364,0.089,0.0,0.8776,0.2897,1.0,1.7559,0.1727,low evidence (non-responsive),850245831,4.83167581462922,0.0023531257115696,117.202010935871,0.99,0.0001344774172008,7.90505148709608,0.986714975845411,0.0003770739064856,good,11,1580,8354,1973,7962,CA1,"10-ms optical pulse (473 nm, Ai32)",22.222,11.111,4.06,3.097,0.089,"1.0, 2.5, 4.0 mW calibrated",5,10,0.418,0,0
721123822,707296982,760213145,950908894,CA1,45,8.889,13.889,1.404,2.364,2.336,2.141,0.111,0.111,0.909,0.783,0.56943,0.103,-2.7778,"{""1.0"": {""evoked_rate_hz"": 16.67, ""baseline_rate_hz"": 8.89, ""reliability"": 0.133, ""modulation_ratio"": 1.69, ""median_latency_ms"": 1.73}, ""2.5"": {""evoked_rate_hz"": 16.67, ""baseline_rate_hz"": 8.89, ""reliability"": 0.133, ""modulation_ratio"": 1.69, ""median_latency_ms"": 5.1}, ""4.0"": {""evoked_rate_hz"": 8.33, ""baseline_rate_hz"": 8.89, ""reliability"": 0.067, ""modulation_ratio"": 0.84, ""median_latency_ms"": 1.25}}",False,0.401,not light responsive,0.889,Not statistically significant (p=0.5694 >= 0.05),0.3008,0.5135,0.1474,0.111,0.24,0.9436,0.3928,1.0,1.7717,0.17,low evidence (non-responsive),850245829,2.29541384275727,0.0341718781177065,66.2176431566319,0.99,0.0451329357046958,3.86761855533678,0.962962962962963,0.0040956806057477,good,43,1580,8350,1982,7961,CA1,"10-ms optical pulse (473 nm, Ai32)",8.889,13.889,2.364,2.336,0.111,"1.0, 2.5, 4.0 mW calibrated",6,4,0.5135,0,0
721123822,707296982,760213145,950908287,CA1,45,0.0,0.0,0.0,,,,0.0,0.0,0.0,,1.0,0.0,0.0,"{""1.0"": {""evoked_rate_hz"": 0.0, ""baseline_rate_hz"": 0.0, ""reliability"": 0.0, ""modulation_ratio"": 0.0, ""median_latency_ms"": null}, ""2.5"": {""evoked_rate_hz"": 0.0, ""baseline_rate_hz"": 0.0, ""reliability"": 0.0, ""modulation_ratio"": 0.0, ""median_latency_ms"": null}, ""4.0"": {""evoked_rate_hz"": 0.0, ""baseline_rate_hz"": 0.0, ""reliability"": 0.0, ""modulation_ratio"": 0.0, ""median_latency_ms"": null}}",False,1.0,insufficient evidence,0.0,Insufficient trial count (<10) or zero spikes recorded,0.0376,0.144,0.1192,0.0,0.0,0.0002,0.0183,1.0,4.6165,0.0099,insufficient evidence,850245829,3.13132499428235,0.0408902128641424,67.6289792278399,0.99,0.0044817173985973,5.69550780161096,0.916666666666667,0.0001002807862013,good,43,1580,8350,1982,7961,CA1,"10-ms optical pulse (473 nm, Ai32)",0.0,0.0,,,0.0,"1.0, 2.5, 4.0 mW calibrated",0,0,0.144,0,-1
721123822,707296982,760213145,950908890,CA1,45,5.926,8.333,1.203,6.108,2.468,2.456,0.067,0.089,0.955,0.423,0.80519,0.063,0.0,"{""1.0"": {""evoked_rate_hz"": 8.33, ""baseline_rate_hz"": 8.89, ""reliability"": 0.067, ""modulation_ratio"": 0.84, ""median_latency_ms"": 6.11}, ""2.5"": {""evoked_rate_hz"": 8.33, ""baseline_rate_hz"": 0.0, ""reliability"": 0.067, ""modulation_ratio"": 8.33, ""median_latency_ms"": 3.23}, ""4.0"": {""evoked_rate_hz"": 8.33, ""baseline_rate_hz"": 8.89, ""reliability"": 0.067, ""modulation_ratio"": 0.84, ""median_latency_ms"": 8.15}}",False,0.667,not light responsive,0.933,Not statistically significant (p=0.8052 >= 0.05),0.2274,0.2979,0.1294,0.067,0.1325,0.7203,0.3726,1.0,1.4556,0.2333,low evidence (non-responsive),850245833,1.78307537056553,0.0104655983440878,67.4476594778128,0.99,0.00858756882058,3.98016900786239,0.958443854995579,0.003637119401434,good,59,1600,8357,1964,7964,CA1,"10-ms optical pulse (473 nm, Ai32)",5.926,8.333,6.108,2.468,0.067,"1.0, 2.5, 4.0 mW calibrated",4,3,0.2979,0,0
721123822,707296982,760213145,950908299,CA1,45,29.63,16.667,0.544,5.118,2.943,4.388,0.133,0.2,0.886,0.578,0.15584,-0.228,-11.1111,"{""1.0"": {""evoked_rate_hz"": 33.33, ""baseline_rate_hz"": 22.22, ""reliability"": 0.267, ""modulation_ratio"": 1.44, ""median_latency_ms"": 5.12}, ""2.5"": {""evoked_rate_hz"": 16.67, ""baseline_rate_hz"": 17.78, ""reliability"": 0.133, ""modulation_ratio"": 0.89, ""median_latency_ms"": 4.81}, ""4.0"": {""evoked_rate_hz"": 0.0, ""baseline_rate_hz"": 48.89, ""reliability"": 0.0, ""modulation_ratio"": 0.0, ""median_latency_ms"": null}}",False,0.334,not light responsive,0.867,Not statistically significant (p=0.1558 >= 0.05); No positive modulation (mod_ratio=0.54 <= 1.0),0.2552,0.408,0.2328,0.133,0.0,0.8086,0.3081,1.0,1.4887,0.2257,low evidence (non-responsive),850245833,2.2271605447667,0.0147493671623506,77.9305882365767,0.99,0.0493123358154986,3.65726094973033,0.981333333333333,0.0027006954290729,good,59,1600,8357,1964,7964,CA1,"10-ms optical pulse (473 nm, Ai32)",29.63,16.667,5.118,2.943,0.133,"1.0, 2.5, 4.0 mW calibrated",8,13,0.408,0,0
721123822,707296982,760213145,950908297,CA1,45,7.407,13.889,1.652,2.83,3.07,4.022,0.111,0.089,0.909,0.784,0.41259,0.137,0.0,"{""1.0"": {""evoked_rate_hz"": 8.33, ""baseline_rate_hz"": 4.44, ""reliability"": 0.067, ""modulation_ratio"": 1.53, ""median_latency_ms"": 2.83}, ""2.5"": {""evoked_rate_hz"": 25.0, ""baseline_rate_hz"": 4.44, ""reliability"": 0.2, ""modulation_ratio"": 4.59, ""median_latency_ms"": 1.51}, ""4.0"": {""evoked_rate_hz"": 8.33, ""baseline_rate_hz"": 13.33, ""reliability"": 0.067, ""modulation_ratio"": 0.58, ""median_latency_ms"": 5.54}}",False,0.334,not light responsive,0.889,Not statistically significant (p=0.4126 >= 0.05),0.3157,0.5581,0.1658,0.111,0.3471,0.9299,0.2929,1.0,1.6247,0.197,low evidence (non-responsive),850245833,2.98105863564086,0.0178860788521651,51.694290592232,0.99,0.0038431012988117,3.47565493232758,0.900602409638554,0.0057233485036546,good,59,1600,8357,1964,7964,CA1,"10-ms optical pulse (473 nm, Ai32)",7.407,13.889,2.83,3.07,0.111,"1.0, 2.5, 4.0 mW calibrated",6,3,0.5581,0,0
721123822,707296982,760213145,950908323,CA1,45,20.741,13.889,0.639,5.847,2.692,0.754,0.111,0.178,0.909,0.498,0.4036,-0.126,2.7778,"{""1.0"": {""evoked_rate_hz"": 8.33, ""baseline_rate_hz"": 22.22, ""reliability"": 0.067, ""modulation_ratio"": 0.36, ""median_latency_ms"": 8.83}, ""2.5"": {""evoked_rate_hz"": 16.67, ""baseline_rate_hz"": 8.89, ""reliability"": 0.133, ""modulation_ratio"": 1.69, ""median_latency_ms"": 5.88}, ""4.0"": {""evoked_rate_hz"": 16.67, ""baseline_rate_hz"": 31.11, ""reliability"": 0.133, ""modulation_ratio"": 0.52, ""median_latency_ms"": 3.23}}",False,-0.57,not light responsive,0.889,Not statistically significant (p=0.4036 >= 0.05); No positive modulation (mod_ratio=0.64 <= 1.0),0.2238,0.3521,0.1672,0.111,0.0,0.7458,0.3407,1.0,1.4774,0.2282,low evidence (non-responsive),850245839,3.4318375184921,0.0008252170143395,125.512502494942,0.99,0.0001567431828261,7.23452466079411,0.993399339933993,0.0005557871335278,good,11,1620,8368,1935,7969,CA1,"10-ms optical pulse (473 nm, Ai32)",20.741,13.889,5.847,2.692,0.111,"1.0, 2.5, 4.0 mW calibrated",6,9,0.3521,0,0
721123822,707296982,760213145,950908315,CA1,45,19.259,11.111,0.548,6.595,1.283,0.883,0.089,0.178,0.932,0.21,0.27772,-0.158,2.7778,"{""1.0"": {""evoked_rate_hz"": 8.33, ""baseline_rate_hz"": 8.89, ""reliability"": 0.067, ""modulation_ratio"": 0.84, ""median_latency_ms"": 4.23}, ""2.5"": {""evoked_rate_hz"": 8.33, ""baseline_rate_hz"": 35.56, ""reliability"": 0.067, ""modulation_ratio"": 0.23, ""median_latency_ms"": 6.48}, ""4.0"": {""evoked_rate_hz"": 16.67, ""baseline_rate_hz"": 13.33, ""reliability"": 0.133, ""modulation_ratio"": 1.16, ""median_latency_ms"": 6.89}}",False,-1.198,not light responsive,0.911,Not statistically significant (p=0.2777 >= 0.05); No positive modulation (mod_ratio=0.55 <= 1.0),0.2397,0.2396,0.191,0.089,0.0,0.6687,0.5986,1.0,1.4955,0.2241,low evidence (non-responsive),850245839,1.95183337327098,0.0440126027955155,73.472667836053,0.99,0.0412695031150025,4.28768929249723,0.930310663308144,0.0059009337359852,good,11,1620,8368,1935,7969,CA1,"10-ms optical pulse (473 nm, Ai32)",19.259,11.111,6.595,1.283,0.089,"1.0, 2.5, 4.0 mW calibrated",5,9,0.2396,0,0
721123822,707296982,760213145,950908313,CA1,45,7.407,8.333,0.991,3.837,0.145,0.103,0.044,0.022,1.636,0.038,1.0,0.021,8.3333,"{""1.0"": {""evoked_rate_hz"": 0.0, ""baseline_rate_hz"": 8.89, ""reliability"": 0.0, ""modulation_ratio"": 0.0, ""median_latency_ms"": null}, ""2.5"": {""evoked_rate_hz"": 0.0, ""baseline_rate_hz"": 8.89, ""reliability"": 0.0, ""modulation_ratio"": 0.0, ""median_latency_ms"": null}, ""4.0"": {""evoked_rate_hz"": 25.0, ""baseline_rate_hz"": 4.44, ""reliability"": 0.133, ""modulation_ratio"": 4.59, ""median_latency_ms"": 3.84}}",False,-443.444,not light responsive,0.95,Not statistically significant (p=1.0000 >= 0.05); No positive modulation (mod_ratio=0.99 <= 1.0); Very low reliability (0.04 < 0.05),0.2745,0.1138,0.1192,0.044,0.0,0.8891,0.9436,1.0,1.9291,0.1453,low evidence (non-responsive),850245839,2.63365809201937,0.0248070693758872,51.9042326779548,0.98,0.0003417740383347,3.96539305509397,0.825396825396825,0.00010042177144,good,11,1620,8368,1935,7969,CA1,"10-ms optical pulse (473 nm, Ai32)",7.407,8.333,3.837,0.145,0.044,"1.0, 2.5, 4.0 mW calibrated",4,3,0.1138,0,0
721123822,707296982,760213145,950908311,CA1,45,19.259,11.111,0.548,6.272,1.459,0.964,0.089,0.178,0.932,0.259,0.25774,-0.17,-2.7778,"{""1.0"": {""evoked_rate_hz"": 16.67, ""baseline_rate_hz"": 22.22, ""reliability"": 0.133, ""modulation_ratio"": 0.72, ""median_latency_ms"": 6.35}, ""2.5"": {""evoked_rate_hz"": 8.33, ""baseline_rate_hz"": 17.78, ""reliability"": 0.067, ""modulation_ratio"": 0.44, ""median_latency_ms"": 6.4}, ""4.0"": {""evoked_rate_hz"": 8.33, ""baseline_rate_hz"": 17.78, ""reliability"": 0.067, ""modulation_ratio"": 0.44, ""median_latency_ms"": 3.47}}",False,0.001,not light responsive,0.911,Not statistically significant (p=0.2577 >= 0.05); No positive modulation (mod_ratio=0.55 <= 1.0),0.2424,0.2511,0.196,0.089,0.0,0.7035,0.5579,1.0,1.5165,0.2195,low evidence (non-responsive),850245839,1.8796657779825,0.0023648726081491,96.3046668772913,0.95,0.0007892912412305,5.66012251395938,0.987654320987654,0.0006563719901889,good,11,1620,8368,1935,7969,CA1,"10-ms optical pulse (473 nm, Ai32)",19.259,11.111,6.272,1.459,0.089,"1.0, 2.5, 4.0 mW calibrated",5,9,0.2511,0,0
721123822,707296982,760213145,950908307,CA1,45,10.37,13.889,1.221,4.781,1.996,3.348,0.111,0.044,0.909,0.432,0.72228,0.071,0.0,"{""1.0"": {""evoked_rate_hz"": 8.33, ""baseline_rate_hz"": 13.33, ""reliability"": 0.067, ""modulation_ratio"": 0.58, ""median_latency_ms"": 4.78}, ""2.5"": {""evoked_rate_hz"": 25.0, ""baseline_rate_hz"": 8.89, ""reliability"": 0.2, ""modulation_ratio"": 2.53, ""median_latency_ms"": 2.8}, ""4.0"": {""evoked_rate_hz"": 8.33, ""baseline_rate_hz"": 8.89, ""reliability"": 0.067, ""modulation_ratio"": 0.84, ""median_latency_ms"": 6.15}}",False,-2.661,not light responsive,0.889,Not statistically significant (p=0.7223 >= 0.05),0.2668,0.3414,0.1349,0.111,0.143,0.8333,0.45,1.0,1.4309,0.2391,low evidence (non-responsive),850245839,2.68399764366659,0.0019729446866338,102.085594505345,0.99,0.0003472571578688,6.32886637834998,0.984090909090909,0.0003835425383542,good,11,1620,8368,1935,7969,CA1,"10-ms optical pulse (473 nm, Ai32)",10.37,13.889,4.781,1.996,0.111,"1.0, 2.5, 4.0 mW calibrated",6,5,0.3414,0,0
721123822,707296982,760213145,950908319,CA1,45,10.37,8.333,0.733,5.413,2.646,2.526,0.067,0.111,0.955,0.588,0.6024,-0.055,-2.7778,"{""1.0"": {""evoked_rate_hz"": 16.67, ""baseline_rate_hz"": 4.44, ""reliability"": 0.133, ""modulation_ratio"": 3.06, ""median_latency_ms"": 4.05}, ""2.5"": {""evoked_rate_hz"": 0.0, ""baseline_rate_hz"": 0.0, ""reliability"": 0.0, ""modulation_ratio"": 0.0, ""median_latency_ms"": null}, ""4.0"": {""evoked_rate_hz"": 8.33, ""baseline_rate_hz"": 26.67, ""reliability"": 0.067, ""modulation_ratio"": 0.3, ""median_latency_ms"": 5.41}}",False,0.667,not light responsive,0.933,Not statistically significant (p=0.6024 >= 0.05); No positive modulation (mod_ratio=0.73 <= 1.0),0.2125,0.3098,0.1443,0.067,0.0,0.7847,0.347,1.0,1.666,0.189,low evidence (non-responsive),850245841,1.91032211211218,0.0017497675044387,83.4086063730834,0.99,0.0004833258278752,5.20201160967915,0.994202898550725,3.49406009783368e-05,good,59,1640,8371,1926,7970,CA1,"10-ms optical pulse (473 nm, Ai32)",10.37,8.333,5.413,2.646,0.067,"1.0, 2.5, 4.0 mW calibrated",4,5,0.3098,0,0
721123822,707296982,760213145,950908317,CA1,45,14.815,5.556,0.351,4.904,3.653,2.583,0.044,0.111,0.977,0.745,0.08791,-0.229,0.0,"{""1.0"": {""evoked_rate_hz"": 8.33, ""baseline_rate_hz"": 8.89, ""reliability"": 0.067, ""modulation_ratio"": 0.84, ""median_latency_ms"": 7.49}, ""2.5"": {""evoked_rate_hz"": 0.0, ""baseline_rate_hz"": 17.78, ""reliability"": 0.0, ""modulation_ratio"": 0.0, ""median_latency_ms"": null}, ""4.0"": {""evoked_rate_hz"": 8.33, ""baseline_rate_hz"": 17.78, ""reliability"": 0.067, ""modulation_ratio"": 0.44, ""median_latency_ms"": 2.32}}",False,0.251,not light responsive,0.95,Not statistically significant (p=0.0879 >= 0.05); No positive modulation (mod_ratio=0.35 <= 1.0); Very low reliability (0.04 < 0.05),0.2419,0.3694,0.2801,0.044,0.0,0.8246,0.232,1.0,1.7993,0.1654,low evidence (non-responsive),850245841,1.84714704700521,0.012774149035535,63.6548889607132,0.99,0.0889454476564187,3.85583781688268,0.838756326825741,0.0136632071845407,good,59,1640,8371,1926,7970,CA1,"10-ms optical pulse (473 nm, Ai32)",14.815,5.556,4.904,3.653,0.044,"1.0, 2.5, 4.0 mW calibrated",3,7,0.3694,0,0
721123822,707296982,760213145,950908329,CA1,45,31.111,36.111,1.125,4.348,2.605,5.354,0.289,0.178,0.727,0.573,0.62138,0.065,11.1111,"{""1.0"": {""evoked_rate_hz"": 16.67, ""baseline_rate_hz"": 35.56, ""reliability"": 0.133, ""modulation_ratio"": 0.46, ""median_latency_ms"": 6.2}, ""2.5"": {""evoked_rate_hz"": 41.67, ""baseline_rate_hz"": 22.22, ""reliability"": 0.333, ""modulation_ratio"": 1.79, ""median_latency_ms"": 5.78}, ""4.0"": {""evoked_rate_hz"": 50.0, ""baseline_rate_hz"": 35.56, ""reliability"": 0.4, ""modulation_ratio"": 1.37, ""median_latency_ms"": 2.22}}",False,-0.142,not light responsive,0.711,Not statistically significant (p=0.6214 >= 0.05),0.2965,0.5336,0.1427,0.289,0.0848,0.8613,0.3527,1.0,1.2352,0.2908,low evidence (non-responsive),850245847,2.92068830242756,0.0001869652406092,130.609787065709,0.97,0.0001535860377475,6.57058806675119,0.998666666666667,0.0,good,11,1660,8382,1897,7974,CA1,"10-ms optical pulse (473 nm, Ai32)",31.111,36.111,4.348,2.605,0.289,"1.0, 2.5, 4.0 mW calibrated",16,14,0.5336,0,0
721123822,707296982,760213145,950908343,CA1,45,31.111,27.778,0.865,4.157,2.703,4.179,0.222,0.178,0.795,0.532,0.77423,-0.052,0.0,"{""1.0"": {""evoked_rate_hz"": 25.0, ""baseline_rate_hz"": 17.78, ""reliability"": 0.2, ""modulation_ratio"": 1.33, ""median_latency_ms"": 4.13}, ""2.5"": {""evoked_rate_hz"": 33.33, ""baseline_rate_hz"": 44.44, ""reliability"": 0.267, ""modulation_ratio"": 0.73, ""median_latency_ms"": 5.97}, ""4.0"": {""evoked_rate_hz"": 25.0, ""baseline_rate_hz"": 31.11, ""reliability"": 0.2, ""modulation_ratio"": 0.78, ""median_latency_ms"": 1.81}}",False,-0.09,not light responsive,0.778,Not statistically significant (p=0.7742 >= 0.05); No positive modulation (mod_ratio=0.86 <= 1.0),0.2597,0.4968,0.1314,0.222,0.0,0.8723,0.3392,1.0,1.4405,0.2368,low evidence (non-responsive),850245845,2.75694490764022,0.0020757010742555,99.5199783946745,0.99,0.0017192364072186,4.46218344091276,0.995333333333333,0.0013864662999239,good,43,1660,8378,1907,7973,CA1,"10-ms optical pulse (473 nm, Ai32)",31.111,27.778,4.157,2.703,0.222,"1.0, 2.5, 4.0 mW calibrated",13,14,0.4968,0,0
721123822,707296982,760213145,950908327,CA1,45,25.185,16.667,0.636,5.455,2.525,3.135,0.133,0.156,0.886,0.46,0.25075,-0.172,-5.5556,"{""1.0"": {""evoked_rate_hz"": 25.0, ""baseline_rate_hz"": 26.67, ""reliability"": 0.2, ""modulation_ratio"": 0.9, ""median_latency_ms"": 5.63}, ""2.5"": {""evoked_rate_hz"": 16.67, ""baseline_rate_hz"": 26.67, ""reliability"": 0.133, ""modulation_ratio"": 0.6, ""median_latency_ms"": 6.19}, ""4.0"": {""evoked_rate_hz"": 8.33, ""baseline_rate_hz"": 22.22, ""reliability"": 0.067, ""modulation_ratio"": 0.36, ""median_latency_ms"": 5.28}}",False,0.084,not light responsive,0.867,Not statistically significant (p=0.2507 >= 0.05); No positive modulation (mod_ratio=0.64 <= 1.0),0.2462,0.3723,0.1979,0.133,0.0,0.7812,0.3642,1.0,1.4498,0.2346,low evidence (non-responsive),850245845,3.60763832423784,0.0,184.123147509253,0.99,0.0002921318297725,9.4968495358661,0.997979797979798,0.0001052077853761,good,43,1660,8378,1907,7973,CA1,"10-ms optical pulse (473 nm, Ai32)",25.185,16.667,5.455,2.525,0.133,"1.0, 2.5, 4.0 mW calibrated",8,11,0.3723,0,0
721123822,707296982,760213145,950908345,CA1,45,1.481,8.333,3.358,7.987,3.164,2.848,0.067,0.022,0.955,0.495,0.25475,0.205,-5.5556,"{""1.0"": {""evoked_rate_hz"": 16.67, ""baseline_rate_hz"": 0.0, ""reliability"": 0.133, ""modulation_ratio"": 16.67, ""median_latency_ms"": 5.37}, ""2.5"": {""evoked_rate_hz"": 8.33, ""baseline_rate_hz"": 0.0, ""reliability"": 0.067, ""modulation_ratio"": 8.33, ""median_latency_ms"": 8.45}, ""4.0"": {""evoked_rate_hz"": 0.0, ""baseline_rate_hz"": 4.44, ""reliability"": 0.0, ""modulation_ratio"": 0.0, ""median_latency_ms"": null}}",False,0.501,not light responsive,0.933,Not statistically significant (p=0.2547 >= 0.05),0.3199,0.302,0.1968,0.067,0.7033,0.5016,0.2821,1.0,1.3842,0.2505,low evidence (non-responsive),850245851,2.59565429638141,0.0133151255669277,83.957528703421,0.99,0.0036461325520847,4.67812180501819,0.96969696969697,0.0001683331650001,good,27,1680,8389,1878,7977,CA1,"10-ms optical pulse (473 nm, Ai32)",1.481,8.333,7.987,3.164,0.067,"1.0, 2.5, 4.0 mW calibrated",4,1,0.302,0,0
721123822,707296982,760213145,950908341,CA1,45,20.741,27.778,1.278,5.749,1.974,2.18,0.222,0.133,0.795,0.374,0.3996,0.121,-2.7778,"{""1.0"": {""evoked_rate_hz"": 33.33, ""baseline_rate_hz"": 8.89, ""reliability"": 0.267, ""modulation_ratio"": 3.37, ""median_latency_ms"": 6.01}, ""2.5"": {""evoked_rate_hz"": 25.0, ""baseline_rate_hz"": 31.11, ""reliability"": 0.2, ""modulation_ratio"": 0.78, ""median_latency_ms"": 3.52}, ""4.0"": {""evoked_rate_hz"": 25.0, ""baseline_rate_hz"": 22.22, ""reliability"": 0.2, ""modulation_ratio"": 1.08, ""median_latency_ms"": 6.01}}",False,-0.124,not light responsive,0.778,Not statistically significant (p=0.3996 >= 0.05),0.2995,0.4507,0.1678,0.222,0.1751,0.755,0.454,1.0,0.9414,0.3901,low evidence (non-responsive),850245849,2.40580502498129,0.0235225464578004,87.9492647375602,0.99,0.0484233771653162,4.04789054063289,0.982,0.004887853455758,good,59,1680,8385,1888,7976,CA1,"10-ms optical pulse (473 nm, Ai32)",20.741,27.778,5.749,1.974,0.222,"1.0, 2.5, 4.0 mW calibrated",13,9,0.4507,0,0
721123822,707296982,760213145,950908337,CA1,45,11.852,2.778,0.216,7.941,0.0,0.0,0.022,0.111,1.0,0.0,0.03996,-0.276,-2.7778,"{""1.0"": {""evoked_rate_hz"": 8.33, ""baseline_rate_hz"": 4.44, ""reliability"": 0.067, ""modulation_ratio"": 1.53, ""median_latency_ms"": 7.94}, ""2.5"": {""evoked_rate_hz"": 0.0, ""baseline_rate_hz"": 22.22, ""reliability"": 0.0, ""modulation_ratio"": 0.0, ""median_latency_ms"": null}, ""4.0"": {""evoked_rate_hz"": 0.0, ""baseline_rate_hz"": 8.89, ""reliability"": 0.0, ""modulation_ratio"": 0.0, ""median_latency_ms"": null}}",False,-1.494,not light responsive,0.95,Not statistically significant (p=0.0400 >= 0.05); No positive modulation (mod_ratio=0.22 <= 1.0); Very low reliability (0.02 < 0.05),0.2878,0.0939,0.354,0.022,0.0,0.5074,1.0,1.0,1.7124,0.1804,low evidence (non-responsive),850245849,3.25574685664422,0.0211046288985561,58.469885601201,0.99,0.001629237763712,4.38085664026122,0.961832061068702,0.0005134524543027,good,59,1680,8385,1888,7976,CA1,"10-ms optical pulse (473 nm, Ai32)",11.852,2.778,7.941,0.0,0.022,"1.0, 2.5, 4.0 mW calibrated",1,5,0.0939,0,0
721123822,707296982,760213145,950908353,CA1,45,13.333,0.0,0.0,,,,0.0,0.089,0.0,,0.00699,-0.494,0.0,"{""1.0"": {""evoked_rate_hz"": 0.0, ""baseline_rate_hz"": 0.0, ""reliability"": 0.0, ""modulation_ratio"": 0.0, ""median_latency_ms"": null}, ""2.5"": {""evoked_rate_hz"": 0.0, ""baseline_rate_hz"": 13.33, ""reliability"": 0.0, ""modulation_ratio"": 0.0, ""median_latency_ms"": null}, ""4.0"": {""evoked_rate_hz"": 0.0, ""baseline_rate_hz"": 26.67, ""reliability"": 0.0, ""modulation_ratio"": 0.0, ""median_latency_ms"": null}}",False,0.5,not light responsive,0.95,Not statistically significant (p=0.0070 >= 0.05); No positive modulation (mod_ratio=0.00 <= 1.0); Very low reliability (0.00 < 0.05),0.1635,0.144,0.5388,0.0,0.0,0.0002,0.0183,1.0,4.6165,0.0099,low evidence (non-responsive),850245855,2.60093151597506,0.0128426345695877,70.2085762636248,0.99,0.0028569535241645,6.09989416172205,0.971111111111111,0.0004737732656514,good,11,1700,8396,1858,7980,CA1,"10-ms optical pulse (473 nm, Ai32)",13.333,0.0,,,0.0,"1.0, 2.5, 4.0 mW calibrated",0,6,0.144,0,0
721123822,707296982,760213145,950908351,CA1,45,13.333,8.333,0.581,6.87,2.577,2.275,0.067,0.044,0.955,0.471,0.38861,-0.108,2.7778,"{""1.0"": {""evoked_rate_hz"": 8.33, ""baseline_rate_hz"": 17.78, ""reliability"": 0.067, ""modulation_ratio"": 0.44, ""median_latency_ms"": 2.5}, ""2.5"": {""evoked_rate_hz"": 0.0, ""baseline_rate_hz"": 13.33, ""reliability"": 0.0, ""modulation_ratio"": 0.0, ""median_latency_ms"": null}, ""4.0"": {""evoked_rate_hz"": 16.67, ""baseline_rate_hz"": 8.89, ""reliability"": 0.133, ""modulation_ratio"": 1.69, ""median_latency_ms"": 6.96}}",False,-0.331,not light responsive,0.933,Not statistically significant (p=0.3886 >= 0.05); No positive modulation (mod_ratio=0.58 <= 1.0),0.1989,0.2784,0.1695,0.067,0.0,0.6376,0.3567,1.0,1.5611,0.2099,low evidence (non-responsive),850245855,2.68882792466208,0.0445865052501107,83.3751736588753,0.99,0.0291592846927663,4.35710972624571,0.975071225071225,0.0081479927262554,good,11,1700,8396,1858,7980,CA1,"10-ms optical pulse (473 nm, Ai32)",13.333,8.333,6.87,2.577,0.067,"1.0, 2.5, 4.0 mW calibrated",4,6,0.2784,0,0
721123822,707296982,760213145,950908349,CA1,45,32.593,25.0,0.744,4.993,1.898,2.529,0.2,0.2,0.818,0.396,0.52947,-0.11,2.7778,"{""1.0"": {""evoked_rate_hz"": 25.0, ""baseline_rate_hz"": 35.56, ""reliability"": 0.2, ""modulation_ratio"": 0.68, ""median_latency_ms"": 6.64}, ""2.5"": {""evoked_rate_hz"": 16.67, ""baseline_rate_hz"": 26.67, ""reliability"": 0.133, ""modulation_ratio"": 0.6, ""median_latency_ms"": 2.83}, ""4.0"": {""evoked_rate_hz"": 33.33, ""baseline_rate_hz"": 35.56, ""reliability"": 0.267, ""modulation_ratio"": 0.91, ""median_latency_ms"": 4.45}}",False,0.0,not light responsive,0.8,Not statistically significant (p=0.5295 >= 0.05); No positive modulation (mod_ratio=0.74 <= 1.0),0.2649,0.3986,0.1514,0.2,0.0,0.8181,0.468,1.0,1.3473,0.2599,low evidence (non-responsive),850245855,1.81133247730082,0.0075086651554961,103.128423627579,0.99,0.0345573210596316,4.6574611782516,0.988666666666667,0.001705708437571,good,11,1700,8396,1858,7980,CA1,"10-ms optical pulse (473 nm, Ai32)",32.593,25.0,4.993,1.898,0.2,"1.0, 2.5, 4.0 mW calibrated",11,15,0.3986,0,0
721123822,707296982,760213145,950908363,CA1,45,29.63,27.778,0.907,4.165,2.362,4.046,0.178,0.222,1.205,0.57,0.89411,-0.024,2.7778,"{""1.0"": {""evoked_rate_hz"": 16.67, ""baseline_rate_hz"": 26.67, ""reliability"": 0.133, ""modulation_ratio"": 0.6, ""median_latency_ms"": 6.72}, ""2.5"": {""evoked_rate_hz"": 41.67, ""baseline_rate_hz"": 44.44, ""reliability"": 0.2, ""modulation_ratio"": 0.92, ""median_latency_ms"": 1.89}, ""4.0"": {""evoked_rate_hz"": 25.0, ""baseline_rate_hz"": 17.78, ""reliability"": 0.2, ""modulation_ratio"": 1.33, ""median_latency_ms"": 5.12}}",False,-0.599,not light responsive,0.822,Not statistically significant (p=0.8941 >= 0.05); No positive modulation (mod_ratio=0.91 <= 1.0),0.2515,0.4343,0.1244,0.178,0.0,0.8719,0.3888,1.0,1.5137,0.2201,low evidence (non-responsive),850245853,2.23815441965042,0.0146079604311153,82.3001699921939,0.99,0.0053265780740229,3.83045759382687,0.992,0.0025077542400844,good,43,1700,8392,1868,7979,CA1,"10-ms optical pulse (473 nm, Ai32)",29.63,27.778,4.165,2.362,0.178,"1.0, 2.5, 4.0 mW calibrated",13,13,0.4343,0,0
721123822,707296982,760213145,950908361,CA1,45,10.37,22.222,1.954,5.347,1.638,2.536,0.178,0.044,0.841,0.346,0.18581,0.209,-5.5556,"{""1.0"": {""evoked_rate_hz"": 33.33, ""baseline_rate_hz"": 13.33, ""reliability"": 0.267, ""modulation_ratio"": 2.33, ""median_latency_ms"": 5.35}, ""2.5"": {""evoked_rate_hz"": 16.67, ""baseline_rate_hz"": 8.89, ""reliability"": 0.133, ""modulation_ratio"": 1.69, ""median_latency_ms"": 6.09}, ""4.0"": {""evoked_rate_hz"": 16.67, ""baseline_rate_hz"": 8.89, ""reliability"": 0.133, ""modulation_ratio"": 1.69, ""median_latency_ms"": 3.23}}",False,-2.328,not light responsive,0.822,Not statistically significant (p=0.1858 >= 0.05),0.3706,0.4174,0.2194,0.178,0.4488,0.7903,0.5193,1.0,0.9017,0.4059,intermediate evidence (uncertain / borderline),850245859,3.19269562751987,0.0011233340396861,88.7522575636385,0.99,0.0010981450182523,4.65778634594462,0.998528329654158,0.0004888097482629,good,27,1720,8403,1839,7983,CA1,"10-ms optical pulse (473 nm, Ai32)",10.37,22.222,5.347,1.638,0.178,"1.0, 2.5, 4.0 mW calibrated",10,5,0.4174,0,0
721123822,707296982,760213145,950908365,CA1,45,11.852,11.111,0.865,3.938,2.49,4.174,0.089,0.044,0.932,0.617,0.85315,-0.016,0.0,"{""1.0"": {""evoked_rate_hz"": 8.33, ""baseline_rate_hz"": 4.44, ""reliability"": 0.067, ""modulation_ratio"": 1.53, ""median_latency_ms"": 5.96}, ""2.5"": {""evoked_rate_hz"": 16.67, ""baseline_rate_hz"": 8.89, ""reliability"": 0.133, ""modulation_ratio"": 1.69, ""median_latency_ms"": 4.16}, ""4.0"": {""evoked_rate_hz"": 8.33, ""baseline_rate_hz"": 22.22, ""reliability"": 0.067, ""modulation_ratio"": 0.36, ""median_latency_ms"": 1.86}}",False,-0.748,not light responsive,0.911,Not statistically significant (p=0.8531 >= 0.05); No positive modulation (mod_ratio=0.86 <= 1.0),0.2298,0.3711,0.1266,0.089,0.0,0.884,0.3694,1.0,1.7732,0.1698,low evidence (non-responsive),850245861,4.29245941490705,0.0006611161416829,80.1054528854593,0.99,0.0004575579382635,4.99547444465177,0.990666666666667,0.000352920416446,good,43,1740,8407,1829,7984,CA1,"10-ms optical pulse (473 nm, Ai32)",11.852,11.111,3.938,2.49,0.089,"1.0, 2.5, 4.0 mW calibrated",5,5,0.3711,0,0
721123822,707296982,760213145,950908375,CA1,45,1.481,5.556,2.239,7.341,1.124,0.795,0.044,0.0,0.977,0.153,0.49151,0.145,5.5556,"{""1.0"": {""evoked_rate_hz"": 0.0, ""baseline_rate_hz"": 0.0, ""reliability"": 0.0, ""modulation_ratio"": 0.0, ""median_latency_ms"": null}, ""2.5"": {""evoked_rate_hz"": 0.0, ""baseline_rate_hz"": 0.0, ""reliability"": 0.0, ""modulation_ratio"": 0.0, ""median_latency_ms"": null}, ""4.0"": {""evoked_rate_hz"": 16.67, ""baseline_rate_hz"": 4.44, ""reliability"": 0.133, ""modulation_ratio"": 3.06, ""median_latency_ms"": 7.34}}",False,0.501,not light responsive,0.95,Not statistically significant (p=0.4915 >= 0.05); Very low reliability (0.04 < 0.05),0.3134,0.205,0.1556,0.044,0.5237,0.5816,0.6379,1.0,1.3008,0.2723,low evidence (non-responsive),850245867,2.64027908016812,0.0492897302178448,53.6070693555537,0.99,0.0600561414796533,3.20806396202343,0.796,0.0135750251762336,good,27,1760,8418,1799,7988,CA1,"10-ms optical pulse (473 nm, Ai32)",1.481,5.556,7.341,1.124,0.044,"1.0, 2.5, 4.0 mW calibrated",3,1,0.205,0,0
721123822,707296982,760213145,950908795,VISp,45,0.0,0.0,0.0,,,,0.0,0.0,0.0,,1.0,0.0,0.0,"{""1.0"": {""evoked_rate_hz"": 0.0, ""baseline_rate_hz"": 0.0, ""reliability"": 0.0, ""modulation_ratio"": 0.0, ""median_latency_ms"": null}, ""2.5"": {""evoked_rate_hz"": 0.0, ""baseline_rate_hz"": 0.0, ""reliability"": 0.0, ""modulation_ratio"": 0.0, ""median_latency_ms"": null}, ""4.0"": {""evoked_rate_hz"": 0.0, ""baseline_rate_hz"": 0.0, ""reliability"": 0.0, ""modulation_ratio"": 0.0, ""median_latency_ms"": null}}",False,1.0,insufficient evidence,0.0,Insufficient trial count (<10) or zero spikes recorded,0.0376,0.144,0.1192,0.0,0.0,0.0002,0.0183,1.0,4.6165,0.0099,insufficient evidence,850245943,3.89257814507797,0.298691113401427,40.29264308712,0.99,0.0018423729315498,3.5976081435587,0.75187969924812,0.0058900075337305,good,11,2140,8566,1375,8023,VISp,"10-ms optical pulse (473 nm, Ai32)",0.0,0.0,,,0.0,"1.0, 2.5, 4.0 mW calibrated",0,0,0.144,0,-1
721123822,707296982,760213145,950908404,VISp,45,0.0,0.0,0.0,,,,0.0,0.0,0.0,,1.0,0.0,0.0,"{""1.0"": {""evoked_rate_hz"": 0.0, ""baseline_rate_hz"": 0.0, ""reliability"": 0.0, ""modulation_ratio"": 0.0, ""median_latency_ms"": null}, ""2.5"": {""evoked_rate_hz"": 0.0, ""baseline_rate_hz"": 0.0, ""reliability"": 0.0, ""modulation_ratio"": 0.0, ""median_latency_ms"": null}, ""4.0"": {""evoked_rate_hz"": 0.0, ""baseline_rate_hz"": 0.0, ""reliability"": 0.0, ""modulation_ratio"": 0.0, ""median_latency_ms"": null}}",False,-221.222,insufficient evidence,0.0,Insufficient trial count (<10) or zero spikes recorded,0.0376,0.144,0.1192,0.0,0.0,0.0002,0.0183,1.0,4.6165,0.0099,insufficient evidence,850245941,1.50256773744933,0.153506889836453,44.3736223253712,0.99,0.0201257972574319,2.56020563505963,0.871333333333333,0.009111909650924,good,43,2140,8563,1386,8023,VISp,"10-ms optical pulse (473 nm, Ai32)",0.0,0.0,,,0.0,"1.0, 2.5, 4.0 mW calibrated",0,0,0.144,0,-1
721123822,707296982,760213145,950908410,VISp,45,19.259,38.889,1.92,6.512,1.645,2.239,0.311,0.111,0.705,0.266,0.00999,0.394,5.5556,"{""1.0"": {""evoked_rate_hz"": 25.0, ""baseline_rate_hz"": 4.44, ""reliability"": 0.2, ""modulation_ratio"": 4.59, ""median_latency_ms"": 7.44}, ""2.5"": {""evoked_rate_hz"": 50.0, ""baseline_rate_hz"": 22.22, ""reliability"": 0.4, ""modulation_ratio"": 2.15, ""median_latency_ms"": 6.13}, ""4.0"": {""evoked_rate_hz"": 41.67, ""baseline_rate_hz"": 31.11, ""reliability"": 0.333, ""modulation_ratio"": 1.3, ""median_latency_ms"": 5.65}}",False,-0.199,light-responsive / indirect or uncertain,0.65,Sub-threshold modulation (1.92 <= 2.0),0.469,0.5782,0.5001,0.311,0.4386,0.6779,0.5179,1.0,0.3806,0.6834,intermediate evidence (uncertain / borderline),850245945,2.34017992949792,0.0019068127506177,113.004472782123,0.99,0.0004924629350804,4.28367907100167,0.975333333333333,0.0096930533117932,good,59,2160,8570,1364,8024,VISp,"10-ms optical pulse (473 nm, Ai32)",19.259,38.889,6.512,1.645,0.311,"1.0, 2.5, 4.0 mW calibrated",18,9,0.5782,0,1
721123822,707296982,760213145,950908418,VISp,45,4.444,0.0,0.0,,,,0.0,0.022,0.0,,0.24176,-0.264,0.0,"{""1.0"": {""evoked_rate_hz"": 0.0, ""baseline_rate_hz"": 4.44, ""reliability"": 0.0, ""modulation_ratio"": 0.0, ""median_latency_ms"": null}, ""2.5"": {""evoked_rate_hz"": 0.0, ""baseline_rate_hz"": 0.0, ""reliability"": 0.0, ""modulation_ratio"": 0.0, ""median_latency_ms"": null}, ""4.0"": {""evoked_rate_hz"": 0.0, ""baseline_rate_hz"": 8.89, ""reliability"": 0.0, ""modulation_ratio"": 0.0, ""median_latency_ms"": null}}",False,-443.444,not light responsive,0.95,Not statistically significant (p=0.2418 >= 0.05); No positive modulation (mod_ratio=0.00 <= 1.0); Very low reliability (0.00 < 0.05),0.062,0.144,0.2005,0.0,0.0,0.0002,0.0183,1.0,4.6165,0.0099,low evidence (non-responsive),850245951,2.36758833618253,0.0239456614863746,45.6158498394587,0.99,0.010222924515109,2.63056706495323,0.816976127320955,0.0031868093803041,good,11,2180,8582,1331,8026,VISp,"10-ms optical pulse (473 nm, Ai32)",4.444,0.0,,,0.0,"1.0, 2.5, 4.0 mW calibrated",0,2,0.144,0,0
721123822,707296982,760213145,950908416,VISp,45,4.444,0.0,0.0,,,,0.0,0.067,0.0,,0.23976,-0.264,0.0,"{""1.0"": {""evoked_rate_hz"": 0.0, ""baseline_rate_hz"": 13.33, ""reliability"": 0.0, ""modulation_ratio"": 0.0, ""median_latency_ms"": null}, ""2.5"": {""evoked_rate_hz"": 0.0, ""baseline_rate_hz"": 0.0, ""reliability"": 0.0, ""modulation_ratio"": 0.0, ""median_latency_ms"": null}, ""4.0"": {""evoked_rate_hz"": 0.0, ""baseline_rate_hz"": 0.0, ""reliability"": 0.0, ""modulation_ratio"": 0.0, ""median_latency_ms"": null}}",False,0.004,not light responsive,0.95,Not statistically significant (p=0.2398 >= 0.05); No positive modulation (mod_ratio=0.00 <= 1.0); Very low reliability (0.00 < 0.05),0.0622,0.144,0.201,0.0,0.0,0.0002,0.0183,1.0,4.6165,0.0099,low evidence (non-responsive),850245951,2.25732937917342,0.388404748550789,40.3026634115286,0.99,0.0266514362355792,2.09724378577161,0.647058823529412,0.0184630222865213,good,11,2180,8582,1331,8026,VISp,"10-ms optical pulse (473 nm, Ai32)",4.444,0.0,,,0.0,"1.0, 2.5, 4.0 mW calibrated",0,2,0.144,0,0
721123822,707296982,760213145,950908414,VISp,45,5.926,5.556,0.802,3.852,1.209,0.855,0.044,0.044,0.977,0.314,0.8012,-0.011,-5.5556,"{""1.0"": {""evoked_rate_hz"": 16.67, ""baseline_rate_hz"": 0.0, ""reliability"": 0.133, ""modulation_ratio"": 16.67, ""median_latency_ms"": 3.85}, ""2.5"": {""evoked_rate_hz"": 0.0, ""baseline_rate_hz"": 13.33, ""reliability"": 0.0, ""modulation_ratio"": 0.0, ""median_latency_ms"": null}, ""4.0"": {""evoked_rate_hz"": 0.0, ""baseline_rate_hz"": 4.44, ""reliability"": 0.0, ""modulation_ratio"": 0.0, ""median_latency_ms"": null}}",False,0.501,not light responsive,0.95,Not statistically significant (p=0.8012 >= 0.05); No positive modulation (mod_ratio=0.80 <= 1.0); Very low reliability (0.04 < 0.05),0.2448,0.2106,0.1297,0.044,0.0,0.8884,0.6166,1.0,1.9271,0.1456,low evidence (non-responsive),850245951,1.72913530391271,0.0702272209207133,47.3655068343876,0.98,0.0077627221271058,2.71902851788749,0.798,0.0139786308543435,good,11,2180,8582,1331,8026,VISp,"10-ms optical pulse (473 nm, Ai32)",5.926,5.556,3.852,1.209,0.044,"1.0, 2.5, 4.0 mW calibrated",3,3,0.2106,0,0
721123822,707296982,760213145,950908420,VISp,45,11.852,8.333,0.648,1.782,2.192,1.985,0.067,0.089,0.955,0.768,0.41059,-0.106,-2.7778,"{""1.0"": {""evoked_rate_hz"": 8.33, ""baseline_rate_hz"": 4.44, ""reliability"": 0.067, ""modulation_ratio"": 1.53, ""median_latency_ms"": 1.41}, ""2.5"": {""evoked_rate_hz"": 16.67, ""baseline_rate_hz"": 31.11, ""reliability"": 0.133, ""modulation_ratio"": 0.52, ""median_latency_ms"": 3.58}, ""4.0"": {""evoked_rate_hz"": 0.0, ""baseline_rate_hz"": 0.0, ""reliability"": 0.0, ""modulation_ratio"": 0.0, ""median_latency_ms"": null}}",False,0.167,not light responsive,0.933,Not statistically significant (p=0.4106 >= 0.05); No positive modulation (mod_ratio=0.65 <= 1.0),0.2518,0.5387,0.1661,0.067,0.0,0.9573,0.4161,1.0,2.1849,0.1125,low evidence (non-responsive),850245953,1.22001047761768,0.0438743968035995,54.1091185103234,0.99,0.0919721258461808,1.97936680478986,0.794666666666667,0.0254102999434069,good,59,2200,8585,1319,8026,VISp,"10-ms optical pulse (473 nm, Ai32)",11.852,8.333,1.782,2.192,0.067,"1.0, 2.5, 4.0 mW calibrated",4,5,0.5387,0,0
721123822,707296982,760213145,950908426,VISp,45,16.296,2.778,0.161,5.868,0.0,0.0,0.022,0.178,1.0,0.0,0.005,-0.378,2.7778,"{""1.0"": {""evoked_rate_hz"": 0.0, ""baseline_rate_hz"": 17.78, ""reliability"": 0.0, ""modulation_ratio"": 0.0, ""median_latency_ms"": null}, ""2.5"": {""evoked_rate_hz"": 0.0, ""baseline_rate_hz"": 13.33, ""reliability"": 0.0, ""modulation_ratio"": 0.0, ""median_latency_ms"": null}, ""4.0"": {""evoked_rate_hz"": 8.33, ""baseline_rate_hz"": 17.78, ""reliability"": 0.067, ""modulation_ratio"": 0.44, ""median_latency_ms"": 5.87}}",False,-0.991,not light responsive,0.95,Not statistically significant (p=0.0050 >= 0.05); No positive modulation (mod_ratio=0.16 <= 1.0); Very low reliability (0.02 < 0.05),0.3895,0.0883,0.5747,0.022,0.0,0.7438,1.0,1.0,1.7934,0.1664,intermediate evidence (uncertain / borderline),850245957,2.00868332226746,0.0513095261632697,45.0237855747011,0.99,0.0016378354841827,2.46347604509115,0.874666666666667,0.0061848256023013,good,43,2220,8593,1297,8028,VISp,"10-ms optical pulse (473 nm, Ai32)",16.296,2.778,5.868,0.0,0.022,"1.0, 2.5, 4.0 mW calibrated",1,7,0.0883,0,0
721123822,707296982,760213145,950908424,VISp,45,5.926,38.889,5.615,5.466,2.007,2.691,0.311,0.0,0.705,0.386,0.005,0.493,16.6667,"{""1.0"": {""evoked_rate_hz"": 16.67, ""baseline_rate_hz"": 8.89, ""reliability"": 0.133, ""modulation_ratio"": 1.69, ""median_latency_ms"": 6.27}, ""2.5"": {""evoked_rate_hz"": 33.33, ""baseline_rate_hz"": 4.44, ""reliability"": 0.267, ""modulation_ratio"": 6.12, ""median_latency_ms"": 2.6}, ""4.0"": {""evoked_rate_hz"": 66.67, ""baseline_rate_hz"": 4.44, ""reliability"": 0.533, ""modulation_ratio"": 12.24, ""median_latency_ms"": 5.81}}",False,0.001,putatively directly optotagged,0.639,Passes direct criteria: mod=5.62>2.0; rel=0.31>=0.3; lat=5.47<8.0ms; p=0.0050<0.05,0.5814,0.4242,0.5747,0.311,0.8468,0.7802,0.4481,1.0,1.6194,0.198,intermediate evidence (uncertain / borderline),850245957,3.36326094589731,0.0018658789514842,60.9086784769991,0.99,0.0002999880863816,3.95915802298122,0.972,0.0004254801847799,good,43,2220,8593,1297,8028,VISp,"10-ms optical pulse (473 nm, Ai32)",5.926,38.889,5.466,2.007,0.311,"1.0, 2.5, 4.0 mW calibrated",18,3,0.4242,1,2
721123822,707296982,760213145,950908422,VISp,45,8.889,8.333,0.843,2.004,1.046,1.013,0.067,0.089,0.955,0.454,0.83716,-0.014,-2.7778,"{""1.0"": {""evoked_rate_hz"": 16.67, ""baseline_rate_hz"": 8.89, ""reliability"": 0.133, ""modulation_ratio"": 1.69, ""median_latency_ms"": 1.72}, ""2.5"": {""evoked_rate_hz"": 0.0, ""baseline_rate_hz"": 8.89, ""reliability"": 0.0, ""modulation_ratio"": 0.0, ""median_latency_ms"": null}, ""4.0"": {""evoked_rate_hz"": 8.33, ""baseline_rate_hz"": 8.89, ""reliability"": 0.067, ""modulation_ratio"": 0.84, ""median_latency_ms"": 3.47}}",False,-0.331,not light responsive,0.933,Not statistically significant (p=0.8372 >= 0.05); No positive modulation (mod_ratio=0.84 <= 1.0),0.2637,0.2926,0.1275,0.067,0.0,0.9525,0.6581,1.0,2.1457,0.117,low evidence (non-responsive),850245957,1.13155337713429,0.118463029020587,45.6563921930223,0.99,0.0437288038984775,2.13755661511959,0.830666666666667,0.0090463907891293,good,43,2220,8593,1297,8028,VISp,"10-ms optical pulse (473 nm, Ai32)",8.889,8.333,2.004,1.046,0.067,"1.0, 2.5, 4.0 mW calibrated",4,4,0.2926,0,0
721123822,707296982,760213145,950908442,VISp,45,0.0,0.0,0.0,,,,0.0,0.0,0.0,,1.0,0.0,0.0,"{""1.0"": {""evoked_rate_hz"": 0.0, ""baseline_rate_hz"": 0.0, ""reliability"": 0.0, ""modulation_ratio"": 0.0, ""median_latency_ms"": null}, ""2.5"": {""evoked_rate_hz"": 0.0, ""baseline_rate_hz"": 0.0, ""reliability"": 0.0, ""modulation_ratio"": 0.0, ""median_latency_ms"": null}, ""4.0"": {""evoked_rate_hz"": 0.0, ""baseline_rate_hz"": 0.0, ""reliability"": 0.0, ""modulation_ratio"": 0.0, ""median_latency_ms"": null}}",False,1.0,insufficient evidence,0.0,Insufficient trial count (<10) or zero spikes recorded,0.0376,0.144,0.1192,0.0,0.0,0.0002,0.0183,1.0,4.6165,0.0099,insufficient evidence,850245963,0.965275822005484,0.0360588981956181,39.7777324104211,0.99,0.047306163080237,1.15256494900265,0.646666666666667,0.0399408967077619,good,27,2240,8608,1253,8030,VISp,"10-ms optical pulse (473 nm, Ai32)",0.0,0.0,,,0.0,"1.0, 2.5, 4.0 mW calibrated",0,0,0.144,0,-1
721123822,707296982,760213145,950908438,VISp,45,1.481,0.0,0.0,,,,0.0,0.022,0.0,,1.0,-0.149,0.0,"{""1.0"": {""evoked_rate_hz"": 0.0, ""baseline_rate_hz"": 4.44, ""reliability"": 0.0, ""modulation_ratio"": 0.0, ""median_latency_ms"": null}, ""2.5"": {""evoked_rate_hz"": 0.0, ""baseline_rate_hz"": 0.0, ""reliability"": 0.0, ""modulation_ratio"": 0.0, ""median_latency_ms"": null}, ""4.0"": {""evoked_rate_hz"": 0.0, ""baseline_rate_hz"": 0.0, ""reliability"": 0.0, ""modulation_ratio"": 0.0, ""median_latency_ms"": null}}",False,1.0,not light responsive,0.95,Not statistically significant (p=1.0000 >= 0.05); No positive modulation (mod_ratio=0.00 <= 1.0); Very low reliability (0.00 < 0.05),0.0376,0.144,0.1192,0.0,0.0,0.0002,0.0183,1.0,4.6165,0.0099,low evidence (non-responsive),850245963,1.82401735652128,0.306649004120631,38.4170576046463,0.99,0.0063461520161295,2.27691495996146,0.730318257956449,0.0041492364724688,good,27,2240,8608,1253,8030,VISp,"10-ms optical pulse (473 nm, Ai32)",1.481,0.0,,,0.0,"1.0, 2.5, 4.0 mW calibrated",0,1,0.144,0,0
721123822,707296982,760213145,950908432,VISp,45,0.0,2.778,2.778,6.488,0.0,0.0,0.022,0.0,1.0,0.0,1.0,0.149,-2.7778,"{""1.0"": {""evoked_rate_hz"": 8.33, ""baseline_rate_hz"": 0.0, ""reliability"": 0.067, ""modulation_ratio"": 8.33, ""median_latency_ms"": 6.49}, ""2.5"": {""evoked_rate_hz"": 0.0, ""baseline_rate_hz"": 0.0, ""reliability"": 0.0, ""modulation_ratio"": 0.0, ""median_latency_ms"": null}, ""4.0"": {""evoked_rate_hz"": 0.0, ""baseline_rate_hz"": 0.0, ""reliability"": 0.0, ""modulation_ratio"": 0.0, ""median_latency_ms"": null}}",False,1.0,not light responsive,0.95,Not statistically significant (p=1.0000 >= 0.05); Very low reliability (0.02 < 0.05),0.3688,0.1095,0.1192,0.022,0.6273,0.6805,1.0,1.0,1.5165,0.2195,intermediate evidence (uncertain / borderline),850245961,1.93376680258036,0.158228574135947,35.3872360840559,0.99,0.0330772489254518,2.39481382700223,0.64180790960452,0.008277520178602,good,59,2240,8604,1264,8029,VISp,"10-ms optical pulse (473 nm, Ai32)",0.0,2.778,6.488,0.0,0.022,"1.0, 2.5, 4.0 mW calibrated",1,0,0.1095,0,0
721123822,707296982,760213145,950908448,VISp,45,2.963,5.556,1.402,5.384,2.917,2.063,0.044,0.044,0.977,0.542,0.77323,0.086,0.0,"{""1.0"": {""evoked_rate_hz"": 8.33, ""baseline_rate_hz"": 0.0, ""reliability"": 0.067, ""modulation_ratio"": 8.33, ""median_latency_ms"": 3.32}, ""2.5"": {""evoked_rate_hz"": 0.0, ""baseline_rate_hz"": 4.44, ""reliability"": 0.0, ""modulation_ratio"": 0.0, ""median_latency_ms"": null}, ""4.0"": {""evoked_rate_hz"": 8.33, ""baseline_rate_hz"": 4.44, ""reliability"": 0.067, ""modulation_ratio"": 1.53, ""median_latency_ms"": 7.45}}",False,-0.991,not light responsive,0.95,Not statistically significant (p=0.7732 >= 0.05); Very low reliability (0.04 < 0.05),0.2474,0.3191,0.1314,0.044,0.239,0.7872,0.3114,1.0,1.526,0.2174,low evidence (non-responsive),850245967,2.08227484597194,0.0679890272751337,49.1720155389723,0.99,0.0676839974469567,1.89567846601603,0.818,0.0349332575972735,good,11,2260,8616,1230,8031,VISp,"10-ms optical pulse (473 nm, Ai32)",2.963,5.556,5.384,2.917,0.044,"1.0, 2.5, 4.0 mW calibrated",3,1,0.3191,0,0
721123822,707296982,760213145,950908446,VISp,45,0.0,0.0,0.0,,,,0.0,0.0,0.0,,1.0,0.0,0.0,"{""1.0"": {""evoked_rate_hz"": 0.0, ""baseline_rate_hz"": 0.0, ""reliability"": 0.0, ""modulation_ratio"": 0.0, ""median_latency_ms"": null}, ""2.5"": {""evoked_rate_hz"": 0.0, ""baseline_rate_hz"": 0.0, ""reliability"": 0.0, ""modulation_ratio"": 0.0, ""median_latency_ms"": null}, ""4.0"": {""evoked_rate_hz"": 0.0, ""baseline_rate_hz"": 0.0, ""reliability"": 0.0, ""modulation_ratio"": 0.0, ""median_latency_ms"": null}}",False,-0.991,insufficient evidence,0.0,Insufficient trial count (<10) or zero spikes recorded,0.0376,0.144,0.1192,0.0,0.0,0.0002,0.0183,1.0,4.6165,0.0099,insufficient evidence,850245967,2.59375023360293,0.106651588715089,34.2048188933695,0.99,0.0140640804409563,1.87426332286619,0.66304347826087,0.004079254079254,good,11,2260,8616,1230,8031,VISp,"10-ms optical pulse (473 nm, Ai32)",0.0,0.0,,,0.0,"1.0, 2.5, 4.0 mW calibrated",0,0,0.144,0,-1
721123822,707296982,760213145,950908444,VISp,45,0.0,0.0,0.0,,,,0.0,0.0,0.0,,1.0,0.0,0.0,"{""1.0"": {""evoked_rate_hz"": 0.0, ""baseline_rate_hz"": 0.0, ""reliability"": 0.0, ""modulation_ratio"": 0.0, ""median_latency_ms"": null}, ""2.5"": {""evoked_rate_hz"": 0.0, ""baseline_rate_hz"": 0.0, ""reliability"": 0.0, ""modulation_ratio"": 0.0, ""median_latency_ms"": null}, ""4.0"": {""evoked_rate_hz"": 0.0, ""baseline_rate_hz"": 0.0, ""reliability"": 0.0, ""modulation_ratio"": 0.0, ""median_latency_ms"": null}}",False,1.0,insufficient evidence,0.0,Insufficient trial count (<10) or zero spikes recorded,0.0376,0.144,0.1192,0.0,0.0,0.0002,0.0183,1.0,4.6165,0.0099,insufficient evidence,850245965,1.9237781648784,0.0420964754468717,46.7899695463109,0.99,0.0055076671205509,2.18456583285623,0.879518072289157,0.0006779201410073,good,43,2260,8612,1241,8030,VISp,"10-ms optical pulse (473 nm, Ai32)",0.0,0.0,,,0.0,"1.0, 2.5, 4.0 mW calibrated",0,0,0.144,0,-1
721123822,707296982,760213145,950908452,VISp,45,4.444,2.778,0.51,2.561,0.0,0.0,0.022,0.044,1.0,0.0,0.62238,-0.065,-2.7778,"{""1.0"": {""evoked_rate_hz"": 8.33, ""baseline_rate_hz"": 4.44, ""reliability"": 0.067, ""modulation_ratio"": 1.53, ""median_latency_ms"": 2.56}, ""2.5"": {""evoked_rate_hz"": 0.0, ""baseline_rate_hz"": 0.0, ""reliability"": 0.0, ""modulation_ratio"": 0.0, ""median_latency_ms"": null}, ""4.0"": {""evoked_rate_hz"": 0.0, ""baseline_rate_hz"": 8.89, ""reliability"": 0.0, ""modulation_ratio"": 0.0, ""median_latency_ms"": null}}",False,0.004,not light responsive,0.95,Not statistically significant (p=0.6224 >= 0.05); No positive modulation (mod_ratio=0.51 <= 1.0); Very low reliability (0.02 < 0.05),0.289,0.0667,0.1426,0.022,0.0,0.9382,1.0,1.0,2.1866,0.1123,low evidence (non-responsive),850245969,2.82464808971237,0.163049651560502,42.3097514044399,0.99,0.0344822906080374,2.507763951916,0.753086419753086,0.0093964832279683,good,59,2280,8619,1219,8031,VISp,"10-ms optical pulse (473 nm, Ai32)",4.444,2.778,2.561,0.0,0.022,"1.0, 2.5, 4.0 mW calibrated",1,2,0.0667,0,0
721123822,707296982,760213145,950908466,VISp,45,4.444,2.778,0.51,4.563,0.0,0.0,0.022,0.022,1.0,0.0,0.64136,-0.065,0.0,"{""1.0"": {""evoked_rate_hz"": 0.0, ""baseline_rate_hz"": 4.44, ""reliability"": 0.0, ""modulation_ratio"": 0.0, ""median_latency_ms"": null}, ""2.5"": {""evoked_rate_hz"": 8.33, ""baseline_rate_hz"": 8.89, ""reliability"": 0.067, ""modulation_ratio"": 0.84, ""median_latency_ms"": 4.56}, ""4.0"": {""evoked_rate_hz"": 0.0, ""baseline_rate_hz"": 0.0, ""reliability"": 0.0, ""modulation_ratio"": 0.0, ""median_latency_ms"": null}}",False,-4.973,not light responsive,0.95,Not statistically significant (p=0.6414 >= 0.05); No positive modulation (mod_ratio=0.51 <= 1.0); Very low reliability (0.02 < 0.05),0.275,0.0806,0.141,0.022,0.0,0.8479,1.0,1.0,1.9158,0.1472,low evidence (non-responsive),850245975,2.06102561474118,0.0350069940529104,44.0444525822083,0.99,0.0069926710596319,2.16319075403113,0.767006802721088,0.0079447682486816,good,11,2300,8631,1186,8033,VISp,"10-ms optical pulse (473 nm, Ai32)",4.444,2.778,4.563,0.0,0.022,"1.0, 2.5, 4.0 mW calibrated",1,2,0.0806,0,0
721123822,707296982,760213145,950908460,VISp,45,1.481,0.0,0.0,,,,0.0,0.022,0.0,,1.0,-0.149,0.0,"{""1.0"": {""evoked_rate_hz"": 0.0, ""baseline_rate_hz"": 4.44, ""reliability"": 0.0, ""modulation_ratio"": 0.0, ""median_latency_ms"": null}, ""2.5"": {""evoked_rate_hz"": 0.0, ""baseline_rate_hz"": 0.0, ""reliability"": 0.0, ""modulation_ratio"": 0.0, ""median_latency_ms"": null}, ""4.0"": {""evoked_rate_hz"": 0.0, ""baseline_rate_hz"": 0.0, ""reliability"": 0.0, ""modulation_ratio"": 0.0, ""median_latency_ms"": null}}",False,-221.222,not light responsive,0.95,Not statistically significant (p=1.0000 >= 0.05); No positive modulation (mod_ratio=0.00 <= 1.0); Very low reliability (0.00 < 0.05),0.0376,0.144,0.1192,0.0,0.0,0.0002,0.0183,1.0,4.6165,0.0099,low evidence (non-responsive),850245975,1.77205930214685,0.229673953073747,33.3212128245467,0.99,0.0197315178182378,1.91267363277162,0.617283950617284,0.013123089078979,good,11,2300,8631,1186,8033,VISp,"10-ms optical pulse (473 nm, Ai32)",1.481,0.0,,,0.0,"1.0, 2.5, 4.0 mW calibrated",0,1,0.144,0,0
721123822,707296982,760213145,950908475,VISp,45,13.333,5.556,0.388,3.09,0.711,0.503,0.044,0.089,0.977,0.23,0.16983,-0.197,0.0,"{""1.0"": {""evoked_rate_hz"": 8.33, ""baseline_rate_hz"": 4.44, ""reliability"": 0.067, ""modulation_ratio"": 1.53, ""median_latency_ms"": 2.59}, ""2.5"": {""evoked_rate_hz"": 0.0, ""baseline_rate_hz"": 22.22, ""reliability"": 0.0, ""modulation_ratio"": 0.0, ""median_latency_ms"": null}, ""4.0"": {""evoked_rate_hz"": 8.33, ""baseline_rate_hz"": 13.33, ""reliability"": 0.067, ""modulation_ratio"": 0.58, ""median_latency_ms"": 3.59}}",False,-0.996,not light responsive,0.95,Not statistically significant (p=0.1698 >= 0.05); No positive modulation (mod_ratio=0.39 <= 1.0); Very low reliability (0.04 < 0.05),0.2922,0.1752,0.2262,0.044,0.0,0.9209,0.7525,1.0,2.036,0.1306,low evidence (non-responsive),850245985,2.35958970315803,0.0090782789220781,40.2489128770058,0.99,0.0008678382745285,2.76385153559896,0.8274231678487,0.0031899567812307,good,59,2360,8650,1130,8035,VISp,"10-ms optical pulse (473 nm, Ai32)",13.333,5.556,3.09,0.711,0.044,"1.0, 2.5, 4.0 mW calibrated",3,6,0.1752,0,0
721123822,707296982,760213145,950908802,VISp,45,1.481,2.778,1.119,2.304,0.0,0.0,0.022,0.0,1.0,0.0,1.0,0.061,-2.7778,"{""1.0"": {""evoked_rate_hz"": 8.33, ""baseline_rate_hz"": 4.44, ""reliability"": 0.067, ""modulation_ratio"": 1.53, ""median_latency_ms"": 2.3}, ""2.5"": {""evoked_rate_hz"": 0.0, ""baseline_rate_hz"": 0.0, ""reliability"": 0.0, ""modulation_ratio"": 0.0, ""median_latency_ms"": null}, ""4.0"": {""evoked_rate_hz"": 0.0, ""baseline_rate_hz"": 0.0, ""reliability"": 0.0, ""modulation_ratio"": 0.0, ""median_latency_ms"": null}}",False,0.004,not light responsive,0.95,Not statistically significant (p=1.0000 >= 0.05); Very low reliability (0.02 < 0.05),0.2992,0.0679,0.1192,0.022,0.0809,0.9452,1.0,1.0,2.1591,0.1154,low evidence (non-responsive),850245991,1.67093531644417,0.151535402992844,41.8887106264095,0.99,0.0581370442159967,2.85963611786176,0.790697674418605,0.0026339783203322,good,11,2380,8665,1085,8037,VISp,"10-ms optical pulse (473 nm, Ai32)",1.481,2.778,2.304,0.0,0.022,"1.0, 2.5, 4.0 mW calibrated",1,1,0.0679,0,0
721123822,707296982,760213145,950908501,VISp,45,17.778,11.111,0.592,3.581,2.218,2.305,0.089,0.111,0.932,0.514,0.35465,-0.131,-2.7778,"{""1.0"": {""evoked_rate_hz"": 8.33, ""baseline_rate_hz"": 13.33, ""reliability"": 0.067, ""modulation_ratio"": 0.58, ""median_latency_ms"": 2.65}, ""2.5"": {""evoked_rate_hz"": 25.0, ""baseline_rate_hz"": 17.78, ""reliability"": 0.2, ""modulation_ratio"": 1.33, ""median_latency_ms"": 4.32}, ""4.0"": {""evoked_rate_hz"": 0.0, ""baseline_rate_hz"": 22.22, ""reliability"": 0.0, ""modulation_ratio"": 0.0, ""median_latency_ms"": null}}",False,0.251,not light responsive,0.911,Not statistically significant (p=0.3547 >= 0.05); No positive modulation (mod_ratio=0.59 <= 1.0),0.2511,0.3631,0.1751,0.089,0.0,0.9011,0.4118,1.0,1.8258,0.1611,low evidence (non-responsive),850245991,2.24412466504895,0.0041671241095349,35.8565507084519,0.99,0.0001313782034603,2.23703441093915,0.918996415770609,0.0020276175493794,good,11,2380,8665,1085,8037,VISp,"10-ms optical pulse (473 nm, Ai32)",17.778,11.111,3.581,2.218,0.089,"1.0, 2.5, 4.0 mW calibrated",5,8,0.3631,0,0
721123822,707296982,760213145,950908496,VISp,45,5.926,13.889,2.005,6.548,2.08,3.347,0.111,0.022,0.909,0.357,0.3047,0.173,-5.5556,"{""1.0"": {""evoked_rate_hz"": 25.0, ""baseline_rate_hz"": 0.0, ""reliability"": 0.2, ""modulation_ratio"": 25.0, ""median_latency_ms"": 6.55}, ""2.5"": {""evoked_rate_hz"": 8.33, ""baseline_rate_hz"": 8.89, ""reliability"": 0.067, ""modulation_ratio"": 0.84, ""median_latency_ms"": 7.72}, ""4.0"": {""evoked_rate_hz"": 8.33, ""baseline_rate_hz"": 8.89, ""reliability"": 0.067, ""modulation_ratio"": 0.84, ""median_latency_ms"": 3.07}}",False,0.286,not light responsive,0.889,Not statistically significant (p=0.3047 >= 0.05),0.3205,0.3562,0.1848,0.111,0.4635,0.6739,0.4352,1.0,1.0123,0.3634,low evidence (non-responsive),850245991,1.34423196880956,0.0104134424629497,53.7881006523771,0.99,0.0022340329669055,2.97354791870014,0.944,0.0037884378843788,good,11,2380,8665,1085,8037,VISp,"10-ms optical pulse (473 nm, Ai32)",5.926,13.889,6.548,2.08,0.111,"1.0, 2.5, 4.0 mW calibrated",6,3,0.3562,0,0
721123822,707296982,760213145,950908489,VISp,45,28.148,5.556,0.191,5.407,3.263,2.307,0.044,0.178,0.977,0.603,0.004,-0.47,-2.7778,"{""1.0"": {""evoked_rate_hz"": 8.33, ""baseline_rate_hz"": 31.11, ""reliability"": 0.067, ""modulation_ratio"": 0.26, ""median_latency_ms"": 7.71}, ""2.5"": {""evoked_rate_hz"": 8.33, ""baseline_rate_hz"": 22.22, ""reliability"": 0.067, ""modulation_ratio"": 0.36, ""median_latency_ms"": 3.1}, ""4.0"": {""evoked_rate_hz"": 0.0, ""baseline_rate_hz"": 31.11, ""reliability"": 0.0, ""modulation_ratio"": 0.0, ""median_latency_ms"": null}}",False,-0.199,not light responsive,0.95,Not statistically significant (p=0.0040 >= 0.05); No positive modulation (mod_ratio=0.19 <= 1.0); Very low reliability (0.04 < 0.05),0.3354,0.3233,0.5982,0.044,0.0,0.7852,0.2711,1.0,1.7489,0.174,low evidence (non-responsive),850245991,2.0621587537803,0.0019182641705641,61.5756628741082,0.99,0.0013615193992346,2.49621015345862,0.896,0.0152245862884161,good,11,2380,8665,1085,8037,VISp,"10-ms optical pulse (473 nm, Ai32)",28.148,5.556,5.407,3.263,0.044,"1.0, 2.5, 4.0 mW calibrated",3,13,0.3233,0,0
721123822,707296982,760213145,950908479,VISp,45,23.704,5.556,0.225,3.54,1.56,1.103,0.044,0.178,0.977,0.441,0.00599,-0.452,5.5556,"{""1.0"": {""evoked_rate_hz"": 0.0, ""baseline_rate_hz"": 17.78, ""reliability"": 0.0, ""modulation_ratio"": 0.0, ""median_latency_ms"": null}, ""2.5"": {""evoked_rate_hz"": 0.0, ""baseline_rate_hz"": 22.22, ""reliability"": 0.0, ""modulation_ratio"": 0.0, ""median_latency_ms"": null}, ""4.0"": {""evoked_rate_hz"": 16.67, ""baseline_rate_hz"": 31.11, ""reliability"": 0.133, ""modulation_ratio"": 0.52, ""median_latency_ms"": 3.54}}",False,-0.249,not light responsive,0.95,Not statistically significant (p=0.0060 >= 0.05); No positive modulation (mod_ratio=0.23 <= 1.0); Very low reliability (0.04 < 0.05),0.3666,0.2525,0.5554,0.044,0.0,0.9029,0.5358,1.0,1.9702,0.1394,intermediate evidence (uncertain / borderline),850245991,1.70270560719507,0.0268302660677356,54.9885181738174,0.99,0.0043987177139749,2.04478209902635,0.877333333333333,0.0141815235008104,good,11,2380,8665,1085,8037,VISp,"10-ms optical pulse (473 nm, Ai32)",23.704,5.556,3.54,1.56,0.044,"1.0, 2.5, 4.0 mW calibrated",3,11,0.2525,0,0
721123822,707296982,760213145,950908485,VISp,45,2.963,0.0,0.0,,,,0.0,0.022,0.0,,0.50949,-0.213,0.0,"{""1.0"": {""evoked_rate_hz"": 0.0, ""baseline_rate_hz"": 4.44, ""reliability"": 0.0, ""modulation_ratio"": 0.0, ""median_latency_ms"": null}, ""2.5"": {""evoked_rate_hz"": 0.0, ""baseline_rate_hz"": 0.0, ""reliability"": 0.0, ""modulation_ratio"": 0.0, ""median_latency_ms"": null}, ""4.0"": {""evoked_rate_hz"": 0.0, ""baseline_rate_hz"": 4.44, ""reliability"": 0.0, ""modulation_ratio"": 0.0, ""median_latency_ms"": null}}",False,1.0,not light responsive,0.95,Not statistically significant (p=0.5095 >= 0.05); No positive modulation (mod_ratio=0.00 <= 1.0); Very low reliability (0.00 < 0.05),0.0479,0.144,0.1535,0.0,0.0,0.0002,0.0183,1.0,4.6165,0.0099,low evidence (non-responsive),850245989,2.59692490254593,0.0114738129852384,31.7997857868246,0.99,0.00018029178427,2.35153803886619,0.793540945790081,0.0034668588885456,good,43,2380,8661,1096,8036,VISp,"10-ms optical pulse (473 nm, Ai32)",2.963,0.0,,,0.0,"1.0, 2.5, 4.0 mW calibrated",0,1,0.144,0,0
721123822,707296982,760213145,950908482,VISp,45,19.259,11.111,0.548,2.387,0.623,0.67,0.089,0.133,0.932,0.243,0.31269,-0.158,2.7778,"{""1.0"": {""evoked_rate_hz"": 8.33, ""baseline_rate_hz"": 26.67, ""reliability"": 0.067, ""modulation_ratio"": 0.3, ""median_latency_ms"": 2.6}, ""2.5"": {""evoked_rate_hz"": 8.33, ""baseline_rate_hz"": 22.22, ""reliability"": 0.067, ""modulation_ratio"": 0.36, ""median_latency_ms"": 3.42}, ""4.0"": {""evoked_rate_hz"": 16.67, ""baseline_rate_hz"": 8.89, ""reliability"": 0.133, ""modulation_ratio"": 1.69, ""median_latency_ms"": 2.11}}",False,-0.498,not light responsive,0.911,Not statistically significant (p=0.3127 >= 0.05); No positive modulation (mod_ratio=0.55 <= 1.0),0.2966,0.2263,0.1832,0.089,0.0,0.943,0.7794,1.0,2.0204,0.1326,low evidence (non-responsive),850245989,2.45038124120481,0.0097095632584612,60.5624489679728,0.99,0.000204519267627,2.49065844709966,0.924666666666667,0.0040192500925485,good,43,2380,8661,1096,8036,VISp,"10-ms optical pulse (473 nm, Ai32)",19.259,11.111,2.387,0.623,0.089,"1.0, 2.5, 4.0 mW calibrated",5,9,0.2263,0,0
721123822,707296982,760213145,950908511,VISp,45,11.852,5.556,0.432,2.517,1.099,0.777,0.044,0.044,0.977,0.437,0.21479,-0.164,5.5556,"{""1.0"": {""evoked_rate_hz"": 0.0, ""baseline_rate_hz"": 13.33, ""reliability"": 0.0, ""modulation_ratio"": 0.0, ""median_latency_ms"": null}, ""2.5"": {""evoked_rate_hz"": 0.0, ""baseline_rate_hz"": 13.33, ""reliability"": 0.0, ""modulation_ratio"": 0.0, ""median_latency_ms"": null}, ""4.0"": {""evoked_rate_hz"": 16.67, ""baseline_rate_hz"": 8.89, ""reliability"": 0.133, ""modulation_ratio"": 1.69, ""median_latency_ms"": 2.52}}",False,0.001,not light responsive,0.95,Not statistically significant (p=0.2148 >= 0.05); No positive modulation (mod_ratio=0.43 <= 1.0); Very low reliability (0.04 < 0.05),0.279,0.2431,0.2088,0.044,0.0,0.9394,0.6443,1.0,2.1254,0.1194,low evidence (non-responsive),850245995,1.76169924300402,0.0686123837959481,42.933530216089,0.99,0.0004973885585883,1.61419285097804,0.779448621553885,0.0098600840190257,good,27,2400,8672,1063,8038,VISp,"10-ms optical pulse (473 nm, Ai32)",11.852,5.556,2.517,1.099,0.044,"1.0, 2.5, 4.0 mW calibrated",3,5,0.2431,0,0
721123822,707296982,760213145,950908507,VISp,45,14.815,11.111,0.703,2.274,1.214,1.892,0.089,0.156,0.932,0.536,0.56244,-0.075,2.7778,"{""1.0"": {""evoked_rate_hz"": 8.33, ""baseline_rate_hz"": 17.78, ""reliability"": 0.067, ""modulation_ratio"": 0.44, ""median_latency_ms"": 3.13}, ""2.5"": {""evoked_rate_hz"": 8.33, ""baseline_rate_hz"": 13.33, ""reliability"": 0.067, ""modulation_ratio"": 0.58, ""median_latency_ms"": 1.42}, ""4.0"": {""evoked_rate_hz"": 16.67, ""baseline_rate_hz"": 13.33, ""reliability"": 0.133, ""modulation_ratio"": 1.16, ""median_latency_ms"": 2.25}}",False,-0.399,not light responsive,0.911,Not statistically significant (p=0.5624 >= 0.05); No positive modulation (mod_ratio=0.70 <= 1.0),0.2701,0.3208,0.148,0.089,0.0,0.946,0.6153,1.0,2.0402,0.13,low evidence (non-responsive),850245993,1.73378855865572,0.0253292667924671,56.015394732032,0.99,0.0424936828460609,2.30730468050431,0.858,0.0290693521891294,good,59,2400,8668,1074,8037,VISp,"10-ms optical pulse (473 nm, Ai32)",14.815,11.111,2.274,1.214,0.089,"1.0, 2.5, 4.0 mW calibrated",5,7,0.3208,0,0
721123822,707296982,760213145,950908504,VISp,45,16.296,13.889,0.803,2.811,2.993,3.004,0.111,0.133,0.909,0.722,0.72328,-0.045,-5.5556,"{""1.0"": {""evoked_rate_hz"": 25.0, ""baseline_rate_hz"": 4.44, ""reliability"": 0.2, ""modulation_ratio"": 4.59, ""median_latency_ms"": 2.81}, ""2.5"": {""evoked_rate_hz"": 8.33, ""baseline_rate_hz"": 22.22, ""reliability"": 0.067, ""modulation_ratio"": 0.36, ""median_latency_ms"": 2.48}, ""4.0"": {""evoked_rate_hz"": 8.33, ""baseline_rate_hz"": 22.22, ""reliability"": 0.067, ""modulation_ratio"": 0.36, ""median_latency_ms"": 5.48}}",False,-0.991,not light responsive,0.889,Not statistically significant (p=0.7233 >= 0.05); No positive modulation (mod_ratio=0.80 <= 1.0),0.238,0.5327,0.1348,0.111,0.0,0.9305,0.302,1.0,1.891,0.1509,low evidence (non-responsive),850245993,3.03458960749944,0.0,35.1142990452854,0.99,0.0003225787837921,2.41305611574762,0.896336014298481,0.0017658668328659,good,59,2400,8668,1074,8037,VISp,"10-ms optical pulse (473 nm, Ai32)",16.296,13.889,2.811,2.993,0.111,"1.0, 2.5, 4.0 mW calibrated",6,7,0.5327,0,0
721123822,707296982,760213145,950908525,VISp,45,11.852,5.556,0.432,4.429,3.384,2.393,0.044,0.067,0.977,0.764,0.16683,-0.19,0.0,"{""1.0"": {""evoked_rate_hz"": 8.33, ""baseline_rate_hz"": 4.44, ""reliability"": 0.067, ""modulation_ratio"": 1.53, ""median_latency_ms"": 6.82}, ""2.5"": {""evoked_rate_hz"": 0.0, ""baseline_rate_hz"": 13.33, ""reliability"": 0.0, ""modulation_ratio"": 0.0, ""median_latency_ms"": null}, ""4.0"": {""evoked_rate_hz"": 8.33, ""baseline_rate_hz"": 17.78, ""reliability"": 0.067, ""modulation_ratio"": 0.44, ""median_latency_ms"": 2.04}}",False,1.0,not light responsive,0.95,Not statistically significant (p=0.1668 >= 0.05); No positive modulation (mod_ratio=0.43 <= 1.0); Very low reliability (0.04 < 0.05),0.2335,0.3726,0.2275,0.044,0.0,0.8564,0.2583,1.0,1.8535,0.1567,low evidence (non-responsive),850245999,1.47933265886041,0.0226086261034096,36.0569607822561,0.99,0.0009172853072994,1.4820931473657,0.754666666666667,0.0254232289270336,good,11,2420,8680,1041,8039,VISp,"10-ms optical pulse (473 nm, Ai32)",11.852,5.556,4.429,3.384,0.044,"1.0, 2.5, 4.0 mW calibrated",3,5,0.3726,0,0
721123822,707296982,760213145,950908518,VISp,45,10.37,8.333,0.733,2.59,0.667,0.63,0.067,0.089,0.955,0.234,0.64436,-0.048,-2.7778,"{""1.0"": {""evoked_rate_hz"": 8.33, ""baseline_rate_hz"": 4.44, ""reliability"": 0.067, ""modulation_ratio"": 1.53, ""median_latency_ms"": 2.34}, ""2.5"": {""evoked_rate_hz"": 16.67, ""baseline_rate_hz"": 22.22, ""reliability"": 0.133, ""modulation_ratio"": 0.72, ""median_latency_ms"": 3.1}, ""4.0"": {""evoked_rate_hz"": 0.0, ""baseline_rate_hz"": 4.44, ""reliability"": 0.0, ""modulation_ratio"": 0.0, ""median_latency_ms"": null}}",False,0.5,not light responsive,0.933,Not statistically significant (p=0.6444 >= 0.05); No positive modulation (mod_ratio=0.73 <= 1.0),0.2762,0.205,0.1407,0.067,0.0,0.9373,0.7658,1.0,2.0461,0.1292,low evidence (non-responsive),850245999,2.13800388374834,0.0102847876582255,38.1476068890532,0.99,2.75188347000853e-05,1.59274939386449,0.854,0.0120514927417146,good,11,2420,8680,1041,8039,VISp,"10-ms optical pulse (473 nm, Ai32)",10.37,8.333,2.59,0.667,0.067,"1.0, 2.5, 4.0 mW calibrated",4,5,0.205,0,0
721123822,707296982,760213145,950908547,VISp,45,17.778,66.667,3.55,5.964,1.699,2.946,0.511,0.111,0.562,0.298,0.001,0.72,22.2222,"{""1.0"": {""evoked_rate_hz"": 25.0, ""baseline_rate_hz"": 17.78, ""reliability"": 0.2, ""modulation_ratio"": 1.33, ""median_latency_ms"": 5.96}, ""2.5"": {""evoked_rate_hz"": 83.33, ""baseline_rate_hz"": 8.89, ""reliability"": 0.667, ""modulation_ratio"": 8.43, ""median_latency_ms"": 5.23}, ""4.0"": {""evoked_rate_hz"": 91.67, ""baseline_rate_hz"": 26.67, ""reliability"": 0.667, ""modulation_ratio"": 3.31, ""median_latency_ms"": 6.5}}",False,-0.998,putatively directly optotagged,0.718,Passes direct criteria: mod=3.55>2.0; rel=0.51>=0.3; lat=5.96<8.0ms; p=0.0010<0.05,0.6525,0.4474,0.7311,0.511,0.723,0.7346,0.5068,1.0,1.4344,0.2383,high evidence (direct-like),850246003,1.76794881909827,0.0038037448297328,32.5758511842033,0.99,0.0004659615868719,2.79530723372517,0.878666666666667,0.0029196566765161,good,27,2440,8687,1018,8039,VISp,"10-ms optical pulse (473 nm, Ai32)",17.778,66.667,5.964,1.699,0.511,"1.0, 2.5, 4.0 mW calibrated",30,8,0.4474,1,2
721123822,707296982,760213145,950908544,VISp,45,16.296,5.556,0.321,1.603,0.454,0.321,0.044,0.133,0.977,0.283,0.06394,-0.26,2.7778,"{""1.0"": {""evoked_rate_hz"": 0.0, ""baseline_rate_hz"": 17.78, ""reliability"": 0.0, ""modulation_ratio"": 0.0, ""median_latency_ms"": null}, ""2.5"": {""evoked_rate_hz"": 8.33, ""baseline_rate_hz"": 4.44, ""reliability"": 0.067, ""modulation_ratio"": 1.53, ""median_latency_ms"": 1.92}, ""4.0"": {""evoked_rate_hz"": 8.33, ""baseline_rate_hz"": 26.67, ""reliability"": 0.067, ""modulation_ratio"": 0.3, ""median_latency_ms"": 1.28}}",False,0.667,not light responsive,0.95,Not statistically significant (p=0.0639 >= 0.05); No positive modulation (mod_ratio=0.32 <= 1.0); Very low reliability (0.04 < 0.05),0.3311,0.1826,0.3088,0.044,0.0,0.9608,0.8339,1.0,2.2795,0.1023,low evidence (non-responsive),850246003,3.20665893906102,0.0040404430902927,44.8922631877238,0.99,0.0004178962558511,2.28681611178932,0.89004329004329,0.0037788178193794,good,27,2440,8687,1018,8039,VISp,"10-ms optical pulse (473 nm, Ai32)",16.296,5.556,1.603,0.454,0.044,"1.0, 2.5, 4.0 mW calibrated",3,7,0.1826,0,0
721123822,707296982,760213145,950908583,VISp,45,1.481,0.0,0.0,,,,0.0,0.0,0.0,,1.0,-0.149,0.0,"{""1.0"": {""evoked_rate_hz"": 0.0, ""baseline_rate_hz"": 0.0, ""reliability"": 0.0, ""modulation_ratio"": 0.0, ""median_latency_ms"": null}, ""2.5"": {""evoked_rate_hz"": 0.0, ""baseline_rate_hz"": 0.0, ""reliability"": 0.0, ""modulation_ratio"": 0.0, ""median_latency_ms"": null}, ""4.0"": {""evoked_rate_hz"": 0.0, ""baseline_rate_hz"": 4.44, ""reliability"": 0.0, ""modulation_ratio"": 0.0, ""median_latency_ms"": null}}",False,-443.444,not light responsive,0.95,Not statistically significant (p=1.0000 >= 0.05); No positive modulation (mod_ratio=0.00 <= 1.0); Very low reliability (0.00 < 0.05),0.0376,0.144,0.1192,0.0,0.0,0.0002,0.0183,1.0,4.6165,0.0099,low evidence (non-responsive),850246007,1.10692908569445,0.115863493227783,47.7093631177692,0.98,0.0318558097633048,2.58884352487729,0.860860860860861,0.0049653460225509,good,11,2460,8695,996,8040,VISp,"10-ms optical pulse (473 nm, Ai32)",1.481,0.0,,,0.0,"1.0, 2.5, 4.0 mW calibrated",0,1,0.144,0,0
721123822,707296982,760213145,950908555,VISp,45,14.815,2.778,0.176,2.881,0.0,0.0,0.022,0.089,1.0,0.0,0.02298,-0.345,-2.7778,"{""1.0"": {""evoked_rate_hz"": 8.33, ""baseline_rate_hz"": 13.33, ""reliability"": 0.067, ""modulation_ratio"": 0.58, ""median_latency_ms"": 2.88}, ""2.5"": {""evoked_rate_hz"": 0.0, ""baseline_rate_hz"": 26.67, ""reliability"": 0.0, ""modulation_ratio"": 0.0, ""median_latency_ms"": null}, ""4.0"": {""evoked_rate_hz"": 0.0, ""baseline_rate_hz"": 4.44, ""reliability"": 0.0, ""modulation_ratio"": 0.0, ""median_latency_ms"": null}}",False,0.002,not light responsive,0.95,Not statistically significant (p=0.0230 >= 0.05); No positive modulation (mod_ratio=0.18 <= 1.0); Very low reliability (0.02 < 0.05),0.3679,0.0689,0.4106,0.022,0.0,0.9282,1.0,1.0,2.1377,0.1179,intermediate evidence (uncertain / borderline),850246007,1.83689109237851,0.0722033342023719,39.2295775291062,0.99,0.0181303987744279,2.01527513571796,0.84716459197787,0.0092456398403025,good,11,2460,8695,996,8040,VISp,"10-ms optical pulse (473 nm, Ai32)",14.815,2.778,2.881,0.0,0.022,"1.0, 2.5, 4.0 mW calibrated",1,7,0.0689,0,0
721123822,707296982,760213145,950908551,VISp,45,13.333,8.333,0.581,4.654,2.38,2.371,0.067,0.111,0.955,0.487,0.39361,-0.113,-5.5556,"{""1.0"": {""evoked_rate_hz"": 16.67, ""baseline_rate_hz"": 17.78, ""reliability"": 0.133, ""modulation_ratio"": 0.89, ""median_latency_ms"": 6.01}, ""2.5"": {""evoked_rate_hz"": 8.33, ""baseline_rate_hz"": 13.33, ""reliability"": 0.067, ""modulation_ratio"": 0.58, ""median_latency_ms"": 2.63}, ""4.0"": {""evoked_rate_hz"": 0.0, ""baseline_rate_hz"": 8.89, ""reliability"": 0.0, ""modulation_ratio"": 0.0, ""median_latency_ms"": null}}",False,-0.996,not light responsive,0.933,Not statistically significant (p=0.3936 >= 0.05); No positive modulation (mod_ratio=0.58 <= 1.0),0.2322,0.3117,0.1687,0.067,0.0,0.842,0.386,1.0,1.7484,0.174,low evidence (non-responsive),850246005,1.40844003519086,0.049191801104674,41.3898257372027,0.99,0.0264171243156536,1.59402441379471,0.841333333333333,0.021238752877171,good,43,2460,8691,1007,8040,VISp,"10-ms optical pulse (473 nm, Ai32)",13.333,8.333,4.654,2.38,0.067,"1.0, 2.5, 4.0 mW calibrated",4,6,0.3117,0,0
721123822,707296982,760213145,950908591,VISp,45,1.481,11.111,4.478,5.078,1.228,1.982,0.089,0.022,0.932,0.243,0.13387,0.255,5.5556,"{""1.0"": {""evoked_rate_hz"": 0.0, ""baseline_rate_hz"": 0.0, ""reliability"": 0.0, ""modulation_ratio"": 0.0, ""median_latency_ms"": null}, ""2.5"": {""evoked_rate_hz"": 16.67, ""baseline_rate_hz"": 0.0, ""reliability"": 0.133, ""modulation_ratio"": 16.67, ""median_latency_ms"": 5.19}, ""4.0"": {""evoked_rate_hz"": 16.67, ""baseline_rate_hz"": 4.44, ""reliability"": 0.133, ""modulation_ratio"": 3.06, ""median_latency_ms"": 4.93}}",False,1.0,not light responsive,0.911,Not statistically significant (p=0.1339 >= 0.05),0.4374,0.2373,0.2448,0.089,0.7937,0.8117,0.6119,1.0,1.7317,0.177,intermediate evidence (uncertain / borderline),850246015,1.41374977166327,0.0223594720984705,47.3683303642888,0.99,0.0001769674407006,1.98391395599226,0.887333333333333,0.0359960552268245,good,11,2500,8710,952,8042,VISp,"10-ms optical pulse (473 nm, Ai32)",1.481,11.111,5.078,1.228,0.089,"1.0, 2.5, 4.0 mW calibrated",5,1,0.2373,0,0
721123822,707296982,760213145,950908621,VISp,45,7.407,0.0,0.0,,,,0.0,0.111,0.0,,0.06593,-0.35,0.0,"{""1.0"": {""evoked_rate_hz"": 0.0, ""baseline_rate_hz"": 13.33, ""reliability"": 0.0, ""modulation_ratio"": 0.0, ""median_latency_ms"": null}, ""2.5"": {""evoked_rate_hz"": 0.0, ""baseline_rate_hz"": 4.44, ""reliability"": 0.0, ""modulation_ratio"": 0.0, ""median_latency_ms"": null}, ""4.0"": {""evoked_rate_hz"": 0.0, ""baseline_rate_hz"": 4.44, ""reliability"": 0.0, ""modulation_ratio"": 0.0, ""median_latency_ms"": null}}",False,-665.667,not light responsive,0.95,Not statistically significant (p=0.0659 >= 0.05); No positive modulation (mod_ratio=0.00 <= 1.0); Very low reliability (0.00 < 0.05),0.0936,0.144,0.306,0.0,0.0,0.0002,0.0183,1.0,4.6165,0.0099,low evidence (non-responsive),850246025,1.22192734186478,0.0424474787222417,67.385632099123,0.99,0.0240022128843487,2.58179906009331,0.929333333333333,0.0411845215876571,good,59,2560,8733,886,8044,VISp,"10-ms optical pulse (473 nm, Ai32)",7.407,0.0,,,0.0,"1.0, 2.5, 4.0 mW calibrated",0,3,0.144,0,0
721123822,707296982,760213145,950908657,VISp,45,8.889,0.0,0.0,,,,0.0,0.044,0.0,,0.07892,-0.33,0.0,"{""1.0"": {""evoked_rate_hz"": 0.0, ""baseline_rate_hz"": 4.44, ""reliability"": 0.0, ""modulation_ratio"": 0.0, ""median_latency_ms"": null}, ""2.5"": {""evoked_rate_hz"": 0.0, ""baseline_rate_hz"": 13.33, ""reliability"": 0.0, ""modulation_ratio"": 0.0, ""median_latency_ms"": null}, ""4.0"": {""evoked_rate_hz"": 0.0, ""baseline_rate_hz"": 8.89, ""reliability"": 0.0, ""modulation_ratio"": 0.0, ""median_latency_ms"": null}}",False,0.501,not light responsive,0.95,Not statistically significant (p=0.0789 >= 0.05); No positive modulation (mod_ratio=0.00 <= 1.0); Very low reliability (0.00 < 0.05),0.0888,0.144,0.2896,0.0,0.0,0.0002,0.0183,1.0,4.6165,0.0099,low evidence (non-responsive),850246039,1.32666210183326,0.4385766306188,36.6780321429237,0.99,0.0974271505382783,1.88392405658797,0.561333333333333,0.0361646884272997,good,11,2620,8760,810,8047,VISp,"10-ms optical pulse (473 nm, Ai32)",8.889,0.0,,,0.0,"1.0, 2.5, 4.0 mW calibrated",0,4,0.144,0,0
721123822,707296982,760213145,950908653,VISp,45,0.0,0.0,0.0,,,,0.0,0.0,0.0,,1.0,0.0,0.0,"{""1.0"": {""evoked_rate_hz"": 0.0, ""baseline_rate_hz"": 0.0, ""reliability"": 0.0, ""modulation_ratio"": 0.0, ""median_latency_ms"": null}, ""2.5"": {""evoked_rate_hz"": 0.0, ""baseline_rate_hz"": 0.0, ""reliability"": 0.0, ""modulation_ratio"": 0.0, ""median_latency_ms"": null}, ""4.0"": {""evoked_rate_hz"": 0.0, ""baseline_rate_hz"": 0.0, ""reliability"": 0.0, ""modulation_ratio"": 0.0, ""median_latency_ms"": null}}",False,1.0,insufficient evidence,0.0,Insufficient trial count (<10) or zero spikes recorded,0.0376,0.144,0.1192,0.0,0.0,0.0002,0.0183,1.0,4.6165,0.0099,insufficient evidence,850246039,2.5689422386782,0.216331611320782,42.0185440071519,0.99,0.061986797002315,2.44063683672981,0.828,0.0062608859388975,good,11,2620,8760,810,8047,VISp,"10-ms optical pulse (473 nm, Ai32)",0.0,0.0,,,0.0,"1.0, 2.5, 4.0 mW calibrated",0,0,0.144,0,-1
721123822,707296982,760213147,950908977,LGv,45,0.0,0.0,0.0,,,,0.0,0.0,0.0,,1.0,0.0,0.0,"{""1.0"": {""evoked_rate_hz"": 0.0, ""baseline_rate_hz"": 0.0, ""reliability"": 0.0, ""modulation_ratio"": 0.0, ""median_latency_ms"": null}, ""2.5"": {""evoked_rate_hz"": 0.0, ""baseline_rate_hz"": 0.0, ""reliability"": 0.0, ""modulation_ratio"": 0.0, ""median_latency_ms"": null}, ""4.0"": {""evoked_rate_hz"": 0.0, ""baseline_rate_hz"": 0.0, ""reliability"": 0.0, ""modulation_ratio"": 0.0, ""median_latency_ms"": null}}",False,0.501,insufficient evidence,0.0,Insufficient trial count (<10) or zero spikes recorded,0.0376,0.144,0.1192,0.0,0.0,0.0002,0.0183,1.0,4.6165,0.0099,insufficient evidence,850246353,1.75918205431005,0.0275785894008505,67.0858545482418,0.99,0.0471222161797991,3.58533624972127,0.896,0.0143254222792388,good,59,360,7728,3876,8420,LGv,"10-ms optical pulse (473 nm, Ai32)",0.0,0.0,,,0.0,"1.0, 2.5, 4.0 mW calibrated",0,0,0.144,0,-1
721123822,707296982,760213147,950909020,LGv,45,32.593,38.889,1.158,6.348,2.41,4.52,0.311,0.311,0.705,0.418,0.47752,0.098,11.1111,"{""1.0"": {""evoked_rate_hz"": 16.67, ""baseline_rate_hz"": 31.11, ""reliability"": 0.133, ""modulation_ratio"": 0.52, ""median_latency_ms"": 5.71}, ""2.5"": {""evoked_rate_hz"": 50.0, ""baseline_rate_hz"": 26.67, ""reliability"": 0.4, ""modulation_ratio"": 1.81, ""median_latency_ms"": 5.18}, ""4.0"": {""evoked_rate_hz"": 50.0, ""baseline_rate_hz"": 40.0, ""reliability"": 0.4, ""modulation_ratio"": 1.22, ""median_latency_ms"": 6.65}}",False,0.177,not light responsive,0.689,Not statistically significant (p=0.4775 >= 0.05),0.2885,0.5133,0.1572,0.311,0.1054,0.6955,0.3814,1.0,0.8917,0.41,low evidence (non-responsive),850246359,4.02553555013906,0.009962077543007,109.890693618213,0.99,0.0012034519952541,7.39613967046809,0.994666666666667,0.0003288932741325,good,11,380,7742,3839,8437,LGv,"10-ms optical pulse (473 nm, Ai32)",32.593,38.889,6.348,2.41,0.311,"1.0, 2.5, 4.0 mW calibrated",18,15,0.5133,0,0
721123822,707296982,760213147,950909024,LGv,45,0.0,0.0,0.0,,,,0.0,0.0,0.0,,1.0,0.0,0.0,"{""1.0"": {""evoked_rate_hz"": 0.0, ""baseline_rate_hz"": 0.0, ""reliability"": 0.0, ""modulation_ratio"": 0.0, ""median_latency_ms"": null}, ""2.5"": {""evoked_rate_hz"": 0.0, ""baseline_rate_hz"": 0.0, ""reliability"": 0.0, ""modulation_ratio"": 0.0, ""median_latency_ms"": null}, ""4.0"": {""evoked_rate_hz"": 0.0, ""baseline_rate_hz"": 0.0, ""reliability"": 0.0, ""modulation_ratio"": 0.0, ""median_latency_ms"": null}}",False,1.0,insufficient evidence,0.0,Insufficient trial count (<10) or zero spikes recorded,0.0376,0.144,0.1192,0.0,0.0,0.0002,0.0183,1.0,4.6165,0.0099,insufficient evidence,850246361,5.37570235649971,0.211841664070312,55.6734622116396,0.99,0.0022036101449148,5.8094529287523,0.977324263038549,0.0001691532189857,good,59,400,7746,3830,8441,LGv,"10-ms optical pulse (473 nm, Ai32)",0.0,0.0,,,0.0,"1.0, 2.5, 4.0 mW calibrated",0,0,0.144,0,-1
721123822,707296982,760213147,950909049,LGv,45,20.741,13.889,0.639,4.02,2.213,1.824,0.111,0.111,0.909,0.562,0.39061,-0.13,0.0,"{""1.0"": {""evoked_rate_hz"": 8.33, ""baseline_rate_hz"": 22.22, ""reliability"": 0.067, ""modulation_ratio"": 0.36, ""median_latency_ms"": 4.02}, ""2.5"": {""evoked_rate_hz"": 25.0, ""baseline_rate_hz"": 22.22, ""reliability"": 0.2, ""modulation_ratio"": 1.08, ""median_latency_ms"": 2.24}, ""4.0"": {""evoked_rate_hz"": 8.33, ""baseline_rate_hz"": 17.78, ""reliability"": 0.067, ""modulation_ratio"": 0.44, ""median_latency_ms"": 7.47}}",False,0.501,not light responsive,0.889,Not statistically significant (p=0.3906 >= 0.05); No positive modulation (mod_ratio=0.64 <= 1.0),0.2517,0.3656,0.1691,0.111,0.0,0.8797,0.4126,1.0,1.698,0.1831,low evidence (non-responsive),850246367,3.12968342603757,0.0419818314218312,79.8329418962351,0.99,0.0012011404285638,5.40644356387207,0.994,0.0014980187493959,good,11,420,7756,3803,8453,LGv,"10-ms optical pulse (473 nm, Ai32)",20.741,13.889,4.02,2.213,0.111,"1.0, 2.5, 4.0 mW calibrated",6,9,0.3656,0,0
721123822,707296982,760213147,950909636,LGv,45,7.407,2.778,0.33,1.293,0.0,0.0,0.022,0.022,1.0,0.0,0.13187,-0.216,2.7778,"{""1.0"": {""evoked_rate_hz"": 0.0, ""baseline_rate_hz"": 4.44, ""reliability"": 0.0, ""modulation_ratio"": 0.0, ""median_latency_ms"": null}, ""2.5"": {""evoked_rate_hz"": 0.0, ""baseline_rate_hz"": 8.89, ""reliability"": 0.0, ""modulation_ratio"": 0.0, ""median_latency_ms"": null}, ""4.0"": {""evoked_rate_hz"": 8.33, ""baseline_rate_hz"": 8.89, ""reliability"": 0.067, ""modulation_ratio"": 0.84, ""median_latency_ms"": 1.29}}",False,0.004,not light responsive,0.95,Not statistically significant (p=0.1319 >= 0.05); No positive modulation (mod_ratio=0.33 <= 1.0); Very low reliability (0.02 < 0.05),0.3242,0.0581,0.246,0.022,0.0,0.9662,1.0,1.0,2.3966,0.091,low evidence (non-responsive),850246369,2.48288848433667,0.279475662558726,71.8172480452041,0.99,0.0011839175442216,5.80242771033659,0.987878787878788,0.0009100101112234,good,59,440,7760,3793,8458,LGv,"10-ms optical pulse (473 nm, Ai32)",7.407,2.778,1.293,0.0,0.022,"1.0, 2.5, 4.0 mW calibrated",1,3,0.0581,0,0
721123822,707296982,760213147,950909070,LGv,45,47.407,44.444,0.918,4.295,2.354,4.013,0.333,0.378,0.787,0.48,0.82118,-0.039,5.5556,"{""1.0"": {""evoked_rate_hz"": 41.67, ""baseline_rate_hz"": 53.33, ""reliability"": 0.333, ""modulation_ratio"": 0.77, ""median_latency_ms"": 7.08}, ""2.5"": {""evoked_rate_hz"": 33.33, ""baseline_rate_hz"": 53.33, ""reliability"": 0.267, ""modulation_ratio"": 0.61, ""median_latency_ms"": 5.05}, ""4.0"": {""evoked_rate_hz"": 58.33, ""baseline_rate_hz"": 35.56, ""reliability"": 0.4, ""modulation_ratio"": 1.6, ""median_latency_ms"": 3.06}}",False,-0.142,not light responsive,0.667,Not statistically significant (p=0.8212 >= 0.05); No positive modulation (mod_ratio=0.92 <= 1.0),0.2905,0.5175,0.1285,0.333,0.0,0.8644,0.39,1.0,1.373,0.2533,low evidence (non-responsive),850246373,5.12093490550621,0.0004322303579713,158.292565112217,0.99,1.60733570298083e-05,9.98319052389838,1.0,0.0006142506142506,good,43,460,7767,3775,8466,LGv,"10-ms optical pulse (473 nm, Ai32)",47.407,44.444,4.295,2.354,0.333,"1.0, 2.5, 4.0 mW calibrated",20,21,0.5175,0,0
721123822,707296982,760213147,950909077,LGv,45,8.889,8.333,0.843,3.987,2.786,2.713,0.067,0.089,0.955,0.591,0.81718,-0.015,-5.5556,"{""1.0"": {""evoked_rate_hz"": 16.67, ""baseline_rate_hz"": 8.89, ""reliability"": 0.133, ""modulation_ratio"": 1.69, ""median_latency_ms"": 3.18}, ""2.5"": {""evoked_rate_hz"": 8.33, ""baseline_rate_hz"": 8.89, ""reliability"": 0.067, ""modulation_ratio"": 0.84, ""median_latency_ms"": 7.79}, ""4.0"": {""evoked_rate_hz"": 0.0, ""baseline_rate_hz"": 8.89, ""reliability"": 0.0, ""modulation_ratio"": 0.0, ""median_latency_ms"": null}}",False,1.0,not light responsive,0.933,Not statistically significant (p=0.8172 >= 0.05); No positive modulation (mod_ratio=0.84 <= 1.0),0.2204,0.3716,0.1287,0.067,0.0,0.8815,0.3281,1.0,1.834,0.1598,low evidence (non-responsive),850246377,1.98120207358676,0.0602327783996517,85.1490216730151,0.99,0.0708332427501572,3.71607963978742,0.991333333333333,0.0013013963631247,good,59,480,7775,3757,8475,LGv,"10-ms optical pulse (473 nm, Ai32)",8.889,8.333,3.987,2.786,0.067,"1.0, 2.5, 4.0 mW calibrated",4,4,0.3716,0,0
721123822,707296982,760213147,950909091,LGv,45,34.074,27.778,0.792,5.458,2.29,3.636,0.178,0.178,1.205,0.447,0.63836,-0.082,-11.1111,"{""1.0"": {""evoked_rate_hz"": 50.0, ""baseline_rate_hz"": 26.67, ""reliability"": 0.333, ""modulation_ratio"": 1.81, ""median_latency_ms"": 4.61}, ""2.5"": {""evoked_rate_hz"": 16.67, ""baseline_rate_hz"": 22.22, ""reliability"": 0.067, ""modulation_ratio"": 0.72, ""median_latency_ms"": 1.81}, ""4.0"": {""evoked_rate_hz"": 16.67, ""baseline_rate_hz"": 53.33, ""reliability"": 0.133, ""modulation_ratio"": 0.31, ""median_latency_ms"": 7.16}}",False,0.084,not light responsive,0.822,Not statistically significant (p=0.6384 >= 0.05); No positive modulation (mod_ratio=0.79 <= 1.0),0.244,0.4002,0.1412,0.178,0.0,0.7809,0.4001,1.0,1.3327,0.2638,low evidence (non-responsive),850246383,2.65086901703096,0.0247605532846858,106.806100995974,0.99,0.0507668835217057,3.66032296979769,0.986666666666667,0.0174464710547185,good,11,500,7785,3730,8487,LGv,"10-ms optical pulse (473 nm, Ai32)",34.074,27.778,5.458,2.29,0.178,"1.0, 2.5, 4.0 mW calibrated",13,15,0.4002,0,0
721123822,707296982,760213147,950909574,LGv,45,2.963,5.556,1.402,3.131,0.804,0.568,0.044,0.044,0.977,0.257,0.73726,0.086,0.0,"{""1.0"": {""evoked_rate_hz"": 8.33, ""baseline_rate_hz"": 4.44, ""reliability"": 0.067, ""modulation_ratio"": 1.53, ""median_latency_ms"": 3.7}, ""2.5"": {""evoked_rate_hz"": 0.0, ""baseline_rate_hz"": 4.44, ""reliability"": 0.0, ""modulation_ratio"": 0.0, ""median_latency_ms"": null}, ""4.0"": {""evoked_rate_hz"": 8.33, ""baseline_rate_hz"": 0.0, ""reliability"": 0.067, ""modulation_ratio"": 8.33, ""median_latency_ms"": 2.56}}",False,0.667,not light responsive,0.95,Not statistically significant (p=0.7373 >= 0.05); Very low reliability (0.04 < 0.05),0.3094,0.1959,0.1338,0.044,0.239,0.9194,0.725,1.0,1.8392,0.1589,low evidence (non-responsive),850246381,3.35937275684572,0.114323675922469,89.63963862124,0.99,0.0001285583728965,8.43235170389182,0.96264367816092,0.0012140833670578,good,43,500,7782,3739,8483,LGv,"10-ms optical pulse (473 nm, Ai32)",2.963,5.556,3.131,0.804,0.044,"1.0, 2.5, 4.0 mW calibrated",3,1,0.1959,0,0
721123822,707296982,760213147,950909103,LGv,45,0.0,0.0,0.0,,,,0.0,0.0,0.0,,1.0,0.0,0.0,"{""1.0"": {""evoked_rate_hz"": 0.0, ""baseline_rate_hz"": 0.0, ""reliability"": 0.0, ""modulation_ratio"": 0.0, ""median_latency_ms"": null}, ""2.5"": {""evoked_rate_hz"": 0.0, ""baseline_rate_hz"": 0.0, ""reliability"": 0.0, ""modulation_ratio"": 0.0, ""median_latency_ms"": null}, ""4.0"": {""evoked_rate_hz"": 0.0, ""baseline_rate_hz"": 0.0, ""reliability"": 0.0, ""modulation_ratio"": 0.0, ""median_latency_ms"": null}}",False,1.0,insufficient evidence,0.0,Insufficient trial count (<10) or zero spikes recorded,0.0376,0.144,0.1192,0.0,0.0,0.0002,0.0183,1.0,4.6165,0.0099,insufficient evidence,850246387,2.67707616397258,0.415477285987353,65.6688750903511,0.97,0.0074144090548081,6.5632388454599,0.884848484848485,0.0001675884028825,good,27,520,7793,3712,8496,LGv,"10-ms optical pulse (473 nm, Ai32)",0.0,0.0,,,0.0,"1.0, 2.5, 4.0 mW calibrated",0,0,0.144,0,-1
721123822,707296982,760213147,950909121,LGv,45,32.593,13.889,0.413,5.16,3.442,5.794,0.111,0.244,0.909,0.637,0.01898,-0.372,2.7778,"{""1.0"": {""evoked_rate_hz"": 8.33, ""baseline_rate_hz"": 13.33, ""reliability"": 0.067, ""modulation_ratio"": 0.58, ""median_latency_ms"": 1.19}, ""2.5"": {""evoked_rate_hz"": 16.67, ""baseline_rate_hz"": 53.33, ""reliability"": 0.133, ""modulation_ratio"": 0.31, ""median_latency_ms"": 4.06}, ""4.0"": {""evoked_rate_hz"": 16.67, ""baseline_rate_hz"": 31.11, ""reliability"": 0.133, ""modulation_ratio"": 0.52, ""median_latency_ms"": 8.84}}",False,0.182,not light responsive,0.889,Not statistically significant (p=0.0190 >= 0.05); No positive modulation (mod_ratio=0.41 <= 1.0),0.3031,0.4182,0.4309,0.111,0.0,0.8053,0.2524,1.0,1.5483,0.2126,low evidence (non-responsive),850246401,2.12680477636938,0.0152689494341308,213.991352908389,0.99,0.0470188637350559,4.63013887413744,0.99,0.0843060959792477,good,59,600,7821,3641,8530,LGv,"10-ms optical pulse (473 nm, Ai32)",32.593,13.889,5.16,3.442,0.111,"1.0, 2.5, 4.0 mW calibrated",6,15,0.4182,0,0
721123822,707296982,760213147,950909583,CA3,45,17.778,16.667,0.888,5.376,1.904,2.079,0.133,0.133,0.886,0.332,0.86513,-0.019,8.3333,"{""1.0"": {""evoked_rate_hz"": 8.33, ""baseline_rate_hz"": 17.78, ""reliability"": 0.067, ""modulation_ratio"": 0.44, ""median_latency_ms"": 7.5}, ""2.5"": {""evoked_rate_hz"": 8.33, ""baseline_rate_hz"": 22.22, ""reliability"": 0.067, ""modulation_ratio"": 0.36, ""median_latency_ms"": 8.29}, ""4.0"": {""evoked_rate_hz"": 33.33, ""baseline_rate_hz"": 13.33, ""reliability"": 0.267, ""modulation_ratio"": 2.33, ""median_latency_ms"": 5.02}}",False,0.6,not light responsive,0.867,Not statistically significant (p=0.8651 >= 0.05); No positive modulation (mod_ratio=0.89 <= 1.0),0.2359,0.3335,0.126,0.133,0.0,0.7878,0.4669,1.0,1.4586,0.2326,low evidence (non-responsive),850246449,2.28761854498028,0.0060975397412108,59.7689198604302,0.99,0.032153487469174,5.26101899396805,0.929333333333333,0.0057113187954309,good,59,840,7927,3370,8666,CA3,"10-ms optical pulse (473 nm, Ai32)",17.778,16.667,5.376,1.904,0.133,"1.0, 2.5, 4.0 mW calibrated",8,8,0.3335,0,0
721123822,707296982,760213147,950909164,CA3,45,35.556,13.889,0.38,4.538,2.291,3.599,0.111,0.2,0.909,0.567,0.005,-0.439,0.0,"{""1.0"": {""evoked_rate_hz"": 16.67, ""baseline_rate_hz"": 35.56, ""reliability"": 0.133, ""modulation_ratio"": 0.46, ""median_latency_ms"": 5.08}, ""2.5"": {""evoked_rate_hz"": 8.33, ""baseline_rate_hz"": 22.22, ""reliability"": 0.067, ""modulation_ratio"": 0.36, ""median_latency_ms"": 1.34}, ""4.0"": {""evoked_rate_hz"": 16.67, ""baseline_rate_hz"": 48.89, ""reliability"": 0.133, ""modulation_ratio"": 0.33, ""median_latency_ms"": 4.35}}",False,0.25,not light responsive,0.889,Not statistically significant (p=0.0050 >= 0.05); No positive modulation (mod_ratio=0.38 <= 1.0),0.3676,0.3551,0.5747,0.111,0.0,0.8495,0.4,1.0,1.6255,0.1968,intermediate evidence (uncertain / borderline),850246457,1.94331688644491,0.0835087406431756,56.2904639173543,0.99,0.0120165090237487,3.45925134952874,0.758,0.047100038925652,good,59,880,7944,3325,8687,CA3,"10-ms optical pulse (473 nm, Ai32)",35.556,13.889,4.538,2.291,0.111,"1.0, 2.5, 4.0 mW calibrated",6,16,0.3551,0,0
721123822,707296982,760213147,950909160,CA3,45,8.889,5.556,0.562,1.15,0.212,0.15,0.044,0.044,0.977,0.184,0.37762,-0.11,2.7778,"{""1.0"": {""evoked_rate_hz"": 0.0, ""baseline_rate_hz"": 4.44, ""reliability"": 0.0, ""modulation_ratio"": 0.0, ""median_latency_ms"": null}, ""2.5"": {""evoked_rate_hz"": 8.33, ""baseline_rate_hz"": 4.44, ""reliability"": 0.067, ""modulation_ratio"": 1.53, ""median_latency_ms"": 1.0}, ""4.0"": {""evoked_rate_hz"": 8.33, ""baseline_rate_hz"": 17.78, ""reliability"": 0.067, ""modulation_ratio"": 0.44, ""median_latency_ms"": 1.3}}",False,0.501,not light responsive,0.95,Not statistically significant (p=0.3776 >= 0.05); No positive modulation (mod_ratio=0.56 <= 1.0); Very low reliability (0.04 < 0.05),0.2995,0.1448,0.1712,0.044,0.0,0.9685,0.9187,1.0,2.3603,0.0944,low evidence (non-responsive),850246457,1.97077636484225,0.182136863098467,35.2752563845235,0.99,0.0437528627914582,2.47176922689939,0.296,0.0345896147403685,good,59,880,7944,3325,8687,CA3,"10-ms optical pulse (473 nm, Ai32)",8.889,5.556,1.15,0.212,0.044,"1.0, 2.5, 4.0 mW calibrated",3,4,0.1448,0,0
721123822,707296982,760213147,950909206,CA1,45,0.0,11.111,11.111,5.295,0.77,0.617,0.089,0.0,0.932,0.151,0.11389,0.309,0.0,"{""1.0"": {""evoked_rate_hz"": 8.33, ""baseline_rate_hz"": 0.0, ""reliability"": 0.067, ""modulation_ratio"": 8.33, ""median_latency_ms"": 5.8}, ""2.5"": {""evoked_rate_hz"": 16.67, ""baseline_rate_hz"": 0.0, ""reliability"": 0.133, ""modulation_ratio"": 16.67, ""median_latency_ms"": 4.71}, ""4.0"": {""evoked_rate_hz"": 8.33, ""baseline_rate_hz"": 0.0, ""reliability"": 0.067, ""modulation_ratio"": 8.33, ""median_latency_ms"": 5.18}}",False,0.6,not light responsive,0.911,Not statistically significant (p=0.1139 >= 0.05),0.4803,0.1578,0.258,0.089,0.9399,0.7945,0.7349,1.0,2.7732,0.0625,intermediate evidence (uncertain / borderline),850246591,3.96145015453754,0.141413315414851,44.1432218540574,0.99,0.0091859294123605,3.19572276943737,0.764666666666667,0.0157904180872062,good,11,1540,8227,2650,9010,CA1,"10-ms optical pulse (473 nm, Ai32)",0.0,11.111,5.295,0.77,0.089,"1.0, 2.5, 4.0 mW calibrated",5,0,0.1578,0,0
721123822,707296982,760213147,950909224,CA1,45,2.963,5.556,1.402,3.489,1.63,1.152,0.044,0.022,0.977,0.467,0.72627,0.086,2.7778,"{""1.0"": {""evoked_rate_hz"": 0.0, ""baseline_rate_hz"": 4.44, ""reliability"": 0.0, ""modulation_ratio"": 0.0, ""median_latency_ms"": null}, ""2.5"": {""evoked_rate_hz"": 8.33, ""baseline_rate_hz"": 0.0, ""reliability"": 0.067, ""modulation_ratio"": 8.33, ""median_latency_ms"": 4.64}, ""4.0"": {""evoked_rate_hz"": 8.33, ""baseline_rate_hz"": 4.44, ""reliability"": 0.067, ""modulation_ratio"": 1.53, ""median_latency_ms"": 2.34}}",False,0.572,not light responsive,0.95,Not statistically significant (p=0.7263 >= 0.05); Very low reliability (0.04 < 0.05),0.287,0.2734,0.1346,0.044,0.239,0.9051,0.521,1.0,1.7813,0.1684,low evidence (non-responsive),850246607,2.95681699865949,0.126167288640228,57.8986286510333,0.98,0.0023450004793854,3.96340149647879,0.896666666666667,0.0160923665948792,good,11,1620,8266,2562,9063,CA1,"10-ms optical pulse (473 nm, Ai32)",2.963,5.556,3.489,1.63,0.044,"1.0, 2.5, 4.0 mW calibrated",3,1,0.2734,0,0
721123822,707296982,760213147,950909222,CA1,45,4.444,2.778,0.51,8.011,0.0,0.0,0.022,0.044,1.0,0.0,0.75425,-0.057,-2.7778,"{""1.0"": {""evoked_rate_hz"": 8.33, ""baseline_rate_hz"": 8.89, ""reliability"": 0.067, ""modulation_ratio"": 0.84, ""median_latency_ms"": 8.01}, ""2.5"": {""evoked_rate_hz"": 0.0, ""baseline_rate_hz"": 4.44, ""reliability"": 0.0, ""modulation_ratio"": 0.0, ""median_latency_ms"": null}, ""4.0"": {""evoked_rate_hz"": 0.0, ""baseline_rate_hz"": 0.0, ""reliability"": 0.0, ""modulation_ratio"": 0.0, ""median_latency_ms"": null}}",False,-0.991,not light responsive,0.95,Not statistically significant (p=0.7542 >= 0.05); No positive modulation (mod_ratio=0.51 <= 1.0); Very low reliability (0.02 < 0.05),0.2201,0.0939,0.1327,0.022,0.0,0.4986,1.0,1.0,1.7123,0.1804,low evidence (non-responsive),850246615,2.12435072004967,0.21838908299095,52.8316108117357,0.96,0.0167032165440953,4.86638683474797,0.932069510268562,0.0019141087213753,good,11,1660,8282,2525,9085,CA1,"10-ms optical pulse (473 nm, Ai32)",4.444,2.778,8.011,0.0,0.022,"1.0, 2.5, 4.0 mW calibrated",1,2,0.0939,0,0
721123822,707296982,760213147,950909232,CA1,45,17.778,16.667,0.888,4.877,1.633,1.658,0.133,0.156,0.886,0.376,0.83516,-0.021,5.5556,"{""1.0"": {""evoked_rate_hz"": 8.33, ""baseline_rate_hz"": 26.67, ""reliability"": 0.067, ""modulation_ratio"": 0.3, ""median_latency_ms"": 4.89}, ""2.5"": {""evoked_rate_hz"": 16.67, ""baseline_rate_hz"": 13.33, ""reliability"": 0.133, ""modulation_ratio"": 1.16, ""median_latency_ms"": 3.54}, ""4.0"": {""evoked_rate_hz"": 25.0, ""baseline_rate_hz"": 13.33, ""reliability"": 0.2, ""modulation_ratio"": 1.74, ""median_latency_ms"": 4.87}}",False,-0.199,not light responsive,0.867,Not statistically significant (p=0.8352 >= 0.05); No positive modulation (mod_ratio=0.89 <= 1.0),0.2476,0.3213,0.1277,0.133,0.0,0.8266,0.5204,1.0,1.5188,0.219,low evidence (non-responsive),850246623,3.84514635073354,0.0066793863945556,111.611175470243,0.99,0.004124448129385,3.22432523722378,0.884666666666667,0.10766337564645,good,11,1700,8302,2478,9111,CA1,"10-ms optical pulse (473 nm, Ai32)",17.778,16.667,4.877,1.633,0.133,"1.0, 2.5, 4.0 mW calibrated",8,8,0.3213,0,0
721123822,707296982,760213147,950909230,CA1,45,22.222,19.444,0.837,5.978,2.171,2.895,0.156,0.2,0.864,0.365,0.73327,-0.052,8.3333,"{""1.0"": {""evoked_rate_hz"": 8.33, ""baseline_rate_hz"": 13.33, ""reliability"": 0.067, ""modulation_ratio"": 0.58, ""median_latency_ms"": 7.48}, ""2.5"": {""evoked_rate_hz"": 16.67, ""baseline_rate_hz"": 40.0, ""reliability"": 0.133, ""modulation_ratio"": 0.41, ""median_latency_ms"": 5.71}, ""4.0"": {""evoked_rate_hz"": 33.33, ""baseline_rate_hz"": 13.33, ""reliability"": 0.267, ""modulation_ratio"": 2.33, ""median_latency_ms"": 5.65}}",False,0.167,not light responsive,0.844,Not statistically significant (p=0.7333 >= 0.05); No positive modulation (mod_ratio=0.84 <= 1.0),0.2312,0.3657,0.1341,0.156,0.0,0.7332,0.4196,1.0,1.3319,0.264,low evidence (non-responsive),850246623,3.96511416227454,0.115084535682181,36.7918910360343,0.97,0.0065039745045657,2.29655768505976,0.392666666666667,0.0411116877126218,good,11,1700,8302,2478,9111,CA1,"10-ms optical pulse (473 nm, Ai32)",22.222,19.444,5.978,2.171,0.156,"1.0, 2.5, 4.0 mW calibrated",9,10,0.3657,0,0
721123822,707296982,760213147,950909248,CA1,45,7.407,5.556,0.661,3.449,0.262,0.185,0.044,0.044,0.977,0.076,0.67133,-0.049,0.0,"{""1.0"": {""evoked_rate_hz"": 8.33, ""baseline_rate_hz"": 4.44, ""reliability"": 0.067, ""modulation_ratio"": 1.53, ""median_latency_ms"": 3.63}, ""2.5"": {""evoked_rate_hz"": 0.0, ""baseline_rate_hz"": 4.44, ""reliability"": 0.0, ""modulation_ratio"": 0.0, ""median_latency_ms"": null}, ""4.0"": {""evoked_rate_hz"": 8.33, ""baseline_rate_hz"": 13.33, ""reliability"": 0.067, ""modulation_ratio"": 0.58, ""median_latency_ms"": 3.26}}",False,0.251,not light responsive,0.95,Not statistically significant (p=0.6713 >= 0.05); No positive modulation (mod_ratio=0.66 <= 1.0); Very low reliability (0.04 < 0.05),0.2787,0.1241,0.1386,0.044,0.0,0.9068,0.9005,1.0,1.9831,0.1376,low evidence (non-responsive),850246639,4.60718429597734,0.0,96.4453727039174,0.99,0.0003466459828165,5.89276753102499,0.997333333333333,9.28763815361753e-05,good,11,1780,8340,2390,9157,CA1,"10-ms optical pulse (473 nm, Ai32)",7.407,5.556,3.449,0.262,0.044,"1.0, 2.5, 4.0 mW calibrated",3,3,0.1241,0,0
721123822,707296982,760213147,950909254,CA1,45,22.222,25.0,1.077,5.177,2.4,3.72,0.178,0.067,1.045,0.539,0.75624,0.043,0.0,"{""1.0"": {""evoked_rate_hz"": 16.67, ""baseline_rate_hz"": 26.67, ""reliability"": 0.133, ""modulation_ratio"": 0.6, ""median_latency_ms"": 5.18}, ""2.5"": {""evoked_rate_hz"": 41.67, ""baseline_rate_hz"": 22.22, ""reliability"": 0.267, ""modulation_ratio"": 1.79, ""median_latency_ms"": 1.98}, ""4.0"": {""evoked_rate_hz"": 16.67, ""baseline_rate_hz"": 17.78, ""reliability"": 0.133, ""modulation_ratio"": 0.89, ""median_latency_ms"": 7.04}}",False,-3.66,not light responsive,0.822,Not statistically significant (p=0.7562 >= 0.05),0.2538,0.42,0.1325,0.178,0.0535,0.804,0.3829,1.0,1.2914,0.2749,low evidence (non-responsive),850246655,3.26133404935488,0.0037916270430221,109.856679674779,0.99,0.0006128854492997,6.71195287126921,0.996,0.0001145081873353,good,11,1860,8378,2297,9199,CA1,"10-ms optical pulse (473 nm, Ai32)",22.222,25.0,5.177,2.4,0.178,"1.0, 2.5, 4.0 mW calibrated",11,10,0.42,0,0
721123822,707296982,760213147,950909262,CA1,45,25.185,38.889,1.485,4.768,1.837,2.601,0.289,0.2,0.851,0.427,0.08691,0.254,-5.5556,"{""1.0"": {""evoked_rate_hz"": 50.0, ""baseline_rate_hz"": 17.78, ""reliability"": 0.333, ""modulation_ratio"": 2.66, ""median_latency_ms"": 4.77}, ""2.5"": {""evoked_rate_hz"": 33.33, ""baseline_rate_hz"": 26.67, ""reliability"": 0.267, ""modulation_ratio"": 1.2, ""median_latency_ms"": 3.06}, ""4.0"": {""evoked_rate_hz"": 33.33, ""baseline_rate_hz"": 31.11, ""reliability"": 0.267, ""modulation_ratio"": 1.04, ""median_latency_ms"": 6.33}}",False,0.081,not light responsive,0.711,Not statistically significant (p=0.0869 >= 0.05),0.3852,0.5023,0.2811,0.289,0.2777,0.8342,0.4796,1.0,0.9167,0.3998,intermediate evidence (uncertain / borderline),850246659,2.91492382721746,0.0208721021798943,104.28991851264,0.99,0.0030825122886441,6.97520552694224,0.997333333333333,0.0009132420091324,good,27,1880,8388,2271,9210,CA1,"10-ms optical pulse (473 nm, Ai32)",25.185,38.889,4.768,1.837,0.289,"1.0, 2.5, 4.0 mW calibrated",18,11,0.5023,0,0
721123822,707296982,760213147,950909297,VISl,45,4.444,0.0,0.0,,,,0.0,0.044,0.0,,0.25275,-0.264,0.0,"{""1.0"": {""evoked_rate_hz"": 0.0, ""baseline_rate_hz"": 4.44, ""reliability"": 0.0, ""modulation_ratio"": 0.0, ""median_latency_ms"": null}, ""2.5"": {""evoked_rate_hz"": 0.0, ""baseline_rate_hz"": 4.44, ""reliability"": 0.0, ""modulation_ratio"": 0.0, ""median_latency_ms"": null}, ""4.0"": {""evoked_rate_hz"": 0.0, ""baseline_rate_hz"": 4.44, ""reliability"": 0.0, ""modulation_ratio"": 0.0, ""median_latency_ms"": null}}",False,0.667,not light responsive,0.95,Not statistically significant (p=0.2527 >= 0.05); No positive modulation (mod_ratio=0.00 <= 1.0); Very low reliability (0.00 < 0.05),0.0611,0.144,0.1974,0.0,0.0,0.0002,0.0183,1.0,4.6165,0.0099,low evidence (non-responsive),850246693,1.84460122701733,0.0259753340627974,51.0176799300175,0.99,0.0070549610746726,4.21299530450575,0.903225806451613,0.0009258306758563,good,43,2060,8464,2075,9284,VISl,"10-ms optical pulse (473 nm, Ai32)",4.444,0.0,,,0.0,"1.0, 2.5, 4.0 mW calibrated",0,2,0.144,0,0
721123822,707296982,760213147,950909294,VISl,45,11.852,13.889,1.081,3.656,2.327,3.64,0.111,0.111,0.909,0.548,0.84216,0.042,5.5556,"{""1.0"": {""evoked_rate_hz"": 0.0, ""baseline_rate_hz"": 8.89, ""reliability"": 0.0, ""modulation_ratio"": 0.0, ""median_latency_ms"": null}, ""2.5"": {""evoked_rate_hz"": 25.0, ""baseline_rate_hz"": 13.33, ""reliability"": 0.2, ""modulation_ratio"": 1.74, ""median_latency_ms"": 3.66}, ""4.0"": {""evoked_rate_hz"": 16.67, ""baseline_rate_hz"": 13.33, ""reliability"": 0.133, ""modulation_ratio"": 1.16, ""median_latency_ms"": 4.18}}",False,1.0,not light responsive,0.889,Not statistically significant (p=0.8422 >= 0.05),0.2512,0.3962,0.1273,0.111,0.0561,0.8977,0.3942,1.0,1.6912,0.1843,low evidence (non-responsive),850246693,1.81376777168606,0.0467014185552282,,0.96,0.0392296690548596,,,0.0,good,43,2060,8464,2075,9284,VISl,"10-ms optical pulse (473 nm, Ai32)",11.852,13.889,3.656,2.327,0.111,"1.0, 2.5, 4.0 mW calibrated",6,5,0.3962,0,0
721123822,707296982,760213147,950909307,VISl,45,11.852,13.889,1.081,8.127,3.141,1.622,0.089,0.089,1.318,0.472,0.88212,0.035,2.7778,"{""1.0"": {""evoked_rate_hz"": 8.33, ""baseline_rate_hz"": 4.44, ""reliability"": 0.067, ""modulation_ratio"": 1.53, ""median_latency_ms"": 8.13}, ""2.5"": {""evoked_rate_hz"": 16.67, ""baseline_rate_hz"": 17.78, ""reliability"": 0.133, ""modulation_ratio"": 0.89, ""median_latency_ms"": 8.28}, ""4.0"": {""evoked_rate_hz"": 16.67, ""baseline_rate_hz"": 13.33, ""reliability"": 0.067, ""modulation_ratio"": 1.16, ""median_latency_ms"": 1.95}}",False,1.0,not light responsive,0.911,Not statistically significant (p=0.8821 >= 0.05),0.1721,0.3179,0.125,0.089,0.0561,0.4841,0.2847,1.0,1.3791,0.2518,low evidence (non-responsive),850246701,2.27164300666845,0.0077076362040655,72.3437618402837,0.99,0.0159331899482949,3.53370630592283,0.972666666666667,0.0096470321189422,good,43,2100,8478,2040,9297,VISl,"10-ms optical pulse (473 nm, Ai32)",11.852,13.889,8.127,3.141,0.089,"1.0, 2.5, 4.0 mW calibrated",6,5,0.3179,0,0
721123822,707296982,760213147,950909331,VISl,45,1.481,0.0,0.0,,,,0.0,0.022,0.0,,1.0,-0.149,0.0,"{""1.0"": {""evoked_rate_hz"": 0.0, ""baseline_rate_hz"": 0.0, ""reliability"": 0.0, ""modulation_ratio"": 0.0, ""median_latency_ms"": null}, ""2.5"": {""evoked_rate_hz"": 0.0, ""baseline_rate_hz"": 0.0, ""reliability"": 0.0, ""modulation_ratio"": 0.0, ""median_latency_ms"": null}, ""4.0"": {""evoked_rate_hz"": 0.0, ""baseline_rate_hz"": 4.44, ""reliability"": 0.0, ""modulation_ratio"": 0.0, ""median_latency_ms"": null}}",False,1.0,not light responsive,0.95,Not statistically significant (p=1.0000 >= 0.05); No positive modulation (mod_ratio=0.00 <= 1.0); Very low reliability (0.00 < 0.05),0.0376,0.144,0.1192,0.0,0.0,0.0002,0.0183,1.0,4.6165,0.0099,low evidence (non-responsive),850246721,3.14691836803972,0.0,53.5410517378375,0.98,0.0012518464050692,5.00799969191796,0.924479166666667,0.0008441383036196,good,59,2200,8518,1934,9334,VISl,"10-ms optical pulse (473 nm, Ai32)",1.481,0.0,,,0.0,"1.0, 2.5, 4.0 mW calibrated",0,1,0.144,0,0
721123822,707296982,760213147,950909604,VISl,45,0.0,0.0,0.0,,,,0.0,0.0,0.0,,1.0,0.0,0.0,"{""1.0"": {""evoked_rate_hz"": 0.0, ""baseline_rate_hz"": 0.0, ""reliability"": 0.0, ""modulation_ratio"": 0.0, ""median_latency_ms"": null}, ""2.5"": {""evoked_rate_hz"": 0.0, ""baseline_rate_hz"": 0.0, ""reliability"": 0.0, ""modulation_ratio"": 0.0, ""median_latency_ms"": null}, ""4.0"": {""evoked_rate_hz"": 0.0, ""baseline_rate_hz"": 0.0, ""reliability"": 0.0, ""modulation_ratio"": 0.0, ""median_latency_ms"": null}}",False,1.0,insufficient evidence,0.0,Insufficient trial count (<10) or zero spikes recorded,0.0376,0.144,0.1192,0.0,0.0,0.0002,0.0183,1.0,4.6165,0.0099,insufficient evidence,850246727,3.35394930887471,0.272785954866485,52.7010340355902,0.96,0.0005912621354218,4.15569160549193,0.961240310077519,0.0003682501422784,good,11,2220,8527,1908,9343,VISl,"10-ms optical pulse (473 nm, Ai32)",0.0,0.0,,,0.0,"1.0, 2.5, 4.0 mW calibrated",0,0,0.144,0,-1
721123822,707296982,760213147,950909345,VISl,45,1.481,0.0,0.0,,,,0.0,0.0,0.0,,1.0,-0.149,0.0,"{""1.0"": {""evoked_rate_hz"": 0.0, ""baseline_rate_hz"": 0.0, ""reliability"": 0.0, ""modulation_ratio"": 0.0, ""median_latency_ms"": null}, ""2.5"": {""evoked_rate_hz"": 0.0, ""baseline_rate_hz"": 0.0, ""reliability"": 0.0, ""modulation_ratio"": 0.0, ""median_latency_ms"": null}, ""4.0"": {""evoked_rate_hz"": 0.0, ""baseline_rate_hz"": 4.44, ""reliability"": 0.0, ""modulation_ratio"": 0.0, ""median_latency_ms"": null}}",False,1.0,not light responsive,0.95,Not statistically significant (p=1.0000 >= 0.05); No positive modulation (mod_ratio=0.00 <= 1.0); Very low reliability (0.00 < 0.05),0.0376,0.144,0.1192,0.0,0.0,0.0002,0.0183,1.0,4.6165,0.0099,low evidence (non-responsive),850246725,1.8061865246829,0.0528876536117435,50.9720803487478,0.98,0.0321204362189237,3.54847751286843,0.964102564102564,0.0002026342451874,good,43,2220,8524,1917,9340,VISl,"10-ms optical pulse (473 nm, Ai32)",1.481,0.0,,,0.0,"1.0, 2.5, 4.0 mW calibrated",0,1,0.144,0,0
721123822,707296982,760213147,950909343,VISl,45,7.407,11.111,1.322,6.583,1.206,1.373,0.089,0.111,0.932,0.187,0.61339,0.095,-5.5556,"{""1.0"": {""evoked_rate_hz"": 16.67, ""baseline_rate_hz"": 8.89, ""reliability"": 0.133, ""modulation_ratio"": 1.69, ""median_latency_ms"": 7.39}, ""2.5"": {""evoked_rate_hz"": 16.67, ""baseline_rate_hz"": 8.89, ""reliability"": 0.133, ""modulation_ratio"": 1.69, ""median_latency_ms"": 5.54}, ""4.0"": {""evoked_rate_hz"": 0.0, ""baseline_rate_hz"": 4.44, ""reliability"": 0.0, ""modulation_ratio"": 0.0, ""median_latency_ms"": null}}",False,-1.993,not light responsive,0.911,Not statistically significant (p=0.6134 >= 0.05),0.2672,0.2591,0.1434,0.089,0.1987,0.6701,0.6173,1.0,1.263,0.2828,low evidence (non-responsive),850246725,3.2763388267706,0.0008200198060307,121.588082798425,0.99,0.000247136905672,6.3625067922958,0.997333333333333,0.0005213764337851,good,43,2220,8524,1917,9340,VISl,"10-ms optical pulse (473 nm, Ai32)",7.407,11.111,6.583,1.206,0.089,"1.0, 2.5, 4.0 mW calibrated",5,3,0.2591,0,0
721123822,707296982,760213147,950909351,VISl,45,8.889,8.333,0.843,3.278,2.48,2.335,0.067,0.022,0.955,0.585,0.82018,-0.014,2.7778,"{""1.0"": {""evoked_rate_hz"": 0.0, ""baseline_rate_hz"": 4.44, ""reliability"": 0.0, ""modulation_ratio"": 0.0, ""median_latency_ms"": null}, ""2.5"": {""evoked_rate_hz"": 16.67, ""baseline_rate_hz"": 13.33, ""reliability"": 0.133, ""modulation_ratio"": 1.16, ""median_latency_ms"": 2.83}, ""4.0"": {""evoked_rate_hz"": 8.33, ""baseline_rate_hz"": 8.89, ""reliability"": 0.067, ""modulation_ratio"": 0.84, ""median_latency_ms"": 7.06}}",False,-1.993,not light responsive,0.933,Not statistically significant (p=0.8202 >= 0.05); No positive modulation (mod_ratio=0.84 <= 1.0),0.2295,0.3856,0.1285,0.067,0.0,0.9138,0.3708,1.0,1.9367,0.1442,low evidence (non-responsive),850246729,3.11177656572511,0.006743639577088,99.7865899589467,0.99,3.0096308186196e-05,5.32795834513032,0.995333333333333,0.0014940239043824,good,59,2240,8531,1900,9346,VISl,"10-ms optical pulse (473 nm, Ai32)",8.889,8.333,3.278,2.48,0.067,"1.0, 2.5, 4.0 mW calibrated",4,4,0.3856,0,0
721123822,707296982,760213147,950909381,VISl,45,22.222,33.333,1.435,4.691,1.672,2.311,0.267,0.156,0.75,0.332,0.23477,0.181,5.5556,"{""1.0"": {""evoked_rate_hz"": 25.0, ""baseline_rate_hz"": 8.89, ""reliability"": 0.2, ""modulation_ratio"": 2.53, ""median_latency_ms"": 6.33}, ""2.5"": {""evoked_rate_hz"": 33.33, ""baseline_rate_hz"": 26.67, ""reliability"": 0.267, ""modulation_ratio"": 1.2, ""median_latency_ms"": 5.18}, ""4.0"": {""evoked_rate_hz"": 41.67, ""baseline_rate_hz"": 31.11, ""reliability"": 0.333, ""modulation_ratio"": 1.3, ""median_latency_ms"": 4.64}}",False,-0.331,not light responsive,0.733,Not statistically significant (p=0.2348 >= 0.05),0.3556,0.4741,0.2025,0.267,0.2548,0.8395,0.5123,1.0,0.97,0.3791,intermediate evidence (uncertain / borderline),850246743,2.89912333353901,0.0006061800038189,79.0094556001115,0.99,9.04757271681439e-05,4.67618581449846,0.995333333333333,0.0003914332047195,good,11,2300,8557,1831,9370,VISl,"10-ms optical pulse (473 nm, Ai32)",22.222,33.333,4.691,1.672,0.267,"1.0, 2.5, 4.0 mW calibrated",15,10,0.4741,0,0
721123822,707296982,760213147,950909387,VISl,45,7.407,5.556,0.661,4.402,1.529,1.082,0.044,0.044,0.977,0.347,0.60839,-0.053,-2.7778,"{""1.0"": {""evoked_rate_hz"": 8.33, ""baseline_rate_hz"": 8.89, ""reliability"": 0.067, ""modulation_ratio"": 0.84, ""median_latency_ms"": 3.32}, ""2.5"": {""evoked_rate_hz"": 8.33, ""baseline_rate_hz"": 13.33, ""reliability"": 0.067, ""modulation_ratio"": 0.58, ""median_latency_ms"": 5.48}, ""4.0"": {""evoked_rate_hz"": 0.0, ""baseline_rate_hz"": 0.0, ""reliability"": 0.0, ""modulation_ratio"": 0.0, ""median_latency_ms"": null}}",False,-0.991,not light responsive,0.95,Not statistically significant (p=0.6084 >= 0.05); No positive modulation (mod_ratio=0.66 <= 1.0); Very low reliability (0.04 < 0.05),0.2371,0.2265,0.1438,0.044,0.0,0.858,0.5425,1.0,1.8567,0.1562,low evidence (non-responsive),850246745,2.70409875461126,0.0640793725083025,62.1895922290864,0.99,0.015065008099281,2.43015662793596,0.894,0.0211477261061493,good,59,2320,8560,1822,9373,VISl,"10-ms optical pulse (473 nm, Ai32)",7.407,5.556,4.402,1.529,0.044,"1.0, 2.5, 4.0 mW calibrated",3,3,0.2265,0,0
721123822,707296982,760213147,950909409,VISl,45,16.296,5.556,0.321,2.249,0.774,0.547,0.044,0.133,0.977,0.344,0.05894,-0.258,0.0,"{""1.0"": {""evoked_rate_hz"": 8.33, ""baseline_rate_hz"": 22.22, ""reliability"": 0.067, ""modulation_ratio"": 0.36, ""median_latency_ms"": 1.7}, ""2.5"": {""evoked_rate_hz"": 0.0, ""baseline_rate_hz"": 8.89, ""reliability"": 0.0, ""modulation_ratio"": 0.0, ""median_latency_ms"": null}, ""4.0"": {""evoked_rate_hz"": 8.33, ""baseline_rate_hz"": 17.78, ""reliability"": 0.067, ""modulation_ratio"": 0.44, ""median_latency_ms"": 2.8}}",False,1.0,not light responsive,0.95,Not statistically significant (p=0.0589 >= 0.05); No positive modulation (mod_ratio=0.32 <= 1.0); Very low reliability (0.04 < 0.05),0.3213,0.2086,0.3164,0.044,0.0,0.9466,0.7337,1.0,2.1692,0.1143,low evidence (non-responsive),850246753,2.10513207141954,0.0397614435182497,41.8258203674972,0.99,0.0011379878666347,2.67810194833545,0.65,0.0180039430123126,good,59,2360,8576,1780,9389,VISl,"10-ms optical pulse (473 nm, Ai32)",16.296,5.556,2.249,0.774,0.044,"1.0, 2.5, 4.0 mW calibrated",3,7,0.2086,0,0
721123822,707296982,760213147,950909407,VISl,45,2.963,0.0,0.0,,,,0.0,0.0,0.0,,0.51748,-0.213,0.0,"{""1.0"": {""evoked_rate_hz"": 0.0, ""baseline_rate_hz"": 4.44, ""reliability"": 0.0, ""modulation_ratio"": 0.0, ""median_latency_ms"": null}, ""2.5"": {""evoked_rate_hz"": 0.0, ""baseline_rate_hz"": 0.0, ""reliability"": 0.0, ""modulation_ratio"": 0.0, ""median_latency_ms"": null}, ""4.0"": {""evoked_rate_hz"": 0.0, ""baseline_rate_hz"": 4.44, ""reliability"": 0.0, ""modulation_ratio"": 0.0, ""median_latency_ms"": null}}",False,-221.222,not light responsive,0.95,Not statistically significant (p=0.5175 >= 0.05); No positive modulation (mod_ratio=0.00 <= 1.0); Very low reliability (0.00 < 0.05),0.0477,0.144,0.1527,0.0,0.0,0.0002,0.0183,1.0,4.6165,0.0099,low evidence (non-responsive),850246753,2.3228216912014,0.0299391692153465,45.4888027866257,0.99,0.0001833333499307,2.45017397139729,0.799333333333333,0.0239865675221876,good,59,2360,8576,1780,9389,VISl,"10-ms optical pulse (473 nm, Ai32)",2.963,0.0,,,0.0,"1.0, 2.5, 4.0 mW calibrated",0,1,0.144,0,0
721123822,707296982,760213147,950909423,VISl,45,0.0,0.0,0.0,,,,0.0,0.0,0.0,,1.0,0.0,0.0,"{""1.0"": {""evoked_rate_hz"": 0.0, ""baseline_rate_hz"": 0.0, ""reliability"": 0.0, ""modulation_ratio"": 0.0, ""median_latency_ms"": null}, ""2.5"": {""evoked_rate_hz"": 0.0, ""baseline_rate_hz"": 0.0, ""reliability"": 0.0, ""modulation_ratio"": 0.0, ""median_latency_ms"": null}, ""4.0"": {""evoked_rate_hz"": 0.0, ""baseline_rate_hz"": 0.0, ""reliability"": 0.0, ""modulation_ratio"": 0.0, ""median_latency_ms"": null}}",False,1.0,insufficient evidence,0.0,Insufficient trial count (<10) or zero spikes recorded,0.0376,0.144,0.1192,0.0,0.0,0.0002,0.0183,1.0,4.6165,0.0099,insufficient evidence,850246759,5.1532025636894,0.0017577842840157,78.6116909242858,0.99,0.000136538874961,4.41572362354061,0.92442645074224,0.0031909671084928,good,11,2380,8585,1755,9398,VISl,"10-ms optical pulse (473 nm, Ai32)",0.0,0.0,,,0.0,"1.0, 2.5, 4.0 mW calibrated",0,0,0.144,0,-1
721123822,707296982,760213147,950909435,VISl,45,13.333,11.111,0.775,3.146,1.695,1.986,0.089,0.133,0.932,0.467,0.67033,-0.05,-2.7778,"{""1.0"": {""evoked_rate_hz"": 16.67, ""baseline_rate_hz"": 8.89, ""reliability"": 0.133, ""modulation_ratio"": 1.69, ""median_latency_ms"": 4.1}, ""2.5"": {""evoked_rate_hz"": 8.33, ""baseline_rate_hz"": 13.33, ""reliability"": 0.067, ""modulation_ratio"": 0.58, ""median_latency_ms"": 3.86}, ""4.0"": {""evoked_rate_hz"": 8.33, ""baseline_rate_hz"": 17.78, ""reliability"": 0.067, ""modulation_ratio"": 0.44, ""median_latency_ms"": 2.43}}",False,-0.997,not light responsive,0.911,Not statistically significant (p=0.6703 >= 0.05); No positive modulation (mod_ratio=0.78 <= 1.0),0.2524,0.3307,0.1387,0.089,0.0,0.9189,0.5076,1.0,1.8936,0.1505,low evidence (non-responsive),850246761,2.64024993702889,0.0168999724162976,54.7828798920803,0.99,0.0010145546357631,3.65453032518793,0.894666666666667,0.0053178332921098,good,59,2400,8592,1738,9404,VISl,"10-ms optical pulse (473 nm, Ai32)",13.333,11.111,3.146,1.695,0.089,"1.0, 2.5, 4.0 mW calibrated",5,6,0.3307,0,0
721123822,707296982,760213147,950909431,VISl,45,17.778,5.556,0.296,3.974,1.962,1.388,0.044,0.156,0.977,0.494,0.07493,-0.262,-2.7778,"{""1.0"": {""evoked_rate_hz"": 8.33, ""baseline_rate_hz"": 26.67, ""reliability"": 0.067, ""modulation_ratio"": 0.3, ""median_latency_ms"": 2.59}, ""2.5"": {""evoked_rate_hz"": 8.33, ""baseline_rate_hz"": 8.89, ""reliability"": 0.067, ""modulation_ratio"": 0.84, ""median_latency_ms"": 5.36}, ""4.0"": {""evoked_rate_hz"": 0.0, ""baseline_rate_hz"": 17.78, ""reliability"": 0.0, ""modulation_ratio"": 0.0, ""median_latency_ms"": null}}",False,0.167,not light responsive,0.95,Not statistically significant (p=0.0749 >= 0.05); No positive modulation (mod_ratio=0.30 <= 1.0); Very low reliability (0.04 < 0.05),0.2772,0.2745,0.2943,0.044,0.0,0.8822,0.4562,1.0,1.9109,0.148,low evidence (non-responsive),850246761,2.59748698409471,0.0520194095892571,60.2573439677452,0.99,0.0051582981379518,2.89429711726777,0.808666666666667,0.022181146025878,good,59,2400,8592,1738,9404,VISl,"10-ms optical pulse (473 nm, Ai32)",17.778,5.556,3.974,1.962,0.044,"1.0, 2.5, 4.0 mW calibrated",3,8,0.2745,0,0
721123822,707296982,760213147,950909429,VISl,45,7.407,2.778,0.33,4.966,0.0,0.0,0.022,0.044,1.0,0.0,0.14785,-0.216,-2.7778,"{""1.0"": {""evoked_rate_hz"": 8.33, ""baseline_rate_hz"": 8.89, ""reliability"": 0.067, ""modulation_ratio"": 0.84, ""median_latency_ms"": 4.97}, ""2.5"": {""evoked_rate_hz"": 0.0, ""baseline_rate_hz"": 4.44, ""reliability"": 0.0, ""modulation_ratio"": 0.0, ""median_latency_ms"": null}, ""4.0"": {""evoked_rate_hz"": 0.0, ""baseline_rate_hz"": 8.89, ""reliability"": 0.0, ""modulation_ratio"": 0.0, ""median_latency_ms"": null}}",False,0.334,not light responsive,0.95,Not statistically significant (p=0.1479 >= 0.05); No positive modulation (mod_ratio=0.33 <= 1.0); Very low reliability (0.02 < 0.05),0.2996,0.0832,0.2369,0.022,0.0,0.8201,1.0,1.0,1.8728,0.1537,low evidence (non-responsive),850246761,2.71697685097462,0.243236353648813,45.6365641672394,0.99,0.0250252350981633,2.09407534047491,0.839333333333333,0.0116189374216565,good,59,2400,8592,1738,9404,VISl,"10-ms optical pulse (473 nm, Ai32)",7.407,2.778,4.966,0.0,0.022,"1.0, 2.5, 4.0 mW calibrated",1,3,0.0832,0,0
721123822,707296982,760213147,950909445,VISl,45,13.333,2.778,0.194,4.665,0.0,0.0,0.022,0.156,1.0,0.0,0.02498,-0.311,2.7778,"{""1.0"": {""evoked_rate_hz"": 0.0, ""baseline_rate_hz"": 17.78, ""reliability"": 0.0, ""modulation_ratio"": 0.0, ""median_latency_ms"": null}, ""2.5"": {""evoked_rate_hz"": 0.0, ""baseline_rate_hz"": 22.22, ""reliability"": 0.0, ""modulation_ratio"": 0.0, ""median_latency_ms"": null}, ""4.0"": {""evoked_rate_hz"": 8.33, ""baseline_rate_hz"": 0.0, ""reliability"": 0.067, ""modulation_ratio"": 8.33, ""median_latency_ms"": 4.66}}",False,0.201,not light responsive,0.95,Not statistically significant (p=0.0250 >= 0.05); No positive modulation (mod_ratio=0.19 <= 1.0); Very low reliability (0.02 < 0.05),0.3523,0.0813,0.4019,0.022,0.0,0.8412,1.0,1.0,1.9045,0.1489,intermediate evidence (uncertain / borderline),850246767,2.43606394746781,0.056528859392681,60.1556624964825,0.99,0.0107023527466651,2.61985092371731,0.796,0.0192982456140351,good,11,2420,8601,1713,9414,VISl,"10-ms optical pulse (473 nm, Ai32)",13.333,2.778,4.665,0.0,0.022,"1.0, 2.5, 4.0 mW calibrated",1,6,0.0813,0,0
721123822,707296982,760213147,950909443,VISl,45,2.963,0.0,0.0,,,,0.0,0.044,0.0,,0.51249,-0.213,0.0,"{""1.0"": {""evoked_rate_hz"": 0.0, ""baseline_rate_hz"": 0.0, ""reliability"": 0.0, ""modulation_ratio"": 0.0, ""median_latency_ms"": null}, ""2.5"": {""evoked_rate_hz"": 0.0, ""baseline_rate_hz"": 0.0, ""reliability"": 0.0, ""modulation_ratio"": 0.0, ""median_latency_ms"": null}, ""4.0"": {""evoked_rate_hz"": 0.0, ""baseline_rate_hz"": 8.89, ""reliability"": 0.0, ""modulation_ratio"": 0.0, ""median_latency_ms"": null}}",False,-0.991,not light responsive,0.95,Not statistically significant (p=0.5125 >= 0.05); No positive modulation (mod_ratio=0.00 <= 1.0); Very low reliability (0.00 < 0.05),0.0478,0.144,0.1532,0.0,0.0,0.0002,0.0183,1.0,4.6165,0.0099,low evidence (non-responsive),850246767,2.20969086170246,0.0917175851381938,53.1518272255987,0.99,0.0731153670245041,2.20571966292245,0.837249782419495,0.0040899795501022,good,11,2420,8601,1713,9414,VISl,"10-ms optical pulse (473 nm, Ai32)",2.963,0.0,,,0.0,"1.0, 2.5, 4.0 mW calibrated",0,1,0.144,0,0
721123822,707296982,760213147,950909441,VISl,45,11.852,8.333,0.648,2.287,3.317,3.106,0.067,0.022,0.955,0.914,0.49351,-0.086,5.5556,"{""1.0"": {""evoked_rate_hz"": 0.0, ""baseline_rate_hz"": 4.44, ""reliability"": 0.0, ""modulation_ratio"": 0.0, ""median_latency_ms"": null}, ""2.5"": {""evoked_rate_hz"": 8.33, ""baseline_rate_hz"": 4.44, ""reliability"": 0.067, ""modulation_ratio"": 1.53, ""median_latency_ms"": 7.41}, ""4.0"": {""evoked_rate_hz"": 16.67, ""baseline_rate_hz"": 26.67, ""reliability"": 0.133, ""modulation_ratio"": 0.6, ""median_latency_ms"": 1.74}}",False,-0.664,not light responsive,0.933,Not statistically significant (p=0.4935 >= 0.05); No positive modulation (mod_ratio=0.65 <= 1.0),0.2317,0.6199,0.1553,0.067,0.0,0.9457,0.2653,1.0,2.0969,0.1228,low evidence (non-responsive),850246767,1.79372253156734,0.122038408102872,35.30274435323,0.99,0.0242188750109402,2.7377190250362,0.415654520917679,0.0109709832871937,good,11,2420,8601,1713,9414,VISl,"10-ms optical pulse (473 nm, Ai32)",11.852,8.333,2.287,3.317,0.067,"1.0, 2.5, 4.0 mW calibrated",4,5,0.6199,0,0
721123822,707296982,760213147,950909439,VISl,45,16.296,8.333,0.482,2.448,0.788,0.716,0.067,0.089,0.955,0.381,0.21978,-0.173,0.0,"{""1.0"": {""evoked_rate_hz"": 8.33, ""baseline_rate_hz"": 26.67, ""reliability"": 0.067, ""modulation_ratio"": 0.3, ""median_latency_ms"": 1.16}, ""2.5"": {""evoked_rate_hz"": 8.33, ""baseline_rate_hz"": 4.44, ""reliability"": 0.067, ""modulation_ratio"": 1.53, ""median_latency_ms"": 2.45}, ""4.0"": {""evoked_rate_hz"": 8.33, ""baseline_rate_hz"": 17.78, ""reliability"": 0.067, ""modulation_ratio"": 0.44, ""median_latency_ms"": 2.6}}",False,0.667,not light responsive,0.933,Not statistically significant (p=0.2198 >= 0.05); No positive modulation (mod_ratio=0.48 <= 1.0),0.2931,0.2263,0.2072,0.067,0.0,0.9414,0.7296,1.0,2.0697,0.1262,low evidence (non-responsive),850246765,1.64989957251534,0.0428094737532429,57.9293758055374,0.99,0.0287225407709455,2.29052031192717,0.931333333333333,0.0058514628657164,good,43,2420,8598,1722,9411,VISl,"10-ms optical pulse (473 nm, Ai32)",16.296,8.333,2.448,0.788,0.067,"1.0, 2.5, 4.0 mW calibrated",4,7,0.2263,0,0
721123822,707296982,760213147,950909437,VISl,45,7.407,11.111,1.322,2.106,1.371,1.333,0.089,0.022,0.932,0.57,0.65634,0.085,2.7778,"{""1.0"": {""evoked_rate_hz"": 8.33, ""baseline_rate_hz"": 0.0, ""reliability"": 0.067, ""modulation_ratio"": 8.33, ""median_latency_ms"": 1.12}, ""2.5"": {""evoked_rate_hz"": 8.33, ""baseline_rate_hz"": 8.89, ""reliability"": 0.067, ""modulation_ratio"": 0.84, ""median_latency_ms"": 4.29}, ""4.0"": {""evoked_rate_hz"": 16.67, ""baseline_rate_hz"": 13.33, ""reliability"": 0.133, ""modulation_ratio"": 1.16, ""median_latency_ms"": 2.11}}",False,-1.987,not light responsive,0.911,Not statistically significant (p=0.6563 >= 0.05),0.3042,0.3691,0.1398,0.089,0.1987,0.9501,0.5779,1.0,1.9081,0.1484,low evidence (non-responsive),850246765,1.88807859761097,0.0536154274076036,50.7474246519465,0.99,0.035292369880467,2.35088570811641,0.873913043478261,0.0036687631027253,good,43,2420,8598,1722,9411,VISl,"10-ms optical pulse (473 nm, Ai32)",7.407,11.111,2.106,1.371,0.089,"1.0, 2.5, 4.0 mW calibrated",5,3,0.3691,0,0
721123822,707296982,760213147,950909447,VISl,45,7.407,5.556,0.661,6.126,1.801,1.274,0.044,0.044,0.977,0.294,0.6004,-0.053,-5.5556,"{""1.0"": {""evoked_rate_hz"": 16.67, ""baseline_rate_hz"": 8.89, ""reliability"": 0.133, ""modulation_ratio"": 1.69, ""median_latency_ms"": 6.13}, ""2.5"": {""evoked_rate_hz"": 0.0, ""baseline_rate_hz"": 4.44, ""reliability"": 0.0, ""modulation_ratio"": 0.0, ""median_latency_ms"": null}, ""4.0"": {""evoked_rate_hz"": 0.0, ""baseline_rate_hz"": 8.89, ""reliability"": 0.0, ""modulation_ratio"": 0.0, ""median_latency_ms"": null}}",False,0.002,not light responsive,0.95,Not statistically significant (p=0.6004 >= 0.05); No positive modulation (mod_ratio=0.66 <= 1.0); Very low reliability (0.04 < 0.05),0.2108,0.2192,0.1445,0.044,0.0,0.7185,0.4866,1.0,1.6905,0.1844,low evidence (non-responsive),850246769,2.34782209834873,0.0028571395649835,54.1878616269365,0.99,9.54076322942744e-05,3.59167205655564,0.975333333333333,0.0029584431193084,good,59,2440,8604,1705,9417,VISl,"10-ms optical pulse (473 nm, Ai32)",7.407,5.556,6.126,1.801,0.044,"1.0, 2.5, 4.0 mW calibrated",3,3,0.2192,0,0
721123822,707296982,760213147,950909467,VISl,45,16.296,11.111,0.642,4.25,0.971,1.393,0.089,0.111,0.932,0.233,0.44655,-0.104,5.5556,"{""1.0"": {""evoked_rate_hz"": 8.33, ""baseline_rate_hz"": 17.78, ""reliability"": 0.067, ""modulation_ratio"": 0.44, ""median_latency_ms"": 5.1}, ""2.5"": {""evoked_rate_hz"": 0.0, ""baseline_rate_hz"": 22.22, ""reliability"": 0.0, ""modulation_ratio"": 0.0, ""median_latency_ms"": null}, ""4.0"": {""evoked_rate_hz"": 25.0, ""baseline_rate_hz"": 8.89, ""reliability"": 0.2, ""modulation_ratio"": 2.53, ""median_latency_ms"": 3.66}}",False,-0.997,not light responsive,0.911,Not statistically significant (p=0.4466 >= 0.05); No positive modulation (mod_ratio=0.64 <= 1.0),0.2685,0.2328,0.1611,0.089,0.0,0.867,0.6781,1.0,1.7297,0.1773,low evidence (non-responsive),850246775,2.4809104466909,0.0730562895578637,44.0113874321706,0.99,0.0005449369204569,2.85680085925134,0.766666666666667,0.0128549725371041,good,11,2460,8617,1672,9430,VISl,"10-ms optical pulse (473 nm, Ai32)",16.296,11.111,4.25,0.971,0.089,"1.0, 2.5, 4.0 mW calibrated",5,7,0.2328,0,0
721123822,707296982,760213147,950909469,VISl,45,20.741,8.333,0.383,7.135,1.962,1.829,0.067,0.133,0.955,0.311,0.09191,-0.247,-5.5556,"{""1.0"": {""evoked_rate_hz"": 16.67, ""baseline_rate_hz"": 22.22, ""reliability"": 0.133, ""modulation_ratio"": 0.72, ""median_latency_ms"": 7.43}, ""2.5"": {""evoked_rate_hz"": 8.33, ""baseline_rate_hz"": 13.33, ""reliability"": 0.067, ""modulation_ratio"": 0.58, ""median_latency_ms"": 4.07}, ""4.0"": {""evoked_rate_hz"": 0.0, ""baseline_rate_hz"": 26.67, ""reliability"": 0.0, ""modulation_ratio"": 0.0, ""median_latency_ms"": null}}",False,-221.222,not light responsive,0.933,Not statistically significant (p=0.0919 >= 0.05); No positive modulation (mod_ratio=0.38 <= 1.0),0.2362,0.2442,0.2762,0.067,0.0,0.6065,0.4562,1.0,1.5505,0.2121,low evidence (non-responsive),850246773,2.49164973620886,0.0220035479359387,54.6702508561023,0.99,0.0004781091307549,3.71696725857823,0.944666666666667,0.0080574274831526,good,43,2460,8614,1680,9427,VISl,"10-ms optical pulse (473 nm, Ai32)",20.741,8.333,7.135,1.962,0.067,"1.0, 2.5, 4.0 mW calibrated",4,9,0.2442,0,0
721123822,707296982,760213147,950909477,VISl,45,5.926,2.778,0.401,1.022,0.0,0.0,0.022,0.044,1.0,0.0,0.35365,-0.115,0.0,"{""1.0"": {""evoked_rate_hz"": 0.0, ""baseline_rate_hz"": 8.89, ""reliability"": 0.0, ""modulation_ratio"": 0.0, ""median_latency_ms"": null}, ""2.5"": {""evoked_rate_hz"": 8.33, ""baseline_rate_hz"": 4.44, ""reliability"": 0.067, ""modulation_ratio"": 1.53, ""median_latency_ms"": 1.02}, ""4.0"": {""evoked_rate_hz"": 0.0, ""baseline_rate_hz"": 4.44, ""reliability"": 0.0, ""modulation_ratio"": 0.0, ""median_latency_ms"": null}}",False,0.334,not light responsive,0.95,Not statistically significant (p=0.3537 >= 0.05); No positive modulation (mod_ratio=0.40 <= 1.0); Very low reliability (0.02 < 0.05),0.3036,0.0564,0.1753,0.022,0.0,0.9704,1.0,1.0,2.4445,0.0868,low evidence (non-responsive),850246783,2.59337654619917,0.116629805028119,39.0616994595348,0.99,0.0008447297512868,2.46021860133593,0.863030303030303,0.0029134532990574,good,11,2500,8629,1639,9443,VISl,"10-ms optical pulse (473 nm, Ai32)",5.926,2.778,1.022,0.0,0.022,"1.0, 2.5, 4.0 mW calibrated",1,3,0.0564,0,0
721123822,707296982,760213147,950909494,VISl,45,0.0,0.0,0.0,,,,0.0,0.0,0.0,,1.0,0.0,0.0,"{""1.0"": {""evoked_rate_hz"": 0.0, ""baseline_rate_hz"": 0.0, ""reliability"": 0.0, ""modulation_ratio"": 0.0, ""median_latency_ms"": null}, ""2.5"": {""evoked_rate_hz"": 0.0, ""baseline_rate_hz"": 0.0, ""reliability"": 0.0, ""modulation_ratio"": 0.0, ""median_latency_ms"": null}, ""4.0"": {""evoked_rate_hz"": 0.0, ""baseline_rate_hz"": 0.0, ""reliability"": 0.0, ""modulation_ratio"": 0.0, ""median_latency_ms"": null}}",False,0.004,insufficient evidence,0.0,Insufficient trial count (<10) or zero spikes recorded,0.0376,0.144,0.1192,0.0,0.0,0.0002,0.0183,1.0,4.6165,0.0099,insufficient evidence,850246787,2.12368227078079,0.481337167707562,35.0327003860998,0.99,0.0504751797935498,2.22785225902967,0.610416666666667,0.0039634146341463,good,27,2520,8638,1615,9453,VISl,"10-ms optical pulse (473 nm, Ai32)",0.0,0.0,,,0.0,"1.0, 2.5, 4.0 mW calibrated",0,0,0.144,0,-1
721123822,707296982,760213147,950909518,VISl,45,7.407,5.556,0.661,5.557,2.757,1.95,0.044,0.067,0.977,0.496,0.55145,-0.064,2.7778,"{""1.0"": {""evoked_rate_hz"": 0.0, ""baseline_rate_hz"": 13.33, ""reliability"": 0.0, ""modulation_ratio"": 0.0, ""median_latency_ms"": null}, ""2.5"": {""evoked_rate_hz"": 8.33, ""baseline_rate_hz"": 8.89, ""reliability"": 0.067, ""modulation_ratio"": 0.84, ""median_latency_ms"": 3.61}, ""4.0"": {""evoked_rate_hz"": 8.33, ""baseline_rate_hz"": 0.0, ""reliability"": 0.067, ""modulation_ratio"": 8.33, ""median_latency_ms"": 7.51}}",False,0.401,not light responsive,0.95,Not statistically significant (p=0.5514 >= 0.05); No positive modulation (mod_ratio=0.66 <= 1.0); Very low reliability (0.04 < 0.05),0.2048,0.2867,0.1491,0.044,0.0,0.7723,0.3319,1.0,1.7353,0.1763,low evidence (non-responsive),850246801,2.01840630739177,0.144652977756579,65.9093770080468,0.99,0.0014112906958966,2.79929510673621,0.899333333333333,0.0494467496542185,good,59,2600,8663,1551,9479,VISl,"10-ms optical pulse (473 nm, Ai32)",7.407,5.556,5.557,2.757,0.044,"1.0, 2.5, 4.0 mW calibrated",3,3,0.2867,0,0
721123822,707296982,760213150,950910968,APN,45,2.963,0.0,0.0,,,,0.0,0.022,0.0,,0.51648,-0.213,0.0,"{""1.0"": {""evoked_rate_hz"": 0.0, ""baseline_rate_hz"": 0.0, ""reliability"": 0.0, ""modulation_ratio"": 0.0, ""median_latency_ms"": null}, ""2.5"": {""evoked_rate_hz"": 0.0, ""baseline_rate_hz"": 4.44, ""reliability"": 0.0, ""modulation_ratio"": 0.0, ""median_latency_ms"": null}, ""4.0"": {""evoked_rate_hz"": 0.0, ""baseline_rate_hz"": 4.44, ""reliability"": 0.0, ""modulation_ratio"": 0.0, ""median_latency_ms"": null}}",False,-0.055,not light responsive,0.95,Not statistically significant (p=0.5165 >= 0.05); No positive modulation (mod_ratio=0.00 <= 1.0); Very low reliability (0.00 < 0.05),0.0477,0.144,0.1528,0.0,0.0,0.0002,0.0183,1.0,4.6165,0.0099,low evidence (non-responsive),850247055,3.94341322434168,0.331305562514479,70.5818127754463,0.99,0.0129288779214809,4.89184993835914,0.983333333333333,0.004005854710731,good,11,20,7841,3397,6991,APN,"10-ms optical pulse (473 nm, Ai32)",2.963,0.0,,,0.0,"1.0, 2.5, 4.0 mW calibrated",0,1,0.144,0,0
721123822,707296982,760213150,950909681,APN,45,13.333,13.889,0.969,4.675,1.902,0.448,0.111,0.156,0.909,0.397,1.0,0.012,8.3333,"{""1.0"": {""evoked_rate_hz"": 8.33, ""baseline_rate_hz"": 17.78, ""reliability"": 0.067, ""modulation_ratio"": 0.44, ""median_latency_ms"": 4.68}, ""2.5"": {""evoked_rate_hz"": 0.0, ""baseline_rate_hz"": 13.33, ""reliability"": 0.0, ""modulation_ratio"": 0.0, ""median_latency_ms"": null}, ""4.0"": {""evoked_rate_hz"": 33.33, ""baseline_rate_hz"": 8.89, ""reliability"": 0.267, ""modulation_ratio"": 3.37, ""median_latency_ms"": 4.79}}",False,-0.664,not light responsive,0.889,Not statistically significant (p=1.0000 >= 0.05); No positive modulation (mod_ratio=0.97 <= 1.0),0.2363,0.3222,0.1192,0.111,0.0,0.8406,0.4673,1.0,1.6075,0.2004,low evidence (non-responsive),850247055,3.42404934216849,0.0224700261097116,607.924325249989,0.99,0.00077944909065,6.12635785573115,0.997333333333333,0.0006313131313131,good,11,20,7841,3397,6991,APN,"10-ms optical pulse (473 nm, Ai32)",13.333,13.889,4.675,1.902,0.111,"1.0, 2.5, 4.0 mW calibrated",6,6,0.3222,0,0
721123822,707296982,760213150,950909685,APN,45,2.963,0.0,0.0,,,,0.0,0.022,0.0,,0.49351,-0.213,0.0,"{""1.0"": {""evoked_rate_hz"": 0.0, ""baseline_rate_hz"": 4.44, ""reliability"": 0.0, ""modulation_ratio"": 0.0, ""median_latency_ms"": null}, ""2.5"": {""evoked_rate_hz"": 0.0, ""baseline_rate_hz"": 0.0, ""reliability"": 0.0, ""modulation_ratio"": 0.0, ""median_latency_ms"": null}, ""4.0"": {""evoked_rate_hz"": 0.0, ""baseline_rate_hz"": 4.44, ""reliability"": 0.0, ""modulation_ratio"": 0.0, ""median_latency_ms"": null}}",False,0.002,not light responsive,0.95,Not statistically significant (p=0.4935 >= 0.05); No positive modulation (mod_ratio=0.00 <= 1.0); Very low reliability (0.00 < 0.05),0.0485,0.144,0.1553,0.0,0.0,0.0002,0.0183,1.0,4.6165,0.0099,low evidence (non-responsive),850247065,6.83912663551076,0.158702924433421,145.848504976499,0.99,3.30242840764433e-05,10.8169226074227,1.0,0.0,good,59,80,7839,3370,7028,APN,"10-ms optical pulse (473 nm, Ai32)",2.963,0.0,,,0.0,"1.0, 2.5, 4.0 mW calibrated",0,1,0.144,0,0
721123822,707296982,760213150,950909704,APN,45,17.778,19.444,1.036,3.605,2.089,3.476,0.156,0.133,0.864,0.515,0.86913,0.027,0.0,"{""1.0"": {""evoked_rate_hz"": 16.67, ""baseline_rate_hz"": 17.78, ""reliability"": 0.133, ""modulation_ratio"": 0.89, ""median_latency_ms"": 2.57}, ""2.5"": {""evoked_rate_hz"": 25.0, ""baseline_rate_hz"": 13.33, ""reliability"": 0.2, ""modulation_ratio"": 1.74, ""median_latency_ms"": 3.03}, ""4.0"": {""evoked_rate_hz"": 16.67, ""baseline_rate_hz"": 22.22, ""reliability"": 0.133, ""modulation_ratio"": 0.72, ""median_latency_ms"": 6.35}}",False,-0.498,not light responsive,0.844,Not statistically significant (p=0.8691 >= 0.05),0.2602,0.4149,0.1257,0.156,0.0255,0.9,0.4336,1.0,1.6206,0.1978,low evidence (non-responsive),850247075,3.58064271686516,0.0023630187647417,133.720593176308,0.99,8.44819992783917e-05,6.81189808958239,0.999333333333333,0.0002968239833778,good,27,120,7838,3342,7066,APN,"10-ms optical pulse (473 nm, Ai32)",17.778,19.444,3.605,2.089,0.156,"1.0, 2.5, 4.0 mW calibrated",9,8,0.4149,0,0
721123822,707296982,760213150,950909715,APN,45,0.0,0.0,0.0,,,,0.0,0.0,0.0,,1.0,0.0,0.0,"{""1.0"": {""evoked_rate_hz"": 0.0, ""baseline_rate_hz"": 0.0, ""reliability"": 0.0, ""modulation_ratio"": 0.0, ""median_latency_ms"": null}, ""2.5"": {""evoked_rate_hz"": 0.0, ""baseline_rate_hz"": 0.0, ""reliability"": 0.0, ""modulation_ratio"": 0.0, ""median_latency_ms"": null}, ""4.0"": {""evoked_rate_hz"": 0.0, ""baseline_rate_hz"": 0.0, ""reliability"": 0.0, ""modulation_ratio"": 0.0, ""median_latency_ms"": null}}",False,1.0,insufficient evidence,0.0,Insufficient trial count (<10) or zero spikes recorded,0.0376,0.144,0.1192,0.0,0.0,0.0002,0.0183,1.0,4.6165,0.0099,insufficient evidence,850247079,3.07850177057084,0.0,67.6058579107482,0.99,0.0174158387561152,5.99196948556576,0.978319783197832,0.0004724781478856,good,11,140,7837,3326,7089,APN,"10-ms optical pulse (473 nm, Ai32)",0.0,0.0,,,0.0,"1.0, 2.5, 4.0 mW calibrated",0,0,0.144,0,-1
721123822,707296982,760213150,950909708,APN,45,5.926,8.333,1.203,6.62,2.159,1.969,0.067,0.067,0.955,0.386,0.81618,0.063,8.3333,"{""1.0"": {""evoked_rate_hz"": 0.0, ""baseline_rate_hz"": 4.44, ""reliability"": 0.0, ""modulation_ratio"": 0.0, ""median_latency_ms"": null}, ""2.5"": {""evoked_rate_hz"": 0.0, ""baseline_rate_hz"": 4.44, ""reliability"": 0.0, ""modulation_ratio"": 0.0, ""median_latency_ms"": null}, ""4.0"": {""evoked_rate_hz"": 25.0, ""baseline_rate_hz"": 8.89, ""reliability"": 0.2, ""modulation_ratio"": 2.53, ""median_latency_ms"": 6.62}}",False,0.001,not light responsive,0.933,Not statistically significant (p=0.8162 >= 0.05),0.224,0.2741,0.1288,0.067,0.1325,0.666,0.4216,1.0,1.4192,0.2419,low evidence (non-responsive),850247077,3.51438133069276,0.0098205457723142,72.2655285037242,0.99,0.0019156983445121,4.70913734937452,0.977083333333333,0.0001693766937669,good,43,140,7837,3331,7082,APN,"10-ms optical pulse (473 nm, Ai32)",5.926,8.333,6.62,2.159,0.067,"1.0, 2.5, 4.0 mW calibrated",4,3,0.2741,0,0
721123822,707296982,760213150,950910978,APN,45,1.481,2.778,1.119,8.654,0.0,0.0,0.022,0.0,1.0,0.0,1.0,0.061,2.7778,"{""1.0"": {""evoked_rate_hz"": 0.0, ""baseline_rate_hz"": 0.0, ""reliability"": 0.0, ""modulation_ratio"": 0.0, ""median_latency_ms"": null}, ""2.5"": {""evoked_rate_hz"": 0.0, ""baseline_rate_hz"": 4.44, ""reliability"": 0.0, ""modulation_ratio"": 0.0, ""median_latency_ms"": null}, ""4.0"": {""evoked_rate_hz"": 8.33, ""baseline_rate_hz"": 0.0, ""reliability"": 0.067, ""modulation_ratio"": 8.33, ""median_latency_ms"": 8.65}}",False,1.0,not light responsive,0.95,Not statistically significant (p=1.0000 >= 0.05); Very low reliability (0.02 < 0.05),0.2203,0.1,0.1192,0.022,0.0809,0.419,1.0,1.0,1.6312,0.1957,low evidence (non-responsive),850247081,2.13237935101109,0.0373622011381768,62.6714974033946,0.99,0.0321778297042286,4.76132121643339,0.928838951310862,0.0009841851625602,good,59,160,7837,3320,7097,APN,"10-ms optical pulse (473 nm, Ai32)",1.481,2.778,8.654,0.0,0.022,"1.0, 2.5, 4.0 mW calibrated",1,1,0.1,0,0
721123822,707296982,760213150,950909722,APN,45,56.296,44.444,0.776,5.343,2.118,4.152,0.356,0.489,0.659,0.435,0.2018,-0.189,5.5556,"{""1.0"": {""evoked_rate_hz"": 25.0, ""baseline_rate_hz"": 53.33, ""reliability"": 0.2, ""modulation_ratio"": 0.46, ""median_latency_ms"": 5.25}, ""2.5"": {""evoked_rate_hz"": 66.67, ""baseline_rate_hz"": 62.22, ""reliability"": 0.533, ""modulation_ratio"": 1.05, ""median_latency_ms"": 4.46}, ""4.0"": {""evoked_rate_hz"": 41.67, ""baseline_rate_hz"": 53.33, ""reliability"": 0.333, ""modulation_ratio"": 0.77, ""median_latency_ms"": 6.62}}",False,0.231,not light responsive,0.644,Not statistically significant (p=0.2018 >= 0.05); No positive modulation (mod_ratio=0.78 <= 1.0),0.3145,0.4869,0.2133,0.356,0.0,0.7906,0.4286,1.0,1.2327,0.2915,low evidence (non-responsive),850247081,3.12349014751706,0.0187920618889216,162.968287120698,0.99,0.0144120858839436,5.30679451776895,1.0,0.0061527325370973,good,59,160,7837,3320,7097,APN,"10-ms optical pulse (473 nm, Ai32)",56.296,44.444,5.343,2.118,0.356,"1.0, 2.5, 4.0 mW calibrated",20,25,0.4869,0,0
721123822,707296982,760213150,950909719,APN,45,2.963,8.333,2.103,4.65,2.134,1.965,0.067,0.044,0.955,0.38,0.43756,0.153,2.7778,"{""1.0"": {""evoked_rate_hz"": 0.0, ""baseline_rate_hz"": 4.44, ""reliability"": 0.0, ""modulation_ratio"": 0.0, ""median_latency_ms"": null}, ""2.5"": {""evoked_rate_hz"": 16.67, ""baseline_rate_hz"": 4.44, ""reliability"": 0.133, ""modulation_ratio"": 3.06, ""median_latency_ms"": 6.09}, ""4.0"": {""evoked_rate_hz"": 8.33, ""baseline_rate_hz"": 0.0, ""reliability"": 0.067, ""modulation_ratio"": 8.33, ""median_latency_ms"": 4.65}}",False,-665.667,not light responsive,0.933,Not statistically significant (p=0.4376 >= 0.05),0.3324,0.3189,0.1623,0.067,0.4901,0.8422,0.4259,1.0,1.4366,0.2377,low evidence (non-responsive),850247081,4.94049130351829,0.024556501152217,62.5330781586842,0.99,0.002723827335771,6.08690214804437,0.98014888337469,0.0003820638393942,good,59,160,7837,3320,7097,APN,"10-ms optical pulse (473 nm, Ai32)",2.963,8.333,4.65,2.134,0.067,"1.0, 2.5, 4.0 mW calibrated",4,1,0.3189,0,0
721123822,707296982,760213150,950909745,APN,45,20.741,5.556,0.256,3.979,2.521,1.782,0.044,0.133,0.977,0.634,0.02597,-0.317,-2.7778,"{""1.0"": {""evoked_rate_hz"": 8.33, ""baseline_rate_hz"": 31.11, ""reliability"": 0.067, ""modulation_ratio"": 0.26, ""median_latency_ms"": 2.2}, ""2.5"": {""evoked_rate_hz"": 8.33, ""baseline_rate_hz"": 8.89, ""reliability"": 0.067, ""modulation_ratio"": 0.84, ""median_latency_ms"": 5.76}, ""4.0"": {""evoked_rate_hz"": 0.0, ""baseline_rate_hz"": 22.22, ""reliability"": 0.0, ""modulation_ratio"": 0.0, ""median_latency_ms"": null}}",False,-2.982,not light responsive,0.95,Not statistically significant (p=0.0260 >= 0.05); No positive modulation (mod_ratio=0.26 <= 1.0); Very low reliability (0.04 < 0.05),0.2991,0.3235,0.3978,0.044,0.0,0.8819,0.3648,1.0,1.9102,0.148,low evidence (non-responsive),850247089,2.71096738810733,0.0400786888637986,100.604517908981,0.99,0.0103444365917303,6.99826252040317,0.998666666666667,0.0006638636866563,good,59,200,7835,3299,7128,APN,"10-ms optical pulse (473 nm, Ai32)",20.741,5.556,3.979,2.521,0.044,"1.0, 2.5, 4.0 mW calibrated",3,9,0.3235,0,0
721123822,707296982,760213150,950909749,POL,45,19.259,22.222,1.097,4.507,2.853,3.877,0.178,0.178,0.841,0.58,0.67433,0.062,-5.5556,"{""1.0"": {""evoked_rate_hz"": 33.33, ""baseline_rate_hz"": 22.22, ""reliability"": 0.267, ""modulation_ratio"": 1.44, ""median_latency_ms"": 4.9}, ""2.5"": {""evoked_rate_hz"": 16.67, ""baseline_rate_hz"": 17.78, ""reliability"": 0.133, ""modulation_ratio"": 0.89, ""median_latency_ms"": 4.51}, ""4.0"": {""evoked_rate_hz"": 16.67, ""baseline_rate_hz"": 17.78, ""reliability"": 0.133, ""modulation_ratio"": 0.89, ""median_latency_ms"": 5.24}}",False,0.167,not light responsive,0.822,Not statistically significant (p=0.6743 >= 0.05),0.259,0.4707,0.1384,0.178,0.0667,0.8515,0.3194,1.0,1.3731,0.2533,low evidence (non-responsive),850247103,4.14224032415838,0.0069042779387016,115.556313589776,0.99,0.0001903537681297,7.27027050098034,0.998666666666667,0.0001797914419273,good,11,260,7833,3260,7183,POL,"10-ms optical pulse (473 nm, Ai32)",19.259,22.222,4.507,2.853,0.178,"1.0, 2.5, 4.0 mW calibrated",10,9,0.4707,0,0
721123822,707296982,760213150,950909760,POL,45,29.63,27.778,0.907,3.864,2.09,2.999,0.222,0.267,0.795,0.534,0.85814,-0.032,0.0,"{""1.0"": {""evoked_rate_hz"": 25.0, ""baseline_rate_hz"": 35.56, ""reliability"": 0.2, ""modulation_ratio"": 0.68, ""median_latency_ms"": 4.95}, ""2.5"": {""evoked_rate_hz"": 33.33, ""baseline_rate_hz"": 26.67, ""reliability"": 0.267, ""modulation_ratio"": 1.2, ""median_latency_ms"": 2.65}, ""4.0"": {""evoked_rate_hz"": 25.0, ""baseline_rate_hz"": 26.67, ""reliability"": 0.2, ""modulation_ratio"": 0.9, ""median_latency_ms"": 3.96}}",False,-1.165,not light responsive,0.778,Not statistically significant (p=0.8581 >= 0.05); No positive modulation (mod_ratio=0.91 <= 1.0),0.2699,0.4539,0.1264,0.222,0.0,0.8878,0.4334,1.0,1.4904,0.2253,low evidence (non-responsive),850247111,3.15221591127854,0.0034459443761996,125.160781720579,0.99,0.0356893212970735,7.08540748449141,0.999333333333333,0.0002593024763386,good,11,300,7832,3239,7215,POL,"10-ms optical pulse (473 nm, Ai32)",29.63,27.778,3.864,2.09,0.222,"1.0, 2.5, 4.0 mW calibrated",13,13,0.4539,0,0
721123822,707296982,760213150,950909787,POL,45,29.63,33.333,1.088,5.632,2.154,2.663,0.267,0.178,0.75,0.417,0.68931,0.054,2.7778,"{""1.0"": {""evoked_rate_hz"": 33.33, ""baseline_rate_hz"": 26.67, ""reliability"": 0.267, ""modulation_ratio"": 1.2, ""median_latency_ms"": 2.42}, ""2.5"": {""evoked_rate_hz"": 25.0, ""baseline_rate_hz"": 31.11, ""reliability"": 0.2, ""modulation_ratio"": 0.78, ""median_latency_ms"": 5.79}, ""4.0"": {""evoked_rate_hz"": 41.67, ""baseline_rate_hz"": 31.11, ""reliability"": 0.333, ""modulation_ratio"": 1.3, ""median_latency_ms"": 6.32}}",False,0.3,not light responsive,0.733,Not statistically significant (p=0.6893 >= 0.05),0.2772,0.4685,0.1372,0.267,0.0608,0.7657,0.4225,1.0,1.072,0.3423,low evidence (non-responsive),850247117,3.60064392654513,0.0038013452574206,93.1234439673464,0.99,0.001805559867981,5.48122443163858,0.999333333333333,0.0022075055187638,good,43,340,7831,3223,7239,POL,"10-ms optical pulse (473 nm, Ai32)",29.63,33.333,5.632,2.154,0.267,"1.0, 2.5, 4.0 mW calibrated",15,13,0.4685,0,0
721123822,707296982,760213150,950909832,LP,45,7.407,0.0,0.0,,,,0.0,0.067,0.0,,0.06094,-0.35,0.0,"{""1.0"": {""evoked_rate_hz"": 0.0, ""baseline_rate_hz"": 4.44, ""reliability"": 0.0, ""modulation_ratio"": 0.0, ""median_latency_ms"": null}, ""2.5"": {""evoked_rate_hz"": 0.0, ""baseline_rate_hz"": 17.78, ""reliability"": 0.0, ""modulation_ratio"": 0.0, ""median_latency_ms"": null}, ""4.0"": {""evoked_rate_hz"": 0.0, ""baseline_rate_hz"": 0.0, ""reliability"": 0.0, ""modulation_ratio"": 0.0, ""median_latency_ms"": null}}",False,-221.222,not light responsive,0.95,Not statistically significant (p=0.0609 >= 0.05); No positive modulation (mod_ratio=0.00 <= 1.0); Very low reliability (0.00 < 0.05),0.0958,0.144,0.3133,0.0,0.0,0.0002,0.0183,1.0,4.6165,0.0099,low evidence (non-responsive),850247135,2.81099467884471,0.0318520564339661,54.5737968940632,0.99,0.0523852956518479,4.3532428754711,0.873096446700508,0.0005100479445067,good,11,420,7827,3170,7321,LP,"10-ms optical pulse (473 nm, Ai32)",7.407,0.0,,,0.0,"1.0, 2.5, 4.0 mW calibrated",0,3,0.144,0,0
721123822,707296982,760213150,950909816,LP,45,8.889,13.889,1.404,3.789,1.761,2.309,0.111,0.067,0.909,0.46,0.53447,0.112,2.7778,"{""1.0"": {""evoked_rate_hz"": 8.33, ""baseline_rate_hz"": 8.89, ""reliability"": 0.067, ""modulation_ratio"": 0.84, ""median_latency_ms"": 5.59}, ""2.5"": {""evoked_rate_hz"": 16.67, ""baseline_rate_hz"": 0.0, ""reliability"": 0.133, ""modulation_ratio"": 16.67, ""median_latency_ms"": 3.43}, ""4.0"": {""evoked_rate_hz"": 16.67, ""baseline_rate_hz"": 17.78, ""reliability"": 0.133, ""modulation_ratio"": 0.89, ""median_latency_ms"": 3.35}}",False,0.001,not light responsive,0.889,Not statistically significant (p=0.5345 >= 0.05),0.3042,0.3512,0.1509,0.111,0.24,0.8914,0.4944,1.0,1.504,0.2222,low evidence (non-responsive),850247133,1.26029108902982,0.048855647137783,62.5348063735688,0.99,0.0088971440519529,1.81927408942711,0.798666666666667,0.03813070852177,good,43,420,7827,3175,7313,LP,"10-ms optical pulse (473 nm, Ai32)",8.889,13.889,3.789,1.761,0.111,"1.0, 2.5, 4.0 mW calibrated",6,4,0.3512,0,0
721123822,707296982,760213150,950909838,LP,45,8.889,5.556,0.562,6.199,3.883,2.746,0.044,0.022,0.977,0.626,0.43057,-0.092,2.7778,"{""1.0"": {""evoked_rate_hz"": 0.0, ""baseline_rate_hz"": 8.89, ""reliability"": 0.0, ""modulation_ratio"": 0.0, ""median_latency_ms"": null}, ""2.5"": {""evoked_rate_hz"": 8.33, ""baseline_rate_hz"": 4.44, ""reliability"": 0.067, ""modulation_ratio"": 1.53, ""median_latency_ms"": 8.95}, ""4.0"": {""evoked_rate_hz"": 8.33, ""baseline_rate_hz"": 13.33, ""reliability"": 0.067, ""modulation_ratio"": 0.58, ""median_latency_ms"": 3.45}}",False,0.501,not light responsive,0.95,Not statistically significant (p=0.4306 >= 0.05); No positive modulation (mod_ratio=0.56 <= 1.0); Very low reliability (0.04 < 0.05),0.1878,0.3359,0.1633,0.044,0.0,0.7111,0.2116,1.0,1.6856,0.1853,low evidence (non-responsive),850247137,3.28784661798884,0.0521280952178792,56.5787950094185,0.99,0.0927034618691721,4.182066127071,0.912666666666667,0.007083747103608,good,59,440,7826,3165,7329,LP,"10-ms optical pulse (473 nm, Ai32)",8.889,5.556,6.199,3.883,0.044,"1.0, 2.5, 4.0 mW calibrated",3,4,0.3359,0,0
721123822,707296982,760213150,950911151,CA3,45,4.444,5.556,1.02,2.996,0.0,0.0,0.022,0.022,2.0,0.0,1.0,0.149,-5.5556,"{""1.0"": {""evoked_rate_hz"": 16.67, ""baseline_rate_hz"": 13.33, ""reliability"": 0.067, ""modulation_ratio"": 1.16, ""median_latency_ms"": 3.0}, ""2.5"": {""evoked_rate_hz"": 0.0, ""baseline_rate_hz"": 0.0, ""reliability"": 0.0, ""modulation_ratio"": 0.0, ""median_latency_ms"": null}, ""4.0"": {""evoked_rate_hz"": 0.0, ""baseline_rate_hz"": 0.0, ""reliability"": 0.0, ""modulation_ratio"": 0.0, ""median_latency_ms"": null}}",False,1.0,not light responsive,0.95,Not statistically significant (p=1.0000 >= 0.05); Very low reliability (0.02 < 0.05),0.2828,0.0704,0.1192,0.022,0.0143,0.9243,1.0,1.0,2.1073,0.1216,low evidence (non-responsive),850247279,3.08097483557431,0.297752475600275,49.1312556720788,0.95,0.0789702520872188,2.47409147634033,0.786324786324786,0.0023457419683834,good,11,1140,7812,2800,7979,CA3,"10-ms optical pulse (473 nm, Ai32)",4.444,5.556,2.996,0.0,0.022,"1.0, 2.5, 4.0 mW calibrated",3,2,0.0704,0,0
721123822,707296982,760213150,950910006,CA3,45,4.444,2.778,0.51,2.116,0.0,0.0,0.022,0.022,1.0,0.0,0.64635,-0.065,2.7778,"{""1.0"": {""evoked_rate_hz"": 0.0, ""baseline_rate_hz"": 8.89, ""reliability"": 0.0, ""modulation_ratio"": 0.0, ""median_latency_ms"": null}, ""2.5"": {""evoked_rate_hz"": 0.0, ""baseline_rate_hz"": 4.44, ""reliability"": 0.0, ""modulation_ratio"": 0.0, ""median_latency_ms"": null}, ""4.0"": {""evoked_rate_hz"": 8.33, ""baseline_rate_hz"": 0.0, ""reliability"": 0.067, ""modulation_ratio"": 8.33, ""median_latency_ms"": 2.12}}",False,0.002,not light responsive,0.95,Not statistically significant (p=0.6463 >= 0.05); No positive modulation (mod_ratio=0.51 <= 1.0); Very low reliability (0.02 < 0.05),0.2902,0.0636,0.1406,0.022,0.0,0.9499,1.0,1.0,2.2574,0.1046,low evidence (non-responsive),850247279,3.49218786803702,0.0555625207676584,83.0539815447085,0.99,0.0207715195056919,2.93260746681448,0.982,0.002526448760461,good,11,1140,7812,2800,7979,CA3,"10-ms optical pulse (473 nm, Ai32)",4.444,2.778,2.116,0.0,0.022,"1.0, 2.5, 4.0 mW calibrated",1,2,0.0636,0,0
721123822,707296982,760213150,950909997,CA3,45,11.852,27.778,2.161,3.655,2.392,4.052,0.222,0.067,0.795,0.577,0.04096,0.302,-8.3333,"{""1.0"": {""evoked_rate_hz"": 50.0, ""baseline_rate_hz"": 13.33, ""reliability"": 0.4, ""modulation_ratio"": 3.49, ""median_latency_ms"": 5.21}, ""2.5"": {""evoked_rate_hz"": 8.33, ""baseline_rate_hz"": 8.89, ""reliability"": 0.067, ""modulation_ratio"": 0.84, ""median_latency_ms"": 6.03}, ""4.0"": {""evoked_rate_hz"": 25.0, ""baseline_rate_hz"": 13.33, ""reliability"": 0.2, ""modulation_ratio"": 1.74, ""median_latency_ms"": 1.62}}",False,0.308,light-responsive / indirect or uncertain,0.65,Sub-threshold reliability (0.22 < 0.3),0.435,0.529,0.3515,0.222,0.5049,0.8978,0.3841,1.0,1.1595,0.3136,intermediate evidence (uncertain / borderline),850247279,6.09801235826086,0.0015605282018826,164.197023100026,0.99,6.83916519022726e-06,6.81331527060522,1.0,0.0003603603603603,good,11,1140,7812,2800,7979,CA3,"10-ms optical pulse (473 nm, Ai32)",11.852,27.778,3.655,2.392,0.222,"1.0, 2.5, 4.0 mW calibrated",13,5,0.529,0,1
721123822,707296982,760213150,950909993,CA3,45,1.481,0.0,0.0,,,,0.0,0.022,0.0,,1.0,-0.149,0.0,"{""1.0"": {""evoked_rate_hz"": 0.0, ""baseline_rate_hz"": 4.44, ""reliability"": 0.0, ""modulation_ratio"": 0.0, ""median_latency_ms"": null}, ""2.5"": {""evoked_rate_hz"": 0.0, ""baseline_rate_hz"": 0.0, ""reliability"": 0.0, ""modulation_ratio"": 0.0, ""median_latency_ms"": null}, ""4.0"": {""evoked_rate_hz"": 0.0, ""baseline_rate_hz"": 0.0, ""reliability"": 0.0, ""modulation_ratio"": 0.0, ""median_latency_ms"": null}}",False,0.004,not light responsive,0.95,Not statistically significant (p=1.0000 >= 0.05); No positive modulation (mod_ratio=0.00 <= 1.0); Very low reliability (0.00 < 0.05),0.0376,0.144,0.1192,0.0,0.0,0.0002,0.0183,1.0,4.6165,0.0099,low evidence (non-responsive),850247279,4.59429834795572,0.0,106.198702050347,0.99,9.05989098451814e-05,6.6525344448531,0.994,0.0001849454410948,good,11,1140,7812,2800,7979,CA3,"10-ms optical pulse (473 nm, Ai32)",1.481,0.0,,,0.0,"1.0, 2.5, 4.0 mW calibrated",0,1,0.144,0,0
721123822,707296982,760213150,950910002,CA3,45,0.0,0.0,0.0,,,,0.0,0.0,0.0,,1.0,0.0,0.0,"{""1.0"": {""evoked_rate_hz"": 0.0, ""baseline_rate_hz"": 0.0, ""reliability"": 0.0, ""modulation_ratio"": 0.0, ""median_latency_ms"": null}, ""2.5"": {""evoked_rate_hz"": 0.0, ""baseline_rate_hz"": 0.0, ""reliability"": 0.0, ""modulation_ratio"": 0.0, ""median_latency_ms"": null}, ""4.0"": {""evoked_rate_hz"": 0.0, ""baseline_rate_hz"": 0.0, ""reliability"": 0.0, ""modulation_ratio"": 0.0, ""median_latency_ms"": null}}",False,1.0,insufficient evidence,0.0,Insufficient trial count (<10) or zero spikes recorded,0.0376,0.144,0.1192,0.0,0.0,0.0002,0.0183,1.0,4.6165,0.0099,insufficient evidence,850247281,1.85408148150409,0.160803397493705,71.1396205306288,0.99,0.0668787020567528,5.16152511974092,0.92539356605065,0.0039594940257191,good,59,1160,7812,2796,7988,CA3,"10-ms optical pulse (473 nm, Ai32)",0.0,0.0,,,0.0,"1.0, 2.5, 4.0 mW calibrated",0,0,0.144,0,-1
721123822,707296982,760213150,950910009,CA3,45,8.889,5.556,0.562,4.446,0.713,0.504,0.044,0.067,0.977,0.16,0.44356,-0.092,-5.5556,"{""1.0"": {""evoked_rate_hz"": 16.67, ""baseline_rate_hz"": 8.89, ""reliability"": 0.133, ""modulation_ratio"": 1.69, ""median_latency_ms"": 4.45}, ""2.5"": {""evoked_rate_hz"": 0.0, ""baseline_rate_hz"": 13.33, ""reliability"": 0.0, ""modulation_ratio"": 0.0, ""median_latency_ms"": null}, ""4.0"": {""evoked_rate_hz"": 0.0, ""baseline_rate_hz"": 4.44, ""reliability"": 0.0, ""modulation_ratio"": 0.0, ""median_latency_ms"": null}}",False,0.501,not light responsive,0.95,Not statistically significant (p=0.4436 >= 0.05); No positive modulation (mod_ratio=0.56 <= 1.0); Very low reliability (0.04 < 0.05),0.2629,0.1614,0.1615,0.044,0.0,0.8553,0.7519,1.0,1.8514,0.157,low evidence (non-responsive),850247287,3.36594832417307,0.0064473959253669,103.14839333337,0.99,0.0295080799241179,4.69954755096943,0.997333333333333,0.0002811160306416,good,11,1180,7811,2784,8017,CA3,"10-ms optical pulse (473 nm, Ai32)",8.889,5.556,4.446,0.713,0.044,"1.0, 2.5, 4.0 mW calibrated",3,4,0.1614,0,0
721123822,707296982,760213150,950910025,CA3,45,20.741,16.667,0.767,3.355,2.141,1.207,0.133,0.178,0.886,0.546,0.62038,-0.075,-8.3333,"{""1.0"": {""evoked_rate_hz"": 33.33, ""baseline_rate_hz"": 26.67, ""reliability"": 0.267, ""modulation_ratio"": 1.2, ""median_latency_ms"": 3.2}, ""2.5"": {""evoked_rate_hz"": 8.33, ""baseline_rate_hz"": 17.78, ""reliability"": 0.067, ""modulation_ratio"": 0.44, ""median_latency_ms"": 7.73}, ""4.0"": {""evoked_rate_hz"": 8.33, ""baseline_rate_hz"": 17.78, ""reliability"": 0.067, ""modulation_ratio"": 0.44, ""median_latency_ms"": 3.38}}",False,0.1,not light responsive,0.867,Not statistically significant (p=0.6204 >= 0.05); No positive modulation (mod_ratio=0.77 <= 1.0),0.2552,0.4097,0.1427,0.133,0.0,0.9107,0.4247,1.0,1.7452,0.1746,low evidence (non-responsive),850247307,3.24790544602231,0.0034460878615541,258.909090649202,0.99,3.91347031820497e-05,10.471150102647,1.0,0.0,good,27,1280,7806,2748,8114,CA3,"10-ms optical pulse (473 nm, Ai32)",20.741,16.667,3.355,2.141,0.133,"1.0, 2.5, 4.0 mW calibrated",8,9,0.4097,0,0
721123822,707296982,760213150,950910042,CA1,45,19.259,11.111,0.548,4.561,2.347,3.348,0.089,0.156,0.932,0.469,0.24975,-0.17,2.7778,"{""1.0"": {""evoked_rate_hz"": 8.33, ""baseline_rate_hz"": 13.33, ""reliability"": 0.067, ""modulation_ratio"": 0.58, ""median_latency_ms"": 3.04}, ""2.5"": {""evoked_rate_hz"": 8.33, ""baseline_rate_hz"": 13.33, ""reliability"": 0.067, ""modulation_ratio"": 0.58, ""median_latency_ms"": 7.86}, ""4.0"": {""evoked_rate_hz"": 16.67, ""baseline_rate_hz"": 31.11, ""reliability"": 0.133, ""modulation_ratio"": 0.52, ""median_latency_ms"": 4.56}}",False,0.001,not light responsive,0.911,Not statistically significant (p=0.2497 >= 0.05); No positive modulation (mod_ratio=0.55 <= 1.0),0.248,0.3359,0.1982,0.089,0.0,0.8481,0.3911,1.0,1.6888,0.1847,low evidence (non-responsive),850247415,2.91262335966827,0.0052037261227344,103.174437407871,0.99,0.0083745853724708,6.6987699438795,0.995333333333333,0.0002978850163836,good,11,1820,7779,2554,8617,CA1,"10-ms optical pulse (473 nm, Ai32)",19.259,11.111,4.561,2.347,0.089,"1.0, 2.5, 4.0 mW calibrated",5,9,0.3359,0,0
721123822,707296982,760213150,950910047,CA1,45,19.259,16.667,0.823,5.435,2.414,3.667,0.133,0.133,0.886,0.428,0.72727,-0.047,0.0,"{""1.0"": {""evoked_rate_hz"": 25.0, ""baseline_rate_hz"": 22.22, ""reliability"": 0.2, ""modulation_ratio"": 1.08, ""median_latency_ms"": 3.87}, ""2.5"": {""evoked_rate_hz"": 0.0, ""baseline_rate_hz"": 26.67, ""reliability"": 0.0, ""modulation_ratio"": 0.0, ""median_latency_ms"": null}, ""4.0"": {""evoked_rate_hz"": 25.0, ""baseline_rate_hz"": 8.89, ""reliability"": 0.2, ""modulation_ratio"": 2.53, ""median_latency_ms"": 7.0}}",False,0.625,not light responsive,0.867,Not statistically significant (p=0.7273 >= 0.05); No positive modulation (mod_ratio=0.82 <= 1.0),0.2291,0.3656,0.1345,0.133,0.0,0.7829,0.3808,1.0,1.452,0.2341,low evidence (non-responsive),850247417,2.47896695043576,0.005628721037135,136.771603216967,0.99,0.0247699922702811,6.53043008101284,0.996,0.0027519779841761,good,59,1840,7779,2551,8625,CA1,"10-ms optical pulse (473 nm, Ai32)",19.259,16.667,5.435,2.414,0.133,"1.0, 2.5, 4.0 mW calibrated",8,9,0.3656,0,0
721123822,707296982,760213150,950910061,CA1,45,4.444,2.778,0.51,1.971,0.0,0.0,0.022,0.044,1.0,0.0,0.61638,-0.065,2.7778,"{""1.0"": {""evoked_rate_hz"": 0.0, ""baseline_rate_hz"": 4.44, ""reliability"": 0.0, ""modulation_ratio"": 0.0, ""median_latency_ms"": null}, ""2.5"": {""evoked_rate_hz"": 0.0, ""baseline_rate_hz"": 0.0, ""reliability"": 0.0, ""modulation_ratio"": 0.0, ""median_latency_ms"": null}, ""4.0"": {""evoked_rate_hz"": 8.33, ""baseline_rate_hz"": 8.89, ""reliability"": 0.067, ""modulation_ratio"": 0.84, ""median_latency_ms"": 1.97}}",False,-0.075,not light responsive,0.95,Not statistically significant (p=0.6164 >= 0.05); No positive modulation (mod_ratio=0.51 <= 1.0); Very low reliability (0.02 < 0.05),0.2914,0.0626,0.1431,0.022,0.0,0.9532,1.0,1.0,2.2812,0.1022,low evidence (non-responsive),850247423,2.93530417793093,0.139816655876784,80.2359835420858,0.99,0.0154605227216723,6.07234394110844,0.992666666666667,0.0004836525440123,good,11,1860,7777,2540,8649,CA1,"10-ms optical pulse (473 nm, Ai32)",4.444,2.778,1.971,0.0,0.022,"1.0, 2.5, 4.0 mW calibrated",1,2,0.0626,0,0
721123822,707296982,760213150,950910079,CA1,45,1.481,0.0,0.0,,,,0.0,0.022,0.0,,1.0,-0.149,0.0,"{""1.0"": {""evoked_rate_hz"": 0.0, ""baseline_rate_hz"": 4.44, ""reliability"": 0.0, ""modulation_ratio"": 0.0, ""median_latency_ms"": null}, ""2.5"": {""evoked_rate_hz"": 0.0, ""baseline_rate_hz"": 0.0, ""reliability"": 0.0, ""modulation_ratio"": 0.0, ""median_latency_ms"": null}, ""4.0"": {""evoked_rate_hz"": 0.0, ""baseline_rate_hz"": 0.0, ""reliability"": 0.0, ""modulation_ratio"": 0.0, ""median_latency_ms"": null}}",False,-221.222,not light responsive,0.95,Not statistically significant (p=1.0000 >= 0.05); No positive modulation (mod_ratio=0.00 <= 1.0); Very low reliability (0.00 < 0.05),0.0376,0.144,0.1192,0.0,0.0,0.0002,0.0183,1.0,4.6165,0.0099,low evidence (non-responsive),850247457,3.91436089582399,0.074698175224439,92.3151666052105,0.98,0.0007885966335128,7.01527890546536,0.994666666666667,0.00048828125,good,59,2040,7771,2478,8785,CA1,"10-ms optical pulse (473 nm, Ai32)",1.481,0.0,,,0.0,"1.0, 2.5, 4.0 mW calibrated",0,1,0.144,0,0
721123822,707296982,760213150,950910089,CA1,45,2.963,2.778,0.701,6.228,0.0,0.0,0.022,0.022,1.0,0.0,1.0,-0.014,0.0,"{""1.0"": {""evoked_rate_hz"": 0.0, ""baseline_rate_hz"": 4.44, ""reliability"": 0.0, ""modulation_ratio"": 0.0, ""median_latency_ms"": null}, ""2.5"": {""evoked_rate_hz"": 8.33, ""baseline_rate_hz"": 4.44, ""reliability"": 0.067, ""modulation_ratio"": 1.53, ""median_latency_ms"": 6.23}, ""4.0"": {""evoked_rate_hz"": 0.0, ""baseline_rate_hz"": 0.0, ""reliability"": 0.0, ""modulation_ratio"": 0.0, ""median_latency_ms"": null}}",False,-221.222,not light responsive,0.95,Not statistically significant (p=1.0000 >= 0.05); No positive modulation (mod_ratio=0.70 <= 1.0); Very low reliability (0.02 < 0.05),0.2475,0.09,0.1192,0.022,0.0,0.7081,1.0,1.0,1.7687,0.1706,low evidence (non-responsive),850247463,0.76050586026486,0.234902311885532,78.1290536328401,0.98,0.0281304534301189,4.92740948025604,0.985165794066318,0.0006584875580508,good,11,2060,7769,2463,8817,CA1,"10-ms optical pulse (473 nm, Ai32)",2.963,2.778,6.228,0.0,0.022,"1.0, 2.5, 4.0 mW calibrated",1,1,0.09,0,0
721123822,707296982,760213150,950910085,CA1,45,8.889,8.333,0.843,8.592,1.483,1.285,0.067,0.067,0.955,0.192,0.82617,-0.014,2.7778,"{""1.0"": {""evoked_rate_hz"": 0.0, ""baseline_rate_hz"": 8.89, ""reliability"": 0.0, ""modulation_ratio"": 0.0, ""median_latency_ms"": null}, ""2.5"": {""evoked_rate_hz"": 16.67, ""baseline_rate_hz"": 8.89, ""reliability"": 0.133, ""modulation_ratio"": 1.69, ""median_latency_ms"": 8.59}, ""4.0"": {""evoked_rate_hz"": 8.33, ""baseline_rate_hz"": 8.89, ""reliability"": 0.067, ""modulation_ratio"": 0.84, ""median_latency_ms"": 6.02}}",False,-0.497,not light responsive,0.933,Not statistically significant (p=0.8262 >= 0.05); No positive modulation (mod_ratio=0.84 <= 1.0),0.1744,0.2091,0.1282,0.067,0.0,0.4265,0.5526,1.0,1.5424,0.2139,low evidence (non-responsive),850247461,1.70541894061708,0.0177977449443584,88.9508132365422,0.96,0.0893319641392212,4.83590810296564,0.992,0.0020030635088959,good,43,2060,7770,2467,8809,CA1,"10-ms optical pulse (473 nm, Ai32)",8.889,8.333,8.592,1.483,0.067,"1.0, 2.5, 4.0 mW calibrated",4,4,0.2091,0,0
721123822,707296982,760213150,950910109,CA1,45,7.407,8.333,0.991,1.44,3.7,3.297,0.067,0.044,0.955,1.095,1.0,0.023,2.7778,"{""1.0"": {""evoked_rate_hz"": 8.33, ""baseline_rate_hz"": 4.44, ""reliability"": 0.067, ""modulation_ratio"": 1.53, ""median_latency_ms"": 1.44}, ""2.5"": {""evoked_rate_hz"": 0.0, ""baseline_rate_hz"": 13.33, ""reliability"": 0.0, ""modulation_ratio"": 0.0, ""median_latency_ms"": null}, ""4.0"": {""evoked_rate_hz"": 16.67, ""baseline_rate_hz"": 4.44, ""reliability"": 0.133, ""modulation_ratio"": 3.06, ""median_latency_ms"": 4.35}}",False,1.0,not light responsive,0.933,Not statistically significant (p=1.0000 >= 0.05); No positive modulation (mod_ratio=0.99 <= 1.0),0.2198,0.8054,0.1192,0.067,0.0,0.9637,0.2276,1.0,2.2465,0.1058,low evidence (non-responsive),850247475,1.66992174266466,0.448669495759023,42.5305549209415,0.96,0.0293397934822183,3.125884093383,0.808664259927798,0.0042168055127018,good,27,2120,7767,2441,8867,CA1,"10-ms optical pulse (473 nm, Ai32)",7.407,8.333,1.44,3.7,0.067,"1.0, 2.5, 4.0 mW calibrated",4,3,0.8054,0,0
721123822,707296982,760213150,950911035,CA1,45,0.0,2.778,2.778,7.544,0.0,0.0,0.022,0.0,1.0,0.0,1.0,0.149,2.7778,"{""1.0"": {""evoked_rate_hz"": 0.0, ""baseline_rate_hz"": 0.0, ""reliability"": 0.0, ""modulation_ratio"": 0.0, ""median_latency_ms"": null}, ""2.5"": {""evoked_rate_hz"": 0.0, ""baseline_rate_hz"": 0.0, ""reliability"": 0.0, ""modulation_ratio"": 0.0, ""median_latency_ms"": null}, ""4.0"": {""evoked_rate_hz"": 8.33, ""baseline_rate_hz"": 0.0, ""reliability"": 0.067, ""modulation_ratio"": 8.33, ""median_latency_ms"": 7.54}}",False,-0.497,not light responsive,0.95,Not statistically significant (p=1.0000 >= 0.05); Very low reliability (0.02 < 0.05),0.3502,0.1134,0.1192,0.022,0.6273,0.5568,1.0,1.0,1.473,0.2292,intermediate evidence (uncertain / borderline),850247487,3.78713240280839,0.234563052174022,53.0131672045123,0.99,0.0086390825416587,5.26695679711511,0.763403263403263,0.0056619312332715,good,11,2180,7765,2418,8917,CA1,"10-ms optical pulse (473 nm, Ai32)",0.0,2.778,7.544,0.0,0.022,"1.0, 2.5, 4.0 mW calibrated",1,0,0.1134,0,0
721123822,707296982,760213150,950910147,CA1,45,1.481,2.778,1.119,6.442,0.0,0.0,0.022,0.022,1.0,0.0,1.0,0.149,-2.7778,"{""1.0"": {""evoked_rate_hz"": 8.33, ""baseline_rate_hz"": 4.44, ""reliability"": 0.067, ""modulation_ratio"": 1.53, ""median_latency_ms"": 6.44}, ""2.5"": {""evoked_rate_hz"": 0.0, ""baseline_rate_hz"": 0.0, ""reliability"": 0.0, ""modulation_ratio"": 0.0, ""median_latency_ms"": null}, ""4.0"": {""evoked_rate_hz"": 0.0, ""baseline_rate_hz"": 0.0, ""reliability"": 0.0, ""modulation_ratio"": 0.0, ""median_latency_ms"": null}}",False,0.001,not light responsive,0.95,Not statistically significant (p=1.0000 >= 0.05); Very low reliability (0.02 < 0.05),0.2603,0.0971,0.1192,0.022,0.0809,0.6855,1.0,1.0,1.669,0.1884,low evidence (non-responsive),850247487,2.26964379271945,0.293449943406259,50.5682678903182,0.99,0.0880988181141783,3.60075688942705,0.767145135566188,0.0122103944896681,good,11,2180,7765,2418,8917,CA1,"10-ms optical pulse (473 nm, Ai32)",1.481,2.778,6.442,0.0,0.022,"1.0, 2.5, 4.0 mW calibrated",1,1,0.0971,0,0
721123822,707296982,760213150,950910140,CA1,45,28.148,8.333,0.286,8.51,3.461,3.052,0.067,0.222,0.955,0.522,0.01099,-0.42,5.5556,"{""1.0"": {""evoked_rate_hz"": 0.0, ""baseline_rate_hz"": 31.11, ""reliability"": 0.0, ""modulation_ratio"": 0.0, ""median_latency_ms"": null}, ""2.5"": {""evoked_rate_hz"": 8.33, ""baseline_rate_hz"": 35.56, ""reliability"": 0.067, ""modulation_ratio"": 0.23, ""median_latency_ms"": 8.51}, ""4.0"": {""evoked_rate_hz"": 16.67, ""baseline_rate_hz"": 17.78, ""reliability"": 0.133, ""modulation_ratio"": 0.89, ""median_latency_ms"": 5.69}}",False,-0.399,not light responsive,0.933,Not statistically significant (p=0.0110 >= 0.05); No positive modulation (mod_ratio=0.29 <= 1.0),0.2542,0.2912,0.4898,0.067,0.0,0.4366,0.2505,1.0,1.5406,0.2143,low evidence (non-responsive),850247487,3.22398354584994,0.0018002066218364,82.1426260649524,0.99,0.0003563793538855,5.90153825721043,0.997333333333333,0.0010903426791277,good,11,2180,7765,2418,8917,CA1,"10-ms optical pulse (473 nm, Ai32)",28.148,8.333,8.51,3.461,0.067,"1.0, 2.5, 4.0 mW calibrated",4,13,0.2912,0,0
721123822,707296982,760213150,950910245,VISal,45,1.481,0.0,0.0,,,,0.0,0.022,0.0,,1.0,-0.149,0.0,"{""1.0"": {""evoked_rate_hz"": 0.0, ""baseline_rate_hz"": 0.0, ""reliability"": 0.0, ""modulation_ratio"": 0.0, ""median_latency_ms"": null}, ""2.5"": {""evoked_rate_hz"": 0.0, ""baseline_rate_hz"": 4.44, ""reliability"": 0.0, ""modulation_ratio"": 0.0, ""median_latency_ms"": null}, ""4.0"": {""evoked_rate_hz"": 0.0, ""baseline_rate_hz"": 0.0, ""reliability"": 0.0, ""modulation_ratio"": 0.0, ""median_latency_ms"": null}}",False,-0.991,not light responsive,0.95,Not statistically significant (p=1.0000 >= 0.05); No positive modulation (mod_ratio=0.00 <= 1.0); Very low reliability (0.00 < 0.05),0.0376,0.144,0.1192,0.0,0.0,0.0002,0.0183,1.0,4.6165,0.0099,low evidence (non-responsive),850247567,2.10062712620953,0.0518414224249031,61.4225437990126,0.99,0.053375236279447,2.19103909127093,0.864666666666667,0.0536804885888782,good,11,2580,7769,2251,9328,VISal,"10-ms optical pulse (473 nm, Ai32)",1.481,0.0,,,0.0,"1.0, 2.5, 4.0 mW calibrated",0,1,0.144,0,0
721123822,707296982,760213150,950910249,VISal,45,0.0,8.333,8.333,5.574,1.514,1.358,0.067,0.0,0.955,0.315,0.26274,0.264,-5.5556,"{""1.0"": {""evoked_rate_hz"": 16.67, ""baseline_rate_hz"": 0.0, ""reliability"": 0.133, ""modulation_ratio"": 16.67, ""median_latency_ms"": 5.67}, ""2.5"": {""evoked_rate_hz"": 8.33, ""baseline_rate_hz"": 0.0, ""reliability"": 0.067, ""modulation_ratio"": 8.33, ""median_latency_ms"": 3.06}, ""4.0"": {""evoked_rate_hz"": 0.0, ""baseline_rate_hz"": 0.0, ""reliability"": 0.0, ""modulation_ratio"": 0.0, ""median_latency_ms"": null}}",False,-221.222,not light responsive,0.933,Not statistically significant (p=0.2627 >= 0.05),0.4274,0.193,0.1947,0.067,0.9103,0.7708,0.5457,1.0,2.4421,0.087,intermediate evidence (uncertain / borderline),850247579,2.04934439638066,0.0714963132661012,72.1500245195105,0.98,0.002954506534943,1.99246870644414,0.977839335180055,0.0066742746481308,good,27,2640,7772,2226,9393,VISal,"10-ms optical pulse (473 nm, Ai32)",0.0,8.333,5.574,1.514,0.067,"1.0, 2.5, 4.0 mW calibrated",4,0,0.193,0,0
721123822,707296982,760213150,950911068,VISal,45,0.0,0.0,0.0,,,,0.0,0.0,0.0,,1.0,0.0,0.0,"{""1.0"": {""evoked_rate_hz"": 0.0, ""baseline_rate_hz"": 0.0, ""reliability"": 0.0, ""modulation_ratio"": 0.0, ""median_latency_ms"": null}, ""2.5"": {""evoked_rate_hz"": 0.0, ""baseline_rate_hz"": 0.0, ""reliability"": 0.0, ""modulation_ratio"": 0.0, ""median_latency_ms"": null}, ""4.0"": {""evoked_rate_hz"": 0.0, ""baseline_rate_hz"": 0.0, ""reliability"": 0.0, ""modulation_ratio"": 0.0, ""median_latency_ms"": null}}",False,-443.444,insufficient evidence,0.0,Insufficient trial count (<10) or zero spikes recorded,0.0376,0.144,0.1192,0.0,0.0,0.0002,0.0183,1.0,4.6165,0.0099,insufficient evidence,850247587,2.22874466476717,0.0357979913819131,38.4419203332013,0.99,0.0320854990685114,1.83773018287803,0.838574423480084,0.002167801375199,good,27,2680,7774,2209,9437,VISal,"10-ms optical pulse (473 nm, Ai32)",0.0,0.0,,,0.0,"1.0, 2.5, 4.0 mW calibrated",0,0,0.144,0,-1
721123822,707296982,760213150,950910310,VISal,45,4.444,2.778,0.51,2.945,0.0,0.0,0.022,0.022,1.0,0.0,0.61938,-0.065,0.0,"{""1.0"": {""evoked_rate_hz"": 0.0, ""baseline_rate_hz"": 8.89, ""reliability"": 0.0, ""modulation_ratio"": 0.0, ""median_latency_ms"": null}, ""2.5"": {""evoked_rate_hz"": 8.33, ""baseline_rate_hz"": 4.44, ""reliability"": 0.067, ""modulation_ratio"": 1.53, ""median_latency_ms"": 2.95}, ""4.0"": {""evoked_rate_hz"": 0.0, ""baseline_rate_hz"": 0.0, ""reliability"": 0.0, ""modulation_ratio"": 0.0, ""median_latency_ms"": null}}",False,0.004,not light responsive,0.95,Not statistically significant (p=0.6194 >= 0.05); No positive modulation (mod_ratio=0.51 <= 1.0); Very low reliability (0.02 < 0.05),0.2873,0.0694,0.1428,0.022,0.0,0.926,1.0,1.0,2.1282,0.1191,low evidence (non-responsive),850247599,2.4398992676177,0.275208035142906,38.2878572701292,0.99,0.0495509558038505,2.46903200221014,0.792746113989637,0.0053703137214914,good,11,2740,7777,2183,9503,VISal,"10-ms optical pulse (473 nm, Ai32)",4.444,2.778,2.945,0.0,0.022,"1.0, 2.5, 4.0 mW calibrated",1,2,0.0694,0,0
721123822,707296982,760213150,950910320,VISal,45,20.741,22.222,1.022,6.855,1.206,1.725,0.178,0.133,0.841,0.18,0.85714,0.025,5.5556,"{""1.0"": {""evoked_rate_hz"": 8.33, ""baseline_rate_hz"": 31.11, ""reliability"": 0.067, ""modulation_ratio"": 0.26, ""median_latency_ms"": 8.48}, ""2.5"": {""evoked_rate_hz"": 33.33, ""baseline_rate_hz"": 13.33, ""reliability"": 0.267, ""modulation_ratio"": 2.33, ""median_latency_ms"": 6.92}, ""4.0"": {""evoked_rate_hz"": 25.0, ""baseline_rate_hz"": 17.78, ""reliability"": 0.2, ""modulation_ratio"": 1.33, ""median_latency_ms"": 5.89}}",False,0.125,not light responsive,0.822,Not statistically significant (p=0.8571 >= 0.05),0.2432,0.3323,0.1264,0.178,0.0157,0.6393,0.6173,1.0,1.1799,0.3073,low evidence (non-responsive),850247601,2.84079245439055,0.0075387260580528,79.5155512291046,0.99,0.0017325871429571,3.01524111165599,0.984666666666667,0.0250189537528431,good,59,2760,7777,2179,9513,VISal,"10-ms optical pulse (473 nm, Ai32)",20.741,22.222,6.855,1.206,0.178,"1.0, 2.5, 4.0 mW calibrated",10,9,0.3323,0,0
721123822,707296982,760213150,950910336,VISal,45,2.963,8.333,2.103,1.812,0.164,0.153,0.067,0.0,0.955,0.087,0.42258,0.153,-2.7778,"{""1.0"": {""evoked_rate_hz"": 8.33, ""baseline_rate_hz"": 8.89, ""reliability"": 0.067, ""modulation_ratio"": 0.84, ""median_latency_ms"": 2.07}, ""2.5"": {""evoked_rate_hz"": 16.67, ""baseline_rate_hz"": 0.0, ""reliability"": 0.133, ""modulation_ratio"": 16.67, ""median_latency_ms"": 1.79}, ""4.0"": {""evoked_rate_hz"": 0.0, ""baseline_rate_hz"": 0.0, ""reliability"": 0.0, ""modulation_ratio"": 0.0, ""median_latency_ms"": null}}",False,0.004,not light responsive,0.933,Not statistically significant (p=0.4226 >= 0.05),0.4012,0.1524,0.1644,0.067,0.4901,0.9566,0.9365,1.0,1.938,0.144,intermediate evidence (uncertain / borderline),850247607,2.02069317299505,0.0078810218532237,48.5779207449934,0.99,0.0138742491732429,2.90528791633508,0.958666666666667,0.005068312031732,good,11,2780,7779,2166,9546,VISal,"10-ms optical pulse (473 nm, Ai32)",2.963,8.333,1.812,0.164,0.067,"1.0, 2.5, 4.0 mW calibrated",4,1,0.1524,0,0
721123822,707296982,760213150,950910393,VISal,45,1.481,2.778,1.119,1.311,0.0,0.0,0.022,0.0,1.0,0.0,1.0,0.149,2.7778,"{""1.0"": {""evoked_rate_hz"": 0.0, ""baseline_rate_hz"": 0.0, ""reliability"": 0.0, ""modulation_ratio"": 0.0, ""median_latency_ms"": null}, ""2.5"": {""evoked_rate_hz"": 0.0, ""baseline_rate_hz"": 0.0, ""reliability"": 0.0, ""modulation_ratio"": 0.0, ""median_latency_ms"": null}, ""4.0"": {""evoked_rate_hz"": 8.33, ""baseline_rate_hz"": 4.44, ""reliability"": 0.067, ""modulation_ratio"": 1.53, ""median_latency_ms"": 1.31}}",False,1.0,not light responsive,0.95,Not statistically significant (p=1.0000 >= 0.05); Very low reliability (0.02 < 0.05),0.3023,0.0606,0.1192,0.022,0.0809,0.9659,1.0,1.0,2.3303,0.0973,low evidence (non-responsive),850247615,2.04725022067883,0.0317010726780791,42.1384657425212,0.99,0.0022275510156918,3.85237381862626,0.806763285024155,0.0010069479407914,good,11,2820,7781,2148,9590,VISal,"10-ms optical pulse (473 nm, Ai32)",1.481,2.778,1.311,0.0,0.022,"1.0, 2.5, 4.0 mW calibrated",1,1,0.0606,0,0
721123822,707296982,760213150,950910375,VISal,45,4.444,0.0,0.0,,,,0.0,0.0,0.0,,0.24975,-0.264,0.0,"{""1.0"": {""evoked_rate_hz"": 0.0, ""baseline_rate_hz"": 4.44, ""reliability"": 0.0, ""modulation_ratio"": 0.0, ""median_latency_ms"": null}, ""2.5"": {""evoked_rate_hz"": 0.0, ""baseline_rate_hz"": 0.0, ""reliability"": 0.0, ""modulation_ratio"": 0.0, ""median_latency_ms"": null}, ""4.0"": {""evoked_rate_hz"": 0.0, ""baseline_rate_hz"": 8.89, ""reliability"": 0.0, ""modulation_ratio"": 0.0, ""median_latency_ms"": null}}",False,1.0,not light responsive,0.95,Not statistically significant (p=0.2497 >= 0.05); No positive modulation (mod_ratio=0.00 <= 1.0); Very low reliability (0.00 < 0.05),0.0613,0.144,0.1982,0.0,0.0,0.0002,0.0183,1.0,4.6165,0.0099,low evidence (non-responsive),850247613,2.21712345581302,0.0,52.1571299252568,0.99,0.0004912651347937,2.50140788797168,0.982666666666667,0.001979707993071,good,43,2820,7780,2153,9579,VISal,"10-ms optical pulse (473 nm, Ai32)",4.444,0.0,,,0.0,"1.0, 2.5, 4.0 mW calibrated",0,2,0.144,0,0
721123822,707296982,760213150,950910412,VISal,45,1.481,0.0,0.0,,,,0.0,0.022,0.0,,1.0,-0.149,0.0,"{""1.0"": {""evoked_rate_hz"": 0.0, ""baseline_rate_hz"": 0.0, ""reliability"": 0.0, ""modulation_ratio"": 0.0, ""median_latency_ms"": null}, ""2.5"": {""evoked_rate_hz"": 0.0, ""baseline_rate_hz"": 4.44, ""reliability"": 0.0, ""modulation_ratio"": 0.0, ""median_latency_ms"": null}, ""4.0"": {""evoked_rate_hz"": 0.0, ""baseline_rate_hz"": 0.0, ""reliability"": 0.0, ""modulation_ratio"": 0.0, ""median_latency_ms"": null}}",False,0.334,not light responsive,0.95,Not statistically significant (p=1.0000 >= 0.05); No positive modulation (mod_ratio=0.00 <= 1.0); Very low reliability (0.00 < 0.05),0.0376,0.144,0.1192,0.0,0.0,0.0002,0.0183,1.0,4.6165,0.0099,low evidence (non-responsive),850247621,3.49633068307286,0.0,47.8312601809019,0.99,0.001134872745919,1.74523697817567,0.868852459016393,0.002665856786124,good,43,2860,7782,2135,9622,VISal,"10-ms optical pulse (473 nm, Ai32)",1.481,0.0,,,0.0,"1.0, 2.5, 4.0 mW calibrated",0,1,0.144,0,0
721123822,707296982,760213150,950910465,VISal,45,11.852,2.778,0.216,3.378,0.0,0.0,0.022,0.089,1.0,0.0,0.04695,-0.276,0.0,"{""1.0"": {""evoked_rate_hz"": 0.0, ""baseline_rate_hz"": 4.44, ""reliability"": 0.0, ""modulation_ratio"": 0.0, ""median_latency_ms"": null}, ""2.5"": {""evoked_rate_hz"": 8.33, ""baseline_rate_hz"": 17.78, ""reliability"": 0.067, ""modulation_ratio"": 0.44, ""median_latency_ms"": 3.38}, ""4.0"": {""evoked_rate_hz"": 0.0, ""baseline_rate_hz"": 13.33, ""reliability"": 0.0, ""modulation_ratio"": 0.0, ""median_latency_ms"": null}}",False,1.0,not light responsive,0.95,Not statistically significant (p=0.0469 >= 0.05); No positive modulation (mod_ratio=0.22 <= 1.0); Very low reliability (0.02 < 0.05),0.3434,0.0724,0.3381,0.022,0.0,0.9098,1.0,1.0,2.0657,0.1267,low evidence (non-responsive),850247631,2.83112063860904,0.0085613454019122,63.7551390743473,0.99,0.0057806666919088,2.6913489415837,0.982,0.0029426411335959,good,11,2900,7785,2108,9687,VISal,"10-ms optical pulse (473 nm, Ai32)",11.852,2.778,3.378,0.0,0.022,"1.0, 2.5, 4.0 mW calibrated",1,5,0.0724,0,0
721123822,707296982,760213150,950910456,VISal,45,14.815,11.111,0.703,5.054,2.298,2.81,0.089,0.044,0.932,0.456,0.59141,-0.075,8.3333,"{""1.0"": {""evoked_rate_hz"": 0.0, ""baseline_rate_hz"": 17.78, ""reliability"": 0.0, ""modulation_ratio"": 0.0, ""median_latency_ms"": null}, ""2.5"": {""evoked_rate_hz"": 8.33, ""baseline_rate_hz"": 17.78, ""reliability"": 0.067, ""modulation_ratio"": 0.44, ""median_latency_ms"": 4.06}, ""4.0"": {""evoked_rate_hz"": 25.0, ""baseline_rate_hz"": 8.89, ""reliability"": 0.2, ""modulation_ratio"": 2.53, ""median_latency_ms"": 6.05}}",False,0.001,not light responsive,0.911,Not statistically significant (p=0.5914 >= 0.05); No positive modulation (mod_ratio=0.70 <= 1.0),0.2278,0.3194,0.1453,0.089,0.0,0.8135,0.3988,1.0,1.6296,0.196,low evidence (non-responsive),850247631,3.33103779311304,0.0021813537652809,63.5429994272088,0.99,9.46464049308406e-05,3.54877467176967,0.985882352941176,0.0022280243690165,good,11,2900,7785,2108,9687,VISal,"10-ms optical pulse (473 nm, Ai32)",14.815,11.111,5.054,2.298,0.089,"1.0, 2.5, 4.0 mW calibrated",5,7,0.3194,0,0
721123822,707296982,760213150,950910442,VISal,45,10.37,0.0,0.0,,,,0.0,0.089,0.0,,0.01798,-0.424,0.0,"{""1.0"": {""evoked_rate_hz"": 0.0, ""baseline_rate_hz"": 13.33, ""reliability"": 0.0, ""modulation_ratio"": 0.0, ""median_latency_ms"": null}, ""2.5"": {""evoked_rate_hz"": 0.0, ""baseline_rate_hz"": 8.89, ""reliability"": 0.0, ""modulation_ratio"": 0.0, ""median_latency_ms"": null}, ""4.0"": {""evoked_rate_hz"": 0.0, ""baseline_rate_hz"": 8.89, ""reliability"": 0.0, ""modulation_ratio"": 0.0, ""median_latency_ms"": null}}",False,-1.494,not light responsive,0.95,Not statistically significant (p=0.0180 >= 0.05); No positive modulation (mod_ratio=0.00 <= 1.0); Very low reliability (0.00 < 0.05),0.1329,0.144,0.4366,0.0,0.0,0.0002,0.0183,1.0,4.6165,0.0099,low evidence (non-responsive),850247629,2.38376119929196,0.0013041279323396,58.8975768094562,0.99,0.000231327853596,3.3385769747466,0.988666666666667,0.0036630036630036,good,43,2900,7784,2113,9676,VISal,"10-ms optical pulse (473 nm, Ai32)",10.37,0.0,,,0.0,"1.0, 2.5, 4.0 mW calibrated",0,5,0.144,0,0
721123822,707296982,760213150,950910487,VISal,45,2.963,0.0,0.0,,,,0.0,0.022,0.0,,0.52448,-0.213,0.0,"{""1.0"": {""evoked_rate_hz"": 0.0, ""baseline_rate_hz"": 0.0, ""reliability"": 0.0, ""modulation_ratio"": 0.0, ""median_latency_ms"": null}, ""2.5"": {""evoked_rate_hz"": 0.0, ""baseline_rate_hz"": 0.0, ""reliability"": 0.0, ""modulation_ratio"": 0.0, ""median_latency_ms"": null}, ""4.0"": {""evoked_rate_hz"": 0.0, ""baseline_rate_hz"": 8.89, ""reliability"": 0.0, ""modulation_ratio"": 0.0, ""median_latency_ms"": null}}",False,1.0,not light responsive,0.95,Not statistically significant (p=0.5245 >= 0.05); No positive modulation (mod_ratio=0.00 <= 1.0); Very low reliability (0.00 < 0.05),0.0474,0.144,0.1519,0.0,0.0,0.0002,0.0183,1.0,4.6165,0.0099,low evidence (non-responsive),850247633,2.34440362623938,0.153946880501107,32.4508244524075,0.99,0.0272409690370215,1.78017074037738,0.743961352657005,0.0032676401511283,good,59,2920,7785,2104,9698,VISal,"10-ms optical pulse (473 nm, Ai32)",2.963,0.0,,,0.0,"1.0, 2.5, 4.0 mW calibrated",0,1,0.144,0,0
721123822,707296982,760213150,950910470,VISal,45,10.37,0.0,0.0,,,,0.0,0.067,0.0,,0.02098,-0.424,0.0,"{""1.0"": {""evoked_rate_hz"": 0.0, ""baseline_rate_hz"": 13.33, ""reliability"": 0.0, ""modulation_ratio"": 0.0, ""median_latency_ms"": null}, ""2.5"": {""evoked_rate_hz"": 0.0, ""baseline_rate_hz"": 8.89, ""reliability"": 0.0, ""modulation_ratio"": 0.0, ""median_latency_ms"": null}, ""4.0"": {""evoked_rate_hz"": 0.0, ""baseline_rate_hz"": 8.89, ""reliability"": 0.0, ""modulation_ratio"": 0.0, ""median_latency_ms"": null}}",False,0.334,not light responsive,0.95,Not statistically significant (p=0.0210 >= 0.05); No positive modulation (mod_ratio=0.00 <= 1.0); Very low reliability (0.00 < 0.05),0.1279,0.144,0.4202,0.0,0.0,0.0002,0.0183,1.0,4.6165,0.0099,low evidence (non-responsive),850247633,2.36333706964038,0.0254513357397242,44.3502803453933,0.99,0.0366363412154494,2.3713539973822,0.92156862745098,0.0065215875008718,good,59,2920,7785,2104,9698,VISal,"10-ms optical pulse (473 nm, Ai32)",10.37,0.0,,,0.0,"1.0, 2.5, 4.0 mW calibrated",0,5,0.144,0,0
721123822,707296982,760213150,950910522,VISal,45,7.407,2.778,0.33,3.516,0.0,0.0,0.022,0.044,1.0,0.0,0.22777,-0.16,2.7778,"{""1.0"": {""evoked_rate_hz"": 0.0, ""baseline_rate_hz"": 13.33, ""reliability"": 0.0, ""modulation_ratio"": 0.0, ""median_latency_ms"": null}, ""2.5"": {""evoked_rate_hz"": 0.0, ""baseline_rate_hz"": 4.44, ""reliability"": 0.0, ""modulation_ratio"": 0.0, ""median_latency_ms"": null}, ""4.0"": {""evoked_rate_hz"": 8.33, ""baseline_rate_hz"": 4.44, ""reliability"": 0.067, ""modulation_ratio"": 1.53, ""median_latency_ms"": 3.52}}",False,-0.497,not light responsive,0.95,Not statistically significant (p=0.2278 >= 0.05); No positive modulation (mod_ratio=0.33 <= 1.0); Very low reliability (0.02 < 0.05),0.3025,0.0734,0.2046,0.022,0.0,0.904,1.0,1.0,2.0466,0.1292,low evidence (non-responsive),850247639,3.93409458525421,0.0143830447798746,57.3268418492248,0.99,0.0003117487117941,4.18964123957974,0.97950377562028,0.0005159426271798,good,11,2940,7787,2090,9730,VISal,"10-ms optical pulse (473 nm, Ai32)",7.407,2.778,3.516,0.0,0.022,"1.0, 2.5, 4.0 mW calibrated",1,3,0.0734,0,0
721123822,707296982,760213150,950910517,VISal,45,13.333,13.889,0.969,2.762,3.008,4.003,0.111,0.111,0.909,0.756,1.0,0.011,-11.1111,"{""1.0"": {""evoked_rate_hz"": 33.33, ""baseline_rate_hz"": 8.89, ""reliability"": 0.267, ""modulation_ratio"": 3.37, ""median_latency_ms"": 3.67}, ""2.5"": {""evoked_rate_hz"": 8.33, ""baseline_rate_hz"": 22.22, ""reliability"": 0.067, ""modulation_ratio"": 0.36, ""median_latency_ms"": 2.76}, ""4.0"": {""evoked_rate_hz"": 0.0, ""baseline_rate_hz"": 8.89, ""reliability"": 0.0, ""modulation_ratio"": 0.0, ""median_latency_ms"": null}}",False,-0.331,not light responsive,0.889,Not statistically significant (p=1.0000 >= 0.05); No positive modulation (mod_ratio=0.97 <= 1.0),0.2333,0.5407,0.1192,0.111,0.0,0.9321,0.3002,1.0,1.8994,0.1497,low evidence (non-responsive),850247639,4.54817531769414,0.0019233320818408,65.6310044583851,0.99,2.97803746977576e-06,3.79510078806962,0.996747967479675,0.0004866180048661,good,11,2940,7787,2090,9730,VISal,"10-ms optical pulse (473 nm, Ai32)",13.333,13.889,2.762,3.008,0.111,"1.0, 2.5, 4.0 mW calibrated",6,6,0.5407,0,0
721123822,707296982,760213150,950910513,VISal,45,7.407,2.778,0.33,3.283,0.0,0.0,0.022,0.067,1.0,0.0,0.22178,-0.16,0.0,"{""1.0"": {""evoked_rate_hz"": 0.0, ""baseline_rate_hz"": 4.44, ""reliability"": 0.0, ""modulation_ratio"": 0.0, ""median_latency_ms"": null}, ""2.5"": {""evoked_rate_hz"": 8.33, ""baseline_rate_hz"": 4.44, ""reliability"": 0.067, ""modulation_ratio"": 1.53, ""median_latency_ms"": 3.28}, ""4.0"": {""evoked_rate_hz"": 0.0, ""baseline_rate_hz"": 13.33, ""reliability"": 0.0, ""modulation_ratio"": 0.0, ""median_latency_ms"": null}}",False,-0.991,not light responsive,0.95,Not statistically significant (p=0.2218 >= 0.05); No positive modulation (mod_ratio=0.33 <= 1.0); Very low reliability (0.02 < 0.05),0.3045,0.0717,0.2065,0.022,0.0,0.9136,1.0,1.0,2.0791,0.125,low evidence (non-responsive),850247639,2.54111376836528,0.0651772173134455,45.2488506585887,0.99,0.0709077751821929,2.12633202128781,0.843478260869565,0.0047643707923355,good,11,2940,7787,2090,9730,VISal,"10-ms optical pulse (473 nm, Ai32)",7.407,2.778,3.283,0.0,0.022,"1.0, 2.5, 4.0 mW calibrated",1,3,0.0717,0,0
721123822,707296982,760213150,950910569,VISal,45,0.0,0.0,0.0,,,,0.0,0.0,0.0,,1.0,0.0,0.0,"{""1.0"": {""evoked_rate_hz"": 0.0, ""baseline_rate_hz"": 0.0, ""reliability"": 0.0, ""modulation_ratio"": 0.0, ""median_latency_ms"": null}, ""2.5"": {""evoked_rate_hz"": 0.0, ""baseline_rate_hz"": 0.0, ""reliability"": 0.0, ""modulation_ratio"": 0.0, ""median_latency_ms"": null}, ""4.0"": {""evoked_rate_hz"": 0.0, ""baseline_rate_hz"": 0.0, ""reliability"": 0.0, ""modulation_ratio"": 0.0, ""median_latency_ms"": null}}",False,1.0,insufficient evidence,0.0,Insufficient trial count (<10) or zero spikes recorded,0.0376,0.144,0.1192,0.0,0.0,0.0002,0.0183,1.0,4.6165,0.0099,insufficient evidence,850247643,1.93790750523837,0.312284995442686,43.7030714390967,0.97,0.0824970724487672,2.77498064425305,0.873737373737374,0.0006375411046238,good,27,2960,7788,2081,9751,VISal,"10-ms optical pulse (473 nm, Ai32)",0.0,0.0,,,0.0,"1.0, 2.5, 4.0 mW calibrated",0,0,0.144,0,-1
721123822,707296982,760213150,950910541,VISal,45,5.926,5.556,0.802,2.939,1.116,0.789,0.044,0.044,0.977,0.38,0.8042,-0.011,0.0,"{""1.0"": {""evoked_rate_hz"": 0.0, ""baseline_rate_hz"": 8.89, ""reliability"": 0.0, ""modulation_ratio"": 0.0, ""median_latency_ms"": null}, ""2.5"": {""evoked_rate_hz"": 16.67, ""baseline_rate_hz"": 0.0, ""reliability"": 0.133, ""modulation_ratio"": 16.67, ""median_latency_ms"": 2.94}, ""4.0"": {""evoked_rate_hz"": 0.0, ""baseline_rate_hz"": 8.89, ""reliability"": 0.0, ""modulation_ratio"": 0.0, ""median_latency_ms"": null}}",False,1.0,not light responsive,0.95,Not statistically significant (p=0.8042 >= 0.05); No positive modulation (mod_ratio=0.80 <= 1.0); Very low reliability (0.04 < 0.05),0.2528,0.2264,0.1295,0.044,0.0,0.9263,0.6399,1.0,2.0589,0.1276,low evidence (non-responsive),850247641,2.70368275676517,0.103206296448185,45.5667016551522,0.99,0.0450378925964048,3.19650346074733,0.609704641350211,0.0050802682381629,good,59,2960,7787,2086,9740,VISal,"10-ms optical pulse (473 nm, Ai32)",5.926,5.556,2.939,1.116,0.044,"1.0, 2.5, 4.0 mW calibrated",3,3,0.2264,0,0
721123822,707296982,760213150,950910532,VISal,45,7.407,0.0,0.0,,,,0.0,0.067,0.0,,0.06094,-0.35,0.0,"{""1.0"": {""evoked_rate_hz"": 0.0, ""baseline_rate_hz"": 0.0, ""reliability"": 0.0, ""modulation_ratio"": 0.0, ""median_latency_ms"": null}, ""2.5"": {""evoked_rate_hz"": 0.0, ""baseline_rate_hz"": 8.89, ""reliability"": 0.0, ""modulation_ratio"": 0.0, ""median_latency_ms"": null}, ""4.0"": {""evoked_rate_hz"": 0.0, ""baseline_rate_hz"": 13.33, ""reliability"": 0.0, ""modulation_ratio"": 0.0, ""median_latency_ms"": null}}",False,1.0,not light responsive,0.95,Not statistically significant (p=0.0609 >= 0.05); No positive modulation (mod_ratio=0.00 <= 1.0); Very low reliability (0.00 < 0.05),0.0958,0.144,0.3133,0.0,0.0,0.0002,0.0183,1.0,4.6165,0.0099,low evidence (non-responsive),850247641,2.38818059920399,0.0258821150804382,31.0618723754646,0.99,0.0728770681982624,1.79890319437863,0.64975845410628,0.0039883728790644,good,59,2960,7787,2086,9740,VISal,"10-ms optical pulse (473 nm, Ai32)",7.407,0.0,,,0.0,"1.0, 2.5, 4.0 mW calibrated",0,3,0.144,0,0
721123822,707296982,760213150,950910527,VISal,45,5.926,0.0,0.0,,,,0.0,0.067,0.0,,0.15584,-0.309,0.0,"{""1.0"": {""evoked_rate_hz"": 0.0, ""baseline_rate_hz"": 4.44, ""reliability"": 0.0, ""modulation_ratio"": 0.0, ""median_latency_ms"": null}, ""2.5"": {""evoked_rate_hz"": 0.0, ""baseline_rate_hz"": 8.89, ""reliability"": 0.0, ""modulation_ratio"": 0.0, ""median_latency_ms"": null}, ""4.0"": {""evoked_rate_hz"": 0.0, ""baseline_rate_hz"": 4.44, ""reliability"": 0.0, ""modulation_ratio"": 0.0, ""median_latency_ms"": null}}",False,-443.444,not light responsive,0.95,Not statistically significant (p=0.1558 >= 0.05); No positive modulation (mod_ratio=0.00 <= 1.0); Very low reliability (0.00 < 0.05),0.0717,0.144,0.2328,0.0,0.0,0.0002,0.0183,1.0,4.6165,0.0099,low evidence (non-responsive),850247641,2.13253013508081,0.0064121612431646,64.3777614010241,0.99,0.0045818542926061,3.35492882975015,0.894,0.0112851106139697,good,59,2960,7787,2086,9740,VISal,"10-ms optical pulse (473 nm, Ai32)",5.926,0.0,,,0.0,"1.0, 2.5, 4.0 mW calibrated",0,3,0.144,0,0
721123822,707296982,760213150,950910640,VISal,45,4.444,2.778,0.51,6.525,0.0,0.0,0.022,0.044,1.0,0.0,0.65834,-0.065,0.0,"{""1.0"": {""evoked_rate_hz"": 0.0, ""baseline_rate_hz"": 4.44, ""reliability"": 0.0, ""modulation_ratio"": 0.0, ""median_latency_ms"": null}, ""2.5"": {""evoked_rate_hz"": 8.33, ""baseline_rate_hz"": 0.0, ""reliability"": 0.067, ""modulation_ratio"": 8.33, ""median_latency_ms"": 6.52}, ""4.0"": {""evoked_rate_hz"": 0.0, ""baseline_rate_hz"": 8.89, ""reliability"": 0.0, ""modulation_ratio"": 0.0, ""median_latency_ms"": null}}",False,-0.664,not light responsive,0.95,Not statistically significant (p=0.6583 >= 0.05); No positive modulation (mod_ratio=0.51 <= 1.0); Very low reliability (0.02 < 0.05),0.2489,0.0911,0.1396,0.022,0.0,0.6764,1.0,1.0,1.7516,0.1735,low evidence (non-responsive),850247647,1.81683463339588,0.0123808573065489,55.3222173848054,0.99,0.0252912610584443,2.9888091475704,0.982,0.0019770660340055,good,11,2980,7789,2072,9772,VISal,"10-ms optical pulse (473 nm, Ai32)",4.444,2.778,6.525,0.0,0.022,"1.0, 2.5, 4.0 mW calibrated",1,2,0.0911,0,0
721123822,707296982,760213150,950910617,VISal,45,14.815,2.778,0.176,2.655,0.0,0.0,0.022,0.133,1.0,0.0,0.00699,-0.416,2.7778,"{""1.0"": {""evoked_rate_hz"": 0.0, ""baseline_rate_hz"": 17.78, ""reliability"": 0.0, ""modulation_ratio"": 0.0, ""median_latency_ms"": null}, ""2.5"": {""evoked_rate_hz"": 0.0, ""baseline_rate_hz"": 13.33, ""reliability"": 0.0, ""modulation_ratio"": 0.0, ""median_latency_ms"": null}, ""4.0"": {""evoked_rate_hz"": 8.33, ""baseline_rate_hz"": 13.33, ""reliability"": 0.067, ""modulation_ratio"": 0.58, ""median_latency_ms"": 2.66}}",False,-0.497,not light responsive,0.95,Not statistically significant (p=0.0070 >= 0.05); No positive modulation (mod_ratio=0.18 <= 1.0); Very low reliability (0.02 < 0.05),0.4074,0.0673,0.5388,0.022,0.0,0.9354,1.0,1.0,2.172,0.1139,intermediate evidence (uncertain / borderline),850247647,2.48289711665896,0.340013757949124,58.0756548289626,0.99,0.0288639084711303,2.66235958013443,0.921333333333333,0.0109562758759972,good,11,2980,7789,2072,9772,VISal,"10-ms optical pulse (473 nm, Ai32)",14.815,2.778,2.655,0.0,0.022,"1.0, 2.5, 4.0 mW calibrated",1,7,0.0673,0,0
721123822,707296982,760213150,950910612,VISal,45,2.963,5.556,1.402,4.889,2.588,1.83,0.044,0.044,0.977,0.529,0.75325,0.086,-2.7778,"{""1.0"": {""evoked_rate_hz"": 8.33, ""baseline_rate_hz"": 4.44, ""reliability"": 0.067, ""modulation_ratio"": 1.53, ""median_latency_ms"": 6.72}, ""2.5"": {""evoked_rate_hz"": 8.33, ""baseline_rate_hz"": 0.0, ""reliability"": 0.067, ""modulation_ratio"": 8.33, ""median_latency_ms"": 3.06}, ""4.0"": {""evoked_rate_hz"": 0.0, ""baseline_rate_hz"": 4.44, ""reliability"": 0.0, ""modulation_ratio"": 0.0, ""median_latency_ms"": null}}",False,-221.222,not light responsive,0.95,Not statistically significant (p=0.7532 >= 0.05); Very low reliability (0.04 < 0.05),0.258,0.3099,0.1327,0.044,0.239,0.8257,0.3552,1.0,1.583,0.2054,low evidence (non-responsive),850247647,3.31823888498268,0.164150333105082,38.0417399437636,0.99,0.0010537851984057,2.23893288261102,0.773989898989899,0.0038345658723637,good,11,2980,7789,2072,9772,VISal,"10-ms optical pulse (473 nm, Ai32)",2.963,5.556,4.889,2.588,0.044,"1.0, 2.5, 4.0 mW calibrated",3,1,0.3099,0,0
721123822,707296982,760213150,950910602,VISal,45,10.37,5.556,0.489,1.978,0.6,0.424,0.044,0.089,0.977,0.303,0.2977,-0.129,0.0,"{""1.0"": {""evoked_rate_hz"": 8.33, ""baseline_rate_hz"": 8.89, ""reliability"": 0.067, ""modulation_ratio"": 0.84, ""median_latency_ms"": 2.4}, ""2.5"": {""evoked_rate_hz"": 0.0, ""baseline_rate_hz"": 8.89, ""reliability"": 0.0, ""modulation_ratio"": 0.0, ""median_latency_ms"": null}, ""4.0"": {""evoked_rate_hz"": 8.33, ""baseline_rate_hz"": 13.33, ""reliability"": 0.067, ""modulation_ratio"": 0.58, ""median_latency_ms"": 1.55}}",False,-1.987,not light responsive,0.95,Not statistically significant (p=0.2977 >= 0.05); No positive modulation (mod_ratio=0.49 <= 1.0); Very low reliability (0.04 < 0.05),0.2885,0.1923,0.1864,0.044,0.0,0.9531,0.7866,1.0,2.2147,0.1092,low evidence (non-responsive),850247647,3.4129707715028,0.0041539183761267,52.5151057390786,0.99,0.000114353858665,3.64529259138741,0.986197377501725,0.0014010017162271,good,11,2980,7789,2072,9772,VISal,"10-ms optical pulse (473 nm, Ai32)",10.37,5.556,1.978,0.6,0.044,"1.0, 2.5, 4.0 mW calibrated",3,5,0.1923,0,0
721123822,707296982,760213150,950910590,VISal,45,2.963,5.556,1.402,4.147,1.917,1.356,0.044,0.0,0.977,0.462,0.76024,0.086,2.7778,"{""1.0"": {""evoked_rate_hz"": 0.0, ""baseline_rate_hz"": 4.44, ""reliability"": 0.0, ""modulation_ratio"": 0.0, ""median_latency_ms"": null}, ""2.5"": {""evoked_rate_hz"": 8.33, ""baseline_rate_hz"": 0.0, ""reliability"": 0.067, ""modulation_ratio"": 8.33, ""median_latency_ms"": 5.5}, ""4.0"": {""evoked_rate_hz"": 8.33, ""baseline_rate_hz"": 4.44, ""reliability"": 0.067, ""modulation_ratio"": 1.53, ""median_latency_ms"": 2.79}}",False,0.001,not light responsive,0.95,Not statistically significant (p=0.7602 >= 0.05); Very low reliability (0.04 < 0.05),0.2759,0.2787,0.1323,0.044,0.239,0.8729,0.4645,1.0,1.6819,0.186,low evidence (non-responsive),850247647,1.59687793329177,0.0076991748934854,45.8265087210801,0.99,0.0066790156505874,2.91309528897745,0.924528301886792,0.0007748803988949,good,11,2980,7789,2072,9772,VISal,"10-ms optical pulse (473 nm, Ai32)",2.963,5.556,4.147,1.917,0.044,"1.0, 2.5, 4.0 mW calibrated",3,1,0.2787,0,0
721123822,707296982,760213150,950910586,VISal,45,0.0,2.778,2.778,1.077,0.0,0.0,0.022,0.0,1.0,0.0,1.0,0.149,2.7778,"{""1.0"": {""evoked_rate_hz"": 0.0, ""baseline_rate_hz"": 0.0, ""reliability"": 0.0, ""modulation_ratio"": 0.0, ""median_latency_ms"": null}, ""2.5"": {""evoked_rate_hz"": 0.0, ""baseline_rate_hz"": 0.0, ""reliability"": 0.0, ""modulation_ratio"": 0.0, ""median_latency_ms"": null}, ""4.0"": {""evoked_rate_hz"": 8.33, ""baseline_rate_hz"": 0.0, ""reliability"": 0.067, ""modulation_ratio"": 8.33, ""median_latency_ms"": 1.08}}",False,1.0,not light responsive,0.95,Not statistically significant (p=1.0000 >= 0.05); Very low reliability (0.02 < 0.05),0.4122,0.0631,0.1192,0.022,0.6273,0.9696,1.0,1.0,2.2699,0.1033,intermediate evidence (uncertain / borderline),850247645,2.38579995630979,0.0181352277451957,40.1008305295171,0.99,0.0289627218819724,2.86865326442543,0.878957169459963,0.0050911312493636,good,43,2980,7788,2077,9761,VISal,"10-ms optical pulse (473 nm, Ai32)",0.0,2.778,1.077,0.0,0.022,"1.0, 2.5, 4.0 mW calibrated",1,0,0.0631,0,0
721123822,707296982,760213150,950910646,VISal,45,0.0,0.0,0.0,,,,0.0,0.0,0.0,,1.0,0.0,0.0,"{""1.0"": {""evoked_rate_hz"": 0.0, ""baseline_rate_hz"": 0.0, ""reliability"": 0.0, ""modulation_ratio"": 0.0, ""median_latency_ms"": null}, ""2.5"": {""evoked_rate_hz"": 0.0, ""baseline_rate_hz"": 0.0, ""reliability"": 0.0, ""modulation_ratio"": 0.0, ""median_latency_ms"": null}, ""4.0"": {""evoked_rate_hz"": 0.0, ""baseline_rate_hz"": 0.0, ""reliability"": 0.0, ""modulation_ratio"": 0.0, ""median_latency_ms"": null}}",False,1.0,insufficient evidence,0.0,Insufficient trial count (<10) or zero spikes recorded,0.0376,0.144,0.1192,0.0,0.0,0.0002,0.0183,1.0,4.6165,0.0099,insufficient evidence,850247651,2.35608274403678,0.150852367172058,39.4963775168342,0.99,0.0367350697893439,2.65166427565094,0.689119170984456,0.0058121749770572,good,27,3000,7790,2063,9793,VISal,"10-ms optical pulse (473 nm, Ai32)",0.0,0.0,,,0.0,"1.0, 2.5, 4.0 mW calibrated",0,0,0.144,0,-1
721123822,707296982,760213150,950910660,VISal,45,4.444,2.778,0.51,3.155,0.0,0.0,0.022,0.022,1.0,0.0,0.59241,-0.065,2.7778,"{""1.0"": {""evoked_rate_hz"": 0.0, ""baseline_rate_hz"": 8.89, ""reliability"": 0.0, ""modulation_ratio"": 0.0, ""median_latency_ms"": null}, ""2.5"": {""evoked_rate_hz"": 0.0, ""baseline_rate_hz"": 4.44, ""reliability"": 0.0, ""modulation_ratio"": 0.0, ""median_latency_ms"": null}, ""4.0"": {""evoked_rate_hz"": 8.33, ""baseline_rate_hz"": 0.0, ""reliability"": 0.067, ""modulation_ratio"": 8.33, ""median_latency_ms"": 3.16}}",False,-0.1,not light responsive,0.95,Not statistically significant (p=0.5924 >= 0.05); No positive modulation (mod_ratio=0.51 <= 1.0); Very low reliability (0.02 < 0.05),0.2868,0.0708,0.1452,0.022,0.0,0.9185,1.0,1.0,2.0974,0.1228,low evidence (non-responsive),850247655,2.0722998914055,0.0147389461162583,57.7249007901988,0.99,0.0005094312669045,3.82051409190478,0.976549413735343,0.000578172295344,good,11,3020,7791,2054,9814,VISal,"10-ms optical pulse (473 nm, Ai32)",4.444,2.778,3.155,0.0,0.022,"1.0, 2.5, 4.0 mW calibrated",1,2,0.0708,0,0
721123822,707296982,760213150,950910656,VISal,45,0.0,2.778,2.778,3.231,0.0,0.0,0.022,0.0,1.0,0.0,1.0,0.149,0.0,"{""1.0"": {""evoked_rate_hz"": 0.0, ""baseline_rate_hz"": 0.0, ""reliability"": 0.0, ""modulation_ratio"": 0.0, ""median_latency_ms"": null}, ""2.5"": {""evoked_rate_hz"": 8.33, ""baseline_rate_hz"": 0.0, ""reliability"": 0.067, ""modulation_ratio"": 8.33, ""median_latency_ms"": 3.23}, ""4.0"": {""evoked_rate_hz"": 0.0, ""baseline_rate_hz"": 0.0, ""reliability"": 0.0, ""modulation_ratio"": 0.0, ""median_latency_ms"": null}}",False,-221.222,not light responsive,0.95,Not statistically significant (p=1.0000 >= 0.05); Very low reliability (0.02 < 0.05),0.4041,0.0821,0.1192,0.022,0.6273,0.9156,1.0,1.0,1.8916,0.1508,intermediate evidence (uncertain / borderline),850247655,1.79143760669042,0.452967400587576,35.7823137262367,0.99,0.0388127241152656,2.52961678178836,0.537037037037037,0.0049625278509216,good,11,3020,7791,2054,9814,VISal,"10-ms optical pulse (473 nm, Ai32)",0.0,2.778,3.231,0.0,0.022,"1.0, 2.5, 4.0 mW calibrated",1,0,0.0821,0,0
721123822,707296982,760213150,950910688,VISal,45,1.481,0.0,0.0,,,,0.0,0.022,0.0,,1.0,-0.149,0.0,"{""1.0"": {""evoked_rate_hz"": 0.0, ""baseline_rate_hz"": 0.0, ""reliability"": 0.0, ""modulation_ratio"": 0.0, ""median_latency_ms"": null}, ""2.5"": {""evoked_rate_hz"": 0.0, ""baseline_rate_hz"": 0.0, ""reliability"": 0.0, ""modulation_ratio"": 0.0, ""median_latency_ms"": null}, ""4.0"": {""evoked_rate_hz"": 0.0, ""baseline_rate_hz"": 4.44, ""reliability"": 0.0, ""modulation_ratio"": 0.0, ""median_latency_ms"": null}}",False,1.0,not light responsive,0.95,Not statistically significant (p=1.0000 >= 0.05); No positive modulation (mod_ratio=0.00 <= 1.0); Very low reliability (0.00 < 0.05),0.0376,0.144,0.1192,0.0,0.0,0.0002,0.0183,1.0,4.6165,0.0099,low evidence (non-responsive),850247657,2.44800318493493,0.0947492499113738,35.2358829548177,0.99,0.0182302420770754,2.84858498618918,0.850393700787402,0.0025659205239879,good,59,3040,7791,2049,9825,VISal,"10-ms optical pulse (473 nm, Ai32)",1.481,0.0,,,0.0,"1.0, 2.5, 4.0 mW calibrated",0,1,0.144,0,0
721123822,707296982,760213150,950910732,VISal,45,4.444,0.0,0.0,,,,0.0,0.044,0.0,,0.24176,-0.264,0.0,"{""1.0"": {""evoked_rate_hz"": 0.0, ""baseline_rate_hz"": 4.44, ""reliability"": 0.0, ""modulation_ratio"": 0.0, ""median_latency_ms"": null}, ""2.5"": {""evoked_rate_hz"": 0.0, ""baseline_rate_hz"": 4.44, ""reliability"": 0.0, ""modulation_ratio"": 0.0, ""median_latency_ms"": null}, ""4.0"": {""evoked_rate_hz"": 0.0, ""baseline_rate_hz"": 4.44, ""reliability"": 0.0, ""modulation_ratio"": 0.0, ""median_latency_ms"": null}}",False,1.0,not light responsive,0.95,Not statistically significant (p=0.2418 >= 0.05); No positive modulation (mod_ratio=0.00 <= 1.0); Very low reliability (0.00 < 0.05),0.062,0.144,0.2005,0.0,0.0,0.0002,0.0183,1.0,4.6165,0.0099,low evidence (non-responsive),850247663,2.29458616899274,0.362754741057919,59.3438145939364,0.99,0.0978428323091164,3.71224159872237,0.878277153558052,0.0100235033872529,good,11,3060,7793,2036,9856,VISal,"10-ms optical pulse (473 nm, Ai32)",4.444,0.0,,,0.0,"1.0, 2.5, 4.0 mW calibrated",0,2,0.144,0,0
721123822,707296982,760213150,950910784,VISal,45,7.407,27.778,3.304,5.646,2.336,3.186,0.222,0.067,0.795,0.424,0.01499,0.392,0.0,"{""1.0"": {""evoked_rate_hz"": 25.0, ""baseline_rate_hz"": 4.44, ""reliability"": 0.2, ""modulation_ratio"": 4.59, ""median_latency_ms"": 6.87}, ""2.5"": {""evoked_rate_hz"": 33.33, ""baseline_rate_hz"": 4.44, ""reliability"": 0.267, ""modulation_ratio"": 6.12, ""median_latency_ms"": 3.99}, ""4.0"": {""evoked_rate_hz"": 25.0, ""baseline_rate_hz"": 13.33, ""reliability"": 0.2, ""modulation_ratio"": 1.74, ""median_latency_ms"": 6.92}}",False,-0.991,light-responsive / indirect or uncertain,0.65,Sub-threshold reliability (0.22 < 0.3),0.4858,0.4648,0.4562,0.222,0.6973,0.7644,0.3928,1.0,1.0114,0.3637,intermediate evidence (uncertain / borderline),850247671,2.64545907998262,0.0492401896053092,54.9869554668034,0.99,0.0227050555602377,4.0271824574372,0.966,0.0066681651307409,good,11,3100,7795,2018,9897,VISal,"10-ms optical pulse (473 nm, Ai32)",7.407,27.778,5.646,2.336,0.222,"1.0, 2.5, 4.0 mW calibrated",13,3,0.4648,0,1
721123822,707296982,760213150,950910780,VISal,45,1.481,0.0,0.0,,,,0.0,0.0,0.0,,1.0,-0.149,0.0,"{""1.0"": {""evoked_rate_hz"": 0.0, ""baseline_rate_hz"": 4.44, ""reliability"": 0.0, ""modulation_ratio"": 0.0, ""median_latency_ms"": null}, ""2.5"": {""evoked_rate_hz"": 0.0, ""baseline_rate_hz"": 0.0, ""reliability"": 0.0, ""modulation_ratio"": 0.0, ""median_latency_ms"": null}, ""4.0"": {""evoked_rate_hz"": 0.0, ""baseline_rate_hz"": 0.0, ""reliability"": 0.0, ""modulation_ratio"": 0.0, ""median_latency_ms"": null}}",False,1.0,not light responsive,0.95,Not statistically significant (p=1.0000 >= 0.05); No positive modulation (mod_ratio=0.00 <= 1.0); Very low reliability (0.00 < 0.05),0.0376,0.144,0.1192,0.0,0.0,0.0002,0.0183,1.0,4.6165,0.0099,low evidence (non-responsive),850247671,2.91846678309186,0.188844335720343,40.0000466375378,0.99,0.0147558989007684,3.27375569971619,0.874551971326165,0.0038380544799945,good,11,3100,7795,2018,9897,VISal,"10-ms optical pulse (473 nm, Ai32)",1.481,0.0,,,0.0,"1.0, 2.5, 4.0 mW calibrated",0,1,0.144,0,0
721123822,707296982,760213150,950910802,VISal,45,2.963,2.778,0.701,6.972,0.0,0.0,0.022,0.022,1.0,0.0,1.0,-0.014,-2.7778,"{""1.0"": {""evoked_rate_hz"": 8.33, ""baseline_rate_hz"": 4.44, ""reliability"": 0.067, ""modulation_ratio"": 1.53, ""median_latency_ms"": 6.97}, ""2.5"": {""evoked_rate_hz"": 0.0, ""baseline_rate_hz"": 0.0, ""reliability"": 0.0, ""modulation_ratio"": 0.0, ""median_latency_ms"": null}, ""4.0"": {""evoked_rate_hz"": 0.0, ""baseline_rate_hz"": 4.44, ""reliability"": 0.0, ""modulation_ratio"": 0.0, ""median_latency_ms"": null}}",False,-0.991,not light responsive,0.95,Not statistically significant (p=1.0000 >= 0.05); No positive modulation (mod_ratio=0.70 <= 1.0); Very low reliability (0.02 < 0.05),0.2351,0.0925,0.1192,0.022,0.0,0.6257,1.0,1.0,1.7315,0.177,low evidence (non-responsive),850247677,3.24839022753697,0.0461480375808861,55.4625706426882,0.97,0.000743356857445,4.79766506976677,0.971584699453552,0.0012033694344163,good,43,3140,7796,2004,9928,VISal,"10-ms optical pulse (473 nm, Ai32)",2.963,2.778,6.972,0.0,0.022,"1.0, 2.5, 4.0 mW calibrated",1,1,0.0925,0,0
721123822,707296982,760213150,950910805,VISal,45,2.963,5.556,1.402,3.012,0.607,0.429,0.044,0.022,0.977,0.201,0.73926,0.086,0.0,"{""1.0"": {""evoked_rate_hz"": 8.33, ""baseline_rate_hz"": 4.44, ""reliability"": 0.067, ""modulation_ratio"": 1.53, ""median_latency_ms"": 3.44}, ""2.5"": {""evoked_rate_hz"": 0.0, ""baseline_rate_hz"": 0.0, ""reliability"": 0.0, ""modulation_ratio"": 0.0, ""median_latency_ms"": null}, ""4.0"": {""evoked_rate_hz"": 8.33, ""baseline_rate_hz"": 4.44, ""reliability"": 0.067, ""modulation_ratio"": 1.53, ""median_latency_ms"": 2.58}}",False,-6.964,not light responsive,0.95,Not statistically significant (p=0.7393 >= 0.05); Very low reliability (0.04 < 0.05),0.3159,0.1754,0.1337,0.044,0.239,0.9237,0.7844,1.0,1.8591,0.1558,low evidence (non-responsive),850247681,3.53167475383454,0.0,52.7416478805896,0.99,0.0018390269139189,3.97233241361162,0.974358974358974,0.0032299075696663,good,59,3160,7797,1995,9948,VISal,"10-ms optical pulse (473 nm, Ai32)",2.963,5.556,3.012,0.607,0.044,"1.0, 2.5, 4.0 mW calibrated",3,1,0.1754,0,0
721123822,707296982,760213150,950910856,VISal,45,0.0,0.0,0.0,,,,0.0,0.0,0.0,,1.0,0.0,0.0,"{""1.0"": {""evoked_rate_hz"": 0.0, ""baseline_rate_hz"": 0.0, ""reliability"": 0.0, ""modulation_ratio"": 0.0, ""median_latency_ms"": null}, ""2.5"": {""evoked_rate_hz"": 0.0, ""baseline_rate_hz"": 0.0, ""reliability"": 0.0, ""modulation_ratio"": 0.0, ""median_latency_ms"": null}, ""4.0"": {""evoked_rate_hz"": 0.0, ""baseline_rate_hz"": 0.0, ""reliability"": 0.0, ""modulation_ratio"": 0.0, ""median_latency_ms"": null}}",False,1.0,insufficient evidence,0.0,Insufficient trial count (<10) or zero spikes recorded,0.0376,0.144,0.1192,0.0,0.0,0.0002,0.0183,1.0,4.6165,0.0099,insufficient evidence,850247685,3.54788765128546,0.0,47.2620938452274,0.95,0.0016472201512412,2.59769952488082,0.963414634146341,0.0003696981918397,good,43,3180,7798,1986,9968,VISal,"10-ms optical pulse (473 nm, Ai32)",0.0,0.0,,,0.0,"1.0, 2.5, 4.0 mW calibrated",0,0,0.144,0,-1
721123822,707296982,760213153,950911274,LP,45,10.37,5.556,0.489,7.648,0.871,0.616,0.044,0.044,0.977,0.114,0.21978,-0.166,-2.7778,"{""1.0"": {""evoked_rate_hz"": 8.33, ""baseline_rate_hz"": 4.44, ""reliability"": 0.067, ""modulation_ratio"": 1.53, ""median_latency_ms"": 8.26}, ""2.5"": {""evoked_rate_hz"": 8.33, ""baseline_rate_hz"": 22.22, ""reliability"": 0.067, ""modulation_ratio"": 0.36, ""median_latency_ms"": 7.03}, ""4.0"": {""evoked_rate_hz"": 0.0, ""baseline_rate_hz"": 4.44, ""reliability"": 0.0, ""modulation_ratio"": 0.0, ""median_latency_ms"": null}}",False,0.25,not light responsive,0.95,Not statistically significant (p=0.2198 >= 0.05); No positive modulation (mod_ratio=0.49 <= 1.0); Very low reliability (0.04 < 0.05),0.2253,0.161,0.2072,0.044,0.0,0.5439,0.7058,1.0,1.6267,0.1966,low evidence (non-responsive),850248111,3.11345043773507,0.144165691893029,51.2545524619261,0.99,0.003036218573734,5.77191034233204,0.956196581196581,0.0010322047894302,good,43,60,7563,3274,7358,LP,"10-ms optical pulse (473 nm, Ai32)",10.37,5.556,7.648,0.871,0.044,"1.0, 2.5, 4.0 mW calibrated",3,5,0.161,0,0
721123822,707296982,760213153,950911304,LP,45,8.889,8.333,0.843,5.134,1.813,1.747,0.067,0.067,0.955,0.397,0.7962,-0.02,-2.7778,"{""1.0"": {""evoked_rate_hz"": 8.33, ""baseline_rate_hz"": 8.89, ""reliability"": 0.067, ""modulation_ratio"": 0.84, ""median_latency_ms"": 2.54}, ""2.5"": {""evoked_rate_hz"": 16.67, ""baseline_rate_hz"": 17.78, ""reliability"": 0.133, ""modulation_ratio"": 0.89, ""median_latency_ms"": 5.59}, ""4.0"": {""evoked_rate_hz"": 0.0, ""baseline_rate_hz"": 0.0, ""reliability"": 0.0, ""modulation_ratio"": 0.0, ""median_latency_ms"": null}}",False,-0.497,not light responsive,0.933,Not statistically significant (p=0.7962 >= 0.05); No positive modulation (mod_ratio=0.84 <= 1.0),0.2253,0.2602,0.13,0.067,0.0,0.8074,0.4842,1.0,1.6943,0.1837,low evidence (non-responsive),850248117,4.22202212615962,0.0020405458044527,77.0209062854192,0.99,0.0001649040590847,6.02315716350265,0.998,0.0002893518518518,good,27,80,7556,3247,7369,LP,"10-ms optical pulse (473 nm, Ai32)",8.889,8.333,5.134,1.813,0.067,"1.0, 2.5, 4.0 mW calibrated",4,4,0.2602,0,0
721123822,707296982,760213153,950911295,LP,45,11.852,5.556,0.432,1.347,0.164,0.116,0.044,0.089,0.977,0.122,0.26074,-0.154,-5.5556,"{""1.0"": {""evoked_rate_hz"": 16.67, ""baseline_rate_hz"": 4.44, ""reliability"": 0.133, ""modulation_ratio"": 3.06, ""median_latency_ms"": 1.35}, ""2.5"": {""evoked_rate_hz"": 0.0, ""baseline_rate_hz"": 13.33, ""reliability"": 0.0, ""modulation_ratio"": 0.0, ""median_latency_ms"": null}, ""4.0"": {""evoked_rate_hz"": 0.0, ""baseline_rate_hz"": 17.78, ""reliability"": 0.0, ""modulation_ratio"": 0.0, ""median_latency_ms"": null}}",False,-221.222,not light responsive,0.95,Not statistically significant (p=0.2607 >= 0.05); No positive modulation (mod_ratio=0.43 <= 1.0); Very low reliability (0.04 < 0.05),0.308,0.1242,0.1953,0.044,0.0,0.9653,0.9365,1.0,2.3248,0.0978,low evidence (non-responsive),850248117,1.69888768636524,0.0263645050943609,80.0089983649609,0.99,0.0600898563367862,3.37992171607635,0.983333333333333,0.0040485829959514,good,27,80,7556,3247,7369,LP,"10-ms optical pulse (473 nm, Ai32)",11.852,5.556,1.347,0.164,0.044,"1.0, 2.5, 4.0 mW calibrated",3,5,0.1242,0,0
721123822,707296982,760213153,950911312,LP,45,5.926,5.556,0.802,2.086,0.076,0.054,0.044,0.044,0.977,0.037,0.8032,-0.011,0.0,"{""1.0"": {""evoked_rate_hz"": 0.0, ""baseline_rate_hz"": 4.44, ""reliability"": 0.0, ""modulation_ratio"": 0.0, ""median_latency_ms"": null}, ""2.5"": {""evoked_rate_hz"": 16.67, ""baseline_rate_hz"": 4.44, ""reliability"": 0.133, ""modulation_ratio"": 3.06, ""median_latency_ms"": 2.09}, ""4.0"": {""evoked_rate_hz"": 0.0, ""baseline_rate_hz"": 8.89, ""reliability"": 0.0, ""modulation_ratio"": 0.0, ""median_latency_ms"": null}}",False,0.223,not light responsive,0.95,Not statistically significant (p=0.8032 >= 0.05); No positive modulation (mod_ratio=0.80 <= 1.0); Very low reliability (0.04 < 0.05),0.2895,0.0997,0.1296,0.044,0.0,0.9506,0.9701,1.0,2.1964,0.1112,low evidence (non-responsive),850248121,2.25414992966672,0.114872001502961,63.7148912777208,0.99,0.0433123486435196,4.14699218599173,0.91358024691358,0.0046116759249554,good,11,100,7552,3228,7376,LP,"10-ms optical pulse (473 nm, Ai32)",5.926,5.556,2.086,0.076,0.044,"1.0, 2.5, 4.0 mW calibrated",3,3,0.0997,0,0
721123822,707296982,760213153,950911369,LP,45,11.852,0.0,0.0,,,,0.0,0.111,0.0,,0.00899,-0.46,0.0,"{""1.0"": {""evoked_rate_hz"": 0.0, ""baseline_rate_hz"": 8.89, ""reliability"": 0.0, ""modulation_ratio"": 0.0, ""median_latency_ms"": null}, ""2.5"": {""evoked_rate_hz"": 0.0, ""baseline_rate_hz"": 17.78, ""reliability"": 0.0, ""modulation_ratio"": 0.0, ""median_latency_ms"": null}, ""4.0"": {""evoked_rate_hz"": 0.0, ""baseline_rate_hz"": 8.89, ""reliability"": 0.0, ""modulation_ratio"": 0.0, ""median_latency_ms"": null}}",False,-0.996,not light responsive,0.95,Not statistically significant (p=0.0090 >= 0.05); No positive modulation (mod_ratio=0.00 <= 1.0); Very low reliability (0.00 < 0.05),0.1553,0.144,0.5116,0.0,0.0,0.0002,0.0183,1.0,4.6165,0.0099,low evidence (non-responsive),850248129,2.88590757856087,0.0154131133098577,76.1679047988014,0.99,0.0049443790873722,5.27070913720502,0.97,0.0041838134430727,good,11,140,7541,3183,7394,LP,"10-ms optical pulse (473 nm, Ai32)",11.852,0.0,,,0.0,"1.0, 2.5, 4.0 mW calibrated",0,5,0.144,0,0
721123822,707296982,760213153,950911430,LP,45,4.444,8.333,1.531,4.58,2.321,2.062,0.067,0.022,0.955,0.399,0.56643,0.125,5.5556,"{""1.0"": {""evoked_rate_hz"": 0.0, ""baseline_rate_hz"": 8.89, ""reliability"": 0.0, ""modulation_ratio"": 0.0, ""median_latency_ms"": null}, ""2.5"": {""evoked_rate_hz"": 8.33, ""baseline_rate_hz"": 0.0, ""reliability"": 0.067, ""modulation_ratio"": 8.33, ""median_latency_ms"": 4.37}, ""4.0"": {""evoked_rate_hz"": 16.67, ""baseline_rate_hz"": 4.44, ""reliability"": 0.133, ""modulation_ratio"": 3.06, ""median_latency_ms"": 6.53}}",False,0.004,not light responsive,0.933,Not statistically significant (p=0.5664 >= 0.05),0.2872,0.3302,0.1477,0.067,0.2979,0.8468,0.3952,1.0,1.4956,0.2241,low evidence (non-responsive),850248137,2.73816409222918,0.283666264134891,57.2970792499005,0.99,0.0075756574749987,3.72932685174353,0.907407407407407,0.0016786570743405,good,11,180,7532,3148,7407,LP,"10-ms optical pulse (473 nm, Ai32)",4.444,8.333,4.58,2.321,0.067,"1.0, 2.5, 4.0 mW calibrated",4,2,0.3302,0,0
721123822,707296982,760213153,950911412,LP,45,2.963,2.778,0.701,2.867,0.0,0.0,0.022,0.044,1.0,0.0,1.0,-0.014,0.0,"{""1.0"": {""evoked_rate_hz"": 0.0, ""baseline_rate_hz"": 4.44, ""reliability"": 0.0, ""modulation_ratio"": 0.0, ""median_latency_ms"": null}, ""2.5"": {""evoked_rate_hz"": 8.33, ""baseline_rate_hz"": 4.44, ""reliability"": 0.067, ""modulation_ratio"": 1.53, ""median_latency_ms"": 2.87}, ""4.0"": {""evoked_rate_hz"": 0.0, ""baseline_rate_hz"": 0.0, ""reliability"": 0.0, ""modulation_ratio"": 0.0, ""median_latency_ms"": null}}",False,-221.222,not light responsive,0.95,Not statistically significant (p=1.0000 >= 0.05); No positive modulation (mod_ratio=0.70 <= 1.0); Very low reliability (0.02 < 0.05),0.2806,0.0688,0.1192,0.022,0.0,0.9287,1.0,1.0,2.1398,0.1177,low evidence (non-responsive),850248137,3.73579829604232,0.0274062678039746,61.6115143897654,0.99,0.0015072320008545,4.99350255749573,0.993333333333333,0.0015186028853454,good,11,180,7532,3148,7407,LP,"10-ms optical pulse (473 nm, Ai32)",2.963,2.778,2.867,0.0,0.022,"1.0, 2.5, 4.0 mW calibrated",1,1,0.0688,0,0
721123822,707296982,760213153,950911447,LP,45,10.37,5.556,0.489,5.007,0.791,0.56,0.044,0.067,0.977,0.158,0.34865,-0.121,2.7778,"{""1.0"": {""evoked_rate_hz"": 0.0, ""baseline_rate_hz"": 0.0, ""reliability"": 0.0, ""modulation_ratio"": 0.0, ""median_latency_ms"": null}, ""2.5"": {""evoked_rate_hz"": 8.33, ""baseline_rate_hz"": 22.22, ""reliability"": 0.067, ""modulation_ratio"": 0.36, ""median_latency_ms"": 5.57}, ""4.0"": {""evoked_rate_hz"": 8.33, ""baseline_rate_hz"": 8.89, ""reliability"": 0.067, ""modulation_ratio"": 0.84, ""median_latency_ms"": 4.45}}",False,0.004,not light responsive,0.95,Not statistically significant (p=0.3487 >= 0.05); No positive modulation (mod_ratio=0.49 <= 1.0); Very low reliability (0.04 < 0.05),0.2593,0.1647,0.1762,0.044,0.0,0.8171,0.7288,1.0,1.7884,0.1672,low evidence (non-responsive),850248135,2.43791944136372,0.279646067177317,47.3460009739423,0.99,0.0365205471781085,3.93500320079589,0.85063752276867,0.0076465296519272,good,43,180,7534,3157,7404,LP,"10-ms optical pulse (473 nm, Ai32)",10.37,5.556,5.007,0.791,0.044,"1.0, 2.5, 4.0 mW calibrated",3,5,0.1647,0,0
721123822,707296982,760213153,950911438,LP,45,2.963,0.0,0.0,,,,0.0,0.044,0.0,,0.49051,-0.213,0.0,"{""1.0"": {""evoked_rate_hz"": 0.0, ""baseline_rate_hz"": 0.0, ""reliability"": 0.0, ""modulation_ratio"": 0.0, ""median_latency_ms"": null}, ""2.5"": {""evoked_rate_hz"": 0.0, ""baseline_rate_hz"": 4.44, ""reliability"": 0.0, ""modulation_ratio"": 0.0, ""median_latency_ms"": null}, ""4.0"": {""evoked_rate_hz"": 0.0, ""baseline_rate_hz"": 4.44, ""reliability"": 0.0, ""modulation_ratio"": 0.0, ""median_latency_ms"": null}}",False,0.501,not light responsive,0.95,Not statistically significant (p=0.4905 >= 0.05); No positive modulation (mod_ratio=0.00 <= 1.0); Very low reliability (0.00 < 0.05),0.0486,0.144,0.1557,0.0,0.0,0.0002,0.0183,1.0,4.6165,0.0099,low evidence (non-responsive),850248139,2.74439393539492,0.134666964792838,58.1381105341589,0.99,0.0678285694951781,4.23632812883088,0.874845105328377,0.0053437467886137,good,59,200,7530,3139,7410,LP,"10-ms optical pulse (473 nm, Ai32)",2.963,0.0,,,0.0,"1.0, 2.5, 4.0 mW calibrated",0,1,0.144,0,0
721123822,707296982,760213153,950911568,LP,45,1.481,5.556,2.239,5.675,2.552,1.804,0.044,0.022,0.977,0.45,0.4955,0.2,2.7778,"{""1.0"": {""evoked_rate_hz"": 0.0, ""baseline_rate_hz"": 0.0, ""reliability"": 0.0, ""modulation_ratio"": 0.0, ""median_latency_ms"": null}, ""2.5"": {""evoked_rate_hz"": 8.33, ""baseline_rate_hz"": 4.44, ""reliability"": 0.067, ""modulation_ratio"": 1.53, ""median_latency_ms"": 3.87}, ""4.0"": {""evoked_rate_hz"": 8.33, ""baseline_rate_hz"": 0.0, ""reliability"": 0.067, ""modulation_ratio"": 8.33, ""median_latency_ms"": 7.48}}",False,-1110.111,not light responsive,0.95,Not statistically significant (p=0.4955 >= 0.05); Very low reliability (0.04 < 0.05),0.3126,0.297,0.1551,0.044,0.5237,0.7618,0.3603,1.0,1.4152,0.2429,low evidence (non-responsive),850248145,2.46999080320395,0.491201014915862,45.2834707198765,0.99,0.0198527367739974,4.25900926968171,0.901515151515152,0.0003408316291751,good,11,220,7523,3113,7420,LP,"10-ms optical pulse (473 nm, Ai32)",1.481,5.556,5.675,2.552,0.044,"1.0, 2.5, 4.0 mW calibrated",3,1,0.297,0,0
721123822,707296982,760213153,950911533,LP,45,8.889,5.556,0.562,3.876,3.24,2.291,0.044,0.044,0.977,0.836,0.45455,-0.092,-2.7778,"{""1.0"": {""evoked_rate_hz"": 8.33, ""baseline_rate_hz"": 4.44, ""reliability"": 0.067, ""modulation_ratio"": 1.53, ""median_latency_ms"": 1.59}, ""2.5"": {""evoked_rate_hz"": 8.33, ""baseline_rate_hz"": 0.0, ""reliability"": 0.067, ""modulation_ratio"": 8.33, ""median_latency_ms"": 6.17}, ""4.0"": {""evoked_rate_hz"": 0.0, ""baseline_rate_hz"": 22.22, ""reliability"": 0.0, ""modulation_ratio"": 0.0, ""median_latency_ms"": null}}",False,0.004,not light responsive,0.95,Not statistically significant (p=0.4546 >= 0.05); No positive modulation (mod_ratio=0.56 <= 1.0); Very low reliability (0.04 < 0.05),0.2195,0.3935,0.1601,0.044,0.0,0.8872,0.2736,1.0,1.9239,0.146,low evidence (non-responsive),850248145,3.20673700042165,0.114191039369835,45.752623960369,0.99,0.0034591170498928,4.19978039209109,0.784210526315789,0.0108454608454608,good,11,220,7523,3113,7420,LP,"10-ms optical pulse (473 nm, Ai32)",8.889,5.556,3.876,3.24,0.044,"1.0, 2.5, 4.0 mW calibrated",3,4,0.3935,0,0
721123822,707296982,760213153,950911525,LP,45,8.889,5.556,0.562,5.586,2.181,1.542,0.044,0.089,0.977,0.39,0.46953,-0.092,-5.5556,"{""1.0"": {""evoked_rate_hz"": 16.67, ""baseline_rate_hz"": 0.0, ""reliability"": 0.133, ""modulation_ratio"": 16.67, ""median_latency_ms"": 5.59}, ""2.5"": {""evoked_rate_hz"": 0.0, ""baseline_rate_hz"": 13.33, ""reliability"": 0.0, ""modulation_ratio"": 0.0, ""median_latency_ms"": null}, ""4.0"": {""evoked_rate_hz"": 0.0, ""baseline_rate_hz"": 13.33, ""reliability"": 0.0, ""modulation_ratio"": 0.0, ""median_latency_ms"": null}}",False,-1.198,not light responsive,0.95,Not statistically significant (p=0.4695 >= 0.05); No positive modulation (mod_ratio=0.56 <= 1.0); Very low reliability (0.04 < 0.05),0.2157,0.2499,0.1582,0.044,0.0,0.7698,0.4179,1.0,1.7328,0.1768,low evidence (non-responsive),850248145,3.33135260673691,0.108358049046607,61.4829981862131,0.99,0.0069741780323859,4.13024816188929,0.935987509758002,0.0035864758522232,good,11,220,7523,3113,7420,LP,"10-ms optical pulse (473 nm, Ai32)",8.889,5.556,5.586,2.181,0.044,"1.0, 2.5, 4.0 mW calibrated",3,4,0.2499,0,0
721123822,707296982,760213153,950911516,LP,45,0.0,2.778,2.778,1.7,0.0,0.0,0.022,0.0,1.0,0.0,1.0,0.149,0.0,"{""1.0"": {""evoked_rate_hz"": 0.0, ""baseline_rate_hz"": 0.0, ""reliability"": 0.0, ""modulation_ratio"": 0.0, ""median_latency_ms"": null}, ""2.5"": {""evoked_rate_hz"": 8.33, ""baseline_rate_hz"": 0.0, ""reliability"": 0.067, ""modulation_ratio"": 8.33, ""median_latency_ms"": 1.7}, ""4.0"": {""evoked_rate_hz"": 0.0, ""baseline_rate_hz"": 0.0, ""reliability"": 0.0, ""modulation_ratio"": 0.0, ""median_latency_ms"": null}}",False,1.0,not light responsive,0.95,Not statistically significant (p=1.0000 >= 0.05); Very low reliability (0.02 < 0.05),0.4106,0.0682,0.1192,0.022,0.6273,0.9589,1.0,1.0,2.1535,0.1161,intermediate evidence (uncertain / borderline),850248145,1.96367970908043,0.214114013613393,45.1706002472851,0.99,0.0837653687689922,3.5211959137048,0.793729372937294,0.0033340137443015,good,11,220,7523,3113,7420,LP,"10-ms optical pulse (473 nm, Ai32)",0.0,2.778,1.7,0.0,0.022,"1.0, 2.5, 4.0 mW calibrated",1,0,0.0682,0,0
721123822,707296982,760213153,950911587,LP,45,2.963,2.778,0.701,4.904,0.0,0.0,0.022,0.0,1.0,0.0,1.0,-0.008,0.0,"{""1.0"": {""evoked_rate_hz"": 0.0, ""baseline_rate_hz"": 0.0, ""reliability"": 0.0, ""modulation_ratio"": 0.0, ""median_latency_ms"": null}, ""2.5"": {""evoked_rate_hz"": 8.33, ""baseline_rate_hz"": 8.89, ""reliability"": 0.067, ""modulation_ratio"": 0.84, ""median_latency_ms"": 4.9}, ""4.0"": {""evoked_rate_hz"": 0.0, ""baseline_rate_hz"": 0.0, ""reliability"": 0.0, ""modulation_ratio"": 0.0, ""median_latency_ms"": null}}",False,0.001,not light responsive,0.95,Not statistically significant (p=1.0000 >= 0.05); No positive modulation (mod_ratio=0.70 <= 1.0); Very low reliability (0.02 < 0.05),0.265,0.0828,0.1192,0.022,0.0,0.8246,1.0,1.0,1.8791,0.1527,low evidence (non-responsive),850248153,2.44507699915643,0.258182051808059,54.0940221145685,0.99,0.0439181564379382,4.2425077218101,0.90948275862069,0.0014332514332514,good,11,260,7513,3079,7433,LP,"10-ms optical pulse (473 nm, Ai32)",2.963,2.778,4.904,0.0,0.022,"1.0, 2.5, 4.0 mW calibrated",1,1,0.0828,0,0
721123822,707296982,760213153,950911581,LP,45,11.852,0.0,0.0,,,,0.0,0.067,0.0,,0.00699,-0.46,0.0,"{""1.0"": {""evoked_rate_hz"": 0.0, ""baseline_rate_hz"": 4.44, ""reliability"": 0.0, ""modulation_ratio"": 0.0, ""median_latency_ms"": null}, ""2.5"": {""evoked_rate_hz"": 0.0, ""baseline_rate_hz"": 13.33, ""reliability"": 0.0, ""modulation_ratio"": 0.0, ""median_latency_ms"": null}, ""4.0"": {""evoked_rate_hz"": 0.0, ""baseline_rate_hz"": 17.78, ""reliability"": 0.0, ""modulation_ratio"": 0.0, ""median_latency_ms"": null}}",False,-443.444,not light responsive,0.95,Not statistically significant (p=0.0070 >= 0.05); No positive modulation (mod_ratio=0.00 <= 1.0); Very low reliability (0.00 < 0.05),0.1635,0.144,0.5388,0.0,0.0,0.0002,0.0183,1.0,4.6165,0.0099,low evidence (non-responsive),850248151,4.40822586352002,0.0128428761719215,94.0277923803136,0.99,8.63450654246961e-05,7.26665770910151,0.992349726775956,0.0002062919030428,good,43,260,7516,3088,7430,LP,"10-ms optical pulse (473 nm, Ai32)",11.852,0.0,,,0.0,"1.0, 2.5, 4.0 mW calibrated",0,5,0.144,0,0
721123822,707296982,760213153,950911623,LP,45,1.481,2.778,1.119,3.118,0.0,0.0,0.022,0.022,1.0,0.0,1.0,0.061,0.0,"{""1.0"": {""evoked_rate_hz"": 0.0, ""baseline_rate_hz"": 0.0, ""reliability"": 0.0, ""modulation_ratio"": 0.0, ""median_latency_ms"": null}, ""2.5"": {""evoked_rate_hz"": 8.33, ""baseline_rate_hz"": 4.44, ""reliability"": 0.067, ""modulation_ratio"": 1.53, ""median_latency_ms"": 3.12}, ""4.0"": {""evoked_rate_hz"": 0.0, ""baseline_rate_hz"": 0.0, ""reliability"": 0.0, ""modulation_ratio"": 0.0, ""median_latency_ms"": null}}",False,-0.991,not light responsive,0.95,Not statistically significant (p=1.0000 >= 0.05); Very low reliability (0.02 < 0.05),0.2954,0.0742,0.1192,0.022,0.0809,0.9199,1.0,1.0,2.0307,0.1312,low evidence (non-responsive),850248161,4.87343706215385,0.0038811235463362,82.5861498591966,0.99,0.0004578270381277,7.00604169599021,0.996112730806608,0.0001725863794829,good,11,300,7504,3046,7446,LP,"10-ms optical pulse (473 nm, Ai32)",1.481,2.778,3.118,0.0,0.022,"1.0, 2.5, 4.0 mW calibrated",1,1,0.0742,0,0
721123822,707296982,760213153,950911616,LP,45,5.926,0.0,0.0,,,,0.0,0.044,0.0,,0.23876,-0.248,0.0,"{""1.0"": {""evoked_rate_hz"": 0.0, ""baseline_rate_hz"": 8.89, ""reliability"": 0.0, ""modulation_ratio"": 0.0, ""median_latency_ms"": null}, ""2.5"": {""evoked_rate_hz"": 0.0, ""baseline_rate_hz"": 4.44, ""reliability"": 0.0, ""modulation_ratio"": 0.0, ""median_latency_ms"": null}, ""4.0"": {""evoked_rate_hz"": 0.0, ""baseline_rate_hz"": 4.44, ""reliability"": 0.0, ""modulation_ratio"": 0.0, ""median_latency_ms"": null}}",False,-1.987,not light responsive,0.95,Not statistically significant (p=0.2388 >= 0.05); No positive modulation (mod_ratio=0.00 <= 1.0); Very low reliability (0.00 < 0.05),0.0623,0.144,0.2013,0.0,0.0,0.0002,0.0183,1.0,4.6165,0.0099,low evidence (non-responsive),850248161,2.4120664221757,0.0236905999125399,143.753135922571,0.99,0.049610905943597,4.24832244928286,0.824,0.0375322542810228,good,11,300,7504,3046,7446,LP,"10-ms optical pulse (473 nm, Ai32)",5.926,0.0,,,0.0,"1.0, 2.5, 4.0 mW calibrated",0,3,0.144,0,0
721123822,707296982,760213153,950911631,LP,45,2.963,2.778,0.701,5.472,0.0,0.0,0.022,0.0,1.0,0.0,1.0,-0.008,-2.7778,"{""1.0"": {""evoked_rate_hz"": 8.33, ""baseline_rate_hz"": 0.0, ""reliability"": 0.067, ""modulation_ratio"": 8.33, ""median_latency_ms"": 5.47}, ""2.5"": {""evoked_rate_hz"": 0.0, ""baseline_rate_hz"": 8.89, ""reliability"": 0.0, ""modulation_ratio"": 0.0, ""median_latency_ms"": null}, ""4.0"": {""evoked_rate_hz"": 0.0, ""baseline_rate_hz"": 0.0, ""reliability"": 0.0, ""modulation_ratio"": 0.0, ""median_latency_ms"": null}}",False,1.0,not light responsive,0.95,Not statistically significant (p=1.0000 >= 0.05); No positive modulation (mod_ratio=0.70 <= 1.0); Very low reliability (0.02 < 0.05),0.2582,0.0862,0.1192,0.022,0.0,0.7797,1.0,1.0,1.8252,0.1612,low evidence (non-responsive),850248169,4.62232985473454,0.445994281615918,63.1175554183299,0.99,0.0005232981131191,5.74482243575211,0.892655367231638,0.002799087704748,good,11,340,7494,3015,7458,LP,"10-ms optical pulse (473 nm, Ai32)",2.963,2.778,5.472,0.0,0.022,"1.0, 2.5, 4.0 mW calibrated",1,1,0.0862,0,0
721123822,707296982,760213153,950911661,LP,45,5.926,8.333,1.203,6.605,2.491,2.426,0.067,0.044,0.955,0.419,0.75724,0.073,2.7778,"{""1.0"": {""evoked_rate_hz"": 8.33, ""baseline_rate_hz"": 4.44, ""reliability"": 0.067, ""modulation_ratio"": 1.53, ""median_latency_ms"": 3.2}, ""2.5"": {""evoked_rate_hz"": 0.0, ""baseline_rate_hz"": 0.0, ""reliability"": 0.0, ""modulation_ratio"": 0.0, ""median_latency_ms"": null}, ""4.0"": {""evoked_rate_hz"": 16.67, ""baseline_rate_hz"": 13.33, ""reliability"": 0.133, ""modulation_ratio"": 1.16, ""median_latency_ms"": 7.33}}",False,0.251,not light responsive,0.933,Not statistically significant (p=0.7572 >= 0.05),0.2201,0.2918,0.1325,0.067,0.1325,0.6676,0.3692,1.0,1.4201,0.2417,low evidence (non-responsive),850248177,4.52146031685801,0.02721274766175,117.547767170368,0.99,0.0002261292311257,8.31701877557868,0.994666666666667,0.0002518257365902,good,11,380,7481,2976,7473,LP,"10-ms optical pulse (473 nm, Ai32)",5.926,8.333,6.605,2.491,0.067,"1.0, 2.5, 4.0 mW calibrated",4,3,0.2918,0,0
721123822,707296982,760213153,950911685,LP,45,0.0,0.0,0.0,,,,0.0,0.0,0.0,,1.0,0.0,0.0,"{""1.0"": {""evoked_rate_hz"": 0.0, ""baseline_rate_hz"": 0.0, ""reliability"": 0.0, ""modulation_ratio"": 0.0, ""median_latency_ms"": null}, ""2.5"": {""evoked_rate_hz"": 0.0, ""baseline_rate_hz"": 0.0, ""reliability"": 0.0, ""modulation_ratio"": 0.0, ""median_latency_ms"": null}, ""4.0"": {""evoked_rate_hz"": 0.0, ""baseline_rate_hz"": 0.0, ""reliability"": 0.0, ""modulation_ratio"": 0.0, ""median_latency_ms"": null}}",False,0.004,insufficient evidence,0.0,Insufficient trial count (<10) or zero spikes recorded,0.0376,0.144,0.1192,0.0,0.0,0.0002,0.0183,1.0,4.6165,0.0099,insufficient evidence,850248185,3.71517511494292,0.0,61.4377678269688,0.99,0.0003370098596794,5.88724019920681,0.976190476190476,0.0004464592348375,good,11,420,7470,2947,7485,LP,"10-ms optical pulse (473 nm, Ai32)",0.0,0.0,,,0.0,"1.0, 2.5, 4.0 mW calibrated",0,0,0.144,0,-1
721123822,707296982,760213153,950911723,LP,45,7.407,13.889,1.652,5.142,1.843,3.077,0.111,0.022,0.909,0.374,0.44855,0.131,0.0,"{""1.0"": {""evoked_rate_hz"": 16.67, ""baseline_rate_hz"": 4.44, ""reliability"": 0.133, ""modulation_ratio"": 3.06, ""median_latency_ms"": 6.7}, ""2.5"": {""evoked_rate_hz"": 8.33, ""baseline_rate_hz"": 13.33, ""reliability"": 0.067, ""modulation_ratio"": 0.58, ""median_latency_ms"": 2.77}, ""4.0"": {""evoked_rate_hz"": 16.67, ""baseline_rate_hz"": 4.44, ""reliability"": 0.133, ""modulation_ratio"": 3.06, ""median_latency_ms"": 4.25}}",False,-221.222,not light responsive,0.889,Not statistically significant (p=0.4486 >= 0.05),0.3143,0.3436,0.1609,0.111,0.3471,0.8067,0.4785,1.0,1.2164,0.2963,low evidence (non-responsive),850248189,2.99586003220594,0.0762231812506967,67.428218952533,0.99,0.0004437838105609,5.31638412779112,0.982,0.0005516328331862,good,27,440,7465,2933,7491,LP,"10-ms optical pulse (473 nm, Ai32)",7.407,13.889,5.142,1.843,0.111,"1.0, 2.5, 4.0 mW calibrated",6,3,0.3436,0,0
721123822,707296982,760213153,950911705,LP,45,2.963,8.333,2.103,7.206,0.533,0.489,0.067,0.044,0.955,0.077,0.42458,0.153,-5.5556,"{""1.0"": {""evoked_rate_hz"": 16.67, ""baseline_rate_hz"": 4.44, ""reliability"": 0.133, ""modulation_ratio"": 3.06, ""median_latency_ms"": 6.84}, ""2.5"": {""evoked_rate_hz"": 8.33, ""baseline_rate_hz"": 0.0, ""reliability"": 0.067, ""modulation_ratio"": 8.33, ""median_latency_ms"": 7.21}, ""4.0"": {""evoked_rate_hz"": 0.0, ""baseline_rate_hz"": 4.44, ""reliability"": 0.0, ""modulation_ratio"": 0.0, ""median_latency_ms"": null}}",False,-0.991,not light responsive,0.933,Not statistically significant (p=0.4246 >= 0.05),0.3345,0.2115,0.1641,0.067,0.4901,0.598,0.808,1.0,1.184,0.306,low evidence (non-responsive),850248189,2.75891832151242,0.117584947362358,58.6050555665933,0.99,0.0101530200491032,4.41165388235006,0.93992673992674,0.0032826960013968,good,27,440,7465,2933,7491,LP,"10-ms optical pulse (473 nm, Ai32)",2.963,8.333,7.206,0.533,0.067,"1.0, 2.5, 4.0 mW calibrated",4,1,0.2115,0,0
721123822,707296982,760213153,950913628,LP,45,0.0,0.0,0.0,,,,0.0,0.0,0.0,,1.0,0.0,0.0,"{""1.0"": {""evoked_rate_hz"": 0.0, ""baseline_rate_hz"": 0.0, ""reliability"": 0.0, ""modulation_ratio"": 0.0, ""median_latency_ms"": null}, ""2.5"": {""evoked_rate_hz"": 0.0, ""baseline_rate_hz"": 0.0, ""reliability"": 0.0, ""modulation_ratio"": 0.0, ""median_latency_ms"": null}, ""4.0"": {""evoked_rate_hz"": 0.0, ""baseline_rate_hz"": 0.0, ""reliability"": 0.0, ""modulation_ratio"": 0.0, ""median_latency_ms"": null}}",False,1.0,insufficient evidence,0.0,Insufficient trial count (<10) or zero spikes recorded,0.0376,0.144,0.1192,0.0,0.0,0.0002,0.0183,1.0,4.6165,0.0099,insufficient evidence,850248187,1.88504370651482,0.0,27.1199916076294,0.96,0.0678375806822909,2.34744775847381,0.0444444444444445,0.0013687197462861,good,59,440,7467,2940,7488,LP,"10-ms optical pulse (473 nm, Ai32)",0.0,0.0,,,0.0,"1.0, 2.5, 4.0 mW calibrated",0,0,0.144,0,-1
721123822,707296982,760213153,950911716,LP,45,8.889,8.333,0.843,6.754,2.064,1.845,0.067,0.044,0.955,0.363,0.7982,-0.015,5.5556,"{""1.0"": {""evoked_rate_hz"": 0.0, ""baseline_rate_hz"": 8.89, ""reliability"": 0.0, ""modulation_ratio"": 0.0, ""median_latency_ms"": null}, ""2.5"": {""evoked_rate_hz"": 8.33, ""baseline_rate_hz"": 8.89, ""reliability"": 0.067, ""modulation_ratio"": 0.84, ""median_latency_ms"": 3.31}, ""4.0"": {""evoked_rate_hz"": 16.67, ""baseline_rate_hz"": 8.89, ""reliability"": 0.133, ""modulation_ratio"": 1.69, ""median_latency_ms"": 6.88}}",False,0.002,not light responsive,0.933,Not statistically significant (p=0.7982 >= 0.05); No positive modulation (mod_ratio=0.84 <= 1.0),0.1971,0.2536,0.1299,0.067,0.0,0.6509,0.438,1.0,1.5666,0.2088,low evidence (non-responsive),850248187,1.93551288926059,0.0329307533289018,109.010793557599,0.99,0.0523103603562494,4.14583601650363,0.986666666666667,0.0078285181733457,good,59,440,7467,2940,7488,LP,"10-ms optical pulse (473 nm, Ai32)",8.889,8.333,6.754,2.064,0.067,"1.0, 2.5, 4.0 mW calibrated",4,4,0.2536,0,0
721123822,707296982,760213153,950911729,LP,45,5.926,2.778,0.401,5.655,0.0,0.0,0.022,0.067,1.0,0.0,0.26474,-0.164,2.7778,"{""1.0"": {""evoked_rate_hz"": 0.0, ""baseline_rate_hz"": 4.44, ""reliability"": 0.0, ""modulation_ratio"": 0.0, ""median_latency_ms"": null}, ""2.5"": {""evoked_rate_hz"": 0.0, ""baseline_rate_hz"": 0.0, ""reliability"": 0.0, ""modulation_ratio"": 0.0, ""median_latency_ms"": null}, ""4.0"": {""evoked_rate_hz"": 8.33, ""baseline_rate_hz"": 13.33, ""reliability"": 0.067, ""modulation_ratio"": 0.58, ""median_latency_ms"": 5.65}}",False,-0.095,not light responsive,0.95,Not statistically significant (p=0.2647 >= 0.05); No positive modulation (mod_ratio=0.40 <= 1.0); Very low reliability (0.02 < 0.05),0.2783,0.0872,0.1942,0.022,0.0,0.7636,1.0,1.0,1.8099,0.1637,low evidence (non-responsive),850248193,3.28929305924183,0.274662045991121,63.2631095610768,0.99,0.0248093704135007,4.39525869351412,0.867948717948718,0.0064681724845995,good,11,460,7459,2919,7496,LP,"10-ms optical pulse (473 nm, Ai32)",5.926,2.778,5.655,0.0,0.022,"1.0, 2.5, 4.0 mW calibrated",1,3,0.0872,0,0
721123822,707296982,760213153,950911758,LP,45,4.444,2.778,0.51,6.913,0.0,0.0,0.022,0.022,1.0,0.0,0.63736,-0.065,2.7778,"{""1.0"": {""evoked_rate_hz"": 0.0, ""baseline_rate_hz"": 4.44, ""reliability"": 0.0, ""modulation_ratio"": 0.0, ""median_latency_ms"": null}, ""2.5"": {""evoked_rate_hz"": 0.0, ""baseline_rate_hz"": 0.0, ""reliability"": 0.0, ""modulation_ratio"": 0.0, ""median_latency_ms"": null}, ""4.0"": {""evoked_rate_hz"": 8.33, ""baseline_rate_hz"": 8.89, ""reliability"": 0.067, ""modulation_ratio"": 0.84, ""median_latency_ms"": 6.91}}",False,0.004,not light responsive,0.95,Not statistically significant (p=0.6374 >= 0.05); No positive modulation (mod_ratio=0.51 <= 1.0); Very low reliability (0.02 < 0.05),0.2428,0.0924,0.1413,0.022,0.0,0.6326,1.0,1.0,1.7338,0.1766,low evidence (non-responsive),850248197,4.21365534897359,0.0026110567901186,104.350585461851,0.99,0.0003379384978795,6.32007485136068,0.999333333333333,0.0001373720722577,good,27,480,7453,2905,7502,LP,"10-ms optical pulse (473 nm, Ai32)",4.444,2.778,6.913,0.0,0.022,"1.0, 2.5, 4.0 mW calibrated",1,2,0.0924,0,0
721123822,707296982,760213153,950911744,LP,45,7.407,5.556,0.661,3.626,2.171,1.535,0.044,0.0,0.977,0.599,0.62038,-0.053,0.0,"{""1.0"": {""evoked_rate_hz"": 8.33, ""baseline_rate_hz"": 4.44, ""reliability"": 0.067, ""modulation_ratio"": 1.53, ""median_latency_ms"": 2.09}, ""2.5"": {""evoked_rate_hz"": 0.0, ""baseline_rate_hz"": 4.44, ""reliability"": 0.0, ""modulation_ratio"": 0.0, ""median_latency_ms"": null}, ""4.0"": {""evoked_rate_hz"": 8.33, ""baseline_rate_hz"": 13.33, ""reliability"": 0.067, ""modulation_ratio"": 0.58, ""median_latency_ms"": 5.16}}",False,1.0,not light responsive,0.95,Not statistically significant (p=0.6204 >= 0.05); No positive modulation (mod_ratio=0.66 <= 1.0); Very low reliability (0.04 < 0.05),0.2306,0.3085,0.1427,0.044,0.0,0.8991,0.4196,1.0,1.9581,0.1411,low evidence (non-responsive),850248195,3.48122611852517,0.0402948349674892,104.256226059456,0.99,0.0067716568839592,6.15894770710476,0.992666666666667,0.0011413467892112,good,59,480,7456,2912,7499,LP,"10-ms optical pulse (473 nm, Ai32)",7.407,5.556,3.626,2.171,0.044,"1.0, 2.5, 4.0 mW calibrated",3,3,0.3085,0,0
721123822,707296982,760213153,950911772,LP,45,19.259,11.111,0.548,4.116,1.347,2.099,0.089,0.156,0.932,0.327,0.27073,-0.163,2.7778,"{""1.0"": {""evoked_rate_hz"": 8.33, ""baseline_rate_hz"": 22.22, ""reliability"": 0.067, ""modulation_ratio"": 0.36, ""median_latency_ms"": 3.17}, ""2.5"": {""evoked_rate_hz"": 8.33, ""baseline_rate_hz"": 13.33, ""reliability"": 0.067, ""modulation_ratio"": 0.58, ""median_latency_ms"": 5.06}, ""4.0"": {""evoked_rate_hz"": 16.67, ""baseline_rate_hz"": 22.22, ""reliability"": 0.133, ""modulation_ratio"": 0.72, ""median_latency_ms"": 4.13}}",False,0.286,not light responsive,0.911,Not statistically significant (p=0.2707 >= 0.05); No positive modulation (mod_ratio=0.55 <= 1.0),0.2696,0.2661,0.1927,0.089,0.0,0.8746,0.5834,1.0,1.7481,0.1741,low evidence (non-responsive),850248201,2.95596061422771,0.0568969557800939,105.229038007213,0.99,0.026486990045173,3.43462750742821,0.990666666666667,0.0030695770804911,good,11,500,7448,2892,7508,LP,"10-ms optical pulse (473 nm, Ai32)",19.259,11.111,4.116,1.347,0.089,"1.0, 2.5, 4.0 mW calibrated",5,9,0.2661,0,0
721123822,707296982,760213153,950911765,LP,45,2.963,0.0,0.0,,,,0.0,0.044,0.0,,0.5035,-0.213,0.0,"{""1.0"": {""evoked_rate_hz"": 0.0, ""baseline_rate_hz"": 0.0, ""reliability"": 0.0, ""modulation_ratio"": 0.0, ""median_latency_ms"": null}, ""2.5"": {""evoked_rate_hz"": 0.0, ""baseline_rate_hz"": 0.0, ""reliability"": 0.0, ""modulation_ratio"": 0.0, ""median_latency_ms"": null}, ""4.0"": {""evoked_rate_hz"": 0.0, ""baseline_rate_hz"": 8.89, ""reliability"": 0.0, ""modulation_ratio"": 0.0, ""median_latency_ms"": null}}",False,-1.987,not light responsive,0.95,Not statistically significant (p=0.5035 >= 0.05); No positive modulation (mod_ratio=0.00 <= 1.0); Very low reliability (0.00 < 0.05),0.0481,0.144,0.1542,0.0,0.0,0.0002,0.0183,1.0,4.6165,0.0099,low evidence (non-responsive),850248201,6.35232230988408,0.0048865832271954,100.786394339736,0.99,0.0001542967928909,8.23598789883269,0.998666666666667,0.0003911945659518,good,11,500,7448,2892,7508,LP,"10-ms optical pulse (473 nm, Ai32)",2.963,0.0,,,0.0,"1.0, 2.5, 4.0 mW calibrated",0,1,0.144,0,0
721123822,707296982,760213153,950911786,LP,45,4.444,5.556,1.02,6.632,0.946,0.669,0.044,0.044,0.977,0.143,1.0,0.035,-2.7778,"{""1.0"": {""evoked_rate_hz"": 8.33, ""baseline_rate_hz"": 0.0, ""reliability"": 0.067, ""modulation_ratio"": 8.33, ""median_latency_ms"": 5.96}, ""2.5"": {""evoked_rate_hz"": 8.33, ""baseline_rate_hz"": 0.0, ""reliability"": 0.067, ""modulation_ratio"": 8.33, ""median_latency_ms"": 7.3}, ""4.0"": {""evoked_rate_hz"": 0.0, ""baseline_rate_hz"": 13.33, ""reliability"": 0.0, ""modulation_ratio"": 0.0, ""median_latency_ms"": null}}",False,-443.444,not light responsive,0.95,Not statistically significant (p=1.0000 >= 0.05); Very low reliability (0.04 < 0.05),0.2178,0.1698,0.1192,0.044,0.0143,0.6646,0.685,1.0,1.6429,0.1934,low evidence (non-responsive),850248203,2.48635710408791,0.0775242333689947,73.3710136364666,0.99,0.0034026648370919,4.8670823664063,0.963333333333333,0.0012376237623762,good,59,520,7445,2885,7511,LP,"10-ms optical pulse (473 nm, Ai32)",4.444,5.556,6.632,0.946,0.044,"1.0, 2.5, 4.0 mW calibrated",3,2,0.1698,0,0
721123822,707296982,760213153,950911854,LP,45,2.963,0.0,0.0,,,,0.0,0.044,0.0,,0.49351,-0.213,0.0,"{""1.0"": {""evoked_rate_hz"": 0.0, ""baseline_rate_hz"": 8.89, ""reliability"": 0.0, ""modulation_ratio"": 0.0, ""median_latency_ms"": null}, ""2.5"": {""evoked_rate_hz"": 0.0, ""baseline_rate_hz"": 0.0, ""reliability"": 0.0, ""modulation_ratio"": 0.0, ""median_latency_ms"": null}, ""4.0"": {""evoked_rate_hz"": 0.0, ""baseline_rate_hz"": 0.0, ""reliability"": 0.0, ""modulation_ratio"": 0.0, ""median_latency_ms"": null}}",False,0.334,not light responsive,0.95,Not statistically significant (p=0.4935 >= 0.05); No positive modulation (mod_ratio=0.00 <= 1.0); Very low reliability (0.00 < 0.05),0.0485,0.144,0.1553,0.0,0.0,0.0002,0.0183,1.0,4.6165,0.0099,low evidence (non-responsive),850248215,1.9077592235651,0.0286438295622454,,0.99,0.0760231309239979,,,,good,43,580,7428,2846,7528,LP,"10-ms optical pulse (473 nm, Ai32)",2.963,0.0,,,0.0,"1.0, 2.5, 4.0 mW calibrated",0,1,0.144,0,0
721123822,707296982,760213153,950911910,DG,45,23.704,27.778,1.124,4.916,2.175,2.626,0.222,0.156,0.795,0.443,0.54446,0.085,5.5556,"{""1.0"": {""evoked_rate_hz"": 16.67, ""baseline_rate_hz"": 26.67, ""reliability"": 0.133, ""modulation_ratio"": 0.6, ""median_latency_ms"": 4.91}, ""2.5"": {""evoked_rate_hz"": 33.33, ""baseline_rate_hz"": 26.67, ""reliability"": 0.267, ""modulation_ratio"": 1.2, ""median_latency_ms"": 5.92}, ""4.0"": {""evoked_rate_hz"": 33.33, ""baseline_rate_hz"": 17.78, ""reliability"": 0.267, ""modulation_ratio"": 1.78, ""median_latency_ms"": 4.21}}",False,0.125,not light responsive,0.778,Not statistically significant (p=0.5445 >= 0.05),0.2827,0.4499,0.1498,0.222,0.0841,0.8238,0.419,1.0,1.199,0.3015,low evidence (non-responsive),850248309,3.10399529314782,0.0010378809133114,93.6258362745481,0.99,0.0012043208510632,6.31539625242439,0.991333333333333,0.0042757883484767,good,27,1040,7385,2459,7732,DG,"10-ms optical pulse (473 nm, Ai32)",23.704,27.778,4.916,2.175,0.222,"1.0, 2.5, 4.0 mW calibrated",13,11,0.4499,0,0
721123822,707296982,760213153,950911970,DG,45,23.704,13.889,0.562,2.972,2.858,2.195,0.111,0.2,0.909,0.665,0.1998,-0.195,-2.7778,"{""1.0"": {""evoked_rate_hz"": 16.67, ""baseline_rate_hz"": 26.67, ""reliability"": 0.133, ""modulation_ratio"": 0.6, ""median_latency_ms"": 2.36}, ""2.5"": {""evoked_rate_hz"": 16.67, ""baseline_rate_hz"": 26.67, ""reliability"": 0.133, ""modulation_ratio"": 0.6, ""median_latency_ms"": 6.98}, ""4.0"": {""evoked_rate_hz"": 8.33, ""baseline_rate_hz"": 17.78, ""reliability"": 0.067, ""modulation_ratio"": 0.44, ""median_latency_ms"": 2.81}}",False,-0.996,not light responsive,0.889,Not statistically significant (p=0.1998 >= 0.05); No positive modulation (mod_ratio=0.56 <= 1.0),0.2626,0.4983,0.2141,0.111,0.0,0.9251,0.3188,1.0,1.8636,0.1551,low evidence (non-responsive),850248321,2.51731107256764,0.0248486943542701,81.0796988583745,0.99,0.0136411482261879,5.88428154986772,0.994,0.0058671439936356,good,11,1100,7380,2409,7759,DG,"10-ms optical pulse (473 nm, Ai32)",23.704,13.889,2.972,2.858,0.111,"1.0, 2.5, 4.0 mW calibrated",6,11,0.4983,0,0
721123822,707296982,760213153,950912000,DG,45,0.0,5.556,5.556,4.559,0.23,0.163,0.044,0.0,0.977,0.05,0.50949,0.213,0.0,"{""1.0"": {""evoked_rate_hz"": 8.33, ""baseline_rate_hz"": 0.0, ""reliability"": 0.067, ""modulation_ratio"": 8.33, ""median_latency_ms"": 4.4}, ""2.5"": {""evoked_rate_hz"": 0.0, ""baseline_rate_hz"": 0.0, ""reliability"": 0.0, ""modulation_ratio"": 0.0, ""median_latency_ms"": null}, ""4.0"": {""evoked_rate_hz"": 8.33, ""baseline_rate_hz"": 0.0, ""reliability"": 0.067, ""modulation_ratio"": 8.33, ""median_latency_ms"": 4.72}}",False,-221.222,not light responsive,0.95,Not statistically significant (p=0.5095 >= 0.05); Very low reliability (0.04 < 0.05),0.4444,0.1075,0.1535,0.044,0.8446,0.8482,0.9121,1.0,2.1334,0.1184,intermediate evidence (uncertain / borderline),850248323,2.51292280565732,0.177452575598568,73.8184729197919,0.99,0.0228007567555237,5.77044961717811,0.926666666666667,0.0086993422448546,good,59,1120,7379,2400,7763,DG,"10-ms optical pulse (473 nm, Ai32)",0.0,5.556,4.559,0.23,0.044,"1.0, 2.5, 4.0 mW calibrated",3,0,0.1075,0,0
721123822,707296982,760213153,950912051,DG,45,1.481,2.778,1.119,1.24,0.0,0.0,0.022,0.0,1.0,0.0,1.0,0.061,0.0,"{""1.0"": {""evoked_rate_hz"": 0.0, ""baseline_rate_hz"": 0.0, ""reliability"": 0.0, ""modulation_ratio"": 0.0, ""median_latency_ms"": null}, ""2.5"": {""evoked_rate_hz"": 8.33, ""baseline_rate_hz"": 4.44, ""reliability"": 0.067, ""modulation_ratio"": 1.53, ""median_latency_ms"": 1.24}, ""4.0"": {""evoked_rate_hz"": 0.0, ""baseline_rate_hz"": 0.0, ""reliability"": 0.0, ""modulation_ratio"": 0.0, ""median_latency_ms"": null}}",False,0.002,not light responsive,0.95,Not statistically significant (p=1.0000 >= 0.05); Very low reliability (0.02 < 0.05),0.3025,0.0601,0.1192,0.022,0.0809,0.9671,1.0,1.0,2.3431,0.096,low evidence (non-responsive),850248337,2.99670940568181,0.0565032148705221,56.5571794618445,0.99,0.0049259535549777,4.50005651149603,0.837333333333333,0.0110804821361008,good,11,1180,7372,2342,7794,DG,"10-ms optical pulse (473 nm, Ai32)",1.481,2.778,1.24,0.0,0.022,"1.0, 2.5, 4.0 mW calibrated",1,1,0.0601,0,0
721123822,707296982,760213153,950912097,DG,45,2.963,2.778,0.701,1.962,0.0,0.0,0.022,0.022,1.0,0.0,1.0,-0.014,-2.7778,"{""1.0"": {""evoked_rate_hz"": 8.33, ""baseline_rate_hz"": 4.44, ""reliability"": 0.067, ""modulation_ratio"": 1.53, ""median_latency_ms"": 1.96}, ""2.5"": {""evoked_rate_hz"": 0.0, ""baseline_rate_hz"": 0.0, ""reliability"": 0.0, ""modulation_ratio"": 0.0, ""median_latency_ms"": null}, ""4.0"": {""evoked_rate_hz"": 0.0, ""baseline_rate_hz"": 4.44, ""reliability"": 0.0, ""modulation_ratio"": 0.0, ""median_latency_ms"": null}}",False,-0.991,not light responsive,0.95,Not statistically significant (p=1.0000 >= 0.05); No positive modulation (mod_ratio=0.70 <= 1.0); Very low reliability (0.02 < 0.05),0.2843,0.0625,0.1192,0.022,0.0,0.9534,1.0,1.0,2.2827,0.102,low evidence (non-responsive),850248341,4.06013838601126,0.0,155.966454937259,0.99,2.19555127263279e-05,8.86558620226528,0.989528795811518,0.000475753559656,good,27,1200,7370,2326,7803,DG,"10-ms optical pulse (473 nm, Ai32)",2.963,2.778,1.962,0.0,0.022,"1.0, 2.5, 4.0 mW calibrated",1,1,0.0625,0,0
721123822,707296982,760213153,950912160,DG,45,5.926,5.556,0.802,4.154,2.136,1.51,0.044,0.044,0.977,0.514,0.80819,-0.014,-2.7778,"{""1.0"": {""evoked_rate_hz"": 8.33, ""baseline_rate_hz"": 8.89, ""reliability"": 0.067, ""modulation_ratio"": 0.84, ""median_latency_ms"": 2.64}, ""2.5"": {""evoked_rate_hz"": 8.33, ""baseline_rate_hz"": 4.44, ""reliability"": 0.067, ""modulation_ratio"": 1.53, ""median_latency_ms"": 5.66}, ""4.0"": {""evoked_rate_hz"": 0.0, ""baseline_rate_hz"": 4.44, ""reliability"": 0.0, ""modulation_ratio"": 0.0, ""median_latency_ms"": null}}",False,-221.222,not light responsive,0.95,Not statistically significant (p=0.8082 >= 0.05); No positive modulation (mod_ratio=0.80 <= 1.0); Very low reliability (0.04 < 0.05),0.2232,0.283,0.1293,0.044,0.0,0.8725,0.4255,1.0,1.8876,0.1514,low evidence (non-responsive),850248345,4.12663218693845,0.0988552240893879,71.3314820370185,0.99,8.4090791782057e-06,6.17873398208909,0.968055555555556,0.0011904761904761,good,11,1220,7369,2318,7808,DG,"10-ms optical pulse (473 nm, Ai32)",5.926,5.556,4.154,2.136,0.044,"1.0, 2.5, 4.0 mW calibrated",3,3,0.283,0,0
721123822,707296982,760213153,950912106,DG,45,5.926,5.556,0.802,7.526,1.752,1.239,0.044,0.022,0.977,0.233,0.8032,-0.011,2.7778,"{""1.0"": {""evoked_rate_hz"": 0.0, ""baseline_rate_hz"": 8.89, ""reliability"": 0.0, ""modulation_ratio"": 0.0, ""median_latency_ms"": null}, ""2.5"": {""evoked_rate_hz"": 8.33, ""baseline_rate_hz"": 4.44, ""reliability"": 0.067, ""modulation_ratio"": 1.53, ""median_latency_ms"": 8.76}, ""4.0"": {""evoked_rate_hz"": 8.33, ""baseline_rate_hz"": 4.44, ""reliability"": 0.067, ""modulation_ratio"": 1.53, ""median_latency_ms"": 6.29}}",False,-221.222,not light responsive,0.95,Not statistically significant (p=0.8032 >= 0.05); No positive modulation (mod_ratio=0.80 <= 1.0); Very low reliability (0.04 < 0.05),0.1833,0.2024,0.1296,0.044,0.0,0.559,0.4962,1.0,1.6286,0.1962,low evidence (non-responsive),850248345,2.86694678350668,0.206184830668669,64.7833606668601,0.99,0.0105946757897539,3.87726579980805,0.958666666666667,0.0078983516483516,good,11,1220,7369,2318,7808,DG,"10-ms optical pulse (473 nm, Ai32)",5.926,5.556,7.526,1.752,0.044,"1.0, 2.5, 4.0 mW calibrated",3,3,0.2024,0,0
721123822,707296982,760213153,950912136,DG,45,11.852,8.333,0.648,4.889,4.679,3.308,0.044,0.089,1.636,0.957,0.65934,-0.075,5.5556,"{""1.0"": {""evoked_rate_hz"": 0.0, ""baseline_rate_hz"": 8.89, ""reliability"": 0.0, ""modulation_ratio"": 0.0, ""median_latency_ms"": null}, ""2.5"": {""evoked_rate_hz"": 8.33, ""baseline_rate_hz"": 13.33, ""reliability"": 0.067, ""modulation_ratio"": 0.58, ""median_latency_ms"": 8.2}, ""4.0"": {""evoked_rate_hz"": 16.67, ""baseline_rate_hz"": 13.33, ""reliability"": 0.067, ""modulation_ratio"": 1.16, ""median_latency_ms"": 1.58}}",False,-221.222,not light responsive,0.95,Not statistically significant (p=0.6593 >= 0.05); No positive modulation (mod_ratio=0.65 <= 1.0); Very low reliability (0.04 < 0.05),0.1921,0.4435,0.1395,0.044,0.0,0.8257,0.1539,1.0,1.8009,0.1651,low evidence (non-responsive),850248349,3.01258789100175,0.0088862003863763,78.6997028775349,0.99,0.0019869416320386,4.62626071309006,0.894666666666667,0.0131219245489338,good,27,1240,7366,2302,7816,DG,"10-ms optical pulse (473 nm, Ai32)",11.852,8.333,4.889,4.679,0.044,"1.0, 2.5, 4.0 mW calibrated",4,5,0.4435,0,0
721123822,707296982,760213153,950912125,DG,45,1.481,5.556,2.239,6.525,0.153,0.108,0.044,0.0,0.977,0.023,0.49351,0.145,0.0,"{""1.0"": {""evoked_rate_hz"": 0.0, ""baseline_rate_hz"": 0.0, ""reliability"": 0.0, ""modulation_ratio"": 0.0, ""median_latency_ms"": null}, ""2.5"": {""evoked_rate_hz"": 16.67, ""baseline_rate_hz"": 4.44, ""reliability"": 0.133, ""modulation_ratio"": 3.06, ""median_latency_ms"": 6.52}, ""4.0"": {""evoked_rate_hz"": 0.0, ""baseline_rate_hz"": 0.0, ""reliability"": 0.0, ""modulation_ratio"": 0.0, ""median_latency_ms"": null}}",False,-443.444,not light responsive,0.95,Not statistically significant (p=0.4935 >= 0.05); Very low reliability (0.04 < 0.05),0.3579,0.1552,0.1553,0.044,0.5237,0.6764,0.9406,1.0,1.342,0.2613,intermediate evidence (uncertain / borderline),850248347,2.76294856361639,0.0386062911913751,83.9345127100078,0.99,0.0171139412010356,5.68250053396958,0.997442455242967,0.0006244146113019,good,59,1240,7368,2310,7812,DG,"10-ms optical pulse (473 nm, Ai32)",1.481,5.556,6.525,0.153,0.044,"1.0, 2.5, 4.0 mW calibrated",3,1,0.1552,0,0
721123822,707296982,760213153,950912205,DG,45,4.444,2.778,0.51,3.049,0.0,0.0,0.022,0.0,1.0,0.0,0.61938,-0.065,2.7778,"{""1.0"": {""evoked_rate_hz"": 0.0, ""baseline_rate_hz"": 0.0, ""reliability"": 0.0, ""modulation_ratio"": 0.0, ""median_latency_ms"": null}, ""2.5"": {""evoked_rate_hz"": 0.0, ""baseline_rate_hz"": 4.44, ""reliability"": 0.0, ""modulation_ratio"": 0.0, ""median_latency_ms"": null}, ""4.0"": {""evoked_rate_hz"": 8.33, ""baseline_rate_hz"": 8.89, ""reliability"": 0.067, ""modulation_ratio"": 0.84, ""median_latency_ms"": 3.05}}",False,0.004,not light responsive,0.95,Not statistically significant (p=0.6194 >= 0.05); No positive modulation (mod_ratio=0.51 <= 1.0); Very low reliability (0.02 < 0.05),0.2867,0.0701,0.1428,0.022,0.0,0.9224,1.0,1.0,2.1128,0.1209,low evidence (non-responsive),850248357,4.49489219811692,0.0,158.319927396091,0.99,8.46718326116802e-06,12.1639766202009,1.0,0.0001042100875364,good,27,1280,7362,2269,7833,DG,"10-ms optical pulse (473 nm, Ai32)",4.444,2.778,3.049,0.0,0.022,"1.0, 2.5, 4.0 mW calibrated",1,2,0.0701,0,0
721123822,707296982,760213153,950912227,DG,45,0.0,0.0,0.0,,,,0.0,0.0,0.0,,1.0,0.0,0.0,"{""1.0"": {""evoked_rate_hz"": 0.0, ""baseline_rate_hz"": 0.0, ""reliability"": 0.0, ""modulation_ratio"": 0.0, ""median_latency_ms"": null}, ""2.5"": {""evoked_rate_hz"": 0.0, ""baseline_rate_hz"": 0.0, ""reliability"": 0.0, ""modulation_ratio"": 0.0, ""median_latency_ms"": null}, ""4.0"": {""evoked_rate_hz"": 0.0, ""baseline_rate_hz"": 0.0, ""reliability"": 0.0, ""modulation_ratio"": 0.0, ""median_latency_ms"": null}}",False,1.0,insufficient evidence,0.0,Insufficient trial count (<10) or zero spikes recorded,0.0376,0.144,0.1192,0.0,0.0,0.0002,0.0183,1.0,4.6165,0.0099,insufficient evidence,850248355,0.914086479782839,0.366021408911552,56.5512735397519,0.98,0.091264578953867,4.65696739424702,0.957142857142857,0.0002028397565922,good,59,1280,7363,2277,7829,DG,"10-ms optical pulse (473 nm, Ai32)",0.0,0.0,,,0.0,"1.0, 2.5, 4.0 mW calibrated",0,0,0.144,0,-1
721123822,707296982,760213153,950912316,CA1,45,13.333,13.889,0.969,4.165,1.663,3.165,0.111,0.133,0.909,0.39,1.0,0.013,-2.7778,"{""1.0"": {""evoked_rate_hz"": 16.67, ""baseline_rate_hz"": 13.33, ""reliability"": 0.133, ""modulation_ratio"": 1.16, ""median_latency_ms"": 4.37}, ""2.5"": {""evoked_rate_hz"": 16.67, ""baseline_rate_hz"": 13.33, ""reliability"": 0.133, ""modulation_ratio"": 1.16, ""median_latency_ms"": 5.04}, ""4.0"": {""evoked_rate_hz"": 8.33, ""baseline_rate_hz"": 13.33, ""reliability"": 0.067, ""modulation_ratio"": 0.58, ""median_latency_ms"": 2.52}}",False,0.625,not light responsive,0.889,Not statistically significant (p=1.0000 >= 0.05); No positive modulation (mod_ratio=0.97 <= 1.0),0.2457,0.3142,0.1192,0.111,0.0,0.8719,0.5142,1.0,1.677,0.1869,low evidence (non-responsive),850248393,2.21834517222161,0.0055712595194686,87.6079036600112,0.99,0.0235143122231702,7.37931380501621,0.999333333333333,0.0,good,11,1460,7336,2124,7908,CA1,"10-ms optical pulse (473 nm, Ai32)",13.333,13.889,4.165,1.663,0.111,"1.0, 2.5, 4.0 mW calibrated",6,6,0.3142,0,0
721123822,707296982,760213153,950912413,CA1,45,1.481,2.778,1.119,6.299,0.0,0.0,0.022,0.022,1.0,0.0,1.0,0.061,0.0,"{""1.0"": {""evoked_rate_hz"": 0.0, ""baseline_rate_hz"": 0.0, ""reliability"": 0.0, ""modulation_ratio"": 0.0, ""median_latency_ms"": null}, ""2.5"": {""evoked_rate_hz"": 8.33, ""baseline_rate_hz"": 0.0, ""reliability"": 0.067, ""modulation_ratio"": 8.33, ""median_latency_ms"": 6.3}, ""4.0"": {""evoked_rate_hz"": 0.0, ""baseline_rate_hz"": 4.44, ""reliability"": 0.0, ""modulation_ratio"": 0.0, ""median_latency_ms"": null}}",False,0.004,not light responsive,0.95,Not statistically significant (p=1.0000 >= 0.05); Very low reliability (0.02 < 0.05),0.2625,0.0965,0.1192,0.022,0.0809,0.7007,1.0,1.0,1.6777,0.1868,low evidence (non-responsive),850248465,1.95586748413986,0.225191167131687,45.1306900289266,0.99,0.0161919732010221,2.84407280061724,0.797333333333333,0.0139761559529563,good,11,1820,7270,1855,8044,CA1,"10-ms optical pulse (473 nm, Ai32)",1.481,2.778,6.299,0.0,0.022,"1.0, 2.5, 4.0 mW calibrated",1,1,0.0965,0,0
721123822,707296982,760213153,950912478,CA1,45,1.481,2.778,1.119,5.0,0.0,0.0,0.022,0.022,1.0,0.0,1.0,0.061,0.0,"{""1.0"": {""evoked_rate_hz"": 0.0, ""baseline_rate_hz"": 0.0, ""reliability"": 0.0, ""modulation_ratio"": 0.0, ""median_latency_ms"": null}, ""2.5"": {""evoked_rate_hz"": 8.33, ""baseline_rate_hz"": 0.0, ""reliability"": 0.067, ""modulation_ratio"": 8.33, ""median_latency_ms"": 5.0}, ""4.0"": {""evoked_rate_hz"": 0.0, ""baseline_rate_hz"": 4.44, ""reliability"": 0.0, ""modulation_ratio"": 0.0, ""median_latency_ms"": null}}",False,-221.222,not light responsive,0.95,Not statistically significant (p=1.0000 >= 0.05); Very low reliability (0.02 < 0.05),0.2801,0.0887,0.1192,0.022,0.0809,0.8176,1.0,1.0,1.7879,0.1673,low evidence (non-responsive),850248467,3.31723764300679,0.105420156443239,66.7566667581328,0.99,0.0116020198472822,4.91426356194429,0.956486042692939,0.002710027100271,good,59,1840,7268,1847,8048,CA1,"10-ms optical pulse (473 nm, Ai32)",1.481,2.778,5.0,0.0,0.022,"1.0, 2.5, 4.0 mW calibrated",1,1,0.0887,0,0
721123822,707296982,760213153,950913820,CA1,45,2.963,2.778,0.701,8.057,0.0,0.0,0.022,0.022,1.0,0.0,1.0,-0.014,0.0,"{""1.0"": {""evoked_rate_hz"": 0.0, ""baseline_rate_hz"": 4.44, ""reliability"": 0.0, ""modulation_ratio"": 0.0, ""median_latency_ms"": null}, ""2.5"": {""evoked_rate_hz"": 8.33, ""baseline_rate_hz"": 4.44, ""reliability"": 0.067, ""modulation_ratio"": 1.53, ""median_latency_ms"": 8.06}, ""4.0"": {""evoked_rate_hz"": 0.0, ""baseline_rate_hz"": 0.0, ""reliability"": 0.0, ""modulation_ratio"": 0.0, ""median_latency_ms"": null}}",False,0.501,not light responsive,0.95,Not statistically significant (p=1.0000 >= 0.05); No positive modulation (mod_ratio=0.70 <= 1.0); Very low reliability (0.02 < 0.05),0.2152,0.0939,0.1192,0.022,0.0,0.4929,1.0,1.0,1.7124,0.1804,low evidence (non-responsive),850248471,4.18818726677402,0.318267950158905,41.0946858056276,0.99,0.0008679048776254,4.57779720712866,0.628787878787879,0.0009039775010044,good,43,1860,7264,1830,8056,CA1,"10-ms optical pulse (473 nm, Ai32)",2.963,2.778,8.057,0.0,0.022,"1.0, 2.5, 4.0 mW calibrated",1,1,0.0939,0,0
721123822,707296982,760213153,950912544,CA1,45,16.296,5.556,0.321,1.641,0.331,0.234,0.044,0.089,0.977,0.202,0.04995,-0.29,2.7778,"{""1.0"": {""evoked_rate_hz"": 0.0, ""baseline_rate_hz"": 13.33, ""reliability"": 0.0, ""modulation_ratio"": 0.0, ""median_latency_ms"": null}, ""2.5"": {""evoked_rate_hz"": 8.33, ""baseline_rate_hz"": 13.33, ""reliability"": 0.067, ""modulation_ratio"": 0.58, ""median_latency_ms"": 1.41}, ""4.0"": {""evoked_rate_hz"": 8.33, ""baseline_rate_hz"": 22.22, ""reliability"": 0.067, ""modulation_ratio"": 0.36, ""median_latency_ms"": 1.87}}",False,0.001,not light responsive,0.95,Not statistically significant (p=0.0500 >= 0.05); No positive modulation (mod_ratio=0.32 <= 1.0); Very low reliability (0.04 < 0.05),0.3422,0.1543,0.3321,0.044,0.0,0.9601,0.876,1.0,2.2728,0.103,low evidence (non-responsive),850248477,3.10097583128025,0.0311130249365638,83.3736020686399,0.99,0.000257185530867,5.66785805434482,0.986666666666667,0.000740035944603,good,27,1880,7257,1806,8069,CA1,"10-ms optical pulse (473 nm, Ai32)",16.296,5.556,1.641,0.331,0.044,"1.0, 2.5, 4.0 mW calibrated",3,7,0.1543,0,0
721123822,707296982,760213153,950912491,CA1,45,11.852,2.778,0.216,8.563,0.0,0.0,0.022,0.133,1.0,0.0,0.03996,-0.276,-2.7778,"{""1.0"": {""evoked_rate_hz"": 8.33, ""baseline_rate_hz"": 4.44, ""reliability"": 0.067, ""modulation_ratio"": 1.53, ""median_latency_ms"": 8.56}, ""2.5"": {""evoked_rate_hz"": 0.0, ""baseline_rate_hz"": 4.44, ""reliability"": 0.0, ""modulation_ratio"": 0.0, ""median_latency_ms"": null}, ""4.0"": {""evoked_rate_hz"": 0.0, ""baseline_rate_hz"": 26.67, ""reliability"": 0.0, ""modulation_ratio"": 0.0, ""median_latency_ms"": null}}",False,-0.497,not light responsive,0.95,Not statistically significant (p=0.0400 >= 0.05); No positive modulation (mod_ratio=0.22 <= 1.0); Very low reliability (0.02 < 0.05),0.2762,0.0935,0.354,0.022,0.0,0.4301,1.0,1.0,1.7181,0.1794,low evidence (non-responsive),850248475,2.52577235368089,0.0564252648314814,69.3509413086667,0.99,0.0031881736297913,4.72917192799985,0.953333333333333,0.0030800821355236,good,59,1880,7259,1814,8065,CA1,"10-ms optical pulse (473 nm, Ai32)",11.852,2.778,8.563,0.0,0.022,"1.0, 2.5, 4.0 mW calibrated",1,5,0.0935,0,0
721123822,707296982,760213153,950912621,CA1,45,4.444,8.333,1.531,4.498,2.431,2.161,0.067,0.022,0.955,0.42,0.62637,0.106,2.7778,"{""1.0"": {""evoked_rate_hz"": 0.0, ""baseline_rate_hz"": 0.0, ""reliability"": 0.0, ""modulation_ratio"": 0.0, ""median_latency_ms"": null}, ""2.5"": {""evoked_rate_hz"": 16.67, ""baseline_rate_hz"": 4.44, ""reliability"": 0.133, ""modulation_ratio"": 3.06, ""median_latency_ms"": 4.38}, ""4.0"": {""evoked_rate_hz"": 8.33, ""baseline_rate_hz"": 8.89, ""reliability"": 0.067, ""modulation_ratio"": 0.84, ""median_latency_ms"": 8.59}}",False,0.004,not light responsive,0.933,Not statistically significant (p=0.6264 >= 0.05),0.2846,0.3409,0.1422,0.067,0.2979,0.8521,0.3782,1.0,1.5074,0.2215,low evidence (non-responsive),850248481,3.54484703629585,0.015475529436047,101.187938410987,0.99,0.0008207376360305,7.83322252617661,0.997416020671835,0.000104025798398,good,11,1900,7253,1789,8078,CA1,"10-ms optical pulse (473 nm, Ai32)",4.444,8.333,4.498,2.431,0.067,"1.0, 2.5, 4.0 mW calibrated",4,2,0.3409,0,0
721123822,707296982,760213153,950912574,CA1,45,5.926,2.778,0.401,2.711,0.0,0.0,0.022,0.044,1.0,0.0,0.24276,-0.226,-2.7778,"{""1.0"": {""evoked_rate_hz"": 8.33, ""baseline_rate_hz"": 13.33, ""reliability"": 0.067, ""modulation_ratio"": 0.58, ""median_latency_ms"": 2.71}, ""2.5"": {""evoked_rate_hz"": 0.0, ""baseline_rate_hz"": 0.0, ""reliability"": 0.0, ""modulation_ratio"": 0.0, ""median_latency_ms"": null}, ""4.0"": {""evoked_rate_hz"": 0.0, ""baseline_rate_hz"": 4.44, ""reliability"": 0.0, ""modulation_ratio"": 0.0, ""median_latency_ms"": null}}",False,0.004,not light responsive,0.95,Not statistically significant (p=0.2428 >= 0.05); No positive modulation (mod_ratio=0.40 <= 1.0); Very low reliability (0.02 < 0.05),0.3056,0.0677,0.2002,0.022,0.0,0.9337,1.0,1.0,2.1634,0.1149,low evidence (non-responsive),850248481,2.71614681102078,0.0664274091369659,61.5673980990385,0.98,0.0148324358350256,4.20345300454373,0.932029795158287,0.0012445550715619,good,11,1900,7253,1789,8078,CA1,"10-ms optical pulse (473 nm, Ai32)",5.926,2.778,2.711,0.0,0.022,"1.0, 2.5, 4.0 mW calibrated",1,3,0.0677,0,0
721123822,707296982,760213153,950912559,CA1,45,7.407,5.556,0.661,6.13,0.988,0.699,0.044,0.022,0.977,0.161,0.56244,-0.072,0.0,"{""1.0"": {""evoked_rate_hz"": 8.33, ""baseline_rate_hz"": 4.44, ""reliability"": 0.067, ""modulation_ratio"": 1.53, ""median_latency_ms"": 6.83}, ""2.5"": {""evoked_rate_hz"": 0.0, ""baseline_rate_hz"": 8.89, ""reliability"": 0.0, ""modulation_ratio"": 0.0, ""median_latency_ms"": null}, ""4.0"": {""evoked_rate_hz"": 8.33, ""baseline_rate_hz"": 8.89, ""reliability"": 0.067, ""modulation_ratio"": 0.84, ""median_latency_ms"": 5.43}}",False,0.75,not light responsive,0.95,Not statistically significant (p=0.5624 >= 0.05); No positive modulation (mod_ratio=0.66 <= 1.0); Very low reliability (0.04 < 0.05),0.2305,0.1727,0.148,0.044,0.0,0.7181,0.6735,1.0,1.6903,0.1845,low evidence (non-responsive),850248481,3.31803902151256,0.204139690700676,47.9161256784644,0.99,0.0015983265192584,3.76262203146486,0.928,0.0043869350438693,good,11,1900,7253,1789,8078,CA1,"10-ms optical pulse (473 nm, Ai32)",7.407,5.556,6.13,0.988,0.044,"1.0, 2.5, 4.0 mW calibrated",3,3,0.1727,0,0
721123822,707296982,760213153,950912599,CA1,45,8.889,5.556,0.562,5.486,1.163,0.822,0.044,0.022,0.977,0.212,0.39261,-0.11,0.0,"{""1.0"": {""evoked_rate_hz"": 8.33, ""baseline_rate_hz"": 8.89, ""reliability"": 0.067, ""modulation_ratio"": 0.84, ""median_latency_ms"": 4.66}, ""2.5"": {""evoked_rate_hz"": 0.0, ""baseline_rate_hz"": 4.44, ""reliability"": 0.0, ""modulation_ratio"": 0.0, ""median_latency_ms"": null}, ""4.0"": {""evoked_rate_hz"": 8.33, ""baseline_rate_hz"": 13.33, ""reliability"": 0.067, ""modulation_ratio"": 0.58, ""median_latency_ms"": 6.31}}",False,0.5,not light responsive,0.95,Not statistically significant (p=0.3926 >= 0.05); No positive modulation (mod_ratio=0.56 <= 1.0); Very low reliability (0.04 < 0.05),0.2412,0.1868,0.1688,0.044,0.0,0.7785,0.628,1.0,1.7417,0.1752,low evidence (non-responsive),850248485,1.65153478959157,0.0500407139839028,75.3764099270044,0.99,0.0667927246213542,4.18815972931832,0.958,0.0100036376864314,good,27,1920,7249,1773,8088,CA1,"10-ms optical pulse (473 nm, Ai32)",8.889,5.556,5.486,1.163,0.044,"1.0, 2.5, 4.0 mW calibrated",3,4,0.1868,0,0
721123822,707296982,760213153,950912654,CA1,45,5.926,19.444,2.807,6.2,2.495,3.822,0.156,0.022,0.864,0.44,0.12188,0.26,0.0,"{""1.0"": {""evoked_rate_hz"": 16.67, ""baseline_rate_hz"": 0.0, ""reliability"": 0.133, ""modulation_ratio"": 16.67, ""median_latency_ms"": 5.21}, ""2.5"": {""evoked_rate_hz"": 25.0, ""baseline_rate_hz"": 4.44, ""reliability"": 0.2, ""modulation_ratio"": 4.59, ""median_latency_ms"": 6.2}, ""4.0"": {""evoked_rate_hz"": 16.67, ""baseline_rate_hz"": 13.33, ""reliability"": 0.133, ""modulation_ratio"": 1.16, ""median_latency_ms"": 4.82}}",False,0.334,not light responsive,0.844,Not statistically significant (p=0.1219 >= 0.05),0.3846,0.424,0.2524,0.156,0.6319,0.7109,0.3686,1.0,0.9798,0.3754,intermediate evidence (uncertain / borderline),850248513,3.0061612192316,0.0083116403410352,137.369355236994,0.99,0.001132935851919,8.70287819451009,1.0,0.0,good,11,2060,7226,1660,8155,CA1,"10-ms optical pulse (473 nm, Ai32)",5.926,19.444,6.2,2.495,0.156,"1.0, 2.5, 4.0 mW calibrated",9,3,0.424,0,0
721123822,707296982,760213153,950912688,VISrl,45,1.481,0.0,0.0,,,,0.0,0.0,0.0,,1.0,-0.149,0.0,"{""1.0"": {""evoked_rate_hz"": 0.0, ""baseline_rate_hz"": 4.44, ""reliability"": 0.0, ""modulation_ratio"": 0.0, ""median_latency_ms"": null}, ""2.5"": {""evoked_rate_hz"": 0.0, ""baseline_rate_hz"": 0.0, ""reliability"": 0.0, ""modulation_ratio"": 0.0, ""median_latency_ms"": null}, ""4.0"": {""evoked_rate_hz"": 0.0, ""baseline_rate_hz"": 0.0, ""reliability"": 0.0, ""modulation_ratio"": 0.0, ""median_latency_ms"": null}}",False,-0.497,not light responsive,0.95,Not statistically significant (p=1.0000 >= 0.05); No positive modulation (mod_ratio=0.00 <= 1.0); Very low reliability (0.00 < 0.05),0.0376,0.144,0.1192,0.0,0.0,0.0002,0.0183,1.0,4.6165,0.0099,low evidence (non-responsive),850248561,2.74156650514772,0.271604995718381,48.1434149860254,0.99,0.0138545520351701,3.58805078985641,0.852005532503458,0.0036422217552707,good,11,2300,7193,1434,8311,VISrl,"10-ms optical pulse (473 nm, Ai32)",1.481,0.0,,,0.0,"1.0, 2.5, 4.0 mW calibrated",0,1,0.144,0,0
721123822,707296982,760213153,950912680,VISrl,45,2.963,0.0,0.0,,,,0.0,0.044,0.0,,0.5025,-0.213,0.0,"{""1.0"": {""evoked_rate_hz"": 0.0, ""baseline_rate_hz"": 8.89, ""reliability"": 0.0, ""modulation_ratio"": 0.0, ""median_latency_ms"": null}, ""2.5"": {""evoked_rate_hz"": 0.0, ""baseline_rate_hz"": 0.0, ""reliability"": 0.0, ""modulation_ratio"": 0.0, ""median_latency_ms"": null}, ""4.0"": {""evoked_rate_hz"": 0.0, ""baseline_rate_hz"": 0.0, ""reliability"": 0.0, ""modulation_ratio"": 0.0, ""median_latency_ms"": null}}",False,-0.331,not light responsive,0.95,Not statistically significant (p=0.5025 >= 0.05); No positive modulation (mod_ratio=0.00 <= 1.0); Very low reliability (0.00 < 0.05),0.0482,0.144,0.1543,0.0,0.0,0.0002,0.0183,1.0,4.6165,0.0099,low evidence (non-responsive),850248561,3.19369988289933,0.0109237561451061,73.2630481518336,0.99,0.0126106693134645,5.01988030090929,0.98,0.0114777618364419,good,11,2300,7193,1434,8311,VISrl,"10-ms optical pulse (473 nm, Ai32)",2.963,0.0,,,0.0,"1.0, 2.5, 4.0 mW calibrated",0,1,0.144,0,0
721123822,707296982,760213153,950912718,VISrl,45,5.926,30.556,4.412,5.368,1.639,2.465,0.244,0.022,0.773,0.299,0.01199,0.428,2.7778,"{""1.0"": {""evoked_rate_hz"": 16.67, ""baseline_rate_hz"": 4.44, ""reliability"": 0.133, ""modulation_ratio"": 3.06, ""median_latency_ms"": 5.99}, ""2.5"": {""evoked_rate_hz"": 50.0, ""baseline_rate_hz"": 4.44, ""reliability"": 0.4, ""modulation_ratio"": 9.18, ""median_latency_ms"": 6.44}, ""4.0"": {""evoked_rate_hz"": 25.0, ""baseline_rate_hz"": 8.89, ""reliability"": 0.2, ""modulation_ratio"": 2.53, ""median_latency_ms"": 3.22}}",False,0.001,light-responsive / indirect or uncertain,0.65,Sub-threshold reliability (0.24 < 0.3),0.5332,0.3972,0.4803,0.244,0.7897,0.7885,0.5191,1.0,1.3469,0.26,intermediate evidence (uncertain / borderline),850248565,2.19328616220657,0.00369139523888,157.18099966043,0.99,0.0375974808365958,4.75078100859542,0.990666666666667,0.0052642661612971,good,27,2320,7191,1414,8325,VISrl,"10-ms optical pulse (473 nm, Ai32)",5.926,30.556,5.368,1.639,0.244,"1.0, 2.5, 4.0 mW calibrated",14,3,0.3972,0,1
721123822,707296982,760213153,950913689,VISrl,45,0.0,0.0,0.0,,,,0.0,0.0,0.0,,1.0,0.0,0.0,"{""1.0"": {""evoked_rate_hz"": 0.0, ""baseline_rate_hz"": 0.0, ""reliability"": 0.0, ""modulation_ratio"": 0.0, ""median_latency_ms"": null}, ""2.5"": {""evoked_rate_hz"": 0.0, ""baseline_rate_hz"": 0.0, ""reliability"": 0.0, ""modulation_ratio"": 0.0, ""median_latency_ms"": null}, ""4.0"": {""evoked_rate_hz"": 0.0, ""baseline_rate_hz"": 0.0, ""reliability"": 0.0, ""modulation_ratio"": 0.0, ""median_latency_ms"": null}}",False,1.0,insufficient evidence,0.0,Insufficient trial count (<10) or zero spikes recorded,0.0376,0.144,0.1192,0.0,0.0,0.0002,0.0183,1.0,4.6165,0.0099,insufficient evidence,850248563,1.4170578685037,0.0918789338122946,62.5885356472223,0.99,0.0950558566998979,4.24957845953163,0.92816091954023,0.0012626262626262,good,59,2320,7192,1424,8318,VISrl,"10-ms optical pulse (473 nm, Ai32)",0.0,0.0,,,0.0,"1.0, 2.5, 4.0 mW calibrated",0,0,0.144,0,-1
721123822,707296982,760213153,950912786,VISrl,45,0.0,0.0,0.0,,,,0.0,0.0,0.0,,1.0,0.0,0.0,"{""1.0"": {""evoked_rate_hz"": 0.0, ""baseline_rate_hz"": 0.0, ""reliability"": 0.0, ""modulation_ratio"": 0.0, ""median_latency_ms"": null}, ""2.5"": {""evoked_rate_hz"": 0.0, ""baseline_rate_hz"": 0.0, ""reliability"": 0.0, ""modulation_ratio"": 0.0, ""median_latency_ms"": null}, ""4.0"": {""evoked_rate_hz"": 0.0, ""baseline_rate_hz"": 0.0, ""reliability"": 0.0, ""modulation_ratio"": 0.0, ""median_latency_ms"": null}}",False,1.0,insufficient evidence,0.0,Insufficient trial count (<10) or zero spikes recorded,0.0376,0.144,0.1192,0.0,0.0,0.0002,0.0183,1.0,4.6165,0.0099,insufficient evidence,850248573,4.60281100674942,0.0,72.9192341225056,0.98,0.0011475058839899,4.9325300735758,0.987086359967716,0.0005910781961684,good,27,2360,7186,1376,8352,VISrl,"10-ms optical pulse (473 nm, Ai32)",0.0,0.0,,,0.0,"1.0, 2.5, 4.0 mW calibrated",0,0,0.144,0,-1
721123822,707296982,760213153,950912775,VISrl,45,8.889,2.778,0.281,2.887,0.0,0.0,0.022,0.067,1.0,0.0,0.24975,-0.196,2.7778,"{""1.0"": {""evoked_rate_hz"": 0.0, ""baseline_rate_hz"": 4.44, ""reliability"": 0.0, ""modulation_ratio"": 0.0, ""median_latency_ms"": null}, ""2.5"": {""evoked_rate_hz"": 0.0, ""baseline_rate_hz"": 0.0, ""reliability"": 0.0, ""modulation_ratio"": 0.0, ""median_latency_ms"": null}, ""4.0"": {""evoked_rate_hz"": 8.33, ""baseline_rate_hz"": 22.22, ""reliability"": 0.067, ""modulation_ratio"": 0.36, ""median_latency_ms"": 2.89}}",False,0.501,not light responsive,0.95,Not statistically significant (p=0.2497 >= 0.05); No positive modulation (mod_ratio=0.28 <= 1.0); Very low reliability (0.02 < 0.05),0.3042,0.0689,0.1982,0.022,0.0,0.928,1.0,1.0,2.1368,0.118,low evidence (non-responsive),850248571,2.87523381034444,0.163576946760416,48.3569755193411,0.99,0.0199377726868505,3.96123035889781,0.837333333333333,0.0082559339525283,good,59,2360,7187,1385,8345,VISrl,"10-ms optical pulse (473 nm, Ai32)",8.889,2.778,2.887,0.0,0.022,"1.0, 2.5, 4.0 mW calibrated",1,4,0.0689,0,0
721123822,707296982,760213153,950912764,VISrl,45,8.889,13.889,1.404,1.546,2.104,0.802,0.111,0.089,0.909,0.903,0.53846,0.112,5.5556,"{""1.0"": {""evoked_rate_hz"": 8.33, ""baseline_rate_hz"": 4.44, ""reliability"": 0.067, ""modulation_ratio"": 1.53, ""median_latency_ms"": 1.9}, ""2.5"": {""evoked_rate_hz"": 8.33, ""baseline_rate_hz"": 13.33, ""reliability"": 0.067, ""modulation_ratio"": 0.58, ""median_latency_ms"": 1.06}, ""4.0"": {""evoked_rate_hz"": 25.0, ""baseline_rate_hz"": 8.89, ""reliability"": 0.2, ""modulation_ratio"": 2.53, ""median_latency_ms"": 1.55}}",False,-665.667,not light responsive,0.889,Not statistically significant (p=0.5385 >= 0.05),0.3083,0.6336,0.1504,0.111,0.24,0.9618,0.431,1.0,1.9383,0.1439,low evidence (non-responsive),850248571,3.14696977048019,0.191472261549755,108.485632228219,0.99,0.0163569442617381,3.89036658697855,0.976666666666667,0.0243664717348928,good,59,2360,7187,1385,8345,VISrl,"10-ms optical pulse (473 nm, Ai32)",8.889,13.889,1.546,2.104,0.111,"1.0, 2.5, 4.0 mW calibrated",6,4,0.6336,0,0
721123822,707296982,760213153,950912816,VISrl,45,4.444,0.0,0.0,,,,0.0,0.067,0.0,,0.25674,-0.264,0.0,"{""1.0"": {""evoked_rate_hz"": 0.0, ""baseline_rate_hz"": 8.89, ""reliability"": 0.0, ""modulation_ratio"": 0.0, ""median_latency_ms"": null}, ""2.5"": {""evoked_rate_hz"": 0.0, ""baseline_rate_hz"": 4.44, ""reliability"": 0.0, ""modulation_ratio"": 0.0, ""median_latency_ms"": null}, ""4.0"": {""evoked_rate_hz"": 0.0, ""baseline_rate_hz"": 0.0, ""reliability"": 0.0, ""modulation_ratio"": 0.0, ""median_latency_ms"": null}}",False,-443.444,not light responsive,0.95,Not statistically significant (p=0.2567 >= 0.05); No positive modulation (mod_ratio=0.00 <= 1.0); Very low reliability (0.00 < 0.05),0.0608,0.144,0.1963,0.0,0.0,0.0002,0.0183,1.0,4.6165,0.0099,low evidence (non-responsive),850248577,4.96881046150308,0.0026279807164762,133.635292113868,0.99,0.0004776348542274,6.92137177680293,1.0,0.0007995735607675,good,11,2380,7184,1356,8366,VISrl,"10-ms optical pulse (473 nm, Ai32)",4.444,0.0,,,0.0,"1.0, 2.5, 4.0 mW calibrated",0,2,0.144,0,0
721123822,707296982,760213153,950912848,VISrl,45,0.0,0.0,0.0,,,,0.0,0.0,0.0,,1.0,0.0,0.0,"{""1.0"": {""evoked_rate_hz"": 0.0, ""baseline_rate_hz"": 0.0, ""reliability"": 0.0, ""modulation_ratio"": 0.0, ""median_latency_ms"": null}, ""2.5"": {""evoked_rate_hz"": 0.0, ""baseline_rate_hz"": 0.0, ""reliability"": 0.0, ""modulation_ratio"": 0.0, ""median_latency_ms"": null}, ""4.0"": {""evoked_rate_hz"": 0.0, ""baseline_rate_hz"": 0.0, ""reliability"": 0.0, ""modulation_ratio"": 0.0, ""median_latency_ms"": null}}",False,1.0,insufficient evidence,0.0,Insufficient trial count (<10) or zero spikes recorded,0.0376,0.144,0.1192,0.0,0.0,0.0002,0.0183,1.0,4.6165,0.0099,insufficient evidence,850248585,1.79866573853789,0.0372016683365978,78.3400806687242,0.99,0.0041046712652258,5.27676348252326,0.992666666666667,0.0010104612458392,good,11,2420,7179,1317,8393,VISrl,"10-ms optical pulse (473 nm, Ai32)",0.0,0.0,,,0.0,"1.0, 2.5, 4.0 mW calibrated",0,0,0.144,0,-1
721123822,707296982,760213153,950912835,VISrl,45,1.481,0.0,0.0,,,,0.0,0.0,0.0,,1.0,-0.149,0.0,"{""1.0"": {""evoked_rate_hz"": 0.0, ""baseline_rate_hz"": 4.44, ""reliability"": 0.0, ""modulation_ratio"": 0.0, ""median_latency_ms"": null}, ""2.5"": {""evoked_rate_hz"": 0.0, ""baseline_rate_hz"": 0.0, ""reliability"": 0.0, ""modulation_ratio"": 0.0, ""median_latency_ms"": null}, ""4.0"": {""evoked_rate_hz"": 0.0, ""baseline_rate_hz"": 0.0, ""reliability"": 0.0, ""modulation_ratio"": 0.0, ""median_latency_ms"": null}}",False,-221.222,not light responsive,0.95,Not statistically significant (p=1.0000 >= 0.05); No positive modulation (mod_ratio=0.00 <= 1.0); Very low reliability (0.00 < 0.05),0.0376,0.144,0.1192,0.0,0.0,0.0002,0.0183,1.0,4.6165,0.0099,low evidence (non-responsive),850248583,2.47292100617064,0.150294217580231,58.5372711543353,0.99,0.0764080477764051,3.84925080254366,0.884057971014493,0.0011518785784463,good,43,2420,7180,1327,8386,VISrl,"10-ms optical pulse (473 nm, Ai32)",1.481,0.0,,,0.0,"1.0, 2.5, 4.0 mW calibrated",0,1,0.144,0,0
721123822,707296982,760213153,950912860,VISrl,45,2.963,0.0,0.0,,,,0.0,0.0,0.0,,0.5025,-0.213,0.0,"{""1.0"": {""evoked_rate_hz"": 0.0, ""baseline_rate_hz"": 4.44, ""reliability"": 0.0, ""modulation_ratio"": 0.0, ""median_latency_ms"": null}, ""2.5"": {""evoked_rate_hz"": 0.0, ""baseline_rate_hz"": 0.0, ""reliability"": 0.0, ""modulation_ratio"": 0.0, ""median_latency_ms"": null}, ""4.0"": {""evoked_rate_hz"": 0.0, ""baseline_rate_hz"": 4.44, ""reliability"": 0.0, ""modulation_ratio"": 0.0, ""median_latency_ms"": null}}",False,1.0,not light responsive,0.95,Not statistically significant (p=0.5025 >= 0.05); No positive modulation (mod_ratio=0.00 <= 1.0); Very low reliability (0.00 < 0.05),0.0482,0.144,0.1543,0.0,0.0,0.0002,0.0183,1.0,4.6165,0.0099,low evidence (non-responsive),850248587,2.70509831474263,0.314496848538268,55.5549789513839,0.99,0.0586962253745133,3.7716231449457,0.974358974358974,0.0014069041246311,good,59,2440,7177,1307,8400,VISrl,"10-ms optical pulse (473 nm, Ai32)",2.963,0.0,,,0.0,"1.0, 2.5, 4.0 mW calibrated",0,1,0.144,0,0
721123822,707296982,760213153,950912938,VISrl,45,4.444,5.556,1.02,3.635,3.341,2.363,0.044,0.067,0.977,0.919,1.0,0.035,0.0,"{""1.0"": {""evoked_rate_hz"": 8.33, ""baseline_rate_hz"": 4.44, ""reliability"": 0.067, ""modulation_ratio"": 1.53, ""median_latency_ms"": 1.27}, ""2.5"": {""evoked_rate_hz"": 0.0, ""baseline_rate_hz"": 0.0, ""reliability"": 0.0, ""modulation_ratio"": 0.0, ""median_latency_ms"": null}, ""4.0"": {""evoked_rate_hz"": 8.33, ""baseline_rate_hz"": 8.89, ""reliability"": 0.067, ""modulation_ratio"": 0.84, ""median_latency_ms"": 6.0}}",False,0.004,not light responsive,0.95,Not statistically significant (p=1.0000 >= 0.05); Very low reliability (0.04 < 0.05),0.2107,0.4215,0.1192,0.044,0.0143,0.8987,0.2628,1.0,1.9424,0.1434,low evidence (non-responsive),850248593,2.97940070264007,0.0496301124653922,62.0963762389098,0.99,0.0252529393003456,3.60372585943623,0.587333333333333,0.0327799662352279,good,11,2460,7174,1278,8420,VISrl,"10-ms optical pulse (473 nm, Ai32)",4.444,5.556,3.635,3.341,0.044,"1.0, 2.5, 4.0 mW calibrated",3,2,0.4215,0,0
721123822,707296982,760213153,950912930,VISrl,45,7.407,8.333,0.991,2.987,1.235,1.074,0.067,0.067,0.955,0.335,1.0,0.032,5.5556,"{""1.0"": {""evoked_rate_hz"": 0.0, ""baseline_rate_hz"": 8.89, ""reliability"": 0.0, ""modulation_ratio"": 0.0, ""median_latency_ms"": null}, ""2.5"": {""evoked_rate_hz"": 8.33, ""baseline_rate_hz"": 4.44, ""reliability"": 0.067, ""modulation_ratio"": 1.53, ""median_latency_ms"": 2.97}, ""4.0"": {""evoked_rate_hz"": 16.67, ""baseline_rate_hz"": 8.89, ""reliability"": 0.133, ""modulation_ratio"": 1.69, ""median_latency_ms"": 4.05}}",False,1.0,not light responsive,0.933,Not statistically significant (p=1.0000 >= 0.05); No positive modulation (mod_ratio=0.99 <= 1.0),0.2522,0.263,0.1192,0.067,0.0,0.9246,0.6102,1.0,1.9819,0.1378,low evidence (non-responsive),850248593,2.89401650622191,0.0954059897990381,56.9478515858056,0.99,0.0193373935243233,3.44744981306473,0.573333333333333,0.0348421419849991,good,11,2460,7174,1278,8420,VISrl,"10-ms optical pulse (473 nm, Ai32)",7.407,8.333,2.987,1.235,0.067,"1.0, 2.5, 4.0 mW calibrated",4,3,0.263,0,0
721123822,707296982,760213153,950912921,VISrl,45,7.407,0.0,0.0,,,,0.0,0.022,0.0,,0.12987,-0.29,0.0,"{""1.0"": {""evoked_rate_hz"": 0.0, ""baseline_rate_hz"": 17.78, ""reliability"": 0.0, ""modulation_ratio"": 0.0, ""median_latency_ms"": null}, ""2.5"": {""evoked_rate_hz"": 0.0, ""baseline_rate_hz"": 0.0, ""reliability"": 0.0, ""modulation_ratio"": 0.0, ""median_latency_ms"": null}, ""4.0"": {""evoked_rate_hz"": 0.0, ""baseline_rate_hz"": 4.44, ""reliability"": 0.0, ""modulation_ratio"": 0.0, ""median_latency_ms"": null}}",False,0.501,not light responsive,0.95,Not statistically significant (p=0.1299 >= 0.05); No positive modulation (mod_ratio=0.00 <= 1.0); Very low reliability (0.00 < 0.05),0.076,0.144,0.2472,0.0,0.0,0.0002,0.0183,1.0,4.6165,0.0099,low evidence (non-responsive),850248593,5.11966884100099,0.0,99.4968811814932,0.99,0.0003009711033853,5.9697389307309,0.996894409937888,0.0001033271337053,good,11,2460,7174,1278,8420,VISrl,"10-ms optical pulse (473 nm, Ai32)",7.407,0.0,,,0.0,"1.0, 2.5, 4.0 mW calibrated",0,3,0.144,0,0
721123822,707296982,760213153,950912882,VISrl,45,7.407,0.0,0.0,,,,0.0,0.022,0.0,,0.07393,-0.35,0.0,"{""1.0"": {""evoked_rate_hz"": 0.0, ""baseline_rate_hz"": 8.89, ""reliability"": 0.0, ""modulation_ratio"": 0.0, ""median_latency_ms"": null}, ""2.5"": {""evoked_rate_hz"": 0.0, ""baseline_rate_hz"": 8.89, ""reliability"": 0.0, ""modulation_ratio"": 0.0, ""median_latency_ms"": null}, ""4.0"": {""evoked_rate_hz"": 0.0, ""baseline_rate_hz"": 4.44, ""reliability"": 0.0, ""modulation_ratio"": 0.0, ""median_latency_ms"": null}}",False,-221.222,not light responsive,0.95,Not statistically significant (p=0.0739 >= 0.05); No positive modulation (mod_ratio=0.00 <= 1.0); Very low reliability (0.00 < 0.05),0.0905,0.144,0.2955,0.0,0.0,0.0002,0.0183,1.0,4.6165,0.0099,low evidence (non-responsive),850248591,3.87447851754638,0.0254056320858211,73.7009967927829,0.99,0.0019639610050172,5.35786358299608,0.977883096366509,0.0004426737494466,good,43,2460,7175,1288,8414,VISrl,"10-ms optical pulse (473 nm, Ai32)",7.407,0.0,,,0.0,"1.0, 2.5, 4.0 mW calibrated",0,3,0.144,0,0
721123822,707296982,760213153,950912946,VISrl,45,5.926,5.556,0.802,2.537,0.422,0.298,0.044,0.044,0.977,0.166,0.87612,-0.01,-2.7778,"{""1.0"": {""evoked_rate_hz"": 8.33, ""baseline_rate_hz"": 0.0, ""reliability"": 0.067, ""modulation_ratio"": 8.33, ""median_latency_ms"": 2.24}, ""2.5"": {""evoked_rate_hz"": 8.33, ""baseline_rate_hz"": 4.44, ""reliability"": 0.067, ""modulation_ratio"": 1.53, ""median_latency_ms"": 2.84}, ""4.0"": {""evoked_rate_hz"": 0.0, ""baseline_rate_hz"": 13.33, ""reliability"": 0.0, ""modulation_ratio"": 0.0, ""median_latency_ms"": null}}",False,1.0,not light responsive,0.95,Not statistically significant (p=0.8761 >= 0.05); No positive modulation (mod_ratio=0.80 <= 1.0); Very low reliability (0.04 < 0.05),0.2739,0.1486,0.1254,0.044,0.0,0.9389,0.8447,1.0,2.1222,0.1198,low evidence (non-responsive),850248597,3.54584461247061,0.0032173223230865,70.1216833697385,0.99,7.99085264186171e-05,3.84518896422229,0.975342465753425,0.001280055353745,good,27,2480,7171,1259,8434,VISrl,"10-ms optical pulse (473 nm, Ai32)",5.926,5.556,2.537,0.422,0.044,"1.0, 2.5, 4.0 mW calibrated",3,3,0.1486,0,0
721123822,707296982,760213153,950913016,VISrl,45,10.37,2.778,0.244,1.833,0.0,0.0,0.022,0.111,1.0,0.0,0.07093,-0.24,-2.7778,"{""1.0"": {""evoked_rate_hz"": 8.33, ""baseline_rate_hz"": 0.0, ""reliability"": 0.067, ""modulation_ratio"": 8.33, ""median_latency_ms"": 1.83}, ""2.5"": {""evoked_rate_hz"": 0.0, ""baseline_rate_hz"": 17.78, ""reliability"": 0.0, ""modulation_ratio"": 0.0, ""median_latency_ms"": null}, ""4.0"": {""evoked_rate_hz"": 0.0, ""baseline_rate_hz"": 13.33, ""reliability"": 0.0, ""modulation_ratio"": 0.0, ""median_latency_ms"": null}}",False,0.75,not light responsive,0.95,Not statistically significant (p=0.0709 >= 0.05); No positive modulation (mod_ratio=0.24 <= 1.0); Very low reliability (0.02 < 0.05),0.3387,0.0617,0.2993,0.022,0.0,0.9562,1.0,1.0,2.3041,0.0998,low evidence (non-responsive),850248603,4.20906881626748,0.0110944938076059,63.5170277135828,0.99,0.0005322978285424,3.97230226022827,0.929429429429429,0.0025115110925073,good,59,2520,7167,1229,8454,VISrl,"10-ms optical pulse (473 nm, Ai32)",10.37,2.778,1.833,0.0,0.022,"1.0, 2.5, 4.0 mW calibrated",1,5,0.0617,0,0
721123822,707296982,760213153,950913008,VISrl,45,2.963,2.778,0.701,4.991,0.0,0.0,0.022,0.044,1.0,0.0,1.0,-0.008,-2.7778,"{""1.0"": {""evoked_rate_hz"": 8.33, ""baseline_rate_hz"": 4.44, ""reliability"": 0.067, ""modulation_ratio"": 1.53, ""median_latency_ms"": 4.99}, ""2.5"": {""evoked_rate_hz"": 0.0, ""baseline_rate_hz"": 4.44, ""reliability"": 0.0, ""modulation_ratio"": 0.0, ""median_latency_ms"": null}, ""4.0"": {""evoked_rate_hz"": 0.0, ""baseline_rate_hz"": 0.0, ""reliability"": 0.0, ""modulation_ratio"": 0.0, ""median_latency_ms"": null}}",False,1.0,not light responsive,0.95,Not statistically significant (p=1.0000 >= 0.05); No positive modulation (mod_ratio=0.70 <= 1.0); Very low reliability (0.02 < 0.05),0.264,0.0834,0.1192,0.022,0.0,0.8182,1.0,1.0,1.8703,0.1541,low evidence (non-responsive),850248603,3.09998795272317,0.0086469448627222,72.8190590809743,0.99,0.001060893337027,3.68985319012844,0.990338164251208,0.0001371177841766,good,59,2520,7167,1229,8454,VISrl,"10-ms optical pulse (473 nm, Ai32)",2.963,2.778,4.991,0.0,0.022,"1.0, 2.5, 4.0 mW calibrated",1,1,0.0834,0,0
721123822,707296982,760213153,950912968,VISrl,45,13.333,2.778,0.194,2.418,0.0,0.0,0.022,0.067,1.0,0.0,0.02597,-0.311,0.0,"{""1.0"": {""evoked_rate_hz"": 0.0, ""baseline_rate_hz"": 13.33, ""reliability"": 0.0, ""modulation_ratio"": 0.0, ""median_latency_ms"": null}, ""2.5"": {""evoked_rate_hz"": 8.33, ""baseline_rate_hz"": 17.78, ""reliability"": 0.067, ""modulation_ratio"": 0.44, ""median_latency_ms"": 2.42}, ""4.0"": {""evoked_rate_hz"": 0.0, ""baseline_rate_hz"": 8.89, ""reliability"": 0.0, ""modulation_ratio"": 0.0, ""median_latency_ms"": null}}",False,0.334,not light responsive,0.95,Not statistically significant (p=0.0260 >= 0.05); No positive modulation (mod_ratio=0.19 <= 1.0); Very low reliability (0.02 < 0.05),0.3662,0.0657,0.3978,0.022,0.0,0.9422,1.0,1.0,2.209,0.1098,intermediate evidence (uncertain / borderline),850248603,4.84387307154787,0.0034015258942764,76.8916390015612,0.99,0.0005312499433446,4.97609025392734,0.994,0.0001293828438349,good,59,2520,7167,1229,8454,VISrl,"10-ms optical pulse (473 nm, Ai32)",13.333,2.778,2.418,0.0,0.022,"1.0, 2.5, 4.0 mW calibrated",1,6,0.0657,0,0
721123822,707296982,760213153,950913700,VISrl,45,10.37,0.0,0.0,,,,0.0,0.089,0.0,,0.02597,-0.424,0.0,"{""1.0"": {""evoked_rate_hz"": 0.0, ""baseline_rate_hz"": 4.44, ""reliability"": 0.0, ""modulation_ratio"": 0.0, ""median_latency_ms"": null}, ""2.5"": {""evoked_rate_hz"": 0.0, ""baseline_rate_hz"": 17.78, ""reliability"": 0.0, ""modulation_ratio"": 0.0, ""median_latency_ms"": null}, ""4.0"": {""evoked_rate_hz"": 0.0, ""baseline_rate_hz"": 8.89, ""reliability"": 0.0, ""modulation_ratio"": 0.0, ""median_latency_ms"": null}}",False,1.0,not light responsive,0.95,Not statistically significant (p=0.0260 >= 0.05); No positive modulation (mod_ratio=0.00 <= 1.0); Very low reliability (0.00 < 0.05),0.1212,0.144,0.3978,0.0,0.0,0.0002,0.0183,1.0,4.6165,0.0099,low evidence (non-responsive),850248607,1.76050696158944,0.0460092662197331,52.9743411317389,0.99,0.0264915360509779,2.9130268465818,0.791666666666667,0.0055486628067273,good,43,2540,7165,1210,8467,VISrl,"10-ms optical pulse (473 nm, Ai32)",10.37,0.0,,,0.0,"1.0, 2.5, 4.0 mW calibrated",0,5,0.144,0,0
721123822,707296982,760213153,950913049,VISrl,45,17.778,102.778,5.473,4.147,2.146,2.405,0.622,0.067,0.679,0.48,0.001,1.008,44.4444,"{""1.0"": {""evoked_rate_hz"": 33.33, ""baseline_rate_hz"": 8.89, ""reliability"": 0.267, ""modulation_ratio"": 3.37, ""median_latency_ms"": 5.0}, ""2.5"": {""evoked_rate_hz"": 108.33, ""baseline_rate_hz"": 17.78, ""reliability"": 0.8, ""modulation_ratio"": 5.77, ""median_latency_ms"": 4.73}, ""4.0"": {""evoked_rate_hz"": 166.67, ""baseline_rate_hz"": 26.67, ""reliability"": 0.8, ""modulation_ratio"": 6.02, ""median_latency_ms"": 3.12}}",False,-0.461,putatively directly optotagged,0.782,Passes direct criteria: mod=5.47>2.0; rel=0.62>=0.3; lat=4.15<8.0ms; p=0.0010<0.05,0.7164,0.4559,0.7311,0.622,0.8415,0.8729,0.4238,1.0,2.3726,0.0932,high evidence (direct-like),850248607,3.07587830536889,0.0015077068902313,112.241145251976,0.99,0.0005091536757994,5.87779714523584,0.999333333333333,0.0006780810306831,good,43,2540,7165,1210,8467,VISrl,"10-ms optical pulse (473 nm, Ai32)",17.778,102.778,4.147,2.146,0.622,"1.0, 2.5, 4.0 mW calibrated",46,8,0.4559,1,2
721123822,707296982,760213153,950913115,VISrl,45,8.889,41.667,4.213,5.088,2.037,2.946,0.333,0.089,0.682,0.368,0.001,0.624,13.8889,"{""1.0"": {""evoked_rate_hz"": 16.67, ""baseline_rate_hz"": 8.89, ""reliability"": 0.133, ""modulation_ratio"": 1.69, ""median_latency_ms"": 6.92}, ""2.5"": {""evoked_rate_hz"": 50.0, ""baseline_rate_hz"": 4.44, ""reliability"": 0.4, ""modulation_ratio"": 9.18, ""median_latency_ms"": 4.47}, ""4.0"": {""evoked_rate_hz"": 58.33, ""baseline_rate_hz"": 13.33, ""reliability"": 0.467, ""modulation_ratio"": 4.07, ""median_latency_ms"": 5.09}}",False,0.5,putatively directly optotagged,0.661,Passes direct criteria: mod=4.21>2.0; rel=0.33>=0.3; lat=5.09<8.0ms; p=0.0010<0.05,0.6239,0.4726,0.7311,0.333,0.7769,0.8109,0.4427,1.0,1.3086,0.2702,intermediate evidence (uncertain / borderline),850248613,2.24022913544666,0.0146163899303025,86.9509789263603,0.99,0.0012826897148644,5.7269291518636,0.989517819706499,0.0002754251876334,good,27,2560,7161,1181,8487,VISrl,"10-ms optical pulse (473 nm, Ai32)",8.889,41.667,5.088,2.037,0.333,"1.0, 2.5, 4.0 mW calibrated",19,4,0.4726,1,2
721123822,707296982,760213153,950913097,VISrl,45,13.333,2.778,0.194,2.946,0.0,0.0,0.022,0.133,1.0,0.0,0.01998,-0.311,2.7778,"{""1.0"": {""evoked_rate_hz"": 0.0, ""baseline_rate_hz"": 13.33, ""reliability"": 0.0, ""modulation_ratio"": 0.0, ""median_latency_ms"": null}, ""2.5"": {""evoked_rate_hz"": 0.0, ""baseline_rate_hz"": 13.33, ""reliability"": 0.0, ""modulation_ratio"": 0.0, ""median_latency_ms"": null}, ""4.0"": {""evoked_rate_hz"": 8.33, ""baseline_rate_hz"": 13.33, ""reliability"": 0.067, ""modulation_ratio"": 0.58, ""median_latency_ms"": 2.95}}",False,0.6,not light responsive,0.95,Not statistically significant (p=0.0200 >= 0.05); No positive modulation (mod_ratio=0.19 <= 1.0); Very low reliability (0.02 < 0.05),0.372,0.0694,0.4254,0.022,0.0,0.926,1.0,1.0,2.128,0.1191,intermediate evidence (uncertain / borderline),850248613,5.13364926032138,0.0014287531392927,75.7982108677972,0.99,7.55915101233112e-05,5.73386063789191,0.982,0.0019965393318248,good,27,2560,7161,1181,8487,VISrl,"10-ms optical pulse (473 nm, Ai32)",13.333,2.778,2.946,0.0,0.022,"1.0, 2.5, 4.0 mW calibrated",1,6,0.0694,0,0
721123822,707296982,760213153,950913087,VISrl,45,8.889,2.778,0.281,1.8,0.0,0.0,0.022,0.111,1.0,0.0,0.11189,-0.201,0.0,"{""1.0"": {""evoked_rate_hz"": 0.0, ""baseline_rate_hz"": 8.89, ""reliability"": 0.0, ""modulation_ratio"": 0.0, ""median_latency_ms"": null}, ""2.5"": {""evoked_rate_hz"": 8.33, ""baseline_rate_hz"": 8.89, ""reliability"": 0.067, ""modulation_ratio"": 0.84, ""median_latency_ms"": 1.8}, ""4.0"": {""evoked_rate_hz"": 0.0, ""baseline_rate_hz"": 8.89, ""reliability"": 0.0, ""modulation_ratio"": 0.0, ""median_latency_ms"": null}}",False,0.334,not light responsive,0.95,Not statistically significant (p=0.1119 >= 0.05); No positive modulation (mod_ratio=0.28 <= 1.0); Very low reliability (0.02 < 0.05),0.3269,0.0615,0.2595,0.022,0.0,0.9569,1.0,1.0,2.3097,0.0993,low evidence (non-responsive),850248611,4.77825126600815,0.0203804566234635,51.285363093482,0.99,4.78932707458582e-05,5.18699535824652,0.928571428571429,0.0003419504855696,good,59,2560,7162,1191,8480,VISrl,"10-ms optical pulse (473 nm, Ai32)",8.889,2.778,1.8,0.0,0.022,"1.0, 2.5, 4.0 mW calibrated",1,4,0.0615,0,0
721123822,707296982,760213153,950913077,VISrl,45,19.259,2.778,0.137,2.312,0.0,0.0,0.022,0.133,1.0,0.0,0.005,-0.389,-2.7778,"{""1.0"": {""evoked_rate_hz"": 8.33, ""baseline_rate_hz"": 26.67, ""reliability"": 0.067, ""modulation_ratio"": 0.3, ""median_latency_ms"": 2.31}, ""2.5"": {""evoked_rate_hz"": 0.0, ""baseline_rate_hz"": 17.78, ""reliability"": 0.0, ""modulation_ratio"": 0.0, ""median_latency_ms"": null}, ""4.0"": {""evoked_rate_hz"": 0.0, ""baseline_rate_hz"": 13.33, ""reliability"": 0.0, ""modulation_ratio"": 0.0, ""median_latency_ms"": null}}",False,0.75,not light responsive,0.95,Not statistically significant (p=0.0050 >= 0.05); No positive modulation (mod_ratio=0.14 <= 1.0); Very low reliability (0.02 < 0.05),0.4197,0.0649,0.5747,0.022,0.0,0.945,1.0,1.0,2.2258,0.108,intermediate evidence (uncertain / borderline),850248611,2.44177069232447,0.0271838838760063,78.3953322217727,0.99,0.0943214690829242,2.19491863887865,0.918666666666667,0.0054239451224375,good,59,2560,7162,1191,8480,VISrl,"10-ms optical pulse (473 nm, Ai32)",19.259,2.778,2.312,0.0,0.022,"1.0, 2.5, 4.0 mW calibrated",1,9,0.0649,0,0
721123822,707296982,760213153,950913133,VISrl,45,4.444,0.0,0.0,,,,0.0,0.022,0.0,,0.47552,-0.202,0.0,"{""1.0"": {""evoked_rate_hz"": 0.0, ""baseline_rate_hz"": 8.89, ""reliability"": 0.0, ""modulation_ratio"": 0.0, ""median_latency_ms"": null}, ""2.5"": {""evoked_rate_hz"": 0.0, ""baseline_rate_hz"": 0.0, ""reliability"": 0.0, ""modulation_ratio"": 0.0, ""median_latency_ms"": null}, ""4.0"": {""evoked_rate_hz"": 0.0, ""baseline_rate_hz"": 4.44, ""reliability"": 0.0, ""modulation_ratio"": 0.0, ""median_latency_ms"": null}}",False,1.0,not light responsive,0.95,Not statistically significant (p=0.4755 >= 0.05); No positive modulation (mod_ratio=0.00 <= 1.0); Very low reliability (0.00 < 0.05),0.0491,0.144,0.1575,0.0,0.0,0.0002,0.0183,1.0,4.6165,0.0099,low evidence (non-responsive),850248617,1.78491235603769,0.247667484411908,46.6735503062997,0.99,0.0451726506917785,2.42485967676619,0.768666666666667,0.0152399095130373,good,11,2580,7158,1161,8500,VISrl,"10-ms optical pulse (473 nm, Ai32)",4.444,0.0,,,0.0,"1.0, 2.5, 4.0 mW calibrated",0,2,0.144,0,0
721123822,707296982,760213153,950913709,VISrl,45,0.0,0.0,0.0,,,,0.0,0.0,0.0,,1.0,0.0,0.0,"{""1.0"": {""evoked_rate_hz"": 0.0, ""baseline_rate_hz"": 0.0, ""reliability"": 0.0, ""modulation_ratio"": 0.0, ""median_latency_ms"": null}, ""2.5"": {""evoked_rate_hz"": 0.0, ""baseline_rate_hz"": 0.0, ""reliability"": 0.0, ""modulation_ratio"": 0.0, ""median_latency_ms"": null}, ""4.0"": {""evoked_rate_hz"": 0.0, ""baseline_rate_hz"": 0.0, ""reliability"": 0.0, ""modulation_ratio"": 0.0, ""median_latency_ms"": null}}",False,1.0,insufficient evidence,0.0,Insufficient trial count (<10) or zero spikes recorded,0.0376,0.144,0.1192,0.0,0.0,0.0002,0.0183,1.0,4.6165,0.0099,insufficient evidence,850248621,2.48158154210699,0.102752321351873,57.5547344184428,0.99,0.0094204934409878,3.5631705897246,0.859375,0.0017558076715289,good,27,2600,7156,1142,8512,VISrl,"10-ms optical pulse (473 nm, Ai32)",0.0,0.0,,,0.0,"1.0, 2.5, 4.0 mW calibrated",0,0,0.144,0,-1
721123822,707296982,760213153,950913232,VISrl,45,8.889,0.0,0.0,,,,0.0,0.067,0.0,,0.03796,-0.388,0.0,"{""1.0"": {""evoked_rate_hz"": 0.0, ""baseline_rate_hz"": 13.33, ""reliability"": 0.0, ""modulation_ratio"": 0.0, ""median_latency_ms"": null}, ""2.5"": {""evoked_rate_hz"": 0.0, ""baseline_rate_hz"": 4.44, ""reliability"": 0.0, ""modulation_ratio"": 0.0, ""median_latency_ms"": null}, ""4.0"": {""evoked_rate_hz"": 0.0, ""baseline_rate_hz"": 8.89, ""reliability"": 0.0, ""modulation_ratio"": 0.0, ""median_latency_ms"": null}}",False,0.501,not light responsive,0.95,Not statistically significant (p=0.0380 >= 0.05); No positive modulation (mod_ratio=0.00 <= 1.0); Very low reliability (0.00 < 0.05),0.1096,0.144,0.3591,0.0,0.0,0.0002,0.0183,1.0,4.6165,0.0099,low evidence (non-responsive),850248621,2.16024349959556,0.195692109665992,49.1466024315647,0.99,0.0232757109550693,3.1656389063201,0.671201814058957,0.0035522175987009,good,27,2600,7156,1142,8512,VISrl,"10-ms optical pulse (473 nm, Ai32)",8.889,0.0,,,0.0,"1.0, 2.5, 4.0 mW calibrated",0,4,0.144,0,0
721123822,707296982,760213153,950913196,VISrl,45,4.444,0.0,0.0,,,,0.0,0.022,0.0,,0.24975,-0.264,0.0,"{""1.0"": {""evoked_rate_hz"": 0.0, ""baseline_rate_hz"": 8.89, ""reliability"": 0.0, ""modulation_ratio"": 0.0, ""median_latency_ms"": null}, ""2.5"": {""evoked_rate_hz"": 0.0, ""baseline_rate_hz"": 4.44, ""reliability"": 0.0, ""modulation_ratio"": 0.0, ""median_latency_ms"": null}, ""4.0"": {""evoked_rate_hz"": 0.0, ""baseline_rate_hz"": 0.0, ""reliability"": 0.0, ""modulation_ratio"": 0.0, ""median_latency_ms"": null}}",False,0.004,not light responsive,0.95,Not statistically significant (p=0.2497 >= 0.05); No positive modulation (mod_ratio=0.00 <= 1.0); Very low reliability (0.00 < 0.05),0.0613,0.144,0.1982,0.0,0.0,0.0002,0.0183,1.0,4.6165,0.0099,low evidence (non-responsive),850248621,3.10143571084936,0.0818338573223506,63.359934876497,0.99,0.0238911675282943,4.27028535186761,0.944038929440389,0.0002703707458852,good,27,2600,7156,1142,8512,VISrl,"10-ms optical pulse (473 nm, Ai32)",4.444,0.0,,,0.0,"1.0, 2.5, 4.0 mW calibrated",0,2,0.144,0,0
721123822,707296982,760213153,950913177,VISrl,45,5.926,2.778,0.401,2.585,0.0,0.0,0.022,0.067,1.0,0.0,0.37662,-0.115,0.0,"{""1.0"": {""evoked_rate_hz"": 0.0, ""baseline_rate_hz"": 0.0, ""reliability"": 0.0, ""modulation_ratio"": 0.0, ""median_latency_ms"": null}, ""2.5"": {""evoked_rate_hz"": 8.33, ""baseline_rate_hz"": 8.89, ""reliability"": 0.067, ""modulation_ratio"": 0.84, ""median_latency_ms"": 2.58}, ""4.0"": {""evoked_rate_hz"": 0.0, ""baseline_rate_hz"": 8.89, ""reliability"": 0.0, ""modulation_ratio"": 0.0, ""median_latency_ms"": null}}",False,-0.991,not light responsive,0.95,Not statistically significant (p=0.3766 >= 0.05); No positive modulation (mod_ratio=0.40 <= 1.0); Very low reliability (0.02 < 0.05),0.2975,0.0668,0.1714,0.022,0.0,0.9375,1.0,1.0,2.1828,0.1127,low evidence (non-responsive),850248621,2.36915125530684,0.0728784041711056,50.1210329303015,0.99,0.0458093769639052,2.55879853148136,0.764,0.0145402097220598,good,27,2600,7156,1142,8512,VISrl,"10-ms optical pulse (473 nm, Ai32)",5.926,2.778,2.585,0.0,0.022,"1.0, 2.5, 4.0 mW calibrated",1,3,0.0668,0,0
721123822,707296982,760213153,950913724,VISrl,45,1.481,0.0,0.0,,,,0.0,0.0,0.0,,1.0,-0.149,0.0,"{""1.0"": {""evoked_rate_hz"": 0.0, ""baseline_rate_hz"": 4.44, ""reliability"": 0.0, ""modulation_ratio"": 0.0, ""median_latency_ms"": null}, ""2.5"": {""evoked_rate_hz"": 0.0, ""baseline_rate_hz"": 0.0, ""reliability"": 0.0, ""modulation_ratio"": 0.0, ""median_latency_ms"": null}, ""4.0"": {""evoked_rate_hz"": 0.0, ""baseline_rate_hz"": 0.0, ""reliability"": 0.0, ""modulation_ratio"": 0.0, ""median_latency_ms"": null}}",False,1.0,not light responsive,0.95,Not statistically significant (p=1.0000 >= 0.05); No positive modulation (mod_ratio=0.00 <= 1.0); Very low reliability (0.00 < 0.05),0.0376,0.144,0.1192,0.0,0.0,0.0002,0.0183,1.0,4.6165,0.0099,low evidence (non-responsive),850248619,1.54565807327184,0.0467047697421141,65.3299130780023,0.99,0.0440323421954802,4.1834277074876,0.828205128205128,0.002499155690645,good,59,2600,7157,1152,8506,VISrl,"10-ms optical pulse (473 nm, Ai32)",1.481,0.0,,,0.0,"1.0, 2.5, 4.0 mW calibrated",0,1,0.144,0,0
721123822,707296982,760213153,950913168,VISrl,45,2.963,27.778,7.009,6.0,1.999,3.638,0.222,0.0,0.795,0.336,0.00799,0.444,13.8889,"{""1.0"": {""evoked_rate_hz"": 8.33, ""baseline_rate_hz"": 4.44, ""reliability"": 0.067, ""modulation_ratio"": 1.53, ""median_latency_ms"": 4.22}, ""2.5"": {""evoked_rate_hz"": 25.0, ""baseline_rate_hz"": 4.44, ""reliability"": 0.2, ""modulation_ratio"": 4.59, ""median_latency_ms"": 8.13}, ""4.0"": {""evoked_rate_hz"": 50.0, ""baseline_rate_hz"": 0.0, ""reliability"": 0.4, ""modulation_ratio"": 50.0, ""median_latency_ms"": 4.97}}",False,0.001,light-responsive / indirect or uncertain,0.65,Sub-threshold reliability (0.22 < 0.3),0.5447,0.3499,0.5243,0.222,0.8863,0.7311,0.4495,1.0,1.9171,0.147,intermediate evidence (uncertain / borderline),850248619,2.40943731026031,0.033714468330864,71.0711866326448,0.99,0.0470348641694455,4.35659620644455,0.984263233190272,0.0003071567523292,good,59,2600,7157,1152,8506,VISrl,"10-ms optical pulse (473 nm, Ai32)",2.963,27.778,6.0,1.999,0.222,"1.0, 2.5, 4.0 mW calibrated",13,1,0.3499,0,1
721123822,707296982,760213153,950913159,VISrl,45,8.889,0.0,0.0,,,,0.0,0.067,0.0,,0.03297,-0.388,0.0,"{""1.0"": {""evoked_rate_hz"": 0.0, ""baseline_rate_hz"": 8.89, ""reliability"": 0.0, ""modulation_ratio"": 0.0, ""median_latency_ms"": null}, ""2.5"": {""evoked_rate_hz"": 0.0, ""baseline_rate_hz"": 8.89, ""reliability"": 0.0, ""modulation_ratio"": 0.0, ""median_latency_ms"": null}, ""4.0"": {""evoked_rate_hz"": 0.0, ""baseline_rate_hz"": 8.89, ""reliability"": 0.0, ""modulation_ratio"": 0.0, ""median_latency_ms"": null}}",False,1.0,not light responsive,0.95,Not statistically significant (p=0.0330 >= 0.05); No positive modulation (mod_ratio=0.00 <= 1.0); Very low reliability (0.00 < 0.05),0.1138,0.144,0.3733,0.0,0.0,0.0002,0.0183,1.0,4.6165,0.0099,low evidence (non-responsive),850248619,3.58269730041011,0.0401897650520784,61.1369938482894,0.99,0.0032160150202935,6.11030066363405,0.935714285714286,0.0003380662609871,good,59,2600,7157,1152,8506,VISrl,"10-ms optical pulse (473 nm, Ai32)",8.889,0.0,,,0.0,"1.0, 2.5, 4.0 mW calibrated",0,4,0.144,0,0
721123822,707296982,760213153,950913151,VISrl,45,4.444,5.556,1.02,2.69,1.54,1.089,0.044,0.022,0.977,0.573,1.0,0.035,-2.7778,"{""1.0"": {""evoked_rate_hz"": 8.33, ""baseline_rate_hz"": 0.0, ""reliability"": 0.067, ""modulation_ratio"": 8.33, ""median_latency_ms"": 3.78}, ""2.5"": {""evoked_rate_hz"": 8.33, ""baseline_rate_hz"": 8.89, ""reliability"": 0.067, ""modulation_ratio"": 0.84, ""median_latency_ms"": 1.6}, ""4.0"": {""evoked_rate_hz"": 0.0, ""baseline_rate_hz"": 4.44, ""reliability"": 0.0, ""modulation_ratio"": 0.0, ""median_latency_ms"": null}}",False,0.501,not light responsive,0.95,Not statistically significant (p=1.0000 >= 0.05); Very low reliability (0.04 < 0.05),0.2438,0.2926,0.1192,0.044,0.0143,0.9343,0.5401,1.0,2.0843,0.1244,low evidence (non-responsive),850248619,5.08959287035678,0.0,112.757442462542,0.99,0.0003490549477862,6.49662483671613,0.985449735449736,0.0002051702913418,good,59,2600,7157,1152,8506,VISrl,"10-ms optical pulse (473 nm, Ai32)",4.444,5.556,2.69,1.54,0.044,"1.0, 2.5, 4.0 mW calibrated",3,2,0.2926,0,0
721123822,707296982,760213153,950913141,VISrl,45,13.333,0.0,0.0,,,,0.0,0.111,0.0,,0.00699,-0.437,0.0,"{""1.0"": {""evoked_rate_hz"": 0.0, ""baseline_rate_hz"": 13.33, ""reliability"": 0.0, ""modulation_ratio"": 0.0, ""median_latency_ms"": null}, ""2.5"": {""evoked_rate_hz"": 0.0, ""baseline_rate_hz"": 17.78, ""reliability"": 0.0, ""modulation_ratio"": 0.0, ""median_latency_ms"": null}, ""4.0"": {""evoked_rate_hz"": 0.0, ""baseline_rate_hz"": 8.89, ""reliability"": 0.0, ""modulation_ratio"": 0.0, ""median_latency_ms"": null}}",False,-0.991,not light responsive,0.95,Not statistically significant (p=0.0070 >= 0.05); No positive modulation (mod_ratio=0.00 <= 1.0); Very low reliability (0.00 < 0.05),0.1635,0.144,0.5388,0.0,0.0,0.0002,0.0183,1.0,4.6165,0.0099,low evidence (non-responsive),850248619,2.86345333939566,0.0315450988690422,77.7551746678648,0.99,0.0042855604480292,4.17643636623997,0.972108843537415,0.0018576936558009,good,59,2600,7157,1152,8506,VISrl,"10-ms optical pulse (473 nm, Ai32)",13.333,0.0,,,0.0,"1.0, 2.5, 4.0 mW calibrated",0,6,0.144,0,0
721123822,707296982,760213153,950913290,VISrl,45,7.407,0.0,0.0,,,,0.0,0.022,0.0,,0.05794,-0.35,0.0,"{""1.0"": {""evoked_rate_hz"": 0.0, ""baseline_rate_hz"": 4.44, ""reliability"": 0.0, ""modulation_ratio"": 0.0, ""median_latency_ms"": null}, ""2.5"": {""evoked_rate_hz"": 0.0, ""baseline_rate_hz"": 13.33, ""reliability"": 0.0, ""modulation_ratio"": 0.0, ""median_latency_ms"": null}, ""4.0"": {""evoked_rate_hz"": 0.0, ""baseline_rate_hz"": 4.44, ""reliability"": 0.0, ""modulation_ratio"": 0.0, ""median_latency_ms"": null}}",False,-221.222,not light responsive,0.95,Not statistically significant (p=0.0579 >= 0.05); No positive modulation (mod_ratio=0.00 <= 1.0); Very low reliability (0.00 < 0.05),0.0973,0.144,0.318,0.0,0.0,0.0002,0.0183,1.0,4.6165,0.0099,low evidence (non-responsive),850248629,3.85906452171964,0.0064962711096205,94.6508328198181,0.99,0.0006974789727819,4.26763368004953,0.993875765529309,0.0003811900058911,good,27,2640,7151,1103,8538,VISrl,"10-ms optical pulse (473 nm, Ai32)",7.407,0.0,,,0.0,"1.0, 2.5, 4.0 mW calibrated",0,3,0.144,0,0
721123822,707296982,760213153,950913274,VISrl,45,2.963,0.0,0.0,,,,0.0,0.0,0.0,,1.0,-0.149,0.0,"{""1.0"": {""evoked_rate_hz"": 0.0, ""baseline_rate_hz"": 0.0, ""reliability"": 0.0, ""modulation_ratio"": 0.0, ""median_latency_ms"": null}, ""2.5"": {""evoked_rate_hz"": 0.0, ""baseline_rate_hz"": 0.0, ""reliability"": 0.0, ""modulation_ratio"": 0.0, ""median_latency_ms"": null}, ""4.0"": {""evoked_rate_hz"": 0.0, ""baseline_rate_hz"": 8.89, ""reliability"": 0.0, ""modulation_ratio"": 0.0, ""median_latency_ms"": null}}",False,1.0,not light responsive,0.95,Not statistically significant (p=1.0000 >= 0.05); No positive modulation (mod_ratio=0.00 <= 1.0); Very low reliability (0.00 < 0.05),0.0376,0.144,0.1192,0.0,0.0,0.0002,0.0183,1.0,4.6165,0.0099,low evidence (non-responsive),850248629,3.48323317866733,0.0,76.2685755542387,0.99,0.0004801542468716,3.88401835135931,0.970588235294118,0.0007853581916273,good,27,2640,7151,1103,8538,VISrl,"10-ms optical pulse (473 nm, Ai32)",2.963,0.0,,,0.0,"1.0, 2.5, 4.0 mW calibrated",0,1,0.144,0,0
721123822,707296982,760213153,950913267,VISrl,45,10.37,2.778,0.244,1.967,0.0,0.0,0.022,0.089,1.0,0.0,0.06893,-0.24,0.0,"{""1.0"": {""evoked_rate_hz"": 0.0, ""baseline_rate_hz"": 8.89, ""reliability"": 0.0, ""modulation_ratio"": 0.0, ""median_latency_ms"": null}, ""2.5"": {""evoked_rate_hz"": 8.33, ""baseline_rate_hz"": 13.33, ""reliability"": 0.067, ""modulation_ratio"": 0.58, ""median_latency_ms"": 1.97}, ""4.0"": {""evoked_rate_hz"": 0.0, ""baseline_rate_hz"": 8.89, ""reliability"": 0.0, ""modulation_ratio"": 0.0, ""median_latency_ms"": null}}",False,-0.331,not light responsive,0.95,Not statistically significant (p=0.0689 >= 0.05); No positive modulation (mod_ratio=0.24 <= 1.0); Very low reliability (0.02 < 0.05),0.3391,0.0626,0.3019,0.022,0.0,0.9533,1.0,1.0,2.2819,0.1021,low evidence (non-responsive),850248629,5.52700214660023,0.0039001656480889,98.2956023403471,0.99,0.0007756559113376,7.13530355494091,0.993275696445725,0.0002762526330329,good,27,2640,7151,1103,8538,VISrl,"10-ms optical pulse (473 nm, Ai32)",10.37,2.778,1.967,0.0,0.022,"1.0, 2.5, 4.0 mW calibrated",1,5,0.0626,0,0
721123822,707296982,760213153,950913733,VISrl,45,5.926,5.556,0.802,4.023,2.318,1.639,0.044,0.044,0.977,0.576,0.82917,-0.014,-2.7778,"{""1.0"": {""evoked_rate_hz"": 8.33, ""baseline_rate_hz"": 8.89, ""reliability"": 0.067, ""modulation_ratio"": 0.84, ""median_latency_ms"": 5.66}, ""2.5"": {""evoked_rate_hz"": 8.33, ""baseline_rate_hz"": 4.44, ""reliability"": 0.067, ""modulation_ratio"": 1.53, ""median_latency_ms"": 2.38}, ""4.0"": {""evoked_rate_hz"": 0.0, ""baseline_rate_hz"": 4.44, ""reliability"": 0.0, ""modulation_ratio"": 0.0, ""median_latency_ms"": null}}",False,1.0,not light responsive,0.95,Not statistically significant (p=0.8292 >= 0.05); No positive modulation (mod_ratio=0.80 <= 1.0); Very low reliability (0.04 < 0.05),0.2209,0.3037,0.128,0.044,0.0,0.8796,0.3957,1.0,1.9045,0.1489,low evidence (non-responsive),850248627,2.73609515595851,0.263237383564286,44.7620495794606,0.99,0.0226231709526602,4.00424490160513,0.656203288490284,0.0058981964474446,good,59,2640,7152,1113,8532,VISrl,"10-ms optical pulse (473 nm, Ai32)",5.926,5.556,4.023,2.318,0.044,"1.0, 2.5, 4.0 mW calibrated",3,3,0.3037,0,0
721123822,707296982,760213153,950913248,VISrl,45,7.407,0.0,0.0,,,,0.0,0.022,0.0,,0.06693,-0.35,0.0,"{""1.0"": {""evoked_rate_hz"": 0.0, ""baseline_rate_hz"": 8.89, ""reliability"": 0.0, ""modulation_ratio"": 0.0, ""median_latency_ms"": null}, ""2.5"": {""evoked_rate_hz"": 0.0, ""baseline_rate_hz"": 4.44, ""reliability"": 0.0, ""modulation_ratio"": 0.0, ""median_latency_ms"": null}, ""4.0"": {""evoked_rate_hz"": 0.0, ""baseline_rate_hz"": 8.89, ""reliability"": 0.0, ""modulation_ratio"": 0.0, ""median_latency_ms"": null}}",False,1.0,not light responsive,0.95,Not statistically significant (p=0.0669 >= 0.05); No positive modulation (mod_ratio=0.00 <= 1.0); Very low reliability (0.00 < 0.05),0.0932,0.144,0.3046,0.0,0.0,0.0002,0.0183,1.0,4.6165,0.0099,low evidence (non-responsive),850248627,1.95412856280333,0.062537073335693,57.2618024615057,0.99,0.0588765626078526,2.74207936993818,0.756880733944954,0.009848020173107,good,59,2640,7152,1113,8532,VISrl,"10-ms optical pulse (473 nm, Ai32)",7.407,0.0,,,0.0,"1.0, 2.5, 4.0 mW calibrated",0,3,0.144,0,0
721123822,707296982,760213153,950913742,VISrl,45,2.963,0.0,0.0,,,,0.0,0.022,0.0,,0.5005,-0.213,0.0,"{""1.0"": {""evoked_rate_hz"": 0.0, ""baseline_rate_hz"": 0.0, ""reliability"": 0.0, ""modulation_ratio"": 0.0, ""median_latency_ms"": null}, ""2.5"": {""evoked_rate_hz"": 0.0, ""baseline_rate_hz"": 0.0, ""reliability"": 0.0, ""modulation_ratio"": 0.0, ""median_latency_ms"": null}, ""4.0"": {""evoked_rate_hz"": 0.0, ""baseline_rate_hz"": 8.89, ""reliability"": 0.0, ""modulation_ratio"": 0.0, ""median_latency_ms"": null}}",False,1.0,not light responsive,0.95,Not statistically significant (p=0.5005 >= 0.05); No positive modulation (mod_ratio=0.00 <= 1.0); Very low reliability (0.00 < 0.05),0.0482,0.144,0.1545,0.0,0.0,0.0002,0.0183,1.0,4.6165,0.0099,low evidence (non-responsive),850248633,2.18712063429592,0.0,44.6911025425023,0.99,0.0102952354860334,4.3958276904197,0.444444444444444,0.000400721298337,good,11,2660,7148,1084,8550,VISrl,"10-ms optical pulse (473 nm, Ai32)",2.963,0.0,,,0.0,"1.0, 2.5, 4.0 mW calibrated",0,1,0.144,0,0
721123822,707296982,760213153,950913321,VISrl,45,0.0,2.778,2.778,7.379,0.0,0.0,0.022,0.0,1.0,0.0,1.0,0.149,-2.7778,"{""1.0"": {""evoked_rate_hz"": 8.33, ""baseline_rate_hz"": 0.0, ""reliability"": 0.067, ""modulation_ratio"": 8.33, ""median_latency_ms"": 7.38}, ""2.5"": {""evoked_rate_hz"": 0.0, ""baseline_rate_hz"": 0.0, ""reliability"": 0.0, ""modulation_ratio"": 0.0, ""median_latency_ms"": null}, ""4.0"": {""evoked_rate_hz"": 0.0, ""baseline_rate_hz"": 0.0, ""reliability"": 0.0, ""modulation_ratio"": 0.0, ""median_latency_ms"": null}}",False,1.0,not light responsive,0.95,Not statistically significant (p=1.0000 >= 0.05); Very low reliability (0.02 < 0.05),0.3533,0.1131,0.1192,0.022,0.6273,0.577,1.0,1.0,1.4768,0.2284,intermediate evidence (uncertain / borderline),850248635,2.91532124751976,0.439423038085231,46.9600791203304,0.99,0.0535204507810073,4.01026346298467,0.825561312607945,0.0031949967710139,good,59,2680,7147,1074,8557,VISrl,"10-ms optical pulse (473 nm, Ai32)",0.0,2.778,7.379,0.0,0.022,"1.0, 2.5, 4.0 mW calibrated",1,0,0.1131,0,0
721123822,707296982,760213153,950913752,VISrl,45,0.0,2.778,2.778,3.133,0.0,0.0,0.022,0.0,1.0,0.0,1.0,0.149,0.0,"{""1.0"": {""evoked_rate_hz"": 0.0, ""baseline_rate_hz"": 0.0, ""reliability"": 0.0, ""modulation_ratio"": 0.0, ""median_latency_ms"": null}, ""2.5"": {""evoked_rate_hz"": 8.33, ""baseline_rate_hz"": 0.0, ""reliability"": 0.067, ""modulation_ratio"": 8.33, ""median_latency_ms"": 3.13}, ""4.0"": {""evoked_rate_hz"": 0.0, ""baseline_rate_hz"": 0.0, ""reliability"": 0.0, ""modulation_ratio"": 0.0, ""median_latency_ms"": null}}",False,1.0,not light responsive,0.95,Not statistically significant (p=1.0000 >= 0.05); Very low reliability (0.02 < 0.05),0.4046,0.0811,0.1192,0.022,0.6273,0.9193,1.0,1.0,1.9072,0.1485,intermediate evidence (uncertain / borderline),850248643,3.80413807835249,0.411630454690081,58.3922200552576,0.99,0.0044671827123601,5.6633479454517,0.962406015037594,0.0001013479274348,good,59,2720,7141,1036,8581,VISrl,"10-ms optical pulse (473 nm, Ai32)",0.0,2.778,3.133,0.0,0.022,"1.0, 2.5, 4.0 mW calibrated",1,0,0.0811,0,0
721123822,707296982,760213153,950913393,VISrl,45,0.0,0.0,0.0,,,,0.0,0.0,0.0,,1.0,0.0,0.0,"{""1.0"": {""evoked_rate_hz"": 0.0, ""baseline_rate_hz"": 0.0, ""reliability"": 0.0, ""modulation_ratio"": 0.0, ""median_latency_ms"": null}, ""2.5"": {""evoked_rate_hz"": 0.0, ""baseline_rate_hz"": 0.0, ""reliability"": 0.0, ""modulation_ratio"": 0.0, ""median_latency_ms"": null}, ""4.0"": {""evoked_rate_hz"": 0.0, ""baseline_rate_hz"": 0.0, ""reliability"": 0.0, ""modulation_ratio"": 0.0, ""median_latency_ms"": null}}",False,1.0,insufficient evidence,0.0,Insufficient trial count (<10) or zero spikes recorded,0.0376,0.144,0.1192,0.0,0.0,0.0002,0.0183,1.0,4.6165,0.0099,insufficient evidence,850248643,2.51428473761,0.214663079982642,48.1993684646265,0.99,6.3896919015088e-05,4.97400509806943,0.902222222222222,0.0003358522250209,good,59,2720,7141,1036,8581,VISrl,"10-ms optical pulse (473 nm, Ai32)",0.0,0.0,,,0.0,"1.0, 2.5, 4.0 mW calibrated",0,0,0.144,0,-1
721123822,707296982,760213153,950913765,VISrl,45,0.0,0.0,0.0,,,,0.0,0.0,0.0,,1.0,0.0,0.0,"{""1.0"": {""evoked_rate_hz"": 0.0, ""baseline_rate_hz"": 0.0, ""reliability"": 0.0, ""modulation_ratio"": 0.0, ""median_latency_ms"": null}, ""2.5"": {""evoked_rate_hz"": 0.0, ""baseline_rate_hz"": 0.0, ""reliability"": 0.0, ""modulation_ratio"": 0.0, ""median_latency_ms"": null}, ""4.0"": {""evoked_rate_hz"": 0.0, ""baseline_rate_hz"": 0.0, ""reliability"": 0.0, ""modulation_ratio"": 0.0, ""median_latency_ms"": null}}",False,-221.222,insufficient evidence,0.0,Insufficient trial count (<10) or zero spikes recorded,0.0376,0.144,0.1192,0.0,0.0,0.0002,0.0183,1.0,4.6165,0.0099,insufficient evidence,850248649,4.48071063015393,0.442524881032106,51.2144026272507,0.99,0.0009270549149894,4.96749684025627,0.893660531697341,0.0013215411202602,good,11,2740,7137,1007,8599,VISrl,"10-ms optical pulse (473 nm, Ai32)",0.0,0.0,,,0.0,"1.0, 2.5, 4.0 mW calibrated",0,0,0.144,0,-1
721123822,707296982,760213153,950913839,VISrl,45,0.0,0.0,0.0,,,,0.0,0.0,0.0,,1.0,0.0,0.0,"{""1.0"": {""evoked_rate_hz"": 0.0, ""baseline_rate_hz"": 0.0, ""reliability"": 0.0, ""modulation_ratio"": 0.0, ""median_latency_ms"": null}, ""2.5"": {""evoked_rate_hz"": 0.0, ""baseline_rate_hz"": 0.0, ""reliability"": 0.0, ""modulation_ratio"": 0.0, ""median_latency_ms"": null}, ""4.0"": {""evoked_rate_hz"": 0.0, ""baseline_rate_hz"": 0.0, ""reliability"": 0.0, ""modulation_ratio"": 0.0, ""median_latency_ms"": null}}",False,1.0,insufficient evidence,0.0,Insufficient trial count (<10) or zero spikes recorded,0.0376,0.144,0.1192,0.0,0.0,0.0002,0.0183,1.0,4.6165,0.0099,insufficient evidence,850248661,4.38941483720178,0.0,33.1581116210634,0.98,0.0093896385251199,5.16159569105408,0.682539682539683,0.00020084354288,good,27,2800,7129,949,8634,VISrl,"10-ms optical pulse (473 nm, Ai32)",0.0,0.0,,,0.0,"1.0, 2.5, 4.0 mW calibrated",0,0,0.144,0,-1
760345702,739783171,810753195,951853372,DG,45,23.704,25.0,1.012,6.469,2.215,3.726,0.2,0.2,0.818,0.413,0.9041,0.019,-8.3333,"{""1.0"": {""evoked_rate_hz"": 41.67, ""baseline_rate_hz"": 26.67, ""reliability"": 0.333, ""modulation_ratio"": 1.51, ""median_latency_ms"": 6.54}, ""2.5"": {""evoked_rate_hz"": 16.67, ""baseline_rate_hz"": 22.22, ""reliability"": 0.133, ""modulation_ratio"": 0.72, ""median_latency_ms"": 6.09}, ""4.0"": {""evoked_rate_hz"": 16.67, ""baseline_rate_hz"": 22.22, ""reliability"": 0.133, ""modulation_ratio"": 0.72, ""median_latency_ms"": 4.65}}",False,-0.998,not light responsive,0.8,Not statistically significant (p=0.9041 >= 0.05),0.2325,0.406,0.1239,0.2,0.0086,0.6825,0.4123,1.0,1.1672,0.3112,low evidence (non-responsive),850097042,3.88883708143984,0.0091482560120495,368.747948463257,0.99,0.0002291137788482,5.68512145293396,0.998,0.031496062992126,good,43,1180,7611,2118,7383,DG,"10-ms optical pulse (473 nm, Ai32)",23.704,25.0,6.469,2.215,0.2,"1.0, 2.5, 4.0 mW calibrated",11,11,0.406,0,0
760345702,739783171,810753195,951853379,DG,45,0.0,0.0,0.0,,,,0.0,0.0,0.0,,1.0,0.0,0.0,"{""1.0"": {""evoked_rate_hz"": 0.0, ""baseline_rate_hz"": 0.0, ""reliability"": 0.0, ""modulation_ratio"": 0.0, ""median_latency_ms"": null}, ""2.5"": {""evoked_rate_hz"": 0.0, ""baseline_rate_hz"": 0.0, ""reliability"": 0.0, ""modulation_ratio"": 0.0, ""median_latency_ms"": null}, ""4.0"": {""evoked_rate_hz"": 0.0, ""baseline_rate_hz"": 0.0, ""reliability"": 0.0, ""modulation_ratio"": 0.0, ""median_latency_ms"": null}}",False,1.0,insufficient evidence,0.0,Insufficient trial count (<10) or zero spikes recorded,0.0376,0.144,0.1192,0.0,0.0,0.0002,0.0183,1.0,4.6165,0.0099,insufficient evidence,850097052,1.21444400593564,0.327910128044661,,0.99,0.0249997456424202,,,,good,11,1220,7596,2067,7405,DG,"10-ms optical pulse (473 nm, Ai32)",0.0,0.0,,,0.0,"1.0, 2.5, 4.0 mW calibrated",0,0,0.144,0,-1
760345702,739783171,810753195,951853388,DG,45,0.0,2.778,2.778,3.407,0.0,0.0,0.022,0.0,1.0,0.0,1.0,0.149,0.0,"{""1.0"": {""evoked_rate_hz"": 0.0, ""baseline_rate_hz"": 0.0, ""reliability"": 0.0, ""modulation_ratio"": 0.0, ""median_latency_ms"": null}, ""2.5"": {""evoked_rate_hz"": 8.33, ""baseline_rate_hz"": 0.0, ""reliability"": 0.067, ""modulation_ratio"": 8.33, ""median_latency_ms"": 3.41}, ""4.0"": {""evoked_rate_hz"": 0.0, ""baseline_rate_hz"": 0.0, ""reliability"": 0.0, ""modulation_ratio"": 0.0, ""median_latency_ms"": null}}",False,1.0,not light responsive,0.95,Not statistically significant (p=1.0000 >= 0.05); Very low reliability (0.02 < 0.05),0.403,0.0837,0.1192,0.022,0.6273,0.9086,1.0,1.0,1.8642,0.155,intermediate evidence (uncertain / borderline),850097050,1.45022434145028,0.271923959897443,76.5019427932292,0.99,0.0317213568273589,4.32244881511968,0.969333333333333,0.0062189054726368,good,43,1220,7600,2081,7399,DG,"10-ms optical pulse (473 nm, Ai32)",0.0,2.778,3.407,0.0,0.022,"1.0, 2.5, 4.0 mW calibrated",1,0,0.0837,0,0
760345702,739783171,810753195,951853498,CA1,45,8.889,13.889,1.404,2.712,2.361,0.69,0.111,0.089,0.909,0.698,0.57942,0.099,-2.7778,"{""1.0"": {""evoked_rate_hz"": 25.0, ""baseline_rate_hz"": 4.44, ""reliability"": 0.2, ""modulation_ratio"": 4.59, ""median_latency_ms"": 3.23}, ""2.5"": {""evoked_rate_hz"": 0.0, ""baseline_rate_hz"": 8.89, ""reliability"": 0.0, ""modulation_ratio"": 0.0, ""median_latency_ms"": null}, ""4.0"": {""evoked_rate_hz"": 16.67, ""baseline_rate_hz"": 13.33, ""reliability"": 0.133, ""modulation_ratio"": 1.16, ""median_latency_ms"": 1.89}}",False,-0.249,not light responsive,0.889,Not statistically significant (p=0.5794 >= 0.05),0.2986,0.4772,0.1464,0.111,0.24,0.9336,0.3889,1.0,1.7033,0.1821,low evidence (non-responsive),850097068,1.55713856516498,0.129061401811252,60.6384939386736,0.99,0.0342695453047874,4.51806833510818,0.979333333333333,0.0201164637374272,good,11,1300,7572,1993,7434,CA1,"10-ms optical pulse (473 nm, Ai32)",8.889,13.889,2.712,2.361,0.111,"1.0, 2.5, 4.0 mW calibrated",6,4,0.4772,0,0
760345702,739783171,810753195,951853596,CA1,45,13.333,5.556,0.388,3.839,0.839,0.593,0.044,0.089,0.977,0.219,0.13886,-0.197,0.0,"{""1.0"": {""evoked_rate_hz"": 0.0, ""baseline_rate_hz"": 17.78, ""reliability"": 0.0, ""modulation_ratio"": 0.0, ""median_latency_ms"": null}, ""2.5"": {""evoked_rate_hz"": 16.67, ""baseline_rate_hz"": 17.78, ""reliability"": 0.133, ""modulation_ratio"": 0.89, ""median_latency_ms"": 3.84}, ""4.0"": {""evoked_rate_hz"": 0.0, ""baseline_rate_hz"": 4.44, ""reliability"": 0.0, ""modulation_ratio"": 0.0, ""median_latency_ms"": null}}",False,0.201,not light responsive,0.95,Not statistically significant (p=0.1389 >= 0.05); No positive modulation (mod_ratio=0.39 <= 1.0); Very low reliability (0.04 < 0.05),0.2884,0.1771,0.2418,0.044,0.0,0.889,0.7149,1.0,1.9289,0.1453,low evidence (non-responsive),850097090,1.3589000232281,0.0437825922253694,100.291095513049,0.99,0.0228360393633188,6.23322540780397,0.996,0.0,good,43,1420,7534,1891,7471,CA1,"10-ms optical pulse (473 nm, Ai32)",13.333,5.556,3.839,0.839,0.044,"1.0, 2.5, 4.0 mW calibrated",3,6,0.1771,0,0
760345702,739783171,810753195,951853628,CA1,45,19.259,16.667,0.823,4.956,1.932,2.76,0.133,0.133,0.886,0.387,0.68432,-0.059,-8.3333,"{""1.0"": {""evoked_rate_hz"": 33.33, ""baseline_rate_hz"": 31.11, ""reliability"": 0.267, ""modulation_ratio"": 1.04, ""median_latency_ms"": 4.96}, ""2.5"": {""evoked_rate_hz"": 8.33, ""baseline_rate_hz"": 8.89, ""reliability"": 0.067, ""modulation_ratio"": 0.84, ""median_latency_ms"": 2.87}, ""4.0"": {""evoked_rate_hz"": 8.33, ""baseline_rate_hz"": 17.78, ""reliability"": 0.067, ""modulation_ratio"": 0.44, ""median_latency_ms"": 7.66}}",False,-0.166,not light responsive,0.867,Not statistically significant (p=0.6843 >= 0.05); No positive modulation (mod_ratio=0.82 <= 1.0),0.2438,0.3414,0.1376,0.133,0.0,0.8208,0.4617,1.0,1.5088,0.2212,low evidence (non-responsive),850097132,3.18993192077281,0.0025919333531015,122.316265165163,0.99,0.0002990838337844,5.14205640307854,0.995333333333333,0.0033285782215882,good,11,1620,7455,1692,7547,CA1,"10-ms optical pulse (473 nm, Ai32)",19.259,16.667,4.956,1.932,0.133,"1.0, 2.5, 4.0 mW calibrated",8,9,0.3414,0,0
760345702,739783171,810753195,951853748,CA1,45,1.481,0.0,0.0,,,,0.0,0.0,0.0,,1.0,-0.149,0.0,"{""1.0"": {""evoked_rate_hz"": 0.0, ""baseline_rate_hz"": 0.0, ""reliability"": 0.0, ""modulation_ratio"": 0.0, ""median_latency_ms"": null}, ""2.5"": {""evoked_rate_hz"": 0.0, ""baseline_rate_hz"": 0.0, ""reliability"": 0.0, ""modulation_ratio"": 0.0, ""median_latency_ms"": null}, ""4.0"": {""evoked_rate_hz"": 0.0, ""baseline_rate_hz"": 4.44, ""reliability"": 0.0, ""modulation_ratio"": 0.0, ""median_latency_ms"": null}}",False,1.0,not light responsive,0.95,Not statistically significant (p=1.0000 >= 0.05); No positive modulation (mod_ratio=0.00 <= 1.0); Very low reliability (0.00 < 0.05),0.0376,0.144,0.1192,0.0,0.0,0.0002,0.0183,1.0,4.6165,0.0099,low evidence (non-responsive),850097164,1.82241100647264,0.0636267928215384,66.447858362719,0.99,0.0016012170139261,4.42091759582372,0.969834087481146,0.0022156321368919,good,11,1780,7399,1545,7619,CA1,"10-ms optical pulse (473 nm, Ai32)",1.481,0.0,,,0.0,"1.0, 2.5, 4.0 mW calibrated",0,1,0.144,0,0
760345702,739783171,810753195,951853773,CA1,45,8.889,11.111,1.124,5.718,2.244,2.442,0.089,0.089,0.932,0.371,0.73826,0.096,0.0,"{""1.0"": {""evoked_rate_hz"": 8.33, ""baseline_rate_hz"": 8.89, ""reliability"": 0.067, ""modulation_ratio"": 0.84, ""median_latency_ms"": 6.48}, ""2.5"": {""evoked_rate_hz"": 16.67, ""baseline_rate_hz"": 13.33, ""reliability"": 0.133, ""modulation_ratio"": 1.16, ""median_latency_ms"": 6.37}, ""4.0"": {""evoked_rate_hz"": 8.33, ""baseline_rate_hz"": 4.44, ""reliability"": 0.067, ""modulation_ratio"": 1.53, ""median_latency_ms"": 4.96}}",False,-221.222,not light responsive,0.911,Not statistically significant (p=0.7383 >= 0.05),0.2336,0.3122,0.1337,0.089,0.0841,0.7579,0.4075,1.0,1.4593,0.2324,low evidence (non-responsive),850097166,2.970447602053,0.077902839713205,59.9250144801521,0.99,0.0004358459251305,4.71315234031358,0.966666666666667,0.0019090398652442,good,59,1800,7397,1539,7623,CA1,"10-ms optical pulse (473 nm, Ai32)",8.889,11.111,5.718,2.244,0.089,"1.0, 2.5, 4.0 mW calibrated",5,4,0.3122,0,0
760345702,739783171,810753195,951853764,CA1,45,1.481,2.778,1.119,5.874,0.0,0.0,0.022,0.0,1.0,0.0,1.0,0.061,0.0,"{""1.0"": {""evoked_rate_hz"": 0.0, ""baseline_rate_hz"": 4.44, ""reliability"": 0.0, ""modulation_ratio"": 0.0, ""median_latency_ms"": null}, ""2.5"": {""evoked_rate_hz"": 8.33, ""baseline_rate_hz"": 0.0, ""reliability"": 0.067, ""modulation_ratio"": 8.33, ""median_latency_ms"": 5.87}, ""4.0"": {""evoked_rate_hz"": 0.0, ""baseline_rate_hz"": 0.0, ""reliability"": 0.0, ""modulation_ratio"": 0.0, ""median_latency_ms"": null}}",False,0.334,not light responsive,0.95,Not statistically significant (p=1.0000 >= 0.05); Very low reliability (0.02 < 0.05),0.2689,0.0942,0.1192,0.022,0.0809,0.7433,1.0,1.0,1.7078,0.1813,low evidence (non-responsive),850097166,2.9859639748397,0.0553406285100918,52.3790351384901,0.99,0.0001719106544196,3.90348710022647,0.918757467144564,0.001337310976237,good,59,1800,7397,1539,7623,CA1,"10-ms optical pulse (473 nm, Ai32)",1.481,2.778,5.874,0.0,0.022,"1.0, 2.5, 4.0 mW calibrated",1,1,0.0942,0,0
760345702,739783171,810753195,951853798,CA1,45,4.444,8.333,1.531,6.762,2.015,1.906,0.067,0.044,0.955,0.335,0.63836,0.106,8.3333,"{""1.0"": {""evoked_rate_hz"": 0.0, ""baseline_rate_hz"": 13.33, ""reliability"": 0.0, ""modulation_ratio"": 0.0, ""median_latency_ms"": null}, ""2.5"": {""evoked_rate_hz"": 0.0, ""baseline_rate_hz"": 0.0, ""reliability"": 0.0, ""modulation_ratio"": 0.0, ""median_latency_ms"": null}, ""4.0"": {""evoked_rate_hz"": 25.0, ""baseline_rate_hz"": 0.0, ""reliability"": 0.2, ""modulation_ratio"": 25.0, ""median_latency_ms"": 6.76}}",False,0.251,not light responsive,0.933,Not statistically significant (p=0.6384 >= 0.05),0.2609,0.2803,0.1412,0.067,0.2979,0.65,0.4466,1.0,1.2656,0.2821,low evidence (non-responsive),850097172,1.92453590309179,0.0124192517545364,72.5350701585008,0.99,0.0001483260470139,4.17632406178968,0.995318352059925,0.0008295313148071,good,11,1820,7386,1511,7637,CA1,"10-ms optical pulse (473 nm, Ai32)",4.444,8.333,6.762,2.015,0.067,"1.0, 2.5, 4.0 mW calibrated",4,2,0.2803,0,0
760345702,739783171,810753195,951853888,CA1,45,10.37,5.556,0.489,2.516,1.3,0.919,0.044,0.067,0.977,0.517,0.32468,-0.128,-2.7778,"{""1.0"": {""evoked_rate_hz"": 8.33, ""baseline_rate_hz"": 13.33, ""reliability"": 0.067, ""modulation_ratio"": 0.58, ""median_latency_ms"": 1.6}, ""2.5"": {""evoked_rate_hz"": 8.33, ""baseline_rate_hz"": 0.0, ""reliability"": 0.067, ""modulation_ratio"": 8.33, ""median_latency_ms"": 3.44}, ""4.0"": {""evoked_rate_hz"": 0.0, ""baseline_rate_hz"": 17.78, ""reliability"": 0.0, ""modulation_ratio"": 0.0, ""median_latency_ms"": null}}",False,0.251,not light responsive,0.95,Not statistically significant (p=0.3247 >= 0.05); No positive modulation (mod_ratio=0.49 <= 1.0); Very low reliability (0.04 < 0.05),0.2656,0.2711,0.1807,0.044,0.0,0.9395,0.5945,1.0,2.1256,0.1194,low evidence (non-responsive),850097176,3.38195870454464,0.0,142.253218304919,0.99,4.61213926484305e-06,7.10664207374439,0.997521685254027,0.0001027643613194,good,27,1840,7381,1497,7644,CA1,"10-ms optical pulse (473 nm, Ai32)",10.37,5.556,2.516,1.3,0.044,"1.0, 2.5, 4.0 mW calibrated",3,5,0.2711,0,0
760345702,739783171,810753195,951853841,CA1,45,17.778,22.222,1.183,4.517,2.321,2.813,0.178,0.089,0.841,0.55,0.63437,0.077,2.7778,"{""1.0"": {""evoked_rate_hz"": 16.67, ""baseline_rate_hz"": 13.33, ""reliability"": 0.133, ""modulation_ratio"": 1.16, ""median_latency_ms"": 4.13}, ""2.5"": {""evoked_rate_hz"": 25.0, ""baseline_rate_hz"": 13.33, ""reliability"": 0.2, ""modulation_ratio"": 1.74, ""median_latency_ms"": 4.63}, ""4.0"": {""evoked_rate_hz"": 25.0, ""baseline_rate_hz"": 26.67, ""reliability"": 0.2, ""modulation_ratio"": 0.9, ""median_latency_ms"": 4.4}}",False,-0.331,not light responsive,0.822,Not statistically significant (p=0.6344 >= 0.05),0.2782,0.4361,0.1416,0.178,0.1206,0.8509,0.3952,1.0,1.3054,0.2711,low evidence (non-responsive),850097176,2.0610407006147,0.0062362315945448,95.9919902813718,0.99,0.0015154998523856,4.33317118054348,0.993333333333333,0.000973078170613,good,27,1840,7381,1497,7644,CA1,"10-ms optical pulse (473 nm, Ai32)",17.778,22.222,4.517,2.321,0.178,"1.0, 2.5, 4.0 mW calibrated",10,8,0.4361,0,0
760345702,739783171,810753195,951853939,CA1,45,1.481,2.778,1.119,2.749,0.0,0.0,0.022,0.0,1.0,0.0,1.0,0.061,0.0,"{""1.0"": {""evoked_rate_hz"": 0.0, ""baseline_rate_hz"": 0.0, ""reliability"": 0.0, ""modulation_ratio"": 0.0, ""median_latency_ms"": null}, ""2.5"": {""evoked_rate_hz"": 8.33, ""baseline_rate_hz"": 0.0, ""reliability"": 0.067, ""modulation_ratio"": 8.33, ""median_latency_ms"": 2.75}, ""4.0"": {""evoked_rate_hz"": 0.0, ""baseline_rate_hz"": 4.44, ""reliability"": 0.0, ""modulation_ratio"": 0.0, ""median_latency_ms"": null}}",False,-221.222,not light responsive,0.95,Not statistically significant (p=1.0000 >= 0.05); Very low reliability (0.02 < 0.05),0.2973,0.0713,0.1192,0.022,0.0809,0.9325,1.0,1.0,2.0874,0.124,low evidence (non-responsive),850097180,2.20879669743343,0.036063447086404,52.9828981447535,0.96,0.0011271139208216,3.30799348836757,0.93452380952381,0.0004719525350593,good,11,1860,7374,1476,7654,CA1,"10-ms optical pulse (473 nm, Ai32)",1.481,2.778,2.749,0.0,0.022,"1.0, 2.5, 4.0 mW calibrated",1,1,0.0713,0,0
760345702,739783171,810753195,951853918,CA1,45,0.0,0.0,0.0,,,,0.0,0.0,0.0,,1.0,0.0,0.0,"{""1.0"": {""evoked_rate_hz"": 0.0, ""baseline_rate_hz"": 0.0, ""reliability"": 0.0, ""modulation_ratio"": 0.0, ""median_latency_ms"": null}, ""2.5"": {""evoked_rate_hz"": 0.0, ""baseline_rate_hz"": 0.0, ""reliability"": 0.0, ""modulation_ratio"": 0.0, ""median_latency_ms"": null}, ""4.0"": {""evoked_rate_hz"": 0.0, ""baseline_rate_hz"": 0.0, ""reliability"": 0.0, ""modulation_ratio"": 0.0, ""median_latency_ms"": null}}",False,1.0,insufficient evidence,0.0,Insufficient trial count (<10) or zero spikes recorded,0.0376,0.144,0.1192,0.0,0.0,0.0002,0.0183,1.0,4.6165,0.0099,insufficient evidence,850097180,2.48750694052496,0.113153205054523,58.3824965018239,0.99,0.0001523383955114,4.60207637430696,0.978260869565217,0.0001009285425918,good,11,1860,7374,1476,7654,CA1,"10-ms optical pulse (473 nm, Ai32)",0.0,0.0,,,0.0,"1.0, 2.5, 4.0 mW calibrated",0,0,0.144,0,-1
760345702,739783171,810753195,951853929,CA1,45,1.481,2.778,1.119,5.135,0.0,0.0,0.022,0.0,1.0,0.0,1.0,0.061,0.0,"{""1.0"": {""evoked_rate_hz"": 0.0, ""baseline_rate_hz"": 0.0, ""reliability"": 0.0, ""modulation_ratio"": 0.0, ""median_latency_ms"": null}, ""2.5"": {""evoked_rate_hz"": 8.33, ""baseline_rate_hz"": 4.44, ""reliability"": 0.067, ""modulation_ratio"": 1.53, ""median_latency_ms"": 5.14}, ""4.0"": {""evoked_rate_hz"": 0.0, ""baseline_rate_hz"": 0.0, ""reliability"": 0.0, ""modulation_ratio"": 0.0, ""median_latency_ms"": null}}",False,1.0,not light responsive,0.95,Not statistically significant (p=1.0000 >= 0.05); Very low reliability (0.02 < 0.05),0.2785,0.0896,0.1192,0.022,0.0809,0.8073,1.0,1.0,1.774,0.1697,low evidence (non-responsive),850097178,1.20484403744743,0.416229230941353,44.5036253206866,0.99,0.0438551681166564,2.31561887346225,0.801980198019802,0.0009765296157861,good,43,1860,7376,1483,7651,CA1,"10-ms optical pulse (473 nm, Ai32)",1.481,2.778,5.135,0.0,0.022,"1.0, 2.5, 4.0 mW calibrated",1,1,0.0896,0,0
760345702,739783171,810753195,951853910,CA1,45,5.926,8.333,1.203,2.102,2.083,1.882,0.067,0.044,0.955,0.665,0.8042,0.067,0.0,"{""1.0"": {""evoked_rate_hz"": 8.33, ""baseline_rate_hz"": 8.89, ""reliability"": 0.067, ""modulation_ratio"": 0.84, ""median_latency_ms"": 2.1}, ""2.5"": {""evoked_rate_hz"": 8.33, ""baseline_rate_hz"": 0.0, ""reliability"": 0.067, ""modulation_ratio"": 8.33, ""median_latency_ms"": 5.53}, ""4.0"": {""evoked_rate_hz"": 8.33, ""baseline_rate_hz"": 8.89, ""reliability"": 0.067, ""modulation_ratio"": 0.84, ""median_latency_ms"": 1.77}}",False,1.0,not light responsive,0.933,Not statistically significant (p=0.8042 >= 0.05),0.2681,0.4632,0.1295,0.067,0.1325,0.9502,0.4347,1.0,2.0172,0.133,low evidence (non-responsive),850097178,1.39906969594577,0.0658658900276734,46.7301263434818,0.99,0.0105655175245087,3.0304465074597,0.920325203252032,0.0007146503318019,good,43,1860,7376,1483,7651,CA1,"10-ms optical pulse (473 nm, Ai32)",5.926,8.333,2.102,2.083,0.067,"1.0, 2.5, 4.0 mW calibrated",4,3,0.4632,0,0
760345702,739783171,810753195,951853899,CA1,45,13.333,25.0,1.744,5.467,1.957,3.251,0.2,0.089,0.818,0.319,0.22777,0.195,-5.5556,"{""1.0"": {""evoked_rate_hz"": 33.33, ""baseline_rate_hz"": 13.33, ""reliability"": 0.267, ""modulation_ratio"": 2.33, ""median_latency_ms"": 5.8}, ""2.5"": {""evoked_rate_hz"": 25.0, ""baseline_rate_hz"": 13.33, ""reliability"": 0.2, ""modulation_ratio"": 1.74, ""median_latency_ms"": 4.92}, ""4.0"": {""evoked_rate_hz"": 16.67, ""baseline_rate_hz"": 13.33, ""reliability"": 0.133, ""modulation_ratio"": 1.16, ""median_latency_ms"": 6.7}}",False,0.501,not light responsive,0.8,Not statistically significant (p=0.2278 >= 0.05),0.3503,0.4612,0.2046,0.2,0.381,0.7801,0.4571,1.0,0.8307,0.4357,intermediate evidence (uncertain / borderline),850097178,1.15807674762975,0.0026669130791383,75.3496922937139,0.99,0.0006720358700153,4.16721744455898,0.992666666666667,0.0004947171278137,good,43,1860,7376,1483,7651,CA1,"10-ms optical pulse (473 nm, Ai32)",13.333,25.0,5.467,1.957,0.2,"1.0, 2.5, 4.0 mW calibrated",11,6,0.4612,0,0
760345702,739783171,810753195,951853807,CA1,45,10.37,19.444,1.71,4.672,2.675,4.062,0.156,0.067,0.864,0.533,0.28971,0.18,-5.5556,"{""1.0"": {""evoked_rate_hz"": 33.33, ""baseline_rate_hz"": 8.89, ""reliability"": 0.267, ""modulation_ratio"": 3.37, ""median_latency_ms"": 4.43}, ""2.5"": {""evoked_rate_hz"": 8.33, ""baseline_rate_hz"": 8.89, ""reliability"": 0.067, ""modulation_ratio"": 0.84, ""median_latency_ms"": 8.65}, ""4.0"": {""evoked_rate_hz"": 16.67, ""baseline_rate_hz"": 13.33, ""reliability"": 0.133, ""modulation_ratio"": 1.16, ""median_latency_ms"": 3.75}}",False,0.8,not light responsive,0.844,Not statistically significant (p=0.2897 >= 0.05),0.3296,0.4635,0.1882,0.156,0.3688,0.8408,0.343,1.0,1.1233,0.3252,low evidence (non-responsive),850097178,3.31989077290192,0.0034299974794611,162.3787049847,0.99,0.0002009786775807,8.46751449895991,0.997610513739546,0.0001028700750951,good,43,1860,7376,1483,7651,CA1,"10-ms optical pulse (473 nm, Ai32)",10.37,19.444,4.672,2.675,0.156,"1.0, 2.5, 4.0 mW calibrated",9,5,0.4635,0,0
760345702,739783171,810753195,951854052,CA1,45,37.037,27.778,0.73,7.469,1.832,2.03,0.222,0.244,0.795,0.28,0.45055,-0.122,-16.6667,"{""1.0"": {""evoked_rate_hz"": 58.33, ""baseline_rate_hz"": 40.0, ""reliability"": 0.467, ""modulation_ratio"": 1.42, ""median_latency_ms"": 7.43}, ""2.5"": {""evoked_rate_hz"": 16.67, ""baseline_rate_hz"": 53.33, ""reliability"": 0.133, ""modulation_ratio"": 0.31, ""median_latency_ms"": 7.87}, ""4.0"": {""evoked_rate_hz"": 8.33, ""baseline_rate_hz"": 17.78, ""reliability"": 0.067, ""modulation_ratio"": 0.44, ""median_latency_ms"": 3.9}}",False,-0.09,not light responsive,0.778,Not statistically significant (p=0.4506 >= 0.05); No positive modulation (mod_ratio=0.73 <= 1.0),0.2366,0.3959,0.1606,0.222,0.0,0.566,0.4806,1.0,1.0815,0.3391,low evidence (non-responsive),850097184,1.87176271424471,0.0086704898683081,100.122849586719,0.99,0.0655241951971244,2.3733642321309,0.997333333333333,0.0122126436781609,good,27,1880,7366,1455,7664,CA1,"10-ms optical pulse (473 nm, Ai32)",37.037,27.778,7.469,1.832,0.222,"1.0, 2.5, 4.0 mW calibrated",13,17,0.3959,0,0
760345702,739783171,810753195,951854022,CA1,45,0.0,0.0,0.0,,,,0.0,0.0,0.0,,1.0,0.0,0.0,"{""1.0"": {""evoked_rate_hz"": 0.0, ""baseline_rate_hz"": 0.0, ""reliability"": 0.0, ""modulation_ratio"": 0.0, ""median_latency_ms"": null}, ""2.5"": {""evoked_rate_hz"": 0.0, ""baseline_rate_hz"": 0.0, ""reliability"": 0.0, ""modulation_ratio"": 0.0, ""median_latency_ms"": null}, ""4.0"": {""evoked_rate_hz"": 0.0, ""baseline_rate_hz"": 0.0, ""reliability"": 0.0, ""modulation_ratio"": 0.0, ""median_latency_ms"": null}}",False,1.0,insufficient evidence,0.0,Insufficient trial count (<10) or zero spikes recorded,0.0376,0.144,0.1192,0.0,0.0,0.0002,0.0183,1.0,4.6165,0.0099,insufficient evidence,850097182,3.91087647384067,0.464229604459166,56.5830864402183,0.99,0.0008371954684124,3.46927209936964,0.925170068027211,0.0002009848256456,good,59,1880,7371,1469,7658,CA1,"10-ms optical pulse (473 nm, Ai32)",0.0,0.0,,,0.0,"1.0, 2.5, 4.0 mW calibrated",0,0,0.144,0,-1
760345702,739783171,810753195,951853958,CA1,45,5.926,5.556,0.802,4.291,0.661,0.468,0.044,0.089,0.977,0.154,0.82617,-0.014,5.5556,"{""1.0"": {""evoked_rate_hz"": 0.0, ""baseline_rate_hz"": 8.89, ""reliability"": 0.0, ""modulation_ratio"": 0.0, ""median_latency_ms"": null}, ""2.5"": {""evoked_rate_hz"": 0.0, ""baseline_rate_hz"": 4.44, ""reliability"": 0.0, ""modulation_ratio"": 0.0, ""median_latency_ms"": null}, ""4.0"": {""evoked_rate_hz"": 16.67, ""baseline_rate_hz"": 4.44, ""reliability"": 0.133, ""modulation_ratio"": 3.06, ""median_latency_ms"": 4.29}}",False,-0.497,not light responsive,0.95,Not statistically significant (p=0.8262 >= 0.05); No positive modulation (mod_ratio=0.80 <= 1.0); Very low reliability (0.04 < 0.05),0.2559,0.158,0.1282,0.044,0.0,0.8647,0.7677,1.0,1.8703,0.1541,low evidence (non-responsive),850097182,2.59453168713373,0.138005026585494,56.6480028281909,0.99,0.0047881296165145,4.26734437930204,0.900709219858156,0.0016464293064416,good,59,1880,7371,1469,7658,CA1,"10-ms optical pulse (473 nm, Ai32)",5.926,5.556,4.291,0.661,0.044,"1.0, 2.5, 4.0 mW calibrated",3,3,0.158,0,0
760345702,739783171,810753195,951853859,CA1,45,8.889,5.556,0.562,6.655,3.294,2.329,0.044,0.067,0.977,0.495,0.37263,-0.139,-2.7778,"{""1.0"": {""evoked_rate_hz"": 8.33, ""baseline_rate_hz"": 8.89, ""reliability"": 0.067, ""modulation_ratio"": 0.84, ""median_latency_ms"": 4.33}, ""2.5"": {""evoked_rate_hz"": 8.33, ""baseline_rate_hz"": 17.78, ""reliability"": 0.067, ""modulation_ratio"": 0.44, ""median_latency_ms"": 8.98}, ""4.0"": {""evoked_rate_hz"": 0.0, ""baseline_rate_hz"": 0.0, ""reliability"": 0.0, ""modulation_ratio"": 0.0, ""median_latency_ms"": null}}",False,0.501,not light responsive,0.95,Not statistically significant (p=0.3726 >= 0.05); No positive modulation (mod_ratio=0.56 <= 1.0); Very low reliability (0.04 < 0.05),0.1887,0.2919,0.172,0.044,0.0,0.6621,0.2678,1.0,1.6588,0.1904,low evidence (non-responsive),850097182,2.5599597857628,0.107655740083136,53.6812517518225,0.98,0.0002733141446864,3.57772379220611,0.881578947368421,0.0028312184472642,good,59,1880,7371,1469,7658,CA1,"10-ms optical pulse (473 nm, Ai32)",8.889,5.556,6.655,3.294,0.044,"1.0, 2.5, 4.0 mW calibrated",3,4,0.2919,0,0
760345702,739783171,810753195,951854096,CA1,45,48.889,55.556,1.114,3.536,2.399,3.129,0.356,0.4,0.977,0.587,0.67632,0.069,0.0,"{""1.0"": {""evoked_rate_hz"": 50.0, ""baseline_rate_hz"": 53.33, ""reliability"": 0.333, ""modulation_ratio"": 0.92, ""median_latency_ms"": 2.06}, ""2.5"": {""evoked_rate_hz"": 66.67, ""baseline_rate_hz"": 53.33, ""reliability"": 0.4, ""modulation_ratio"": 1.23, ""median_latency_ms"": 3.54}, ""4.0"": {""evoked_rate_hz"": 50.0, ""baseline_rate_hz"": 40.0, ""reliability"": 0.333, ""modulation_ratio"": 1.22, ""median_latency_ms"": 5.1}}",False,-0.5,not light responsive,0.644,Not statistically significant (p=0.6763 >= 0.05),0.3198,0.565,0.1382,0.356,0.0777,0.9031,0.383,1.0,1.4271,0.24,low evidence (non-responsive),850097192,3.19461644427995,0.0344534539201562,119.352314129234,0.99,1.98688139045225e-06,6.77363207186732,0.996666666666667,0.0004444444444444,good,27,1920,7354,1420,7681,CA1,"10-ms optical pulse (473 nm, Ai32)",48.889,55.556,3.536,2.399,0.356,"1.0, 2.5, 4.0 mW calibrated",25,22,0.565,0,0
760345702,739783171,810753195,951854254,VISam,45,1.481,0.0,0.0,,,,0.0,0.022,0.0,,1.0,-0.149,0.0,"{""1.0"": {""evoked_rate_hz"": 0.0, ""baseline_rate_hz"": 0.0, ""reliability"": 0.0, ""modulation_ratio"": 0.0, ""median_latency_ms"": null}, ""2.5"": {""evoked_rate_hz"": 0.0, ""baseline_rate_hz"": 0.0, ""reliability"": 0.0, ""modulation_ratio"": 0.0, ""median_latency_ms"": null}, ""4.0"": {""evoked_rate_hz"": 0.0, ""baseline_rate_hz"": 4.44, ""reliability"": 0.0, ""modulation_ratio"": 0.0, ""median_latency_ms"": null}}",False,0.004,not light responsive,0.95,Not statistically significant (p=1.0000 >= 0.05); No positive modulation (mod_ratio=0.00 <= 1.0); Very low reliability (0.00 < 0.05),0.0376,0.144,0.1192,0.0,0.0,0.0002,0.0183,1.0,4.6165,0.0099,low evidence (non-responsive),850097230,2.16490234087264,0.170112747699999,64.4911841904505,0.99,0.0083753554274746,4.31347718359698,0.942234848484848,0.0020038695411829,good,59,2120,7299,1263,7745,VISam,"10-ms optical pulse (473 nm, Ai32)",1.481,0.0,,,0.0,"1.0, 2.5, 4.0 mW calibrated",0,1,0.144,0,0
760345702,739783171,810753195,951854232,VISam,45,2.963,2.778,0.701,4.903,0.0,0.0,0.022,0.022,1.0,0.0,1.0,-0.008,0.0,"{""1.0"": {""evoked_rate_hz"": 0.0, ""baseline_rate_hz"": 4.44, ""reliability"": 0.0, ""modulation_ratio"": 0.0, ""median_latency_ms"": null}, ""2.5"": {""evoked_rate_hz"": 8.33, ""baseline_rate_hz"": 4.44, ""reliability"": 0.067, ""modulation_ratio"": 1.53, ""median_latency_ms"": 4.9}, ""4.0"": {""evoked_rate_hz"": 0.0, ""baseline_rate_hz"": 0.0, ""reliability"": 0.0, ""modulation_ratio"": 0.0, ""median_latency_ms"": null}}",False,-221.222,not light responsive,0.95,Not statistically significant (p=1.0000 >= 0.05); No positive modulation (mod_ratio=0.70 <= 1.0); Very low reliability (0.02 < 0.05),0.265,0.0828,0.1192,0.022,0.0,0.8247,1.0,1.0,1.8792,0.1527,low evidence (non-responsive),850097230,2.90928450844949,0.0867087577700923,68.5248328263213,0.99,0.0172886386725169,5.13599173470558,0.974059662775616,0.000992165315269,good,59,2120,7299,1263,7745,VISam,"10-ms optical pulse (473 nm, Ai32)",2.963,2.778,4.903,0.0,0.022,"1.0, 2.5, 4.0 mW calibrated",1,1,0.0828,0,0
760345702,739783171,810753195,951854297,VISam,45,1.481,0.0,0.0,,,,0.0,0.022,0.0,,1.0,-0.149,0.0,"{""1.0"": {""evoked_rate_hz"": 0.0, ""baseline_rate_hz"": 4.44, ""reliability"": 0.0, ""modulation_ratio"": 0.0, ""median_latency_ms"": null}, ""2.5"": {""evoked_rate_hz"": 0.0, ""baseline_rate_hz"": 0.0, ""reliability"": 0.0, ""modulation_ratio"": 0.0, ""median_latency_ms"": null}, ""4.0"": {""evoked_rate_hz"": 0.0, ""baseline_rate_hz"": 0.0, ""reliability"": 0.0, ""modulation_ratio"": 0.0, ""median_latency_ms"": null}}",False,1.0,not light responsive,0.95,Not statistically significant (p=1.0000 >= 0.05); No positive modulation (mod_ratio=0.00 <= 1.0); Very low reliability (0.00 < 0.05),0.0376,0.144,0.1192,0.0,0.0,0.0002,0.0183,1.0,4.6165,0.0099,low evidence (non-responsive),850097236,3.05148791977782,0.162347994269384,43.7398520528314,0.99,0.0009840263141,4.51318253063562,0.875375375375375,0.001602236312811,good,11,2140,7288,1234,7756,VISam,"10-ms optical pulse (473 nm, Ai32)",1.481,0.0,,,0.0,"1.0, 2.5, 4.0 mW calibrated",0,1,0.144,0,0
760345702,739783171,810753195,951854285,VISam,45,2.963,8.333,2.103,7.469,0.258,0.25,0.067,0.0,0.955,0.035,0.43556,0.153,-5.5556,"{""1.0"": {""evoked_rate_hz"": 16.67, ""baseline_rate_hz"": 4.44, ""reliability"": 0.133, ""modulation_ratio"": 3.06, ""median_latency_ms"": 7.29}, ""2.5"": {""evoked_rate_hz"": 8.33, ""baseline_rate_hz"": 4.44, ""reliability"": 0.067, ""modulation_ratio"": 1.53, ""median_latency_ms"": 7.6}, ""4.0"": {""evoked_rate_hz"": 0.0, ""baseline_rate_hz"": 0.0, ""reliability"": 0.0, ""modulation_ratio"": 0.0, ""median_latency_ms"": null}}",False,1.0,not light responsive,0.933,Not statistically significant (p=0.4356 >= 0.05),0.3386,0.1988,0.1626,0.067,0.4901,0.566,0.9019,1.0,1.1748,0.3089,low evidence (non-responsive),850097236,1.98331882239269,0.0605414332227149,77.6326792458093,0.99,0.0892247303559592,3.4239004239507,0.94,0.0081527347781217,good,11,2140,7288,1234,7756,VISam,"10-ms optical pulse (473 nm, Ai32)",2.963,8.333,7.469,0.258,0.067,"1.0, 2.5, 4.0 mW calibrated",4,1,0.1988,0,0
760345702,739783171,810753195,951854308,VISam,45,0.0,0.0,0.0,,,,0.0,0.0,0.0,,1.0,0.0,0.0,"{""1.0"": {""evoked_rate_hz"": 0.0, ""baseline_rate_hz"": 0.0, ""reliability"": 0.0, ""modulation_ratio"": 0.0, ""median_latency_ms"": null}, ""2.5"": {""evoked_rate_hz"": 0.0, ""baseline_rate_hz"": 0.0, ""reliability"": 0.0, ""modulation_ratio"": 0.0, ""median_latency_ms"": null}, ""4.0"": {""evoked_rate_hz"": 0.0, ""baseline_rate_hz"": 0.0, ""reliability"": 0.0, ""modulation_ratio"": 0.0, ""median_latency_ms"": null}}",False,0.004,insufficient evidence,0.0,Insufficient trial count (<10) or zero spikes recorded,0.0376,0.144,0.1192,0.0,0.0,0.0002,0.0183,1.0,4.6165,0.0099,insufficient evidence,850097240,1.54605257204997,0.0379367595491026,51.7291766706153,0.99,0.0687160046753628,3.84085227575066,0.878378378378378,0.0018608742725673,good,27,2160,7283,1219,7762,VISam,"10-ms optical pulse (473 nm, Ai32)",0.0,0.0,,,0.0,"1.0, 2.5, 4.0 mW calibrated",0,0,0.144,0,-1
760345702,739783171,810753195,951854318,VISam,45,1.481,0.0,0.0,,,,0.0,0.022,0.0,,1.0,-0.149,0.0,"{""1.0"": {""evoked_rate_hz"": 0.0, ""baseline_rate_hz"": 4.44, ""reliability"": 0.0, ""modulation_ratio"": 0.0, ""median_latency_ms"": null}, ""2.5"": {""evoked_rate_hz"": 0.0, ""baseline_rate_hz"": 0.0, ""reliability"": 0.0, ""modulation_ratio"": 0.0, ""median_latency_ms"": null}, ""4.0"": {""evoked_rate_hz"": 0.0, ""baseline_rate_hz"": 0.0, ""reliability"": 0.0, ""modulation_ratio"": 0.0, ""median_latency_ms"": null}}",False,1.0,not light responsive,0.95,Not statistically significant (p=1.0000 >= 0.05); No positive modulation (mod_ratio=0.00 <= 1.0); Very low reliability (0.00 < 0.05),0.0376,0.144,0.1192,0.0,0.0,0.0002,0.0183,1.0,4.6165,0.0099,low evidence (non-responsive),850097238,2.43727392587553,0.0,68.4381482212481,0.99,0.0037609632333609,5.61055114963866,0.961496149614962,0.0016499948437661,good,59,2160,7286,1226,7759,VISam,"10-ms optical pulse (473 nm, Ai32)",1.481,0.0,,,0.0,"1.0, 2.5, 4.0 mW calibrated",0,1,0.144,0,0
760345702,739783171,810753195,951854338,VISam,45,5.926,5.556,0.802,3.043,0.906,0.64,0.044,0.089,0.977,0.298,0.81119,-0.011,0.0,"{""1.0"": {""evoked_rate_hz"": 8.33, ""baseline_rate_hz"": 13.33, ""reliability"": 0.067, ""modulation_ratio"": 0.58, ""median_latency_ms"": 2.4}, ""2.5"": {""evoked_rate_hz"": 0.0, ""baseline_rate_hz"": 4.44, ""reliability"": 0.0, ""modulation_ratio"": 0.0, ""median_latency_ms"": null}, ""4.0"": {""evoked_rate_hz"": 8.33, ""baseline_rate_hz"": 0.0, ""reliability"": 0.067, ""modulation_ratio"": 8.33, ""median_latency_ms"": 3.68}}",False,1.0,not light responsive,0.95,Not statistically significant (p=0.8112 >= 0.05); No positive modulation (mod_ratio=0.80 <= 1.0); Very low reliability (0.04 < 0.05),0.2577,0.1985,0.1291,0.044,0.0,0.9226,0.696,1.0,2.0431,0.1296,low evidence (non-responsive),850097244,2.15133971354361,0.141805196628573,53.4233698252244,0.98,0.0431034741843778,4.71098460361287,0.952666666666667,0.0006773538044705,good,11,2180,7278,1204,7767,VISam,"10-ms optical pulse (473 nm, Ai32)",5.926,5.556,3.043,0.906,0.044,"1.0, 2.5, 4.0 mW calibrated",3,3,0.1985,0,0
760345702,739783171,810753195,951854371,VISam,45,2.963,5.556,1.402,3.509,2.367,1.674,0.044,0.022,0.977,0.675,0.75624,0.086,2.7778,"{""1.0"": {""evoked_rate_hz"": 0.0, ""baseline_rate_hz"": 4.44, ""reliability"": 0.0, ""modulation_ratio"": 0.0, ""median_latency_ms"": null}, ""2.5"": {""evoked_rate_hz"": 8.33, ""baseline_rate_hz"": 0.0, ""reliability"": 0.067, ""modulation_ratio"": 8.33, ""median_latency_ms"": 1.84}, ""4.0"": {""evoked_rate_hz"": 8.33, ""baseline_rate_hz"": 4.44, ""reliability"": 0.067, ""modulation_ratio"": 1.53, ""median_latency_ms"": 5.18}}",False,0.251,not light responsive,0.95,Not statistically significant (p=0.7562 >= 0.05); Very low reliability (0.04 < 0.05),0.273,0.3462,0.1325,0.044,0.239,0.9043,0.388,1.0,1.7781,0.169,low evidence (non-responsive),850097246,2.35071970387366,0.32682617338517,49.3289195499821,0.99,0.0836288014683282,3.71837330954634,0.908521303258145,0.0024998287788507,good,59,2200,7276,1197,7770,VISam,"10-ms optical pulse (473 nm, Ai32)",2.963,5.556,3.509,2.367,0.044,"1.0, 2.5, 4.0 mW calibrated",3,1,0.3462,0,0
760345702,739783171,810753195,951855529,VISam,45,0.0,2.778,2.778,5.156,0.0,0.0,0.022,0.0,1.0,0.0,1.0,0.149,2.7778,"{""1.0"": {""evoked_rate_hz"": 0.0, ""baseline_rate_hz"": 0.0, ""reliability"": 0.0, ""modulation_ratio"": 0.0, ""median_latency_ms"": null}, ""2.5"": {""evoked_rate_hz"": 0.0, ""baseline_rate_hz"": 0.0, ""reliability"": 0.0, ""modulation_ratio"": 0.0, ""median_latency_ms"": null}, ""4.0"": {""evoked_rate_hz"": 8.33, ""baseline_rate_hz"": 0.0, ""reliability"": 0.067, ""modulation_ratio"": 8.33, ""median_latency_ms"": 5.16}}",False,1.0,not light responsive,0.95,Not statistically significant (p=1.0000 >= 0.05); Very low reliability (0.02 < 0.05),0.3876,0.1,0.1192,0.022,0.6273,0.8057,1.0,1.0,1.6317,0.1956,intermediate evidence (uncertain / borderline),850097256,2.14072735346536,0.0300328847431841,66.9231535714959,0.99,0.0037202055785197,4.09559307706819,0.951456310679612,0.0012592743856783,good,27,2240,7260,1152,7786,VISam,"10-ms optical pulse (473 nm, Ai32)",0.0,2.778,5.156,0.0,0.022,"1.0, 2.5, 4.0 mW calibrated",1,0,0.1,0,0
760345702,739783171,810753195,951855516,VISam,45,1.481,0.0,0.0,,,,0.0,0.022,0.0,,1.0,-0.149,0.0,"{""1.0"": {""evoked_rate_hz"": 0.0, ""baseline_rate_hz"": 0.0, ""reliability"": 0.0, ""modulation_ratio"": 0.0, ""median_latency_ms"": null}, ""2.5"": {""evoked_rate_hz"": 0.0, ""baseline_rate_hz"": 4.44, ""reliability"": 0.0, ""modulation_ratio"": 0.0, ""median_latency_ms"": null}, ""4.0"": {""evoked_rate_hz"": 0.0, ""baseline_rate_hz"": 0.0, ""reliability"": 0.0, ""modulation_ratio"": 0.0, ""median_latency_ms"": null}}",False,-443.444,not light responsive,0.95,Not statistically significant (p=1.0000 >= 0.05); No positive modulation (mod_ratio=0.00 <= 1.0); Very low reliability (0.00 < 0.05),0.0376,0.144,0.1192,0.0,0.0,0.0002,0.0183,1.0,4.6165,0.0099,low evidence (non-responsive),850097256,2.91372647179595,0.0,71.7885753806871,0.99,0.0038177756804348,5.65622145615635,0.961111111111111,0.0001006036217303,good,27,2240,7260,1152,7786,VISam,"10-ms optical pulse (473 nm, Ai32)",1.481,0.0,,,0.0,"1.0, 2.5, 4.0 mW calibrated",0,1,0.144,0,0
760345702,739783171,810753195,951855505,VISam,45,1.481,0.0,0.0,,,,0.0,0.022,0.0,,1.0,-0.149,0.0,"{""1.0"": {""evoked_rate_hz"": 0.0, ""baseline_rate_hz"": 0.0, ""reliability"": 0.0, ""modulation_ratio"": 0.0, ""median_latency_ms"": null}, ""2.5"": {""evoked_rate_hz"": 0.0, ""baseline_rate_hz"": 4.44, ""reliability"": 0.0, ""modulation_ratio"": 0.0, ""median_latency_ms"": null}, ""4.0"": {""evoked_rate_hz"": 0.0, ""baseline_rate_hz"": 0.0, ""reliability"": 0.0, ""modulation_ratio"": 0.0, ""median_latency_ms"": null}}",False,1.0,not light responsive,0.95,Not statistically significant (p=1.0000 >= 0.05); No positive modulation (mod_ratio=0.00 <= 1.0); Very low reliability (0.00 < 0.05),0.0376,0.144,0.1192,0.0,0.0,0.0002,0.0183,1.0,4.6165,0.0099,low evidence (non-responsive),850097256,2.70937874771676,0.0,62.2130877818868,0.98,0.0042697591048859,4.59856309175278,0.95970695970696,3.36394523497157e-05,good,27,2240,7260,1152,7786,VISam,"10-ms optical pulse (473 nm, Ai32)",1.481,0.0,,,0.0,"1.0, 2.5, 4.0 mW calibrated",0,1,0.144,0,0
760345702,739783171,810753195,951854404,VISam,45,8.889,5.556,0.562,3.701,1.179,0.834,0.044,0.044,0.977,0.319,0.44755,-0.092,2.7778,"{""1.0"": {""evoked_rate_hz"": 0.0, ""baseline_rate_hz"": 8.89, ""reliability"": 0.0, ""modulation_ratio"": 0.0, ""median_latency_ms"": null}, ""2.5"": {""evoked_rate_hz"": 8.33, ""baseline_rate_hz"": 8.89, ""reliability"": 0.067, ""modulation_ratio"": 0.84, ""median_latency_ms"": 4.54}, ""4.0"": {""evoked_rate_hz"": 8.33, ""baseline_rate_hz"": 8.89, ""reliability"": 0.067, ""modulation_ratio"": 0.84, ""median_latency_ms"": 2.87}}",False,0.002,not light responsive,0.95,Not statistically significant (p=0.4476 >= 0.05); No positive modulation (mod_ratio=0.56 <= 1.0); Very low reliability (0.04 < 0.05),0.256,0.211,0.161,0.044,0.0,0.8956,0.624,1.0,1.9477,0.1426,low evidence (non-responsive),850097256,2.40136610081125,0.0298439878117836,70.2411786858208,0.98,0.0029214955209478,4.18127765804083,0.986666666666667,0.0001267105930055,good,27,2240,7260,1152,7786,VISam,"10-ms optical pulse (473 nm, Ai32)",8.889,5.556,3.701,1.179,0.044,"1.0, 2.5, 4.0 mW calibrated",3,4,0.211,0,0
760345702,739783171,810753195,951854443,VISam,45,2.963,0.0,0.0,,,,0.0,0.044,0.0,,0.5035,-0.213,0.0,"{""1.0"": {""evoked_rate_hz"": 0.0, ""baseline_rate_hz"": 4.44, ""reliability"": 0.0, ""modulation_ratio"": 0.0, ""median_latency_ms"": null}, ""2.5"": {""evoked_rate_hz"": 0.0, ""baseline_rate_hz"": 4.44, ""reliability"": 0.0, ""modulation_ratio"": 0.0, ""median_latency_ms"": null}, ""4.0"": {""evoked_rate_hz"": 0.0, ""baseline_rate_hz"": 0.0, ""reliability"": 0.0, ""modulation_ratio"": 0.0, ""median_latency_ms"": null}}",False,-221.222,not light responsive,0.95,Not statistically significant (p=0.5035 >= 0.05); No positive modulation (mod_ratio=0.00 <= 1.0); Very low reliability (0.00 < 0.05),0.0481,0.144,0.1542,0.0,0.0,0.0002,0.0183,1.0,4.6165,0.0099,low evidence (non-responsive),850097258,2.59628849012734,0.0415497133896778,64.5142039276272,0.99,0.0036116781501405,3.93198765818817,0.977941176470588,0.0003426535087719,good,43,2260,7258,1144,7789,VISam,"10-ms optical pulse (473 nm, Ai32)",2.963,0.0,,,0.0,"1.0, 2.5, 4.0 mW calibrated",0,1,0.144,0,0
760345702,739783171,810753195,951854574,VISam,45,2.963,11.111,2.804,6.289,2.123,1.343,0.089,0.0,0.932,0.337,0.26274,0.207,5.5556,"{""1.0"": {""evoked_rate_hz"": 0.0, ""baseline_rate_hz"": 8.89, ""reliability"": 0.0, ""modulation_ratio"": 0.0, ""median_latency_ms"": null}, ""2.5"": {""evoked_rate_hz"": 16.67, ""baseline_rate_hz"": 0.0, ""reliability"": 0.133, ""modulation_ratio"": 16.67, ""median_latency_ms"": 7.61}, ""4.0"": {""evoked_rate_hz"": 16.67, ""baseline_rate_hz"": 0.0, ""reliability"": 0.133, ""modulation_ratio"": 16.67, ""median_latency_ms"": 4.98}}",False,-3.978,not light responsive,0.911,Not statistically significant (p=0.2627 >= 0.05),0.355,0.316,0.1947,0.089,0.6314,0.7017,0.4278,1.0,1.2384,0.2898,intermediate evidence (uncertain / borderline),850097262,2.95643129538215,0.130692863562103,71.8859747628763,0.99,0.0367468337659172,4.82632949645028,0.987210231814548,0.000695676371352,good,59,2280,7253,1129,7795,VISam,"10-ms optical pulse (473 nm, Ai32)",2.963,11.111,6.289,2.123,0.089,"1.0, 2.5, 4.0 mW calibrated",5,1,0.316,0,0
760345702,739783171,810753195,951854647,VISam,45,1.481,0.0,0.0,,,,0.0,0.0,0.0,,1.0,-0.149,0.0,"{""1.0"": {""evoked_rate_hz"": 0.0, ""baseline_rate_hz"": 4.44, ""reliability"": 0.0, ""modulation_ratio"": 0.0, ""median_latency_ms"": null}, ""2.5"": {""evoked_rate_hz"": 0.0, ""baseline_rate_hz"": 0.0, ""reliability"": 0.0, ""modulation_ratio"": 0.0, ""median_latency_ms"": null}, ""4.0"": {""evoked_rate_hz"": 0.0, ""baseline_rate_hz"": 0.0, ""reliability"": 0.0, ""modulation_ratio"": 0.0, ""median_latency_ms"": null}}",False,1.0,not light responsive,0.95,Not statistically significant (p=1.0000 >= 0.05); No positive modulation (mod_ratio=0.00 <= 1.0); Very low reliability (0.00 < 0.05),0.0376,0.144,0.1192,0.0,0.0,0.0002,0.0183,1.0,4.6165,0.0099,low evidence (non-responsive),850097272,1.84745144733344,0.428920962233409,67.9819192416045,0.99,0.0146588396333738,4.21177606022646,0.860215053763441,0.0003354128932716,good,27,2320,7240,1092,7809,VISam,"10-ms optical pulse (473 nm, Ai32)",1.481,0.0,,,0.0,"1.0, 2.5, 4.0 mW calibrated",0,1,0.144,0,0
760345702,739783171,810753195,951854638,VISam,45,1.481,5.556,2.239,4.576,4.284,3.029,0.044,0.022,0.977,0.936,0.52248,0.145,0.0,"{""1.0"": {""evoked_rate_hz"": 8.33, ""baseline_rate_hz"": 0.0, ""reliability"": 0.067, ""modulation_ratio"": 8.33, ""median_latency_ms"": 7.61}, ""2.5"": {""evoked_rate_hz"": 0.0, ""baseline_rate_hz"": 4.44, ""reliability"": 0.0, ""modulation_ratio"": 0.0, ""median_latency_ms"": null}, ""4.0"": {""evoked_rate_hz"": 8.33, ""baseline_rate_hz"": 0.0, ""reliability"": 0.067, ""modulation_ratio"": 8.33, ""median_latency_ms"": 1.55}}",False,1.0,not light responsive,0.95,Not statistically significant (p=0.5225 >= 0.05); Very low reliability (0.04 < 0.05),0.3065,0.4552,0.1521,0.044,0.5237,0.8471,0.1802,1.0,1.5484,0.2126,low evidence (non-responsive),850097272,2.6615039886845,0.0300091436941635,49.0633283554796,0.99,0.0043122518685447,3.31051701422343,0.919254658385093,0.0004404241623471,good,27,2320,7240,1092,7809,VISam,"10-ms optical pulse (473 nm, Ai32)",1.481,5.556,4.576,4.284,0.044,"1.0, 2.5, 4.0 mW calibrated",3,1,0.4552,0,0
760345702,739783171,810753195,951854614,VISam,45,1.481,0.0,0.0,,,,0.0,0.0,0.0,,1.0,-0.149,0.0,"{""1.0"": {""evoked_rate_hz"": 0.0, ""baseline_rate_hz"": 4.44, ""reliability"": 0.0, ""modulation_ratio"": 0.0, ""median_latency_ms"": null}, ""2.5"": {""evoked_rate_hz"": 0.0, ""baseline_rate_hz"": 0.0, ""reliability"": 0.0, ""modulation_ratio"": 0.0, ""median_latency_ms"": null}, ""4.0"": {""evoked_rate_hz"": 0.0, ""baseline_rate_hz"": 0.0, ""reliability"": 0.0, ""modulation_ratio"": 0.0, ""median_latency_ms"": null}}",False,1.0,not light responsive,0.95,Not statistically significant (p=1.0000 >= 0.05); No positive modulation (mod_ratio=0.00 <= 1.0); Very low reliability (0.00 < 0.05),0.0376,0.144,0.1192,0.0,0.0,0.0002,0.0183,1.0,4.6165,0.0099,low evidence (non-responsive),850097270,2.28316090180934,0.0009930368417974,92.1917473387998,0.99,4.29464663045149e-06,5.65366637663576,0.994655978623914,0.0003508402624285,good,59,2320,7242,1099,7806,VISam,"10-ms optical pulse (473 nm, Ai32)",1.481,0.0,,,0.0,"1.0, 2.5, 4.0 mW calibrated",0,1,0.144,0,0
760345702,739783171,810753195,951854685,VISam,45,16.296,2.778,0.161,6.301,0.0,0.0,0.022,0.111,1.0,0.0,0.005,-0.378,2.7778,"{""1.0"": {""evoked_rate_hz"": 0.0, ""baseline_rate_hz"": 13.33, ""reliability"": 0.0, ""modulation_ratio"": 0.0, ""median_latency_ms"": null}, ""2.5"": {""evoked_rate_hz"": 0.0, ""baseline_rate_hz"": 17.78, ""reliability"": 0.0, ""modulation_ratio"": 0.0, ""median_latency_ms"": null}, ""4.0"": {""evoked_rate_hz"": 8.33, ""baseline_rate_hz"": 17.78, ""reliability"": 0.067, ""modulation_ratio"": 0.44, ""median_latency_ms"": 6.3}}",False,-0.498,not light responsive,0.95,Not statistically significant (p=0.0050 >= 0.05); No positive modulation (mod_ratio=0.16 <= 1.0); Very low reliability (0.02 < 0.05),0.383,0.0903,0.5747,0.022,0.0,0.7005,1.0,1.0,1.7642,0.1713,intermediate evidence (uncertain / borderline),850097276,3.92311630084975,0.0401731814339003,57.2583330727766,0.99,0.0007825658505,3.87579242499506,0.925076452599388,0.0009541334423771,good,11,2340,7235,1076,7815,VISam,"10-ms optical pulse (473 nm, Ai32)",16.296,2.778,6.301,0.0,0.022,"1.0, 2.5, 4.0 mW calibrated",1,7,0.0903,0,0
760345702,739783171,810753195,951854676,VISam,45,4.444,0.0,0.0,,,,0.0,0.044,0.0,,0.25674,-0.264,0.0,"{""1.0"": {""evoked_rate_hz"": 0.0, ""baseline_rate_hz"": 4.44, ""reliability"": 0.0, ""modulation_ratio"": 0.0, ""median_latency_ms"": null}, ""2.5"": {""evoked_rate_hz"": 0.0, ""baseline_rate_hz"": 0.0, ""reliability"": 0.0, ""modulation_ratio"": 0.0, ""median_latency_ms"": null}, ""4.0"": {""evoked_rate_hz"": 0.0, ""baseline_rate_hz"": 8.89, ""reliability"": 0.0, ""modulation_ratio"": 0.0, ""median_latency_ms"": null}}",False,-221.222,not light responsive,0.95,Not statistically significant (p=0.2567 >= 0.05); No positive modulation (mod_ratio=0.00 <= 1.0); Very low reliability (0.00 < 0.05),0.0608,0.144,0.1963,0.0,0.0,0.0002,0.0183,1.0,4.6165,0.0099,low evidence (non-responsive),850097276,3.27865101943645,0.0490585519687945,46.3758878199177,0.99,0.0042339494837472,3.91233275101943,0.865079365079365,0.0004033884630899,good,11,2340,7235,1076,7815,VISam,"10-ms optical pulse (473 nm, Ai32)",4.444,0.0,,,0.0,"1.0, 2.5, 4.0 mW calibrated",0,2,0.144,0,0
760345702,739783171,810753195,951854667,VISam,45,17.778,22.222,1.183,6.581,2.594,4.026,0.178,0.133,0.841,0.434,0.61838,0.075,0.0,"{""1.0"": {""evoked_rate_hz"": 25.0, ""baseline_rate_hz"": 22.22, ""reliability"": 0.2, ""modulation_ratio"": 1.08, ""median_latency_ms"": 6.6}, ""2.5"": {""evoked_rate_hz"": 16.67, ""baseline_rate_hz"": 8.89, ""reliability"": 0.133, ""modulation_ratio"": 1.69, ""median_latency_ms"": 6.65}, ""4.0"": {""evoked_rate_hz"": 25.0, ""baseline_rate_hz"": 22.22, ""reliability"": 0.2, ""modulation_ratio"": 1.08, ""median_latency_ms"": 6.56}}",False,-1.497,not light responsive,0.822,Not statistically significant (p=0.6184 >= 0.05),0.2475,0.4278,0.1429,0.178,0.1206,0.6703,0.3543,1.0,1.0353,0.3551,low evidence (non-responsive),850097276,2.16375461268931,0.018321778479712,91.0191136105164,0.99,0.0371529214206553,3.31355197695521,0.856,0.0234213547646383,good,11,2340,7235,1076,7815,VISam,"10-ms optical pulse (473 nm, Ai32)",17.778,22.222,6.581,2.594,0.178,"1.0, 2.5, 4.0 mW calibrated",10,8,0.4278,0,0
760345702,739783171,810753195,951855551,VISam,45,0.0,0.0,0.0,,,,0.0,0.0,0.0,,1.0,0.0,0.0,"{""1.0"": {""evoked_rate_hz"": 0.0, ""baseline_rate_hz"": 0.0, ""reliability"": 0.0, ""modulation_ratio"": 0.0, ""median_latency_ms"": null}, ""2.5"": {""evoked_rate_hz"": 0.0, ""baseline_rate_hz"": 0.0, ""reliability"": 0.0, ""modulation_ratio"": 0.0, ""median_latency_ms"": null}, ""4.0"": {""evoked_rate_hz"": 0.0, ""baseline_rate_hz"": 0.0, ""reliability"": 0.0, ""modulation_ratio"": 0.0, ""median_latency_ms"": null}}",False,1.0,insufficient evidence,0.0,Insufficient trial count (<10) or zero spikes recorded,0.0376,0.144,0.1192,0.0,0.0,0.0002,0.0183,1.0,4.6165,0.0099,insufficient evidence,850097274,1.98832792436473,0.134739650309316,40.4014584747172,0.99,0.0146376256637528,3.2507679617824,0.706666666666667,0.0006349206349206,good,43,2340,7237,1084,7812,VISam,"10-ms optical pulse (473 nm, Ai32)",0.0,0.0,,,0.0,"1.0, 2.5, 4.0 mW calibrated",0,0,0.144,0,-1
760345702,739783171,810753195,951854702,VISam,45,8.889,8.333,0.843,2.3,1.312,1.19,0.067,0.067,0.955,0.447,0.82617,-0.014,0.0,"{""1.0"": {""evoked_rate_hz"": 8.33, ""baseline_rate_hz"": 0.0, ""reliability"": 0.067, ""modulation_ratio"": 8.33, ""median_latency_ms"": 2.07}, ""2.5"": {""evoked_rate_hz"": 8.33, ""baseline_rate_hz"": 13.33, ""reliability"": 0.067, ""modulation_ratio"": 0.58, ""median_latency_ms"": 2.3}, ""4.0"": {""evoked_rate_hz"": 8.33, ""baseline_rate_hz"": 13.33, ""reliability"": 0.067, ""modulation_ratio"": 0.58, ""median_latency_ms"": 4.45}}",False,-221.222,not light responsive,0.933,Not statistically significant (p=0.8262 >= 0.05); No positive modulation (mod_ratio=0.84 <= 1.0),0.2562,0.312,0.1282,0.067,0.0,0.9453,0.5917,1.0,2.0947,0.1231,low evidence (non-responsive),850097278,3.04982464389591,0.0684447214944426,46.1593989957251,0.99,0.0279757990850126,3.56339917900324,0.805208333333333,0.0047865013774104,good,59,2360,7229,1061,7820,VISam,"10-ms optical pulse (473 nm, Ai32)",8.889,8.333,2.3,1.312,0.067,"1.0, 2.5, 4.0 mW calibrated",4,4,0.312,0,0
760345702,739783171,810753195,951854655,VISam,45,14.815,19.444,1.23,5.763,2.625,3.093,0.156,0.133,0.864,0.44,0.61638,0.079,-2.7778,"{""1.0"": {""evoked_rate_hz"": 16.67, ""baseline_rate_hz"": 13.33, ""reliability"": 0.133, ""modulation_ratio"": 1.16, ""median_latency_ms"": 6.78}, ""2.5"": {""evoked_rate_hz"": 33.33, ""baseline_rate_hz"": 8.89, ""reliability"": 0.267, ""modulation_ratio"": 3.37, ""median_latency_ms"": 6.94}, ""4.0"": {""evoked_rate_hz"": 8.33, ""baseline_rate_hz"": 22.22, ""reliability"": 0.067, ""modulation_ratio"": 0.36, ""median_latency_ms"": 4.04}}",False,0.667,not light responsive,0.844,Not statistically significant (p=0.6164 >= 0.05),0.2596,0.419,0.1431,0.156,0.1482,0.7537,0.3499,1.0,1.1502,0.3166,low evidence (non-responsive),850097278,2.63147385912287,0.0104148957560397,73.8634880569119,0.99,0.0044964588238318,3.38383937812735,0.973333333333333,0.0006619593998234,good,59,2360,7229,1061,7820,VISam,"10-ms optical pulse (473 nm, Ai32)",14.815,19.444,5.763,2.625,0.156,"1.0, 2.5, 4.0 mW calibrated",9,7,0.419,0,0
760345702,739783171,810753195,951854630,VISam,45,11.852,8.333,0.648,3.97,0.37,0.338,0.067,0.111,0.955,0.097,0.51548,-0.082,0.0,"{""1.0"": {""evoked_rate_hz"": 8.33, ""baseline_rate_hz"": 8.89, ""reliability"": 0.067, ""modulation_ratio"": 0.84, ""median_latency_ms"": 3.37}, ""2.5"": {""evoked_rate_hz"": 8.33, ""baseline_rate_hz"": 4.44, ""reliability"": 0.067, ""modulation_ratio"": 1.53, ""median_latency_ms"": 3.97}, ""4.0"": {""evoked_rate_hz"": 8.33, ""baseline_rate_hz"": 22.22, ""reliability"": 0.067, ""modulation_ratio"": 0.36, ""median_latency_ms"": 4.05}}",False,0.6,not light responsive,0.933,Not statistically significant (p=0.5155 >= 0.05); No positive modulation (mod_ratio=0.65 <= 1.0),0.2812,0.1595,0.1529,0.067,0.0,0.8824,0.8624,1.0,1.8364,0.1594,low evidence (non-responsive),850097278,2.11202912749367,0.0644828946082675,52.5926849960989,0.99,0.0304839862026204,2.88065119585379,0.832666666666667,0.0154050464807437,good,59,2360,7229,1061,7820,VISam,"10-ms optical pulse (473 nm, Ai32)",11.852,8.333,3.97,0.37,0.067,"1.0, 2.5, 4.0 mW calibrated",4,5,0.1595,0,0
760345702,739783171,810753195,951854761,VISam,45,11.852,5.556,0.432,2.624,1.727,1.221,0.044,0.111,0.977,0.658,0.21678,-0.164,-5.5556,"{""1.0"": {""evoked_rate_hz"": 16.67, ""baseline_rate_hz"": 0.0, ""reliability"": 0.133, ""modulation_ratio"": 16.67, ""median_latency_ms"": 2.62}, ""2.5"": {""evoked_rate_hz"": 0.0, ""baseline_rate_hz"": 8.89, ""reliability"": 0.0, ""modulation_ratio"": 0.0, ""median_latency_ms"": null}, ""4.0"": {""evoked_rate_hz"": 0.0, ""baseline_rate_hz"": 26.67, ""reliability"": 0.0, ""modulation_ratio"": 0.0, ""median_latency_ms"": null}}",False,0.401,not light responsive,0.95,Not statistically significant (p=0.2168 >= 0.05); No positive modulation (mod_ratio=0.43 <= 1.0); Very low reliability (0.04 < 0.05),0.264,0.3214,0.2082,0.044,0.0,0.9363,0.5012,1.0,2.1083,0.1214,low evidence (non-responsive),850097284,3.10942974548422,0.196392218802783,53.394958518718,0.99,0.0055192606735339,3.3686545231544,0.863539445628998,0.0051061448606302,good,11,2380,7222,1038,7829,VISam,"10-ms optical pulse (473 nm, Ai32)",11.852,5.556,2.624,1.727,0.044,"1.0, 2.5, 4.0 mW calibrated",3,5,0.3214,0,0
760345702,739783171,810753195,951854751,VISam,45,8.889,2.778,0.281,5.732,0.0,0.0,0.022,0.044,1.0,0.0,0.11189,-0.201,-2.7778,"{""1.0"": {""evoked_rate_hz"": 8.33, ""baseline_rate_hz"": 17.78, ""reliability"": 0.067, ""modulation_ratio"": 0.44, ""median_latency_ms"": 5.73}, ""2.5"": {""evoked_rate_hz"": 0.0, ""baseline_rate_hz"": 0.0, ""reliability"": 0.0, ""modulation_ratio"": 0.0, ""median_latency_ms"": null}, ""4.0"": {""evoked_rate_hz"": 0.0, ""baseline_rate_hz"": 8.89, ""reliability"": 0.0, ""modulation_ratio"": 0.0, ""median_latency_ms"": null}}",False,0.201,not light responsive,0.95,Not statistically significant (p=0.1119 >= 0.05); No positive modulation (mod_ratio=0.28 <= 1.0); Very low reliability (0.02 < 0.05),0.2968,0.0876,0.2595,0.022,0.0,0.7566,1.0,1.0,1.8038,0.1647,low evidence (non-responsive),850097284,4.21282312491671,0.0129556205785017,68.6425932186976,0.99,6.92269351190153e-05,4.37773862971744,0.957207207207207,0.0020610057708161,good,11,2380,7222,1038,7829,VISam,"10-ms optical pulse (473 nm, Ai32)",8.889,2.778,5.732,0.0,0.022,"1.0, 2.5, 4.0 mW calibrated",1,4,0.0876,0,0
760345702,739783171,810753195,951854741,VISam,45,23.704,16.667,0.675,4.171,2.696,2.313,0.133,0.178,0.886,0.572,0.4036,-0.122,-2.7778,"{""1.0"": {""evoked_rate_hz"": 25.0, ""baseline_rate_hz"": 22.22, ""reliability"": 0.2, ""modulation_ratio"": 1.08, ""median_latency_ms"": 6.41}, ""2.5"": {""evoked_rate_hz"": 8.33, ""baseline_rate_hz"": 26.67, ""reliability"": 0.067, ""modulation_ratio"": 0.3, ""median_latency_ms"": 3.75}, ""4.0"": {""evoked_rate_hz"": 16.67, ""baseline_rate_hz"": 22.22, ""reliability"": 0.133, ""modulation_ratio"": 0.72, ""median_latency_ms"": 2.8}}",False,0.001,not light responsive,0.867,Not statistically significant (p=0.4036 >= 0.05); No positive modulation (mod_ratio=0.68 <= 1.0),0.2481,0.4221,0.1672,0.133,0.0,0.8715,0.3401,1.0,1.6166,0.1986,low evidence (non-responsive),850097284,2.49840816783647,0.205579585650318,69.8898758038023,0.99,0.0313678701881318,2.44925495463678,0.856,0.0145042194092827,good,11,2380,7222,1038,7829,VISam,"10-ms optical pulse (473 nm, Ai32)",23.704,16.667,4.171,2.696,0.133,"1.0, 2.5, 4.0 mW calibrated",8,11,0.4221,0,0
760345702,739783171,810753195,951854802,VISam,45,10.37,13.889,1.221,7.16,1.978,0.401,0.111,0.111,0.909,0.303,0.6993,0.071,-5.5556,"{""1.0"": {""evoked_rate_hz"": 25.0, ""baseline_rate_hz"": 8.89, ""reliability"": 0.2, ""modulation_ratio"": 2.53, ""median_latency_ms"": 7.16}, ""2.5"": {""evoked_rate_hz"": 8.33, ""baseline_rate_hz"": 8.89, ""reliability"": 0.067, ""modulation_ratio"": 0.84, ""median_latency_ms"": 3.1}, ""4.0"": {""evoked_rate_hz"": 8.33, ""baseline_rate_hz"": 13.33, ""reliability"": 0.067, ""modulation_ratio"": 0.58, ""median_latency_ms"": 7.33}}",False,0.625,not light responsive,0.889,Not statistically significant (p=0.6993 >= 0.05),0.2332,0.3166,0.1365,0.111,0.143,0.6035,0.4533,1.0,1.2017,0.3007,low evidence (non-responsive),850097288,4.28629797104827,0.150482525337271,72.9661161783043,0.99,0.000495611026855,4.0124277645378,0.967871485943775,0.0005127679212388,good,27,2400,7217,1023,7835,VISam,"10-ms optical pulse (473 nm, Ai32)",10.37,13.889,7.16,1.978,0.111,"1.0, 2.5, 4.0 mW calibrated",6,5,0.3166,0,0
760345702,739783171,810753195,951854723,VISam,45,0.0,0.0,0.0,,,,0.0,0.0,0.0,,1.0,0.0,0.0,"{""1.0"": {""evoked_rate_hz"": 0.0, ""baseline_rate_hz"": 0.0, ""reliability"": 0.0, ""modulation_ratio"": 0.0, ""median_latency_ms"": null}, ""2.5"": {""evoked_rate_hz"": 0.0, ""baseline_rate_hz"": 0.0, ""reliability"": 0.0, ""modulation_ratio"": 0.0, ""median_latency_ms"": null}, ""4.0"": {""evoked_rate_hz"": 0.0, ""baseline_rate_hz"": 0.0, ""reliability"": 0.0, ""modulation_ratio"": 0.0, ""median_latency_ms"": null}}",False,-665.667,insufficient evidence,0.0,Insufficient trial count (<10) or zero spikes recorded,0.0376,0.144,0.1192,0.0,0.0,0.0002,0.0183,1.0,4.6165,0.0099,insufficient evidence,850097288,1.40521999804704,0.027616341839083,65.2663208772992,0.99,0.0054423623506886,3.37305996264947,0.965686274509804,0.0006420654230873,good,27,2400,7217,1023,7835,VISam,"10-ms optical pulse (473 nm, Ai32)",0.0,0.0,,,0.0,"1.0, 2.5, 4.0 mW calibrated",0,0,0.144,0,-1
760345702,739783171,810753195,951854788,VISam,45,13.333,25.0,1.744,3.335,1.804,2.372,0.2,0.089,0.818,0.461,0.21978,0.185,5.5556,"{""1.0"": {""evoked_rate_hz"": 25.0, ""baseline_rate_hz"": 4.44, ""reliability"": 0.2, ""modulation_ratio"": 4.59, ""median_latency_ms"": 5.24}, ""2.5"": {""evoked_rate_hz"": 8.33, ""baseline_rate_hz"": 31.11, ""reliability"": 0.067, ""modulation_ratio"": 0.26, ""median_latency_ms"": 3.34}, ""4.0"": {""evoked_rate_hz"": 41.67, ""baseline_rate_hz"": 4.44, ""reliability"": 0.333, ""modulation_ratio"": 7.65, ""median_latency_ms"": 3.16}}",False,0.167,not light responsive,0.8,Not statistically significant (p=0.2198 >= 0.05),0.3737,0.4617,0.2072,0.2,0.381,0.9115,0.486,1.0,1.2842,0.2769,intermediate evidence (uncertain / borderline),850097286,2.44290988570024,0.01910299393765,59.69558183886,0.99,0.0016705868834292,2.81785174259982,0.854341736694678,0.0074319886618963,good,59,2400,7219,1031,7832,VISam,"10-ms optical pulse (473 nm, Ai32)",13.333,25.0,3.335,1.804,0.2,"1.0, 2.5, 4.0 mW calibrated",11,6,0.4617,0,0
760345702,739783171,810753195,951854780,VISam,45,10.37,5.556,0.489,4.188,3.389,2.396,0.044,0.022,0.977,0.809,0.32168,-0.129,0.0,"{""1.0"": {""evoked_rate_hz"": 0.0, ""baseline_rate_hz"": 4.44, ""reliability"": 0.0, ""modulation_ratio"": 0.0, ""median_latency_ms"": null}, ""2.5"": {""evoked_rate_hz"": 16.67, ""baseline_rate_hz"": 13.33, ""reliability"": 0.133, ""modulation_ratio"": 1.16, ""median_latency_ms"": 4.19}, ""4.0"": {""evoked_rate_hz"": 0.0, ""baseline_rate_hz"": 13.33, ""reliability"": 0.0, ""modulation_ratio"": 0.0, ""median_latency_ms"": null}}",False,0.167,not light responsive,0.95,Not statistically significant (p=0.3217 >= 0.05); No positive modulation (mod_ratio=0.49 <= 1.0); Very low reliability (0.04 < 0.05),0.2218,0.3866,0.1813,0.044,0.0,0.8706,0.2578,1.0,1.8832,0.1521,low evidence (non-responsive),850097286,4.2676883228981,0.0,129.916321932648,0.99,3.28316720177477e-06,4.70073201140617,0.998737373737374,0.0001027115858668,good,59,2400,7219,1031,7832,VISam,"10-ms optical pulse (473 nm, Ai32)",10.37,5.556,4.188,3.389,0.044,"1.0, 2.5, 4.0 mW calibrated",3,5,0.3866,0,0
760345702,739783171,810753195,951854816,VISam,45,2.963,8.333,2.103,2.892,2.503,2.318,0.067,0.022,0.955,0.628,0.43257,0.153,-2.7778,"{""1.0"": {""evoked_rate_hz"": 16.67, ""baseline_rate_hz"": 4.44, ""reliability"": 0.133, ""modulation_ratio"": 3.06, ""median_latency_ms"": 4.53}, ""2.5"": {""evoked_rate_hz"": 0.0, ""baseline_rate_hz"": 0.0, ""reliability"": 0.0, ""modulation_ratio"": 0.0, ""median_latency_ms"": null}, ""4.0"": {""evoked_rate_hz"": 8.33, ""baseline_rate_hz"": 4.44, ""reliability"": 0.067, ""modulation_ratio"": 1.53, ""median_latency_ms"": 2.89}}",False,-221.222,not light responsive,0.933,Not statistically significant (p=0.4326 >= 0.05),0.3396,0.437,0.163,0.067,0.4901,0.9278,0.3674,1.0,1.7301,0.1773,low evidence (non-responsive),850097292,1.89389688528123,0.0321900569057026,64.9030827790338,0.99,0.033457770010069,4.44947845834763,0.916666666666667,0.0003364284753061,good,11,2420,7211,1008,7841,VISam,"10-ms optical pulse (473 nm, Ai32)",2.963,8.333,2.892,2.503,0.067,"1.0, 2.5, 4.0 mW calibrated",4,1,0.437,0,0
760345702,739783171,810753195,951854887,VISam,45,13.333,11.111,0.775,4.215,1.037,1.642,0.089,0.067,0.932,0.245,0.68931,-0.048,2.7778,"{""1.0"": {""evoked_rate_hz"": 8.33, ""baseline_rate_hz"": 8.89, ""reliability"": 0.067, ""modulation_ratio"": 0.84, ""median_latency_ms"": 3.21}, ""2.5"": {""evoked_rate_hz"": 8.33, ""baseline_rate_hz"": 13.33, ""reliability"": 0.067, ""modulation_ratio"": 0.58, ""median_latency_ms"": 4.97}, ""4.0"": {""evoked_rate_hz"": 16.67, ""baseline_rate_hz"": 17.78, ""reliability"": 0.133, ""modulation_ratio"": 0.89, ""median_latency_ms"": 4.36}}",False,-0.399,not light responsive,0.911,Not statistically significant (p=0.6893 >= 0.05); No positive modulation (mod_ratio=0.78 <= 1.0),0.2598,0.2386,0.1372,0.089,0.0,0.869,0.6605,1.0,1.7345,0.1765,low evidence (non-responsive),850097290,1.96600820717492,0.0040724282313806,89.7074826419266,0.99,0.0012393788585014,4.35572469320637,1.0,6.58111220796315e-05,good,43,2420,7214,1015,7838,VISam,"10-ms optical pulse (473 nm, Ai32)",13.333,11.111,4.215,1.037,0.089,"1.0, 2.5, 4.0 mW calibrated",5,6,0.2386,0,0
760345702,739783171,810753195,951854809,VISam,45,13.333,5.556,0.388,5.514,1.115,0.789,0.044,0.111,0.977,0.202,0.15385,-0.197,0.0,"{""1.0"": {""evoked_rate_hz"": 8.33, ""baseline_rate_hz"": 26.67, ""reliability"": 0.067, ""modulation_ratio"": 0.3, ""median_latency_ms"": 4.73}, ""2.5"": {""evoked_rate_hz"": 0.0, ""baseline_rate_hz"": 13.33, ""reliability"": 0.0, ""modulation_ratio"": 0.0, ""median_latency_ms"": null}, ""4.0"": {""evoked_rate_hz"": 8.33, ""baseline_rate_hz"": 0.0, ""reliability"": 0.067, ""modulation_ratio"": 8.33, ""median_latency_ms"": 6.3}}",False,-0.664,not light responsive,0.95,Not statistically significant (p=0.1538 >= 0.05); No positive modulation (mod_ratio=0.39 <= 1.0); Very low reliability (0.04 < 0.05),0.2616,0.1835,0.2338,0.044,0.0,0.7761,0.6402,1.0,1.7392,0.1757,low evidence (non-responsive),850097290,3.58080404103411,0.0010278764184354,93.8367714592237,0.99,0.0003230538669118,5.97448823845357,0.996955859969559,0.0001363187131513,good,43,2420,7214,1015,7838,VISam,"10-ms optical pulse (473 nm, Ai32)",13.333,5.556,5.514,1.115,0.044,"1.0, 2.5, 4.0 mW calibrated",3,6,0.1835,0,0
760345702,739783171,810753195,951854864,VISam,45,7.407,8.333,0.991,2.783,1.234,1.23,0.067,0.022,0.955,0.464,1.0,0.022,0.0,"{""1.0"": {""evoked_rate_hz"": 8.33, ""baseline_rate_hz"": 4.44, ""reliability"": 0.067, ""modulation_ratio"": 1.53, ""median_latency_ms"": 3.83}, ""2.5"": {""evoked_rate_hz"": 8.33, ""baseline_rate_hz"": 13.33, ""reliability"": 0.067, ""modulation_ratio"": 0.58, ""median_latency_ms"": 1.37}, ""4.0"": {""evoked_rate_hz"": 8.33, ""baseline_rate_hz"": 4.44, ""reliability"": 0.067, ""modulation_ratio"": 1.53, ""median_latency_ms"": 2.78}}",False,0.004,not light responsive,0.933,Not statistically significant (p=1.0000 >= 0.05); No positive modulation (mod_ratio=0.99 <= 1.0),0.2533,0.2717,0.1192,0.067,0.0,0.9314,0.6104,1.0,2.0145,0.1334,low evidence (non-responsive),850097294,2.5524164070851,0.0285122350381626,62.1156408328951,0.99,0.0028598488882623,4.1257065625978,0.940909090909091,0.0013292433537832,good,59,2440,7209,1000,7844,VISam,"10-ms optical pulse (473 nm, Ai32)",7.407,8.333,2.783,1.234,0.067,"1.0, 2.5, 4.0 mW calibrated",4,3,0.2717,0,0
760345702,739783171,810753195,951854838,VISam,45,7.407,2.778,0.33,3.679,0.0,0.0,0.022,0.089,1.0,0.0,0.1958,-0.16,-2.7778,"{""1.0"": {""evoked_rate_hz"": 8.33, ""baseline_rate_hz"": 8.89, ""reliability"": 0.067, ""modulation_ratio"": 0.84, ""median_latency_ms"": 3.68}, ""2.5"": {""evoked_rate_hz"": 0.0, ""baseline_rate_hz"": 0.0, ""reliability"": 0.0, ""modulation_ratio"": 0.0, ""median_latency_ms"": null}, ""4.0"": {""evoked_rate_hz"": 0.0, ""baseline_rate_hz"": 13.33, ""reliability"": 0.0, ""modulation_ratio"": 0.0, ""median_latency_ms"": null}}",False,0.004,not light responsive,0.95,Not statistically significant (p=0.1958 >= 0.05); No positive modulation (mod_ratio=0.33 <= 1.0); Very low reliability (0.02 < 0.05),0.3047,0.0746,0.2155,0.022,0.0,0.8966,1.0,1.0,2.0246,0.132,low evidence (non-responsive),850097294,3.34342051593784,0.137320758794799,44.5113045059107,0.99,0.0019365844268735,3.63286024327371,0.908382066276803,0.000644351748228,good,59,2440,7209,1000,7844,VISam,"10-ms optical pulse (473 nm, Ai32)",7.407,2.778,3.679,0.0,0.022,"1.0, 2.5, 4.0 mW calibrated",1,3,0.0746,0,0
760345702,739783171,810753195,951855628,VISam,45,0.0,0.0,0.0,,,,0.0,0.0,0.0,,1.0,0.0,0.0,"{""1.0"": {""evoked_rate_hz"": 0.0, ""baseline_rate_hz"": 0.0, ""reliability"": 0.0, ""modulation_ratio"": 0.0, ""median_latency_ms"": null}, ""2.5"": {""evoked_rate_hz"": 0.0, ""baseline_rate_hz"": 0.0, ""reliability"": 0.0, ""modulation_ratio"": 0.0, ""median_latency_ms"": null}, ""4.0"": {""evoked_rate_hz"": 0.0, ""baseline_rate_hz"": 0.0, ""reliability"": 0.0, ""modulation_ratio"": 0.0, ""median_latency_ms"": null}}",False,1.0,insufficient evidence,0.0,Insufficient trial count (<10) or zero spikes recorded,0.0376,0.144,0.1192,0.0,0.0,0.0002,0.0183,1.0,4.6165,0.0099,insufficient evidence,850097300,3.13996591603048,0.0,18.6375690926481,0.95,0.0854582651437869,3.09504971909194,0.0,0.0002000600180054,good,11,2460,7199,969,7856,VISam,"10-ms optical pulse (473 nm, Ai32)",0.0,0.0,,,0.0,"1.0, 2.5, 4.0 mW calibrated",0,0,0.144,0,-1
760345702,739783171,810753195,951854965,VISam,45,4.444,2.778,0.51,2.47,0.0,0.0,0.022,0.0,1.0,0.0,0.63337,-0.065,0.0,"{""1.0"": {""evoked_rate_hz"": 0.0, ""baseline_rate_hz"": 0.0, ""reliability"": 0.0, ""modulation_ratio"": 0.0, ""median_latency_ms"": null}, ""2.5"": {""evoked_rate_hz"": 8.33, ""baseline_rate_hz"": 8.89, ""reliability"": 0.067, ""modulation_ratio"": 0.84, ""median_latency_ms"": 2.47}, ""4.0"": {""evoked_rate_hz"": 0.0, ""baseline_rate_hz"": 4.44, ""reliability"": 0.0, ""modulation_ratio"": 0.0, ""median_latency_ms"": null}}",False,-1.494,not light responsive,0.95,Not statistically significant (p=0.6334 >= 0.05); No positive modulation (mod_ratio=0.51 <= 1.0); Very low reliability (0.02 < 0.05),0.2891,0.066,0.1416,0.022,0.0,0.9408,1.0,1.0,2.2008,0.1107,low evidence (non-responsive),850097300,1.31143234006885,0.0788464550463755,43.9312528017146,0.99,0.0350866666452909,2.84350923930726,0.946902654867257,0.0013641634267785,good,11,2460,7199,969,7856,VISam,"10-ms optical pulse (473 nm, Ai32)",4.444,2.778,2.47,0.0,0.022,"1.0, 2.5, 4.0 mW calibrated",1,2,0.066,0,0
760345702,739783171,810753195,951854955,VISam,45,0.0,0.0,0.0,,,,0.0,0.0,0.0,,1.0,0.0,0.0,"{""1.0"": {""evoked_rate_hz"": 0.0, ""baseline_rate_hz"": 0.0, ""reliability"": 0.0, ""modulation_ratio"": 0.0, ""median_latency_ms"": null}, ""2.5"": {""evoked_rate_hz"": 0.0, ""baseline_rate_hz"": 0.0, ""reliability"": 0.0, ""modulation_ratio"": 0.0, ""median_latency_ms"": null}, ""4.0"": {""evoked_rate_hz"": 0.0, ""baseline_rate_hz"": 0.0, ""reliability"": 0.0, ""modulation_ratio"": 0.0, ""median_latency_ms"": null}}",False,1.0,insufficient evidence,0.0,Insufficient trial count (<10) or zero spikes recorded,0.0376,0.144,0.1192,0.0,0.0,0.0002,0.0183,1.0,4.6165,0.0099,insufficient evidence,850097300,3.22852066340064,0.144767845474345,45.7955055599553,0.99,0.00263539698893,4.48088999331102,0.888888888888889,0.0001338956952533,good,11,2460,7199,969,7856,VISam,"10-ms optical pulse (473 nm, Ai32)",0.0,0.0,,,0.0,"1.0, 2.5, 4.0 mW calibrated",0,0,0.144,0,-1
760345702,739783171,810753195,951854933,VISam,45,2.963,19.444,4.907,7.059,2.253,2.558,0.156,0.044,0.864,0.373,0.01898,0.366,0.0,"{""1.0"": {""evoked_rate_hz"": 16.67, ""baseline_rate_hz"": 0.0, ""reliability"": 0.133, ""modulation_ratio"": 16.67, ""median_latency_ms"": 7.99}, ""2.5"": {""evoked_rate_hz"": 25.0, ""baseline_rate_hz"": 4.44, ""reliability"": 0.2, ""modulation_ratio"": 4.59, ""median_latency_ms"": 5.1}, ""4.0"": {""evoked_rate_hz"": 16.67, ""baseline_rate_hz"": 4.44, ""reliability"": 0.133, ""modulation_ratio"": 3.06, ""median_latency_ms"": 5.73}}",False,0.501,light-responsive / indirect or uncertain,0.65,Sub-threshold reliability (0.16 < 0.3),0.4646,0.3339,0.4309,0.156,0.8169,0.6155,0.4061,1.0,1.5001,0.2231,intermediate evidence (uncertain / borderline),850097300,2.30932771529813,0.0058104874620897,75.0626846054476,0.99,0.0146318153799945,4.09129217923671,0.97,0.0029902423670129,good,11,2460,7199,969,7856,VISam,"10-ms optical pulse (473 nm, Ai32)",2.963,19.444,7.059,2.253,0.156,"1.0, 2.5, 4.0 mW calibrated",9,1,0.3339,0,1
760345702,739783171,810753195,951854921,VISam,45,2.963,5.556,1.402,4.462,1.032,0.73,0.044,0.022,0.977,0.231,0.76224,0.086,-2.7778,"{""1.0"": {""evoked_rate_hz"": 8.33, ""baseline_rate_hz"": 0.0, ""reliability"": 0.067, ""modulation_ratio"": 8.33, ""median_latency_ms"": 3.73}, ""2.5"": {""evoked_rate_hz"": 8.33, ""baseline_rate_hz"": 4.44, ""reliability"": 0.067, ""modulation_ratio"": 1.53, ""median_latency_ms"": 5.19}, ""4.0"": {""evoked_rate_hz"": 0.0, ""baseline_rate_hz"": 4.44, ""reliability"": 0.0, ""modulation_ratio"": 0.0, ""median_latency_ms"": null}}",False,-443.444,not light responsive,0.95,Not statistically significant (p=0.7622 >= 0.05); Very low reliability (0.04 < 0.05),0.2928,0.2012,0.1321,0.044,0.239,0.8543,0.6618,1.0,1.6381,0.1943,low evidence (non-responsive),850097300,2.44682011511776,0.237310256324856,57.7301683102542,0.99,0.0221595012991919,4.37212949521039,0.794956140350877,0.0058787128712871,good,11,2460,7199,969,7856,VISam,"10-ms optical pulse (473 nm, Ai32)",2.963,5.556,4.462,1.032,0.044,"1.0, 2.5, 4.0 mW calibrated",3,1,0.2012,0,0
760345702,739783171,810753195,951855020,VISam,45,5.926,0.0,0.0,,,,0.0,0.044,0.0,,0.12488,-0.309,0.0,"{""1.0"": {""evoked_rate_hz"": 0.0, ""baseline_rate_hz"": 0.0, ""reliability"": 0.0, ""modulation_ratio"": 0.0, ""median_latency_ms"": null}, ""2.5"": {""evoked_rate_hz"": 0.0, ""baseline_rate_hz"": 4.44, ""reliability"": 0.0, ""modulation_ratio"": 0.0, ""median_latency_ms"": null}, ""4.0"": {""evoked_rate_hz"": 0.0, ""baseline_rate_hz"": 13.33, ""reliability"": 0.0, ""modulation_ratio"": 0.0, ""median_latency_ms"": null}}",False,1.0,not light responsive,0.95,Not statistically significant (p=0.1249 >= 0.05); No positive modulation (mod_ratio=0.00 <= 1.0); Very low reliability (0.00 < 0.05),0.077,0.144,0.2504,0.0,0.0,0.0002,0.0183,1.0,4.6165,0.0099,low evidence (non-responsive),850097304,3.5585645911737,0.0,72.7873002310434,0.99,0.0008291384635044,4.28866633065279,0.986842105263158,0.0001007658202337,good,27,2480,7193,954,7862,VISam,"10-ms optical pulse (473 nm, Ai32)",5.926,0.0,,,0.0,"1.0, 2.5, 4.0 mW calibrated",0,3,0.144,0,0
760345702,739783171,810753195,951855009,VISam,45,1.481,0.0,0.0,,,,0.0,0.022,0.0,,1.0,-0.149,0.0,"{""1.0"": {""evoked_rate_hz"": 0.0, ""baseline_rate_hz"": 0.0, ""reliability"": 0.0, ""modulation_ratio"": 0.0, ""median_latency_ms"": null}, ""2.5"": {""evoked_rate_hz"": 0.0, ""baseline_rate_hz"": 0.0, ""reliability"": 0.0, ""modulation_ratio"": 0.0, ""median_latency_ms"": null}, ""4.0"": {""evoked_rate_hz"": 0.0, ""baseline_rate_hz"": 4.44, ""reliability"": 0.0, ""modulation_ratio"": 0.0, ""median_latency_ms"": null}}",False,1.0,not light responsive,0.95,Not statistically significant (p=1.0000 >= 0.05); No positive modulation (mod_ratio=0.00 <= 1.0); Very low reliability (0.00 < 0.05),0.0376,0.144,0.1192,0.0,0.0,0.0002,0.0183,1.0,4.6165,0.0099,low evidence (non-responsive),850097304,2.89302051523321,0.0089735754804542,65.4644710721315,0.99,0.0012245721314495,4.99648219775938,0.915555555555556,0.0005076142131979,good,27,2480,7193,954,7862,VISam,"10-ms optical pulse (473 nm, Ai32)",1.481,0.0,,,0.0,"1.0, 2.5, 4.0 mW calibrated",0,1,0.144,0,0
760345702,739783171,810753195,951854976,VISam,45,5.926,5.556,0.802,3.349,1.493,1.056,0.044,0.067,0.977,0.446,0.8002,-0.011,0.0,"{""1.0"": {""evoked_rate_hz"": 8.33, ""baseline_rate_hz"": 4.44, ""reliability"": 0.067, ""modulation_ratio"": 1.53, ""median_latency_ms"": 4.41}, ""2.5"": {""evoked_rate_hz"": 0.0, ""baseline_rate_hz"": 4.44, ""reliability"": 0.0, ""modulation_ratio"": 0.0, ""median_latency_ms"": null}, ""4.0"": {""evoked_rate_hz"": 8.33, ""baseline_rate_hz"": 8.89, ""reliability"": 0.067, ""modulation_ratio"": 0.84, ""median_latency_ms"": 2.29}}",False,-0.497,not light responsive,0.95,Not statistically significant (p=0.8002 >= 0.05); No positive modulation (mod_ratio=0.80 <= 1.0); Very low reliability (0.04 < 0.05),0.2416,0.2528,0.1297,0.044,0.0,0.911,0.5504,1.0,1.9976,0.1357,low evidence (non-responsive),850097302,3.15062614130109,0.0233203904441405,51.7000923051276,0.99,7.98559340617283e-05,4.11584205835275,0.867579908675799,0.0010148163182464,good,59,2480,7196,962,7859,VISam,"10-ms optical pulse (473 nm, Ai32)",5.926,5.556,3.349,1.493,0.044,"1.0, 2.5, 4.0 mW calibrated",3,3,0.2528,0,0
760345702,739783171,810753195,951855055,VISam,45,47.407,83.333,1.721,5.496,2.04,2.498,0.644,0.333,0.409,0.363,0.00699,0.432,19.4444,"{""1.0"": {""evoked_rate_hz"": 50.0, ""baseline_rate_hz"": 57.78, ""reliability"": 0.4, ""modulation_ratio"": 0.85, ""median_latency_ms"": 6.17}, ""2.5"": {""evoked_rate_hz"": 91.67, ""baseline_rate_hz"": 40.0, ""reliability"": 0.667, ""modulation_ratio"": 2.24, ""median_latency_ms"": 5.17}, ""4.0"": {""evoked_rate_hz"": 108.33, ""baseline_rate_hz"": 44.44, ""reliability"": 0.867, ""modulation_ratio"": 2.38, ""median_latency_ms"": 6.0}}",False,0.067,light-responsive / indirect or uncertain,0.65,Sub-threshold modulation (1.72 <= 2.0),0.5581,0.4248,0.5388,0.644,0.3728,0.7776,0.4422,1.0,1.8432,0.1583,intermediate evidence (uncertain / borderline),850097308,2.24557053176061,0.0056615528339996,78.0704003129817,0.99,0.001175379877816,3.1988094374211,0.98,0.011943539630836,good,11,2500,7188,938,7868,VISam,"10-ms optical pulse (473 nm, Ai32)",47.407,83.333,5.496,2.04,0.644,"1.0, 2.5, 4.0 mW calibrated",37,21,0.4248,0,1
760345702,739783171,810753195,951855031,VISam,45,7.407,16.667,1.982,6.422,2.297,2.488,0.133,0.067,0.886,0.392,0.22078,0.199,0.0,"{""1.0"": {""evoked_rate_hz"": 16.67, ""baseline_rate_hz"": 8.89, ""reliability"": 0.133, ""modulation_ratio"": 1.69, ""median_latency_ms"": 6.31}, ""2.5"": {""evoked_rate_hz"": 16.67, ""baseline_rate_hz"": 0.0, ""reliability"": 0.133, ""modulation_ratio"": 16.67, ""median_latency_ms"": 4.58}, ""4.0"": {""evoked_rate_hz"": 16.67, ""baseline_rate_hz"": 13.33, ""reliability"": 0.133, ""modulation_ratio"": 1.16, ""median_latency_ms"": 6.68}}",False,0.8,not light responsive,0.867,Not statistically significant (p=0.2208 >= 0.05),0.3297,0.4005,0.2069,0.133,0.457,0.6876,0.399,1.0,0.9236,0.3971,low evidence (non-responsive),850097306,2.36420998483327,0.0059103970269358,71.6137110109729,0.99,0.0030461035829437,3.55611562341077,0.975333333333333,0.0031314656377565,good,43,2500,7191,946,7865,VISam,"10-ms optical pulse (473 nm, Ai32)",7.407,16.667,6.422,2.297,0.133,"1.0, 2.5, 4.0 mW calibrated",8,3,0.4005,0,0
760345702,739783171,810753195,951855145,VISam,45,0.0,0.0,0.0,,,,0.0,0.0,0.0,,1.0,0.0,0.0,"{""1.0"": {""evoked_rate_hz"": 0.0, ""baseline_rate_hz"": 0.0, ""reliability"": 0.0, ""modulation_ratio"": 0.0, ""median_latency_ms"": null}, ""2.5"": {""evoked_rate_hz"": 0.0, ""baseline_rate_hz"": 0.0, ""reliability"": 0.0, ""modulation_ratio"": 0.0, ""median_latency_ms"": null}, ""4.0"": {""evoked_rate_hz"": 0.0, ""baseline_rate_hz"": 0.0, ""reliability"": 0.0, ""modulation_ratio"": 0.0, ""median_latency_ms"": null}}",False,1.0,insufficient evidence,0.0,Insufficient trial count (<10) or zero spikes recorded,0.0376,0.144,0.1192,0.0,0.0,0.0002,0.0183,1.0,4.6165,0.0099,insufficient evidence,850097312,1.70985591851835,0.141702318459351,48.2183899919666,0.99,0.0405196057958613,3.31587428873906,0.829931972789116,0.0003014772384684,good,27,2520,7183,923,7874,VISam,"10-ms optical pulse (473 nm, Ai32)",0.0,0.0,,,0.0,"1.0, 2.5, 4.0 mW calibrated",0,0,0.144,0,-1
760345702,739783171,810753195,951855198,VISam,45,5.926,0.0,0.0,,,,0.0,0.044,0.0,,0.12987,-0.309,0.0,"{""1.0"": {""evoked_rate_hz"": 0.0, ""baseline_rate_hz"": 8.89, ""reliability"": 0.0, ""modulation_ratio"": 0.0, ""median_latency_ms"": null}, ""2.5"": {""evoked_rate_hz"": 0.0, ""baseline_rate_hz"": 8.89, ""reliability"": 0.0, ""modulation_ratio"": 0.0, ""median_latency_ms"": null}, ""4.0"": {""evoked_rate_hz"": 0.0, ""baseline_rate_hz"": 0.0, ""reliability"": 0.0, ""modulation_ratio"": 0.0, ""median_latency_ms"": null}}",False,0.501,not light responsive,0.95,Not statistically significant (p=0.1299 >= 0.05); No positive modulation (mod_ratio=0.00 <= 1.0); Very low reliability (0.00 < 0.05),0.076,0.144,0.2472,0.0,0.0,0.0002,0.0183,1.0,4.6165,0.0099,low evidence (non-responsive),850097310,1.89900657263351,0.0083758085275479,45.885509973536,0.99,0.0023347164469812,2.16260770081976,0.89044289044289,0.0119109810887055,good,59,2520,7186,931,7871,VISam,"10-ms optical pulse (473 nm, Ai32)",5.926,0.0,,,0.0,"1.0, 2.5, 4.0 mW calibrated",0,3,0.144,0,0
760345702,739783171,810753195,951855123,VISam,45,4.444,11.111,2.041,5.652,1.888,2.662,0.089,0.044,0.932,0.349,0.36464,0.163,2.7778,"{""1.0"": {""evoked_rate_hz"": 8.33, ""baseline_rate_hz"": 4.44, ""reliability"": 0.067, ""modulation_ratio"": 1.53, ""median_latency_ms"": 7.18}, ""2.5"": {""evoked_rate_hz"": 8.33, ""baseline_rate_hz"": 4.44, ""reliability"": 0.067, ""modulation_ratio"": 1.53, ""median_latency_ms"": 3.17}, ""4.0"": {""evoked_rate_hz"": 16.67, ""baseline_rate_hz"": 4.44, ""reliability"": 0.133, ""modulation_ratio"": 3.06, ""median_latency_ms"": 5.65}}",False,0.001,not light responsive,0.911,Not statistically significant (p=0.3646 >= 0.05),0.3305,0.3184,0.1734,0.089,0.4736,0.7639,0.4699,1.0,1.2077,0.2989,low evidence (non-responsive),850097310,2.06924146522792,0.0144428574055842,61.4496006539824,0.99,0.0764278701339829,2.78024080191032,0.781333333333333,0.0252458728486126,good,59,2520,7186,931,7871,VISam,"10-ms optical pulse (473 nm, Ai32)",4.444,11.111,5.652,1.888,0.089,"1.0, 2.5, 4.0 mW calibrated",5,2,0.3184,0,0
760345702,739783171,810753195,951855571,VISam,45,0.0,0.0,0.0,,,,0.0,0.0,0.0,,1.0,0.0,0.0,"{""1.0"": {""evoked_rate_hz"": 0.0, ""baseline_rate_hz"": 0.0, ""reliability"": 0.0, ""modulation_ratio"": 0.0, ""median_latency_ms"": null}, ""2.5"": {""evoked_rate_hz"": 0.0, ""baseline_rate_hz"": 0.0, ""reliability"": 0.0, ""modulation_ratio"": 0.0, ""median_latency_ms"": null}, ""4.0"": {""evoked_rate_hz"": 0.0, ""baseline_rate_hz"": 0.0, ""reliability"": 0.0, ""modulation_ratio"": 0.0, ""median_latency_ms"": null}}",False,1.0,insufficient evidence,0.0,Insufficient trial count (<10) or zero spikes recorded,0.0376,0.144,0.1192,0.0,0.0,0.0002,0.0183,1.0,4.6165,0.0099,insufficient evidence,850097316,2.77782440918691,0.344059193704543,40.9588985938744,0.98,0.0210520186523881,4.36107901081639,0.557755775577558,0.0039397918981715,good,11,2540,7178,908,7880,VISam,"10-ms optical pulse (473 nm, Ai32)",0.0,0.0,,,0.0,"1.0, 2.5, 4.0 mW calibrated",0,0,0.144,0,-1
760345702,739783171,810753195,951855210,VISam,45,10.37,19.444,1.71,5.927,2.43,2.671,0.156,0.089,0.864,0.435,0.23976,0.187,-5.5556,"{""1.0"": {""evoked_rate_hz"": 25.0, ""baseline_rate_hz"": 4.44, ""reliability"": 0.2, ""modulation_ratio"": 4.59, ""median_latency_ms"": 6.38}, ""2.5"": {""evoked_rate_hz"": 25.0, ""baseline_rate_hz"": 8.89, ""reliability"": 0.2, ""modulation_ratio"": 2.53, ""median_latency_ms"": 4.12}, ""4.0"": {""evoked_rate_hz"": 8.33, ""baseline_rate_hz"": 17.78, ""reliability"": 0.067, ""modulation_ratio"": 0.44, ""median_latency_ms"": 7.59}}",False,0.001,not light responsive,0.844,Not statistically significant (p=0.2398 >= 0.05),0.3216,0.4366,0.201,0.156,0.3688,0.7382,0.3783,1.0,0.9155,0.4003,low evidence (non-responsive),850097318,4.04468321866931,0.0031164713947032,100.763597243932,0.99,0.000206139738819,6.3758478961698,0.996666666666667,0.000356601586877,good,59,2560,7176,900,7883,VISam,"10-ms optical pulse (473 nm, Ai32)",10.37,19.444,5.927,2.43,0.156,"1.0, 2.5, 4.0 mW calibrated",9,5,0.4366,0,0
760345702,739783171,810753195,951855246,VISam,45,4.444,0.0,0.0,,,,0.0,0.044,0.0,,0.23477,-0.264,0.0,"{""1.0"": {""evoked_rate_hz"": 0.0, ""baseline_rate_hz"": 4.44, ""reliability"": 0.0, ""modulation_ratio"": 0.0, ""median_latency_ms"": null}, ""2.5"": {""evoked_rate_hz"": 0.0, ""baseline_rate_hz"": 8.89, ""reliability"": 0.0, ""modulation_ratio"": 0.0, ""median_latency_ms"": null}, ""4.0"": {""evoked_rate_hz"": 0.0, ""baseline_rate_hz"": 0.0, ""reliability"": 0.0, ""modulation_ratio"": 0.0, ""median_latency_ms"": null}}",False,1.0,not light responsive,0.95,Not statistically significant (p=0.2348 >= 0.05); No positive modulation (mod_ratio=0.00 <= 1.0); Very low reliability (0.00 < 0.05),0.0626,0.144,0.2025,0.0,0.0,0.0002,0.0183,1.0,4.6165,0.0099,low evidence (non-responsive),850097324,2.30136067517556,0.172140003585214,49.1248826323822,0.99,0.0395284958838577,3.82061336019354,0.82695810564663,0.0040406098264914,good,11,2580,7165,869,7896,VISam,"10-ms optical pulse (473 nm, Ai32)",4.444,0.0,,,0.0,"1.0, 2.5, 4.0 mW calibrated",0,2,0.144,0,0
760345702,739783171,810753195,951855309,VISam,45,28.148,55.556,1.906,6.265,1.706,2.395,0.444,0.311,0.568,0.286,0.00699,0.419,2.7778,"{""1.0"": {""evoked_rate_hz"": 50.0, ""baseline_rate_hz"": 17.78, ""reliability"": 0.4, ""modulation_ratio"": 2.66, ""median_latency_ms"": 6.33}, ""2.5"": {""evoked_rate_hz"": 58.33, ""baseline_rate_hz"": 31.11, ""reliability"": 0.467, ""modulation_ratio"": 1.82, ""median_latency_ms"": 6.52}, ""4.0"": {""evoked_rate_hz"": 58.33, ""baseline_rate_hz"": 35.56, ""reliability"": 0.467, ""modulation_ratio"": 1.6, ""median_latency_ms"": 5.92}}",False,0.167,light-responsive / indirect or uncertain,0.65,Sub-threshold modulation (1.91 <= 2.0),0.5157,0.5168,0.5388,0.444,0.4344,0.7042,0.5054,1.0,0.8434,0.4302,intermediate evidence (uncertain / borderline),850097328,3.45934055070139,0.0002593307683549,182.580291103072,0.99,0.0002204085856862,7.86621715037865,0.999333333333333,0.002132845825716,good,27,2600,7160,854,7902,VISam,"10-ms optical pulse (473 nm, Ai32)",28.148,55.556,6.265,1.706,0.444,"1.0, 2.5, 4.0 mW calibrated",25,13,0.5168,0,1
760345702,739783171,810753195,951855321,VISam,45,0.0,0.0,0.0,,,,0.0,0.0,0.0,,1.0,0.0,0.0,"{""1.0"": {""evoked_rate_hz"": 0.0, ""baseline_rate_hz"": 0.0, ""reliability"": 0.0, ""modulation_ratio"": 0.0, ""median_latency_ms"": null}, ""2.5"": {""evoked_rate_hz"": 0.0, ""baseline_rate_hz"": 0.0, ""reliability"": 0.0, ""modulation_ratio"": 0.0, ""median_latency_ms"": null}, ""4.0"": {""evoked_rate_hz"": 0.0, ""baseline_rate_hz"": 0.0, ""reliability"": 0.0, ""modulation_ratio"": 0.0, ""median_latency_ms"": null}}",False,1.0,insufficient evidence,0.0,Insufficient trial count (<10) or zero spikes recorded,0.0376,0.144,0.1192,0.0,0.0,0.0002,0.0183,1.0,4.6165,0.0099,insufficient evidence,850097330,2.71147728723164,0.0,53.492742331246,0.99,0.0092007096473809,5.81196754109296,0.901234567901235,0.0001336943079648,good,43,2620,7158,846,7905,VISam,"10-ms optical pulse (473 nm, Ai32)",0.0,0.0,,,0.0,"1.0, 2.5, 4.0 mW calibrated",0,0,0.144,0,-1
760345702,739783171,810753195,951855415,VISam,45,17.778,22.222,1.183,3.661,2.39,2.553,0.178,0.178,0.841,0.542,0.59141,0.083,-5.5556,"{""1.0"": {""evoked_rate_hz"": 33.33, ""baseline_rate_hz"": 17.78, ""reliability"": 0.267, ""modulation_ratio"": 1.78, ""median_latency_ms"": 3.4}, ""2.5"": {""evoked_rate_hz"": 16.67, ""baseline_rate_hz"": 17.78, ""reliability"": 0.133, ""modulation_ratio"": 0.89, ""median_latency_ms"": 5.75}, ""4.0"": {""evoked_rate_hz"": 16.67, ""baseline_rate_hz"": 17.78, ""reliability"": 0.133, ""modulation_ratio"": 0.89, ""median_latency_ms"": 3.22}}",False,0.5,not light responsive,0.822,Not statistically significant (p=0.5914 >= 0.05),0.2853,0.4695,0.1453,0.178,0.1206,0.8975,0.3844,1.0,1.4569,0.2329,low evidence (non-responsive),850097342,2.00061216897052,0.0465294129898995,106.094079632265,0.99,0.0052641278349876,6.81855858758442,0.998666666666667,0.0010357327809425,good,59,2680,7142,799,7925,VISam,"10-ms optical pulse (473 nm, Ai32)",17.778,22.222,3.661,2.39,0.178,"1.0, 2.5, 4.0 mW calibrated",10,8,0.4695,0,0
760345702,739783171,810753197,951841221,LP,45,19.259,16.667,0.823,5.829,1.971,2.567,0.133,0.156,0.886,0.315,0.74326,-0.047,2.7778,"{""1.0"": {""evoked_rate_hz"": 16.67, ""baseline_rate_hz"": 22.22, ""reliability"": 0.133, ""modulation_ratio"": 0.72, ""median_latency_ms"": 5.83}, ""2.5"": {""evoked_rate_hz"": 8.33, ""baseline_rate_hz"": 17.78, ""reliability"": 0.067, ""modulation_ratio"": 0.44, ""median_latency_ms"": 8.17}, ""4.0"": {""evoked_rate_hz"": 25.0, ""baseline_rate_hz"": 17.78, ""reliability"": 0.2, ""modulation_ratio"": 1.33, ""median_latency_ms"": 5.15}}",False,-0.856,not light responsive,0.867,Not statistically significant (p=0.7433 >= 0.05); No positive modulation (mod_ratio=0.82 <= 1.0),0.2309,0.3324,0.1334,0.133,0.0,0.7475,0.4546,1.0,1.4113,0.2438,low evidence (non-responsive),850095606,2.57585567538097,0.458098745567405,20.5895803666031,0.99,0.0785908086022093,2.12170457481575,0.502666666666667,0.0319318563276267,good,11,20,7342,3171,7587,LP,"10-ms optical pulse (473 nm, Ai32)",19.259,16.667,5.829,1.971,0.133,"1.0, 2.5, 4.0 mW calibrated",8,9,0.3324,0,0
760345702,739783171,810753197,951841213,LP,45,16.296,16.667,0.964,6.119,2.125,3.167,0.133,0.178,0.886,0.364,1.0,0.007,5.5556,"{""1.0"": {""evoked_rate_hz"": 0.0, ""baseline_rate_hz"": 4.44, ""reliability"": 0.0, ""modulation_ratio"": 0.0, ""median_latency_ms"": null}, ""2.5"": {""evoked_rate_hz"": 33.33, ""baseline_rate_hz"": 35.56, ""reliability"": 0.267, ""modulation_ratio"": 0.91, ""median_latency_ms"": 7.33}, ""4.0"": {""evoked_rate_hz"": 16.67, ""baseline_rate_hz"": 8.89, ""reliability"": 0.133, ""modulation_ratio"": 1.69, ""median_latency_ms"": 4.44}}",False,0.001,not light responsive,0.867,Not statistically significant (p=1.0000 >= 0.05); No positive modulation (mod_ratio=0.96 <= 1.0),0.2196,0.3381,0.1192,0.133,0.0,0.7192,0.4274,1.0,1.385,0.2503,low evidence (non-responsive),850095606,3.44051722165108,0.472465764598295,16.6419517240865,0.99,0.0772362943317149,2.05528071719923,0.296666666666667,0.0403131572797383,good,11,20,7342,3171,7587,LP,"10-ms optical pulse (473 nm, Ai32)",16.296,16.667,6.119,2.125,0.133,"1.0, 2.5, 4.0 mW calibrated",8,7,0.3381,0,0
760345702,739783171,810753197,951841257,LP,45,17.778,16.667,0.888,4.694,3.015,3.199,0.111,0.178,1.227,0.587,0.87812,-0.021,0.0,"{""1.0"": {""evoked_rate_hz"": 16.67, ""baseline_rate_hz"": 17.78, ""reliability"": 0.133, ""modulation_ratio"": 0.89, ""median_latency_ms"": 6.84}, ""2.5"": {""evoked_rate_hz"": 16.67, ""baseline_rate_hz"": 13.33, ""reliability"": 0.133, ""modulation_ratio"": 1.16, ""median_latency_ms"": 4.09}, ""4.0"": {""evoked_rate_hz"": 16.67, ""baseline_rate_hz"": 22.22, ""reliability"": 0.067, ""modulation_ratio"": 0.72, ""median_latency_ms"": 3.84}}",False,0.501,not light responsive,0.889,Not statistically significant (p=0.8781 >= 0.05); No positive modulation (mod_ratio=0.89 <= 1.0),0.2212,0.4048,0.1253,0.111,0.0,0.8393,0.2994,1.0,1.605,0.2009,low evidence (non-responsive),850095610,2.29226974101546,0.130165153278863,34.9948729258493,0.99,0.025009212162697,3.81404855862043,0.859333333333333,0.0100512114958343,good,27,40,7344,3153,7585,LP,"10-ms optical pulse (473 nm, Ai32)",17.778,16.667,4.694,3.015,0.111,"1.0, 2.5, 4.0 mW calibrated",8,8,0.4048,0,0
760345702,739783171,810753197,951841243,LP,45,13.333,5.556,0.388,3.683,3.527,2.494,0.044,0.111,0.977,0.958,0.16284,-0.185,5.5556,"{""1.0"": {""evoked_rate_hz"": 0.0, ""baseline_rate_hz"": 8.89, ""reliability"": 0.0, ""modulation_ratio"": 0.0, ""median_latency_ms"": null}, ""2.5"": {""evoked_rate_hz"": 0.0, ""baseline_rate_hz"": 17.78, ""reliability"": 0.0, ""modulation_ratio"": 0.0, ""median_latency_ms"": null}, ""4.0"": {""evoked_rate_hz"": 16.67, ""baseline_rate_hz"": 13.33, ""reliability"": 0.133, ""modulation_ratio"": 1.16, ""median_latency_ms"": 3.68}}",False,0.501,not light responsive,0.95,Not statistically significant (p=0.1628 >= 0.05); No positive modulation (mod_ratio=0.39 <= 1.0); Very low reliability (0.04 < 0.05),0.2387,0.4346,0.2294,0.044,0.0,0.8965,0.2439,1.0,1.9502,0.1422,low evidence (non-responsive),850095610,2.75578826067933,0.125230588731217,40.5039204149506,0.99,0.0399998535411008,4.20271539426931,0.877333333333333,0.0080144485833615,good,27,40,7344,3153,7585,LP,"10-ms optical pulse (473 nm, Ai32)",13.333,5.556,3.683,3.527,0.044,"1.0, 2.5, 4.0 mW calibrated",3,6,0.4346,0,0
760345702,739783171,810753197,951841281,LP,45,14.815,16.667,1.054,3.165,2.242,2.346,0.133,0.111,0.886,0.588,0.85315,0.038,2.7778,"{""1.0"": {""evoked_rate_hz"": 16.67, ""baseline_rate_hz"": 22.22, ""reliability"": 0.133, ""modulation_ratio"": 0.72, ""median_latency_ms"": 2.12}, ""2.5"": {""evoked_rate_hz"": 8.33, ""baseline_rate_hz"": 13.33, ""reliability"": 0.067, ""modulation_ratio"": 0.58, ""median_latency_ms"": 4.74}, ""4.0"": {""evoked_rate_hz"": 25.0, ""baseline_rate_hz"": 8.89, ""reliability"": 0.2, ""modulation_ratio"": 2.53, ""median_latency_ms"": 3.98}}",False,0.334,not light responsive,0.867,Not statistically significant (p=0.8531 >= 0.05),0.2573,0.4349,0.1266,0.133,0.0379,0.9182,0.4079,1.0,1.7356,0.1763,low evidence (non-responsive),850095614,2.79951975517598,0.0133892628874648,77.3506506625495,0.99,0.0207669520119512,6.02656007529037,0.994,0.0005404675043912,good,11,60,7346,3136,7584,LP,"10-ms optical pulse (473 nm, Ai32)",14.815,16.667,3.165,2.242,0.133,"1.0, 2.5, 4.0 mW calibrated",8,7,0.4349,0,0
760345702,739783171,810753197,951841273,LP,45,22.222,19.444,0.837,4.581,2.393,3.693,0.156,0.2,0.864,0.538,0.75225,-0.047,0.0,"{""1.0"": {""evoked_rate_hz"": 25.0, ""baseline_rate_hz"": 40.0, ""reliability"": 0.2, ""modulation_ratio"": 0.61, ""median_latency_ms"": 2.59}, ""2.5"": {""evoked_rate_hz"": 8.33, ""baseline_rate_hz"": 13.33, ""reliability"": 0.067, ""modulation_ratio"": 0.58, ""median_latency_ms"": 7.84}, ""4.0"": {""evoked_rate_hz"": 25.0, ""baseline_rate_hz"": 13.33, ""reliability"": 0.2, ""modulation_ratio"": 1.74, ""median_latency_ms"": 4.58}}",False,-0.1,not light responsive,0.844,Not statistically significant (p=0.7522 >= 0.05); No positive modulation (mod_ratio=0.84 <= 1.0),0.2443,0.4051,0.1328,0.156,0.0,0.8468,0.384,1.0,1.4997,0.2232,low evidence (non-responsive),850095614,3.08321024607302,0.0891162959940873,60.372896413965,0.99,0.0065893113933276,3.83404199928813,0.966666666666667,0.0038189803322512,good,11,60,7346,3136,7584,LP,"10-ms optical pulse (473 nm, Ai32)",22.222,19.444,4.581,2.393,0.156,"1.0, 2.5, 4.0 mW calibrated",9,10,0.4051,0,0
760345702,739783171,810753197,951841266,LP,45,7.407,0.0,0.0,,,,0.0,0.044,0.0,,0.06494,-0.35,0.0,"{""1.0"": {""evoked_rate_hz"": 0.0, ""baseline_rate_hz"": 13.33, ""reliability"": 0.0, ""modulation_ratio"": 0.0, ""median_latency_ms"": null}, ""2.5"": {""evoked_rate_hz"": 0.0, ""baseline_rate_hz"": 4.44, ""reliability"": 0.0, ""modulation_ratio"": 0.0, ""median_latency_ms"": null}, ""4.0"": {""evoked_rate_hz"": 0.0, ""baseline_rate_hz"": 4.44, ""reliability"": 0.0, ""modulation_ratio"": 0.0, ""median_latency_ms"": null}}",False,-0.996,not light responsive,0.95,Not statistically significant (p=0.0649 >= 0.05); No positive modulation (mod_ratio=0.00 <= 1.0); Very low reliability (0.00 < 0.05),0.0941,0.144,0.3074,0.0,0.0,0.0002,0.0183,1.0,4.6165,0.0099,low evidence (non-responsive),850095612,2.77956366350103,0.0052074953174684,53.162113805952,0.99,0.0008327961493177,5.79729421427866,0.921188630490956,0.0008896188325463,good,43,60,7345,3145,7585,LP,"10-ms optical pulse (473 nm, Ai32)",7.407,0.0,,,0.0,"1.0, 2.5, 4.0 mW calibrated",0,3,0.144,0,0
760345702,739783171,810753197,951843029,LP,45,13.333,25.0,1.744,6.153,1.946,3.197,0.2,0.067,0.818,0.322,0.22777,0.181,-2.7778,"{""1.0"": {""evoked_rate_hz"": 33.33, ""baseline_rate_hz"": 13.33, ""reliability"": 0.267, ""modulation_ratio"": 2.33, ""median_latency_ms"": 7.55}, ""2.5"": {""evoked_rate_hz"": 16.67, ""baseline_rate_hz"": 22.22, ""reliability"": 0.133, ""modulation_ratio"": 0.72, ""median_latency_ms"": 3.73}, ""4.0"": {""evoked_rate_hz"": 25.0, ""baseline_rate_hz"": 4.44, ""reliability"": 0.2, ""modulation_ratio"": 4.59, ""median_latency_ms"": 6.15}}",False,-1.993,not light responsive,0.8,Not statistically significant (p=0.2278 >= 0.05),0.3409,0.4692,0.2046,0.2,0.381,0.7158,0.4591,1.0,0.7087,0.4923,low evidence (non-responsive),850095616,2.55760853066062,0.0836576144159755,70.4793434184528,0.99,0.0499030935633288,3.37540462637936,0.955333333333333,0.0074467602052399,good,59,80,7347,3128,7583,LP,"10-ms optical pulse (473 nm, Ai32)",13.333,25.0,6.153,1.946,0.2,"1.0, 2.5, 4.0 mW calibrated",11,6,0.4692,0,0
760345702,739783171,810753197,951841308,LP,45,17.778,19.444,1.036,4.432,2.045,2.402,0.156,0.156,0.864,0.466,0.88811,0.029,0.0,"{""1.0"": {""evoked_rate_hz"": 16.67, ""baseline_rate_hz"": 22.22, ""reliability"": 0.133, ""modulation_ratio"": 0.72, ""median_latency_ms"": 4.83}, ""2.5"": {""evoked_rate_hz"": 25.0, ""baseline_rate_hz"": 13.33, ""reliability"": 0.2, ""modulation_ratio"": 1.74, ""median_latency_ms"": 2.8}, ""4.0"": {""evoked_rate_hz"": 16.67, ""baseline_rate_hz"": 17.78, ""reliability"": 0.133, ""modulation_ratio"": 0.89, ""median_latency_ms"": 6.64}}",False,-0.996,not light responsive,0.844,Not statistically significant (p=0.8881 >= 0.05),0.2541,0.3848,0.1247,0.156,0.0255,0.8562,0.4413,1.0,1.4882,0.2258,low evidence (non-responsive),850095616,3.20713046039361,0.0228017111260809,60.9166236660382,0.99,0.0004182384330863,5.14150685314594,0.98,0.0031119722858317,good,59,80,7347,3128,7583,LP,"10-ms optical pulse (473 nm, Ai32)",17.778,19.444,4.432,2.045,0.156,"1.0, 2.5, 4.0 mW calibrated",9,8,0.3848,0,0
760345702,739783171,810753197,951841296,LP,45,0.0,2.778,2.778,7.029,0.0,0.0,0.022,0.0,1.0,0.0,1.0,0.149,0.0,"{""1.0"": {""evoked_rate_hz"": 0.0, ""baseline_rate_hz"": 0.0, ""reliability"": 0.0, ""modulation_ratio"": 0.0, ""median_latency_ms"": null}, ""2.5"": {""evoked_rate_hz"": 8.33, ""baseline_rate_hz"": 0.0, ""reliability"": 0.067, ""modulation_ratio"": 8.33, ""median_latency_ms"": 7.03}, ""4.0"": {""evoked_rate_hz"": 0.0, ""baseline_rate_hz"": 0.0, ""reliability"": 0.0, ""modulation_ratio"": 0.0, ""median_latency_ms"": null}}",False,1.0,not light responsive,0.95,Not statistically significant (p=1.0000 >= 0.05); Very low reliability (0.02 < 0.05),0.3596,0.112,0.1192,0.022,0.6273,0.619,1.0,1.0,1.4885,0.2257,intermediate evidence (uncertain / borderline),850095616,2.03150321963148,0.0,38.6253944150751,0.98,0.0338735674027816,2.37321208666061,0.523076923076923,0.0023485992283174,good,59,80,7347,3128,7583,LP,"10-ms optical pulse (473 nm, Ai32)",0.0,2.778,7.029,0.0,0.022,"1.0, 2.5, 4.0 mW calibrated",1,0,0.112,0,0
760345702,739783171,810753197,951841322,LP,45,17.778,25.0,1.331,5.138,1.754,2.737,0.2,0.156,0.818,0.369,0.46953,0.117,-5.5556,"{""1.0"": {""evoked_rate_hz"": 41.67, ""baseline_rate_hz"": 4.44, ""reliability"": 0.333, ""modulation_ratio"": 7.65, ""median_latency_ms"": 4.58}, ""2.5"": {""evoked_rate_hz"": 8.33, ""baseline_rate_hz"": 22.22, ""reliability"": 0.067, ""modulation_ratio"": 0.36, ""median_latency_ms"": 6.02}, ""4.0"": {""evoked_rate_hz"": 25.0, ""baseline_rate_hz"": 26.67, ""reliability"": 0.2, ""modulation_ratio"": 0.9, ""median_latency_ms"": 5.14}}",False,-0.498,not light responsive,0.8,Not statistically significant (p=0.4695 >= 0.05),0.3088,0.4208,0.1582,0.2,0.2034,0.8071,0.4958,1.0,1.0522,0.3492,low evidence (non-responsive),850095620,2.6335469477987,0.043117279403341,79.9901871489214,0.99,0.0136096787114338,4.76737601489642,0.979333333333333,0.0011101019275406,good,43,100,7350,3111,7582,LP,"10-ms optical pulse (473 nm, Ai32)",17.778,25.0,5.138,1.754,0.2,"1.0, 2.5, 4.0 mW calibrated",11,8,0.4208,0,0
760345702,739783171,810753197,951843033,LP,45,10.37,5.556,0.489,7.329,1.86,1.315,0.044,0.089,0.977,0.254,0.35365,-0.129,5.5556,"{""1.0"": {""evoked_rate_hz"": 0.0, ""baseline_rate_hz"": 4.44, ""reliability"": 0.0, ""modulation_ratio"": 0.0, ""median_latency_ms"": null}, ""2.5"": {""evoked_rate_hz"": 0.0, ""baseline_rate_hz"": 8.89, ""reliability"": 0.0, ""modulation_ratio"": 0.0, ""median_latency_ms"": null}, ""4.0"": {""evoked_rate_hz"": 16.67, ""baseline_rate_hz"": 17.78, ""reliability"": 0.133, ""modulation_ratio"": 0.89, ""median_latency_ms"": 7.33}}",False,0.004,not light responsive,0.95,Not statistically significant (p=0.3537 >= 0.05); No positive modulation (mod_ratio=0.49 <= 1.0); Very low reliability (0.04 < 0.05),0.1986,0.2095,0.1753,0.044,0.0,0.5831,0.4752,1.0,1.633,0.1954,low evidence (non-responsive),850095624,2.42569816526274,0.147626634426758,58.9653704657977,0.99,0.0127296624142256,3.61102239329819,0.924,0.002745145533083,good,59,120,7352,3094,7580,LP,"10-ms optical pulse (473 nm, Ai32)",10.37,5.556,7.329,1.86,0.044,"1.0, 2.5, 4.0 mW calibrated",3,5,0.2095,0,0
760345702,739783171,810753197,951841337,LP,45,11.852,16.667,1.297,5.129,2.513,3.216,0.133,0.089,0.886,0.493,0.58841,0.089,-2.7778,"{""1.0"": {""evoked_rate_hz"": 25.0, ""baseline_rate_hz"": 8.89, ""reliability"": 0.2, ""modulation_ratio"": 2.53, ""median_latency_ms"": 3.26}, ""2.5"": {""evoked_rate_hz"": 8.33, ""baseline_rate_hz"": 26.67, ""reliability"": 0.067, ""modulation_ratio"": 0.3, ""median_latency_ms"": 6.81}, ""4.0"": {""evoked_rate_hz"": 16.67, ""baseline_rate_hz"": 0.0, ""reliability"": 0.133, ""modulation_ratio"": 16.67, ""median_latency_ms"": 7.38}}",False,-1.33,not light responsive,0.867,Not statistically significant (p=0.5884 >= 0.05),0.2718,0.4007,0.1456,0.133,0.1854,0.8078,0.366,1.0,1.266,0.282,low evidence (non-responsive),850095630,3.57118513923855,0.0106087166485463,124.363586596291,0.99,0.0016837614533008,8.36466408882802,0.996666666666667,4.8344210780759e-05,good,11,140,7357,3061,7577,LP,"10-ms optical pulse (473 nm, Ai32)",11.852,16.667,5.129,2.513,0.133,"1.0, 2.5, 4.0 mW calibrated",8,5,0.4007,0,0
760345702,739783171,810753197,951841346,LP,45,13.333,5.556,0.388,5.315,5.038,3.563,0.044,0.133,0.977,0.948,0.15884,-0.197,0.0,"{""1.0"": {""evoked_rate_hz"": 8.33, ""baseline_rate_hz"": 13.33, ""reliability"": 0.067, ""modulation_ratio"": 0.58, ""median_latency_ms"": 8.88}, ""2.5"": {""evoked_rate_hz"": 0.0, ""baseline_rate_hz"": 4.44, ""reliability"": 0.0, ""modulation_ratio"": 0.0, ""median_latency_ms"": null}, ""4.0"": {""evoked_rate_hz"": 8.33, ""baseline_rate_hz"": 22.22, ""reliability"": 0.067, ""modulation_ratio"": 0.36, ""median_latency_ms"": 1.75}}",False,0.667,not light responsive,0.95,Not statistically significant (p=0.1588 >= 0.05); No positive modulation (mod_ratio=0.39 <= 1.0); Very low reliability (0.04 < 0.05),0.2127,0.4432,0.2313,0.044,0.0,0.7929,0.1333,1.0,1.7575,0.1725,low evidence (non-responsive),850095632,2.50538675719806,0.0869034785905839,72.6999525340824,0.99,0.0819678498227647,5.25157511086937,0.980666666666667,0.0024500066216395,good,59,160,7358,3052,7577,LP,"10-ms optical pulse (473 nm, Ai32)",13.333,5.556,5.315,5.038,0.044,"1.0, 2.5, 4.0 mW calibrated",3,6,0.4432,0,0
760345702,739783171,810753197,951841353,LP,45,10.37,11.111,0.977,5.76,2.222,2.822,0.089,0.067,0.932,0.402,1.0,0.018,-8.3333,"{""1.0"": {""evoked_rate_hz"": 25.0, ""baseline_rate_hz"": 4.44, ""reliability"": 0.2, ""modulation_ratio"": 4.59, ""median_latency_ms"": 6.81}, ""2.5"": {""evoked_rate_hz"": 8.33, ""baseline_rate_hz"": 13.33, ""reliability"": 0.067, ""modulation_ratio"": 0.58, ""median_latency_ms"": 4.71}, ""4.0"": {""evoked_rate_hz"": 0.0, ""baseline_rate_hz"": 13.33, ""reliability"": 0.0, ""modulation_ratio"": 0.0, ""median_latency_ms"": null}}",False,0.501,not light responsive,0.911,Not statistically significant (p=1.0000 >= 0.05); No positive modulation (mod_ratio=0.98 <= 1.0),0.2122,0.3012,0.1192,0.089,0.0,0.754,0.4111,1.0,1.5578,0.2106,low evidence (non-responsive),850095638,2.86494419276494,0.0295382398899795,75.6409102333494,0.99,0.0203333128160194,4.63870717220403,0.948,0.015513805863934,good,11,180,7362,3027,7574,LP,"10-ms optical pulse (473 nm, Ai32)",10.37,11.111,5.76,2.222,0.089,"1.0, 2.5, 4.0 mW calibrated",5,5,0.3012,0,0
760345702,739783171,810753197,951841386,LP,45,4.444,8.333,1.531,7.954,0.716,0.716,0.067,0.022,0.955,0.09,0.61239,0.106,0.0,"{""1.0"": {""evoked_rate_hz"": 8.33, ""baseline_rate_hz"": 0.0, ""reliability"": 0.067, ""modulation_ratio"": 8.33, ""median_latency_ms"": 7.95}, ""2.5"": {""evoked_rate_hz"": 8.33, ""baseline_rate_hz"": 8.89, ""reliability"": 0.067, ""modulation_ratio"": 0.84, ""median_latency_ms"": 8.64}, ""4.0"": {""evoked_rate_hz"": 8.33, ""baseline_rate_hz"": 4.44, ""reliability"": 0.067, ""modulation_ratio"": 1.53, ""median_latency_ms"": 7.21}}",False,0.004,not light responsive,0.933,Not statistically significant (p=0.6124 >= 0.05),0.2703,0.2119,0.1434,0.067,0.2979,0.5057,0.751,1.0,1.2272,0.2931,low evidence (non-responsive),850095640,2.75090019552772,0.159398164556551,35.9622088058201,0.99,0.0575796531023086,2.597745498827,0.556666666666667,0.0178197064989518,good,59,200,7363,3019,7574,LP,"10-ms optical pulse (473 nm, Ai32)",4.444,8.333,7.954,0.716,0.067,"1.0, 2.5, 4.0 mW calibrated",4,2,0.2119,0,0
760345702,739783171,810753197,951841544,LP,45,14.815,13.889,0.878,3.567,1.149,0.173,0.111,0.111,0.909,0.359,0.83117,-0.021,-2.7778,"{""1.0"": {""evoked_rate_hz"": 16.67, ""baseline_rate_hz"": 4.44, ""reliability"": 0.133, ""modulation_ratio"": 3.06, ""median_latency_ms"": 3.65}, ""2.5"": {""evoked_rate_hz"": 16.67, ""baseline_rate_hz"": 26.67, ""reliability"": 0.133, ""modulation_ratio"": 0.6, ""median_latency_ms"": 2.58}, ""4.0"": {""evoked_rate_hz"": 8.33, ""baseline_rate_hz"": 13.33, ""reliability"": 0.067, ""modulation_ratio"": 0.58, ""median_latency_ms"": 3.56}}",False,0.201,not light responsive,0.889,Not statistically significant (p=0.8312 >= 0.05); No positive modulation (mod_ratio=0.88 <= 1.0),0.2645,0.2808,0.1279,0.111,0.0,0.9017,0.6315,1.0,1.7667,0.1709,low evidence (non-responsive),850095672,4.54438196103216,0.0169302433042625,,0.99,0.0004124381064302,,,,good,59,360,7385,2890,7565,LP,"10-ms optical pulse (473 nm, Ai32)",14.815,13.889,3.567,1.149,0.111,"1.0, 2.5, 4.0 mW calibrated",6,7,0.2808,0,0
760345702,739783171,810753197,951843139,DG,45,0.0,0.0,0.0,,,,0.0,0.0,0.0,,1.0,0.0,0.0,"{""1.0"": {""evoked_rate_hz"": 0.0, ""baseline_rate_hz"": 0.0, ""reliability"": 0.0, ""modulation_ratio"": 0.0, ""median_latency_ms"": null}, ""2.5"": {""evoked_rate_hz"": 0.0, ""baseline_rate_hz"": 0.0, ""reliability"": 0.0, ""modulation_ratio"": 0.0, ""median_latency_ms"": null}, ""4.0"": {""evoked_rate_hz"": 0.0, ""baseline_rate_hz"": 0.0, ""reliability"": 0.0, ""modulation_ratio"": 0.0, ""median_latency_ms"": null}}",False,1.0,insufficient evidence,0.0,Insufficient trial count (<10) or zero spikes recorded,0.0376,0.144,0.1192,0.0,0.0,0.0002,0.0183,1.0,4.6165,0.0099,insufficient evidence,850095790,2.92620776612599,0.0,47.9399516190042,0.96,0.0142465321498118,5.90314764390166,0.564102564102564,0.0007362045310042,good,11,940,7431,2327,7551,DG,"10-ms optical pulse (473 nm, Ai32)",0.0,0.0,,,0.0,"1.0, 2.5, 4.0 mW calibrated",0,0,0.144,0,-1
760345702,739783171,810753197,951841584,DG,45,0.0,0.0,0.0,,,,0.0,0.0,0.0,,1.0,0.0,0.0,"{""1.0"": {""evoked_rate_hz"": 0.0, ""baseline_rate_hz"": 0.0, ""reliability"": 0.0, ""modulation_ratio"": 0.0, ""median_latency_ms"": null}, ""2.5"": {""evoked_rate_hz"": 0.0, ""baseline_rate_hz"": 0.0, ""reliability"": 0.0, ""modulation_ratio"": 0.0, ""median_latency_ms"": null}, ""4.0"": {""evoked_rate_hz"": 0.0, ""baseline_rate_hz"": 0.0, ""reliability"": 0.0, ""modulation_ratio"": 0.0, ""median_latency_ms"": null}}",False,1.0,insufficient evidence,0.0,Insufficient trial count (<10) or zero spikes recorded,0.0376,0.144,0.1192,0.0,0.0,0.0002,0.0183,1.0,4.6165,0.0099,insufficient evidence,850095790,2.99182945516594,0.416040305277415,63.2427438116059,0.99,0.0194373568253121,6.23936057774572,0.869415807560137,0.0013127335150964,good,11,940,7431,2327,7551,DG,"10-ms optical pulse (473 nm, Ai32)",0.0,0.0,,,0.0,"1.0, 2.5, 4.0 mW calibrated",0,0,0.144,0,-1
760345702,739783171,810753197,951841614,DG,45,1.481,8.333,3.358,4.904,4.689,3.316,0.044,0.022,1.636,0.956,0.50749,0.16,5.5556,"{""1.0"": {""evoked_rate_hz"": 0.0, ""baseline_rate_hz"": 0.0, ""reliability"": 0.0, ""modulation_ratio"": 0.0, ""median_latency_ms"": null}, ""2.5"": {""evoked_rate_hz"": 8.33, ""baseline_rate_hz"": 4.44, ""reliability"": 0.067, ""modulation_ratio"": 1.53, ""median_latency_ms"": 8.22}, ""4.0"": {""evoked_rate_hz"": 16.67, ""baseline_rate_hz"": 0.0, ""reliability"": 0.067, ""modulation_ratio"": 16.67, ""median_latency_ms"": 1.59}}",False,1.0,not light responsive,0.95,Not statistically significant (p=0.5075 >= 0.05); Very low reliability (0.04 < 0.05),0.3368,0.4523,0.1538,0.044,0.7033,0.8246,0.1533,1.0,1.6722,0.1878,low evidence (non-responsive),850095806,3.05409159203347,0.186491930021758,74.2182272532342,0.99,0.0032678401507529,6.12050384505322,0.990666666666667,0.0003421309872922,good,11,1020,7439,2260,7571,DG,"10-ms optical pulse (473 nm, Ai32)",1.481,8.333,4.904,4.689,0.044,"1.0, 2.5, 4.0 mW calibrated",4,1,0.4523,0,0
760345702,739783171,810753197,951841608,DG,45,29.63,33.333,1.088,5.772,2.528,3.521,0.267,0.222,0.75,0.436,0.67233,0.058,2.7778,"{""1.0"": {""evoked_rate_hz"": 25.0, ""baseline_rate_hz"": 35.56, ""reliability"": 0.2, ""modulation_ratio"": 0.68, ""median_latency_ms"": 4.89}, ""2.5"": {""evoked_rate_hz"": 41.67, ""baseline_rate_hz"": 40.0, ""reliability"": 0.333, ""modulation_ratio"": 1.02, ""median_latency_ms"": 7.85}, ""4.0"": {""evoked_rate_hz"": 33.33, ""baseline_rate_hz"": 13.33, ""reliability"": 0.267, ""modulation_ratio"": 2.33, ""median_latency_ms"": 5.76}}",False,0.0,not light responsive,0.733,Not statistically significant (p=0.6723 >= 0.05),0.2698,0.4905,0.1385,0.267,0.0608,0.7529,0.3638,1.0,1.0531,0.3489,low evidence (non-responsive),850095804,6.24928125002266,0.0001564345537947,212.155275814552,0.99,5.42739818649804e-05,11.3183274869204,1.0,0.0,good,43,1020,7438,2268,7569,DG,"10-ms optical pulse (473 nm, Ai32)",29.63,33.333,5.772,2.528,0.267,"1.0, 2.5, 4.0 mW calibrated",15,13,0.4905,0,0
760345702,739783171,810753197,951843059,DG,45,0.0,0.0,0.0,,,,0.0,0.0,0.0,,1.0,0.0,0.0,"{""1.0"": {""evoked_rate_hz"": 0.0, ""baseline_rate_hz"": 0.0, ""reliability"": 0.0, ""modulation_ratio"": 0.0, ""median_latency_ms"": null}, ""2.5"": {""evoked_rate_hz"": 0.0, ""baseline_rate_hz"": 0.0, ""reliability"": 0.0, ""modulation_ratio"": 0.0, ""median_latency_ms"": null}, ""4.0"": {""evoked_rate_hz"": 0.0, ""baseline_rate_hz"": 0.0, ""reliability"": 0.0, ""modulation_ratio"": 0.0, ""median_latency_ms"": null}}",False,-221.222,insufficient evidence,0.0,Insufficient trial count (<10) or zero spikes recorded,0.0376,0.144,0.1192,0.0,0.0,0.0002,0.0183,1.0,4.6165,0.0099,insufficient evidence,850095816,1.40317303897332,0.0,51.4522086958327,0.99,0.0046190523298401,5.88145375555013,0.91358024691358,0.0001336943079648,good,59,1080,7445,2208,7589,DG,"10-ms optical pulse (473 nm, Ai32)",0.0,0.0,,,0.0,"1.0, 2.5, 4.0 mW calibrated",0,0,0.144,0,-1
760345702,739783171,810753197,951841644,DG,45,0.0,0.0,0.0,,,,0.0,0.0,0.0,,1.0,0.0,0.0,"{""1.0"": {""evoked_rate_hz"": 0.0, ""baseline_rate_hz"": 0.0, ""reliability"": 0.0, ""modulation_ratio"": 0.0, ""median_latency_ms"": null}, ""2.5"": {""evoked_rate_hz"": 0.0, ""baseline_rate_hz"": 0.0, ""reliability"": 0.0, ""modulation_ratio"": 0.0, ""median_latency_ms"": null}, ""4.0"": {""evoked_rate_hz"": 0.0, ""baseline_rate_hz"": 0.0, ""reliability"": 0.0, ""modulation_ratio"": 0.0, ""median_latency_ms"": null}}",False,-221.222,insufficient evidence,0.0,Insufficient trial count (<10) or zero spikes recorded,0.0376,0.144,0.1192,0.0,0.0,0.0002,0.0183,1.0,4.6165,0.0099,insufficient evidence,850095816,2.09215362118684,0.0897229160483889,49.0092452696029,0.98,0.0099646430075712,3.83088730040224,0.846994535519126,0.0029880139893382,good,59,1080,7445,2208,7589,DG,"10-ms optical pulse (473 nm, Ai32)",0.0,0.0,,,0.0,"1.0, 2.5, 4.0 mW calibrated",0,0,0.144,0,-1
760345702,739783171,810753197,951841678,DG,45,0.0,2.778,2.778,2.601,0.0,0.0,0.022,0.0,1.0,0.0,1.0,0.149,-2.7778,"{""1.0"": {""evoked_rate_hz"": 8.33, ""baseline_rate_hz"": 0.0, ""reliability"": 0.067, ""modulation_ratio"": 8.33, ""median_latency_ms"": 2.6}, ""2.5"": {""evoked_rate_hz"": 0.0, ""baseline_rate_hz"": 0.0, ""reliability"": 0.0, ""modulation_ratio"": 0.0, ""median_latency_ms"": null}, ""4.0"": {""evoked_rate_hz"": 0.0, ""baseline_rate_hz"": 0.0, ""reliability"": 0.0, ""modulation_ratio"": 0.0, ""median_latency_ms"": null}}",False,1.0,not light responsive,0.95,Not statistically significant (p=1.0000 >= 0.05); Very low reliability (0.02 < 0.05),0.4073,0.0762,0.1192,0.022,0.6273,0.937,1.0,1.0,1.9947,0.1361,intermediate evidence (uncertain / borderline),850095822,1.85883297141264,0.0465618125584013,66.5596608659121,0.99,0.0111689234406574,3.62680411048944,0.970666666666667,0.0033959460893558,good,11,1100,7447,2186,7597,DG,"10-ms optical pulse (473 nm, Ai32)",0.0,2.778,2.601,0.0,0.022,"1.0, 2.5, 4.0 mW calibrated",1,0,0.0762,0,0
760345702,739783171,810753197,951841665,DG,45,0.0,0.0,0.0,,,,0.0,0.0,0.0,,1.0,0.0,0.0,"{""1.0"": {""evoked_rate_hz"": 0.0, ""baseline_rate_hz"": 0.0, ""reliability"": 0.0, ""modulation_ratio"": 0.0, ""median_latency_ms"": null}, ""2.5"": {""evoked_rate_hz"": 0.0, ""baseline_rate_hz"": 0.0, ""reliability"": 0.0, ""modulation_ratio"": 0.0, ""median_latency_ms"": null}, ""4.0"": {""evoked_rate_hz"": 0.0, ""baseline_rate_hz"": 0.0, ""reliability"": 0.0, ""modulation_ratio"": 0.0, ""median_latency_ms"": null}}",False,-443.444,insufficient evidence,0.0,Insufficient trial count (<10) or zero spikes recorded,0.0376,0.144,0.1192,0.0,0.0,0.0002,0.0183,1.0,4.6165,0.0099,insufficient evidence,850095824,1.00834868845527,0.125060149820685,82.6387507851534,0.99,0.0604991654189271,5.7343339908241,0.992776057791538,0.0003444593710171,good,59,1120,7448,2179,7600,DG,"10-ms optical pulse (473 nm, Ai32)",0.0,0.0,,,0.0,"1.0, 2.5, 4.0 mW calibrated",0,0,0.144,0,-1
760345702,739783171,810753197,951843065,DG,45,1.481,0.0,0.0,,,,0.0,0.022,0.0,,1.0,-0.149,0.0,"{""1.0"": {""evoked_rate_hz"": 0.0, ""baseline_rate_hz"": 0.0, ""reliability"": 0.0, ""modulation_ratio"": 0.0, ""median_latency_ms"": null}, ""2.5"": {""evoked_rate_hz"": 0.0, ""baseline_rate_hz"": 0.0, ""reliability"": 0.0, ""modulation_ratio"": 0.0, ""median_latency_ms"": null}, ""4.0"": {""evoked_rate_hz"": 0.0, ""baseline_rate_hz"": 4.44, ""reliability"": 0.0, ""modulation_ratio"": 0.0, ""median_latency_ms"": null}}",False,1.0,not light responsive,0.95,Not statistically significant (p=1.0000 >= 0.05); No positive modulation (mod_ratio=0.00 <= 1.0); Very low reliability (0.00 < 0.05),0.0376,0.144,0.1192,0.0,0.0,0.0002,0.0183,1.0,4.6165,0.0099,low evidence (non-responsive),850095830,2.84214165640402,0.106527851863816,49.9103507131325,0.99,0.0002683724012214,4.90381946331104,0.731638418079096,0.0027997031640018,good,11,1140,7451,2149,7611,DG,"10-ms optical pulse (473 nm, Ai32)",1.481,0.0,,,0.0,"1.0, 2.5, 4.0 mW calibrated",0,1,0.144,0,0
760345702,739783171,810753197,951841725,DG,45,0.0,0.0,0.0,,,,0.0,0.0,0.0,,1.0,0.0,0.0,"{""1.0"": {""evoked_rate_hz"": 0.0, ""baseline_rate_hz"": 0.0, ""reliability"": 0.0, ""modulation_ratio"": 0.0, ""median_latency_ms"": null}, ""2.5"": {""evoked_rate_hz"": 0.0, ""baseline_rate_hz"": 0.0, ""reliability"": 0.0, ""modulation_ratio"": 0.0, ""median_latency_ms"": null}, ""4.0"": {""evoked_rate_hz"": 0.0, ""baseline_rate_hz"": 0.0, ""reliability"": 0.0, ""modulation_ratio"": 0.0, ""median_latency_ms"": null}}",False,0.004,insufficient evidence,0.0,Insufficient trial count (<10) or zero spikes recorded,0.0376,0.144,0.1192,0.0,0.0,0.0002,0.0183,1.0,4.6165,0.0099,insufficient evidence,850095830,1.60030973915534,0.193894883642145,60.8841523874597,0.99,0.0165864922885535,4.04945115812498,0.930388219544846,0.0066301831193433,good,11,1140,7451,2149,7611,DG,"10-ms optical pulse (473 nm, Ai32)",0.0,0.0,,,0.0,"1.0, 2.5, 4.0 mW calibrated",0,0,0.144,0,-1
760345702,739783171,810753197,951841740,DG,45,0.0,0.0,0.0,,,,0.0,0.0,0.0,,1.0,0.0,0.0,"{""1.0"": {""evoked_rate_hz"": 0.0, ""baseline_rate_hz"": 0.0, ""reliability"": 0.0, ""modulation_ratio"": 0.0, ""median_latency_ms"": null}, ""2.5"": {""evoked_rate_hz"": 0.0, ""baseline_rate_hz"": 0.0, ""reliability"": 0.0, ""modulation_ratio"": 0.0, ""median_latency_ms"": null}, ""4.0"": {""evoked_rate_hz"": 0.0, ""baseline_rate_hz"": 0.0, ""reliability"": 0.0, ""modulation_ratio"": 0.0, ""median_latency_ms"": null}}",False,1.0,insufficient evidence,0.0,Insufficient trial count (<10) or zero spikes recorded,0.0376,0.144,0.1192,0.0,0.0,0.0002,0.0183,1.0,4.6165,0.0099,insufficient evidence,850095832,1.47659679816593,0.0590285107766571,52.2295162661181,0.99,0.0071406144828105,3.87416049444485,0.967458223394899,0.0012126251602397,good,59,1160,7452,2142,7614,DG,"10-ms optical pulse (473 nm, Ai32)",0.0,0.0,,,0.0,"1.0, 2.5, 4.0 mW calibrated",0,0,0.144,0,-1
760345702,739783171,810753197,951841819,DG,45,2.963,11.111,2.804,4.971,2.933,4.191,0.089,0.022,0.932,0.61,0.23776,0.207,5.5556,"{""1.0"": {""evoked_rate_hz"": 8.33, ""baseline_rate_hz"": 0.0, ""reliability"": 0.067, ""modulation_ratio"": 8.33, ""median_latency_ms"": 7.78}, ""2.5"": {""evoked_rate_hz"": 0.0, ""baseline_rate_hz"": 8.89, ""reliability"": 0.0, ""modulation_ratio"": 0.0, ""median_latency_ms"": null}, ""4.0"": {""evoked_rate_hz"": 25.0, ""baseline_rate_hz"": 0.0, ""reliability"": 0.2, ""modulation_ratio"": 25.0, ""median_latency_ms"": 3.22}}",False,0.001,not light responsive,0.911,Not statistically significant (p=0.2378 >= 0.05),0.3629,0.3883,0.2016,0.089,0.6314,0.8197,0.3094,1.0,1.3871,0.2498,intermediate evidence (uncertain / borderline),850095838,3.83683444124171,0.0075966844255312,145.384365190902,0.99,0.0001393207788046,6.96472923969561,1.0,7.11338739507754e-05,good,11,1180,7455,2112,7625,DG,"10-ms optical pulse (473 nm, Ai32)",2.963,11.111,4.971,2.933,0.089,"1.0, 2.5, 4.0 mW calibrated",5,1,0.3883,0,0
760345702,739783171,810753197,951841811,DG,45,0.0,0.0,0.0,,,,0.0,0.0,0.0,,1.0,0.0,0.0,"{""1.0"": {""evoked_rate_hz"": 0.0, ""baseline_rate_hz"": 0.0, ""reliability"": 0.0, ""modulation_ratio"": 0.0, ""median_latency_ms"": null}, ""2.5"": {""evoked_rate_hz"": 0.0, ""baseline_rate_hz"": 0.0, ""reliability"": 0.0, ""modulation_ratio"": 0.0, ""median_latency_ms"": null}, ""4.0"": {""evoked_rate_hz"": 0.0, ""baseline_rate_hz"": 0.0, ""reliability"": 0.0, ""modulation_ratio"": 0.0, ""median_latency_ms"": null}}",False,1.0,insufficient evidence,0.0,Insufficient trial count (<10) or zero spikes recorded,0.0376,0.144,0.1192,0.0,0.0,0.0002,0.0183,1.0,4.6165,0.0099,insufficient evidence,850095836,4.90113745861767,0.0,124.856556835741,0.99,0.0015820881525643,7.76776135939287,0.976744186046512,0.000100431856985,good,43,1180,7455,2120,7622,DG,"10-ms optical pulse (473 nm, Ai32)",0.0,0.0,,,0.0,"1.0, 2.5, 4.0 mW calibrated",0,0,0.144,0,-1
760345702,739783171,810753197,951841801,DG,45,0.0,0.0,0.0,,,,0.0,0.0,0.0,,1.0,0.0,0.0,"{""1.0"": {""evoked_rate_hz"": 0.0, ""baseline_rate_hz"": 0.0, ""reliability"": 0.0, ""modulation_ratio"": 0.0, ""median_latency_ms"": null}, ""2.5"": {""evoked_rate_hz"": 0.0, ""baseline_rate_hz"": 0.0, ""reliability"": 0.0, ""modulation_ratio"": 0.0, ""median_latency_ms"": null}, ""4.0"": {""evoked_rate_hz"": 0.0, ""baseline_rate_hz"": 0.0, ""reliability"": 0.0, ""modulation_ratio"": 0.0, ""median_latency_ms"": null}}",False,1.0,insufficient evidence,0.0,Insufficient trial count (<10) or zero spikes recorded,0.0376,0.144,0.1192,0.0,0.0,0.0002,0.0183,1.0,4.6165,0.0099,insufficient evidence,850095836,6.35848978937275,0.0,42.7469607239473,0.99,0.01163471141609,4.00589869989913,1.0,0.0001003310926055,good,43,1180,7455,2120,7622,DG,"10-ms optical pulse (473 nm, Ai32)",0.0,0.0,,,0.0,"1.0, 2.5, 4.0 mW calibrated",0,0,0.144,0,-1
760345702,739783171,810753197,951841826,DG,45,0.0,0.0,0.0,,,,0.0,0.0,0.0,,1.0,0.0,0.0,"{""1.0"": {""evoked_rate_hz"": 0.0, ""baseline_rate_hz"": 0.0, ""reliability"": 0.0, ""modulation_ratio"": 0.0, ""median_latency_ms"": null}, ""2.5"": {""evoked_rate_hz"": 0.0, ""baseline_rate_hz"": 0.0, ""reliability"": 0.0, ""modulation_ratio"": 0.0, ""median_latency_ms"": null}, ""4.0"": {""evoked_rate_hz"": 0.0, ""baseline_rate_hz"": 0.0, ""reliability"": 0.0, ""modulation_ratio"": 0.0, ""median_latency_ms"": null}}",False,1.0,insufficient evidence,0.0,Insufficient trial count (<10) or zero spikes recorded,0.0376,0.144,0.1192,0.0,0.0,0.0002,0.0183,1.0,4.6165,0.0099,insufficient evidence,850095842,3.17130395010068,0.0,121.481888816109,0.99,0.0025944076535606,7.1167342455444,0.946236559139785,0.0001003109639883,good,27,1200,7457,2097,7631,DG,"10-ms optical pulse (473 nm, Ai32)",0.0,0.0,,,0.0,"1.0, 2.5, 4.0 mW calibrated",0,0,0.144,0,-1
760345702,739783171,810753197,951841849,DG,45,20.741,41.667,1.917,5.835,2.627,4.53,0.333,0.178,0.682,0.495,0.04196,0.322,-11.1111,"{""1.0"": {""evoked_rate_hz"": 66.67, ""baseline_rate_hz"": 22.22, ""reliability"": 0.533, ""modulation_ratio"": 2.87, ""median_latency_ms"": 2.87}, ""2.5"": {""evoked_rate_hz"": 25.0, ""baseline_rate_hz"": 31.11, ""reliability"": 0.2, ""modulation_ratio"": 0.78, ""median_latency_ms"": 7.12}, ""4.0"": {""evoked_rate_hz"": 33.33, ""baseline_rate_hz"": 8.89, ""reliability"": 0.267, ""modulation_ratio"": 3.37, ""median_latency_ms"": 6.99}}",False,-0.299,light-responsive / indirect or uncertain,0.65,Sub-threshold modulation (1.92 <= 2.0),0.4225,0.6083,0.3491,0.333,0.4377,0.747,0.3497,1.0,0.5691,0.566,intermediate evidence (uncertain / borderline),850095846,3.43544745296978,0.0247477823881657,124.985670697826,0.99,0.0016942353319791,7.12494992113224,0.996,0.0,good,11,1220,7459,2075,7640,DG,"10-ms optical pulse (473 nm, Ai32)",20.741,41.667,5.835,2.627,0.333,"1.0, 2.5, 4.0 mW calibrated",19,9,0.6083,0,1
760345702,739783171,810753197,951841870,CA1,45,4.444,8.333,1.531,6.765,3.096,3.026,0.067,0.044,0.955,0.515,0.60839,0.106,0.0,"{""1.0"": {""evoked_rate_hz"": 8.33, ""baseline_rate_hz"": 4.44, ""reliability"": 0.067, ""modulation_ratio"": 1.53, ""median_latency_ms"": 2.6}, ""2.5"": {""evoked_rate_hz"": 8.33, ""baseline_rate_hz"": 4.44, ""reliability"": 0.067, ""modulation_ratio"": 1.53, ""median_latency_ms"": 8.65}, ""4.0"": {""evoked_rate_hz"": 8.33, ""baseline_rate_hz"": 4.44, ""reliability"": 0.067, ""modulation_ratio"": 1.53, ""median_latency_ms"": 6.76}}",False,-2.982,not light responsive,0.933,Not statistically significant (p=0.6084 >= 0.05),0.2459,0.3362,0.1438,0.067,0.2979,0.6496,0.2898,1.0,1.2654,0.2821,low evidence (non-responsive),850095850,1.46375690448262,0.114481854777748,53.7675143125445,0.99,0.089089159990641,3.54323692777363,0.906666666666667,0.0091925206309411,good,27,1240,7461,2060,7646,CA1,"10-ms optical pulse (473 nm, Ai32)",4.444,8.333,6.765,3.096,0.067,"1.0, 2.5, 4.0 mW calibrated",4,2,0.3362,0,0
760345702,739783171,810753197,951841864,CA1,45,14.815,5.556,0.351,4.946,1.031,0.729,0.044,0.178,0.977,0.209,0.05395,-0.261,-2.7778,"{""1.0"": {""evoked_rate_hz"": 8.33, ""baseline_rate_hz"": 13.33, ""reliability"": 0.067, ""modulation_ratio"": 0.58, ""median_latency_ms"": 5.68}, ""2.5"": {""evoked_rate_hz"": 8.33, ""baseline_rate_hz"": 22.22, ""reliability"": 0.067, ""modulation_ratio"": 0.36, ""median_latency_ms"": 4.22}, ""4.0"": {""evoked_rate_hz"": 0.0, ""baseline_rate_hz"": 8.89, ""reliability"": 0.0, ""modulation_ratio"": 0.0, ""median_latency_ms"": null}}",False,-2.661,not light responsive,0.95,Not statistically significant (p=0.0539 >= 0.05); No positive modulation (mod_ratio=0.35 <= 1.0); Very low reliability (0.04 < 0.05),0.2979,0.1819,0.3248,0.044,0.0,0.8216,0.6621,1.0,1.7948,0.1662,low evidence (non-responsive),850095850,1.55134401429453,0.300249887691087,47.1475673744326,0.99,0.0602792629527633,2.87971977985409,0.923333333333333,0.0061207991684952,good,27,1240,7461,2060,7646,CA1,"10-ms optical pulse (473 nm, Ai32)",14.815,5.556,4.946,1.031,0.044,"1.0, 2.5, 4.0 mW calibrated",3,7,0.1819,0,0
760345702,739783171,810753197,951841856,CA1,45,2.963,0.0,0.0,,,,0.0,0.044,0.0,,0.49351,-0.213,0.0,"{""1.0"": {""evoked_rate_hz"": 0.0, ""baseline_rate_hz"": 0.0, ""reliability"": 0.0, ""modulation_ratio"": 0.0, ""median_latency_ms"": null}, ""2.5"": {""evoked_rate_hz"": 0.0, ""baseline_rate_hz"": 4.44, ""reliability"": 0.0, ""modulation_ratio"": 0.0, ""median_latency_ms"": null}, ""4.0"": {""evoked_rate_hz"": 0.0, ""baseline_rate_hz"": 4.44, ""reliability"": 0.0, ""modulation_ratio"": 0.0, ""median_latency_ms"": null}}",False,1.0,not light responsive,0.95,Not statistically significant (p=0.4935 >= 0.05); No positive modulation (mod_ratio=0.00 <= 1.0); Very low reliability (0.00 < 0.05),0.0485,0.144,0.1553,0.0,0.0,0.0002,0.0183,1.0,4.6165,0.0099,low evidence (non-responsive),850095850,2.51001749800555,0.1450630209818,67.0312649359949,0.99,0.0103601132384956,4.48489184832372,0.987117552334944,0.0009736421169761,good,27,1240,7461,2060,7646,CA1,"10-ms optical pulse (473 nm, Ai32)",2.963,0.0,,,0.0,"1.0, 2.5, 4.0 mW calibrated",0,1,0.144,0,0
760345702,739783171,810753197,951841885,CA1,45,7.407,13.889,1.652,5.328,1.777,0.15,0.111,0.111,0.909,0.339,0.4006,0.15,0.0,"{""1.0"": {""evoked_rate_hz"": 16.67, ""baseline_rate_hz"": 4.44, ""reliability"": 0.133, ""modulation_ratio"": 3.06, ""median_latency_ms"": 3.97}, ""2.5"": {""evoked_rate_hz"": 8.33, ""baseline_rate_hz"": 4.44, ""reliability"": 0.067, ""modulation_ratio"": 1.53, ""median_latency_ms"": 5.22}, ""4.0"": {""evoked_rate_hz"": 16.67, ""baseline_rate_hz"": 13.33, ""reliability"": 0.133, ""modulation_ratio"": 1.16, ""median_latency_ms"": 6.51}}",False,0.001,not light responsive,0.889,Not statistically significant (p=0.4006 >= 0.05),0.3153,0.3381,0.1676,0.111,0.3471,0.7918,0.4913,1.0,1.1897,0.3043,low evidence (non-responsive),850095852,1.1318795377165,0.0170994520154737,69.3009239016619,0.99,0.0548724342103216,3.81193695092469,0.992,0.0044101433296582,good,43,1260,7462,2045,7651,CA1,"10-ms optical pulse (473 nm, Ai32)",7.407,13.889,5.328,1.777,0.111,"1.0, 2.5, 4.0 mW calibrated",6,3,0.3381,0,0
760345702,739783171,810753197,951842176,CA1,45,0.0,0.0,0.0,,,,0.0,0.0,0.0,,1.0,0.0,0.0,"{""1.0"": {""evoked_rate_hz"": 0.0, ""baseline_rate_hz"": 0.0, ""reliability"": 0.0, ""modulation_ratio"": 0.0, ""median_latency_ms"": null}, ""2.5"": {""evoked_rate_hz"": 0.0, ""baseline_rate_hz"": 0.0, ""reliability"": 0.0, ""modulation_ratio"": 0.0, ""median_latency_ms"": null}, ""4.0"": {""evoked_rate_hz"": 0.0, ""baseline_rate_hz"": 0.0, ""reliability"": 0.0, ""modulation_ratio"": 0.0, ""median_latency_ms"": null}}",False,1.0,insufficient evidence,0.0,Insufficient trial count (<10) or zero spikes recorded,0.0376,0.144,0.1192,0.0,0.0,0.0002,0.0183,1.0,4.6165,0.0099,insufficient evidence,850095950,2.71504493953687,0.18890890045598,71.0651266064397,0.99,0.0016138505497584,5.95182077997504,0.990867579908676,0.0003090234857849,good,11,1740,7459,1570,7687,CA1,"10-ms optical pulse (473 nm, Ai32)",0.0,0.0,,,0.0,"1.0, 2.5, 4.0 mW calibrated",0,0,0.144,0,-1
760345702,739783171,810753197,951842215,CA1,45,0.0,2.778,2.778,8.373,0.0,0.0,0.022,0.0,1.0,0.0,1.0,0.149,2.7778,"{""1.0"": {""evoked_rate_hz"": 0.0, ""baseline_rate_hz"": 0.0, ""reliability"": 0.0, ""modulation_ratio"": 0.0, ""median_latency_ms"": null}, ""2.5"": {""evoked_rate_hz"": 0.0, ""baseline_rate_hz"": 0.0, ""reliability"": 0.0, ""modulation_ratio"": 0.0, ""median_latency_ms"": null}, ""4.0"": {""evoked_rate_hz"": 8.33, ""baseline_rate_hz"": 0.0, ""reliability"": 0.067, ""modulation_ratio"": 8.33, ""median_latency_ms"": 8.37}}",False,1.0,not light responsive,0.95,Not statistically significant (p=1.0000 >= 0.05); Very low reliability (0.02 < 0.05),0.3348,0.1136,0.1192,0.022,0.6273,0.4535,1.0,1.0,1.4716,0.2296,low evidence (non-responsive),850095958,2.37065183725261,0.195521710130623,53.9670056209657,0.99,0.0006094227745089,3.36579722770215,0.918960244648318,0.0026579431609077,good,11,1780,7460,1526,7695,CA1,"10-ms optical pulse (473 nm, Ai32)",0.0,2.778,8.373,0.0,0.022,"1.0, 2.5, 4.0 mW calibrated",1,0,0.1136,0,0
760345702,739783171,810753197,951842208,CA1,45,1.481,0.0,0.0,,,,0.0,0.022,0.0,,1.0,-0.149,0.0,"{""1.0"": {""evoked_rate_hz"": 0.0, ""baseline_rate_hz"": 4.44, ""reliability"": 0.0, ""modulation_ratio"": 0.0, ""median_latency_ms"": null}, ""2.5"": {""evoked_rate_hz"": 0.0, ""baseline_rate_hz"": 0.0, ""reliability"": 0.0, ""modulation_ratio"": 0.0, ""median_latency_ms"": null}, ""4.0"": {""evoked_rate_hz"": 0.0, ""baseline_rate_hz"": 0.0, ""reliability"": 0.0, ""modulation_ratio"": 0.0, ""median_latency_ms"": null}}",False,-665.667,not light responsive,0.95,Not statistically significant (p=1.0000 >= 0.05); No positive modulation (mod_ratio=0.00 <= 1.0); Very low reliability (0.00 < 0.05),0.0376,0.144,0.1192,0.0,0.0,0.0002,0.0183,1.0,4.6165,0.0099,low evidence (non-responsive),850095958,2.47415391484325,0.269036208135197,45.2681798296749,0.99,0.0020004571767781,3.25930082816629,0.82520325203252,0.0018300122000813,good,11,1780,7460,1526,7695,CA1,"10-ms optical pulse (473 nm, Ai32)",1.481,0.0,,,0.0,"1.0, 2.5, 4.0 mW calibrated",0,1,0.144,0,0
760345702,739783171,810753197,951842237,CA1,45,5.926,8.333,1.203,4.307,1.793,1.268,0.044,0.044,1.636,0.416,1.0,0.056,-2.7778,"{""1.0"": {""evoked_rate_hz"": 8.33, ""baseline_rate_hz"": 8.89, ""reliability"": 0.067, ""modulation_ratio"": 0.84, ""median_latency_ms"": 5.58}, ""2.5"": {""evoked_rate_hz"": 16.67, ""baseline_rate_hz"": 0.0, ""reliability"": 0.067, ""modulation_ratio"": 16.67, ""median_latency_ms"": 3.04}, ""4.0"": {""evoked_rate_hz"": 0.0, ""baseline_rate_hz"": 8.89, ""reliability"": 0.0, ""modulation_ratio"": 0.0, ""median_latency_ms"": null}}",False,0.501,not light responsive,0.95,Not statistically significant (p=1.0000 >= 0.05); Very low reliability (0.04 < 0.05),0.2516,0.2584,0.1192,0.044,0.1325,0.8637,0.4881,1.0,1.7403,0.1755,low evidence (non-responsive),850095962,4.83144253684223,0.0271205107942441,100.910867814222,0.98,0.0009624918837723,7.54174828357457,0.99108138238573,0.0004810500635673,good,27,1800,7460,1508,7699,CA1,"10-ms optical pulse (473 nm, Ai32)",5.926,8.333,4.307,1.793,0.044,"1.0, 2.5, 4.0 mW calibrated",4,3,0.2584,0,0
760345702,739783171,810753197,951842222,CA1,45,5.926,8.333,1.203,6.804,2.051,1.93,0.067,0.067,0.955,0.341,0.81518,0.063,8.3333,"{""1.0"": {""evoked_rate_hz"": 0.0, ""baseline_rate_hz"": 13.33, ""reliability"": 0.0, ""modulation_ratio"": 0.0, ""median_latency_ms"": null}, ""2.5"": {""evoked_rate_hz"": 0.0, ""baseline_rate_hz"": 4.44, ""reliability"": 0.0, ""modulation_ratio"": 0.0, ""median_latency_ms"": null}, ""4.0"": {""evoked_rate_hz"": 25.0, ""baseline_rate_hz"": 0.0, ""reliability"": 0.2, ""modulation_ratio"": 25.0, ""median_latency_ms"": 6.8}}",False,0.001,not light responsive,0.933,Not statistically significant (p=0.8152 >= 0.05),0.2227,0.2664,0.1288,0.067,0.1325,0.6452,0.4403,1.0,1.4087,0.2445,low evidence (non-responsive),850095960,1.7668631329462,0.16357721702013,51.3757061670232,0.99,0.0532964186507974,3.56915246569413,0.918666666666667,0.0097231914398697,good,59,1800,7460,1517,7697,CA1,"10-ms optical pulse (473 nm, Ai32)",5.926,8.333,6.804,2.051,0.067,"1.0, 2.5, 4.0 mW calibrated",4,3,0.2664,0,0
760345702,739783171,810753197,951842257,CA1,45,1.481,2.778,1.119,4.009,0.0,0.0,0.022,0.0,1.0,0.0,1.0,0.061,2.7778,"{""1.0"": {""evoked_rate_hz"": 0.0, ""baseline_rate_hz"": 0.0, ""reliability"": 0.0, ""modulation_ratio"": 0.0, ""median_latency_ms"": null}, ""2.5"": {""evoked_rate_hz"": 0.0, ""baseline_rate_hz"": 0.0, ""reliability"": 0.0, ""modulation_ratio"": 0.0, ""median_latency_ms"": null}, ""4.0"": {""evoked_rate_hz"": 8.33, ""baseline_rate_hz"": 4.44, ""reliability"": 0.067, ""modulation_ratio"": 1.53, ""median_latency_ms"": 4.01}}",False,1.0,not light responsive,0.95,Not statistically significant (p=1.0000 >= 0.05); Very low reliability (0.02 < 0.05),0.2895,0.0813,0.1192,0.022,0.0809,0.8803,1.0,1.0,1.9051,0.1488,low evidence (non-responsive),850095964,1.21122834414444,0.0621991868965303,48.2730987153635,0.99,0.0240487787844311,2.97167558156383,0.900666666666667,0.0055758185553179,good,43,1820,7460,1490,7703,CA1,"10-ms optical pulse (473 nm, Ai32)",1.481,2.778,4.009,0.0,0.022,"1.0, 2.5, 4.0 mW calibrated",1,1,0.0813,0,0
760345702,739783171,810753197,951842308,CA1,45,10.37,2.778,0.244,3.212,0.0,0.0,0.022,0.089,1.0,0.0,0.13187,-0.202,0.0,"{""1.0"": {""evoked_rate_hz"": 0.0, ""baseline_rate_hz"": 13.33, ""reliability"": 0.0, ""modulation_ratio"": 0.0, ""median_latency_ms"": null}, ""2.5"": {""evoked_rate_hz"": 8.33, ""baseline_rate_hz"": 0.0, ""reliability"": 0.067, ""modulation_ratio"": 8.33, ""median_latency_ms"": 3.21}, ""4.0"": {""evoked_rate_hz"": 0.0, ""baseline_rate_hz"": 17.78, ""reliability"": 0.0, ""modulation_ratio"": 0.0, ""median_latency_ms"": null}}",False,0.251,not light responsive,0.95,Not statistically significant (p=0.1319 >= 0.05); No positive modulation (mod_ratio=0.24 <= 1.0); Very low reliability (0.02 < 0.05),0.3168,0.0712,0.246,0.022,0.0,0.9164,1.0,1.0,2.0892,0.1238,low evidence (non-responsive),850095976,2.13441049943255,0.0055431000827231,61.2113170903854,0.99,0.0002023265725584,4.23698620438553,0.969477911646586,0.0007998608937576,good,59,1880,7462,1426,7715,CA1,"10-ms optical pulse (473 nm, Ai32)",10.37,2.778,3.212,0.0,0.022,"1.0, 2.5, 4.0 mW calibrated",1,5,0.0712,0,0
760345702,739783171,810753197,951842321,CA1,45,32.593,41.667,1.24,2.883,2.554,3.197,0.267,0.289,1.091,0.677,0.48252,0.103,0.0,"{""1.0"": {""evoked_rate_hz"": 41.67, ""baseline_rate_hz"": 31.11, ""reliability"": 0.267, ""modulation_ratio"": 1.3, ""median_latency_ms"": 1.94}, ""2.5"": {""evoked_rate_hz"": 41.67, ""baseline_rate_hz"": 35.56, ""reliability"": 0.267, ""modulation_ratio"": 1.14, ""median_latency_ms"": 2.81}, ""4.0"": {""evoked_rate_hz"": 41.67, ""baseline_rate_hz"": 31.11, ""reliability"": 0.267, ""modulation_ratio"": 1.3, ""median_latency_ms"": 3.98}}",False,-0.285,not light responsive,0.733,Not statistically significant (p=0.4825 >= 0.05),0.3197,0.6004,0.1566,0.267,0.1539,0.9281,0.36,1.0,1.4626,0.2316,low evidence (non-responsive),850095982,1.60275738246142,0.0517677401330142,181.983742606533,0.99,0.0440054325460301,3.58828975863244,0.954666666666667,0.0859805167301991,good,11,1900,7463,1390,7722,CA1,"10-ms optical pulse (473 nm, Ai32)",32.593,41.667,2.883,2.554,0.267,"1.0, 2.5, 4.0 mW calibrated",19,15,0.6004,0,0
760345702,739783171,810753197,951842332,VISpm,45,11.852,13.889,1.081,5.457,2.24,1.285,0.111,0.089,0.909,0.433,0.82218,0.045,-2.7778,"{""1.0"": {""evoked_rate_hz"": 16.67, ""baseline_rate_hz"": 22.22, ""reliability"": 0.133, ""modulation_ratio"": 0.72, ""median_latency_ms"": 3.28}, ""2.5"": {""evoked_rate_hz"": 16.67, ""baseline_rate_hz"": 8.89, ""reliability"": 0.133, ""modulation_ratio"": 1.69, ""median_latency_ms"": 6.55}, ""4.0"": {""evoked_rate_hz"": 8.33, ""baseline_rate_hz"": 4.44, ""reliability"": 0.067, ""modulation_ratio"": 1.53, ""median_latency_ms"": 6.23}}",False,0.501,not light responsive,0.889,Not statistically significant (p=0.8222 >= 0.05),0.2355,0.3377,0.1284,0.111,0.0561,0.781,0.4082,1.0,1.444,0.236,low evidence (non-responsive),850096000,3.16808328200363,0.0024003919601615,131.956984346184,0.99,0.0001451550785532,6.52278087154715,0.992,0.0,good,59,2000,7467,1300,7737,VISpm,"10-ms optical pulse (473 nm, Ai32)",11.852,13.889,5.457,2.24,0.111,"1.0, 2.5, 4.0 mW calibrated",6,5,0.3377,0,0
760345702,739783171,810753197,951842382,VISpm,45,0.0,0.0,0.0,,,,0.0,0.0,0.0,,1.0,0.0,0.0,"{""1.0"": {""evoked_rate_hz"": 0.0, ""baseline_rate_hz"": 0.0, ""reliability"": 0.0, ""modulation_ratio"": 0.0, ""median_latency_ms"": null}, ""2.5"": {""evoked_rate_hz"": 0.0, ""baseline_rate_hz"": 0.0, ""reliability"": 0.0, ""modulation_ratio"": 0.0, ""median_latency_ms"": null}, ""4.0"": {""evoked_rate_hz"": 0.0, ""baseline_rate_hz"": 0.0, ""reliability"": 0.0, ""modulation_ratio"": 0.0, ""median_latency_ms"": null}}",False,1.0,insufficient evidence,0.0,Insufficient trial count (<10) or zero spikes recorded,0.0376,0.144,0.1192,0.0,0.0,0.0002,0.0183,1.0,4.6165,0.0099,insufficient evidence,850096026,1.70455721788956,0.0571142005132173,65.9160474546438,0.99,0.0191418215326835,3.01282852231283,0.948421862971516,0.0037280930978014,good,27,2120,7475,1167,7750,VISpm,"10-ms optical pulse (473 nm, Ai32)",0.0,0.0,,,0.0,"1.0, 2.5, 4.0 mW calibrated",0,0,0.144,0,-1
760345702,739783171,810753197,951842395,VISpm,45,0.0,0.0,0.0,,,,0.0,0.0,0.0,,1.0,0.0,0.0,"{""1.0"": {""evoked_rate_hz"": 0.0, ""baseline_rate_hz"": 0.0, ""reliability"": 0.0, ""modulation_ratio"": 0.0, ""median_latency_ms"": null}, ""2.5"": {""evoked_rate_hz"": 0.0, ""baseline_rate_hz"": 0.0, ""reliability"": 0.0, ""modulation_ratio"": 0.0, ""median_latency_ms"": null}, ""4.0"": {""evoked_rate_hz"": 0.0, ""baseline_rate_hz"": 0.0, ""reliability"": 0.0, ""modulation_ratio"": 0.0, ""median_latency_ms"": null}}",False,-221.222,insufficient evidence,0.0,Insufficient trial count (<10) or zero spikes recorded,0.0376,0.144,0.1192,0.0,0.0,0.0002,0.0183,1.0,4.6165,0.0099,insufficient evidence,850096030,2.49123525193437,0.105746975295465,46.4850823146722,0.99,0.0207630610246132,3.9010221060069,0.763333333333333,0.0027210884353741,good,11,2140,7476,1150,7751,VISpm,"10-ms optical pulse (473 nm, Ai32)",0.0,0.0,,,0.0,"1.0, 2.5, 4.0 mW calibrated",0,0,0.144,0,-1
760345702,739783171,810753197,951842379,VISpm,45,0.0,0.0,0.0,,,,0.0,0.0,0.0,,1.0,0.0,0.0,"{""1.0"": {""evoked_rate_hz"": 0.0, ""baseline_rate_hz"": 0.0, ""reliability"": 0.0, ""modulation_ratio"": 0.0, ""median_latency_ms"": null}, ""2.5"": {""evoked_rate_hz"": 0.0, ""baseline_rate_hz"": 0.0, ""reliability"": 0.0, ""modulation_ratio"": 0.0, ""median_latency_ms"": null}, ""4.0"": {""evoked_rate_hz"": 0.0, ""baseline_rate_hz"": 0.0, ""reliability"": 0.0, ""modulation_ratio"": 0.0, ""median_latency_ms"": null}}",False,1.0,insufficient evidence,0.0,Insufficient trial count (<10) or zero spikes recorded,0.0376,0.144,0.1192,0.0,0.0,0.0002,0.0183,1.0,4.6165,0.0099,insufficient evidence,850096028,1.97705529636655,0.0,71.9293197971657,0.98,0.0010340061700057,3.40081447103607,0.991708126036484,0.0001360683062897,good,43,2140,7476,1158,7751,VISpm,"10-ms optical pulse (473 nm, Ai32)",0.0,0.0,,,0.0,"1.0, 2.5, 4.0 mW calibrated",0,0,0.144,0,-1
760345702,739783171,810753197,951843078,VISpm,45,1.481,0.0,0.0,,,,0.0,0.022,0.0,,1.0,-0.149,0.0,"{""1.0"": {""evoked_rate_hz"": 0.0, ""baseline_rate_hz"": 0.0, ""reliability"": 0.0, ""modulation_ratio"": 0.0, ""median_latency_ms"": null}, ""2.5"": {""evoked_rate_hz"": 0.0, ""baseline_rate_hz"": 4.44, ""reliability"": 0.0, ""modulation_ratio"": 0.0, ""median_latency_ms"": null}, ""4.0"": {""evoked_rate_hz"": 0.0, ""baseline_rate_hz"": 0.0, ""reliability"": 0.0, ""modulation_ratio"": 0.0, ""median_latency_ms"": null}}",False,1.0,not light responsive,0.95,Not statistically significant (p=1.0000 >= 0.05); No positive modulation (mod_ratio=0.00 <= 1.0); Very low reliability (0.00 < 0.05),0.0376,0.144,0.1192,0.0,0.0,0.0002,0.0183,1.0,4.6165,0.0099,low evidence (non-responsive),850096032,2.41158021611569,0.159656568815354,70.391809378511,0.99,0.0442420023516634,3.49006809973213,0.853858784893268,0.0060801890070182,good,59,2160,7477,1141,7751,VISpm,"10-ms optical pulse (473 nm, Ai32)",1.481,0.0,,,0.0,"1.0, 2.5, 4.0 mW calibrated",0,1,0.144,0,0
760345702,739783171,810753197,951842410,VISpm,45,0.0,2.778,2.778,1.982,0.0,0.0,0.022,0.0,1.0,0.0,1.0,0.149,2.7778,"{""1.0"": {""evoked_rate_hz"": 0.0, ""baseline_rate_hz"": 0.0, ""reliability"": 0.0, ""modulation_ratio"": 0.0, ""median_latency_ms"": null}, ""2.5"": {""evoked_rate_hz"": 0.0, ""baseline_rate_hz"": 0.0, ""reliability"": 0.0, ""modulation_ratio"": 0.0, ""median_latency_ms"": null}, ""4.0"": {""evoked_rate_hz"": 8.33, ""baseline_rate_hz"": 0.0, ""reliability"": 0.067, ""modulation_ratio"": 8.33, ""median_latency_ms"": 1.98}}",False,1.0,not light responsive,0.95,Not statistically significant (p=1.0000 >= 0.05); Very low reliability (0.02 < 0.05),0.4097,0.0706,0.1192,0.022,0.6273,0.953,1.0,1.0,2.1025,0.1222,intermediate evidence (uncertain / borderline),850096032,2.29491603582275,0.266272373951002,58.6395750587505,0.99,0.0094048719175727,4.28188081556088,0.787795992714025,0.00626254238461,good,59,2160,7477,1141,7751,VISpm,"10-ms optical pulse (473 nm, Ai32)",0.0,2.778,1.982,0.0,0.022,"1.0, 2.5, 4.0 mW calibrated",1,0,0.0706,0,0
760345702,739783171,810753197,951842406,VISpm,45,7.407,5.556,0.661,3.258,1.763,1.247,0.044,0.067,0.977,0.541,0.56044,-0.064,0.0,"{""1.0"": {""evoked_rate_hz"": 8.33, ""baseline_rate_hz"": 8.89, ""reliability"": 0.067, ""modulation_ratio"": 0.84, ""median_latency_ms"": 2.01}, ""2.5"": {""evoked_rate_hz"": 0.0, ""baseline_rate_hz"": 8.89, ""reliability"": 0.0, ""modulation_ratio"": 0.0, ""median_latency_ms"": null}, ""4.0"": {""evoked_rate_hz"": 8.33, ""baseline_rate_hz"": 4.44, ""reliability"": 0.067, ""modulation_ratio"": 1.53, ""median_latency_ms"": 4.5}}",False,-887.889,not light responsive,0.95,Not statistically significant (p=0.5604 >= 0.05); No positive modulation (mod_ratio=0.66 <= 1.0); Very low reliability (0.04 < 0.05),0.2421,0.2854,0.1482,0.044,0.0,0.9146,0.494,1.0,2.0109,0.1339,low evidence (non-responsive),850096032,2.43340634906514,0.0,88.0763925869586,0.99,9.5968629499203e-05,5.14208009085734,0.992,0.0010893246187363,good,59,2160,7477,1141,7751,VISpm,"10-ms optical pulse (473 nm, Ai32)",7.407,5.556,3.258,1.763,0.044,"1.0, 2.5, 4.0 mW calibrated",3,3,0.2854,0,0
760345702,739783171,810753197,951842416,VISpm,45,1.481,0.0,0.0,,,,0.0,0.022,0.0,,1.0,-0.149,0.0,"{""1.0"": {""evoked_rate_hz"": 0.0, ""baseline_rate_hz"": 0.0, ""reliability"": 0.0, ""modulation_ratio"": 0.0, ""median_latency_ms"": null}, ""2.5"": {""evoked_rate_hz"": 0.0, ""baseline_rate_hz"": 0.0, ""reliability"": 0.0, ""modulation_ratio"": 0.0, ""median_latency_ms"": null}, ""4.0"": {""evoked_rate_hz"": 0.0, ""baseline_rate_hz"": 4.44, ""reliability"": 0.0, ""modulation_ratio"": 0.0, ""median_latency_ms"": null}}",False,1.0,not light responsive,0.95,Not statistically significant (p=1.0000 >= 0.05); No positive modulation (mod_ratio=0.00 <= 1.0); Very low reliability (0.00 < 0.05),0.0376,0.144,0.1192,0.0,0.0,0.0002,0.0183,1.0,4.6165,0.0099,low evidence (non-responsive),850096036,2.05112901362334,0.16586007915758,73.0768325896469,0.99,0.096819987900454,4.61880217090769,0.979861111111111,0.002766106442577,good,43,2180,7478,1124,7752,VISpm,"10-ms optical pulse (473 nm, Ai32)",1.481,0.0,,,0.0,"1.0, 2.5, 4.0 mW calibrated",0,1,0.144,0,0
760345702,739783171,810753197,951842448,VISpm,45,0.0,0.0,0.0,,,,0.0,0.0,0.0,,1.0,0.0,0.0,"{""1.0"": {""evoked_rate_hz"": 0.0, ""baseline_rate_hz"": 0.0, ""reliability"": 0.0, ""modulation_ratio"": 0.0, ""median_latency_ms"": null}, ""2.5"": {""evoked_rate_hz"": 0.0, ""baseline_rate_hz"": 0.0, ""reliability"": 0.0, ""modulation_ratio"": 0.0, ""median_latency_ms"": null}, ""4.0"": {""evoked_rate_hz"": 0.0, ""baseline_rate_hz"": 0.0, ""reliability"": 0.0, ""modulation_ratio"": 0.0, ""median_latency_ms"": null}}",False,1.0,insufficient evidence,0.0,Insufficient trial count (<10) or zero spikes recorded,0.0376,0.144,0.1192,0.0,0.0,0.0002,0.0183,1.0,4.6165,0.0099,insufficient evidence,850096046,1.70624568729166,0.421631223609632,44.844379030903,0.99,0.0385145597539723,2.82456460699771,0.788104089219331,0.0032884595622238,good,11,2220,7482,1071,7754,VISpm,"10-ms optical pulse (473 nm, Ai32)",0.0,0.0,,,0.0,"1.0, 2.5, 4.0 mW calibrated",0,0,0.144,0,-1
760345702,739783171,810753197,951842443,VISpm,45,1.481,0.0,0.0,,,,0.0,0.022,0.0,,1.0,-0.149,0.0,"{""1.0"": {""evoked_rate_hz"": 0.0, ""baseline_rate_hz"": 0.0, ""reliability"": 0.0, ""modulation_ratio"": 0.0, ""median_latency_ms"": null}, ""2.5"": {""evoked_rate_hz"": 0.0, ""baseline_rate_hz"": 4.44, ""reliability"": 0.0, ""modulation_ratio"": 0.0, ""median_latency_ms"": null}, ""4.0"": {""evoked_rate_hz"": 0.0, ""baseline_rate_hz"": 0.0, ""reliability"": 0.0, ""modulation_ratio"": 0.0, ""median_latency_ms"": null}}",False,1.0,not light responsive,0.95,Not statistically significant (p=1.0000 >= 0.05); No positive modulation (mod_ratio=0.00 <= 1.0); Very low reliability (0.00 < 0.05),0.0376,0.144,0.1192,0.0,0.0,0.0002,0.0183,1.0,4.6165,0.0099,low evidence (non-responsive),850096046,2.10446895128419,0.172895229552216,57.5200470895466,0.99,0.0229279810949584,4.38994917295632,0.854460093896714,0.005466193162036,good,11,2220,7482,1071,7754,VISpm,"10-ms optical pulse (473 nm, Ai32)",1.481,0.0,,,0.0,"1.0, 2.5, 4.0 mW calibrated",0,1,0.144,0,0
760345702,739783171,810753197,951842439,VISpm,45,19.259,16.667,0.823,2.756,2.543,3.462,0.133,0.111,0.886,0.677,0.74925,-0.044,-2.7778,"{""1.0"": {""evoked_rate_hz"": 8.33, ""baseline_rate_hz"": 4.44, ""reliability"": 0.067, ""modulation_ratio"": 1.53, ""median_latency_ms"": 1.59}, ""2.5"": {""evoked_rate_hz"": 41.67, ""baseline_rate_hz"": 17.78, ""reliability"": 0.333, ""modulation_ratio"": 2.22, ""median_latency_ms"": 2.94}, ""4.0"": {""evoked_rate_hz"": 0.0, ""baseline_rate_hz"": 35.56, ""reliability"": 0.0, ""modulation_ratio"": 0.0, ""median_latency_ms"": null}}",False,0.201,not light responsive,0.867,Not statistically significant (p=0.7492 >= 0.05); No positive modulation (mod_ratio=0.82 <= 1.0),0.2492,0.5024,0.133,0.133,0.0,0.9323,0.3616,1.0,1.8482,0.1575,low evidence (non-responsive),850096046,1.47088234841544,0.0262468008331305,97.957456776305,0.99,0.0799938155551852,4.68019498965356,0.996666666666667,0.0041427660930529,good,11,2220,7482,1071,7754,VISpm,"10-ms optical pulse (473 nm, Ai32)",19.259,16.667,2.756,2.543,0.133,"1.0, 2.5, 4.0 mW calibrated",8,9,0.5024,0,0
760345702,739783171,810753197,951842472,VISpm,45,0.0,0.0,0.0,,,,0.0,0.0,0.0,,1.0,0.0,0.0,"{""1.0"": {""evoked_rate_hz"": 0.0, ""baseline_rate_hz"": 0.0, ""reliability"": 0.0, ""modulation_ratio"": 0.0, ""median_latency_ms"": null}, ""2.5"": {""evoked_rate_hz"": 0.0, ""baseline_rate_hz"": 0.0, ""reliability"": 0.0, ""modulation_ratio"": 0.0, ""median_latency_ms"": null}, ""4.0"": {""evoked_rate_hz"": 0.0, ""baseline_rate_hz"": 0.0, ""reliability"": 0.0, ""modulation_ratio"": 0.0, ""median_latency_ms"": null}}",False,1.0,insufficient evidence,0.0,Insufficient trial count (<10) or zero spikes recorded,0.0376,0.144,0.1192,0.0,0.0,0.0002,0.0183,1.0,4.6165,0.0099,insufficient evidence,850096050,2.02393872331695,0.241463668207789,52.1259830716277,0.99,0.0321245529000139,3.49653166932624,0.884057971014493,0.0036250647332988,good,27,2240,7483,1054,7754,VISpm,"10-ms optical pulse (473 nm, Ai32)",0.0,0.0,,,0.0,"1.0, 2.5, 4.0 mW calibrated",0,0,0.144,0,-1
760345702,739783171,810753197,951842462,VISpm,45,7.407,5.556,0.661,6.179,0.47,0.332,0.044,0.044,0.977,0.076,0.61439,-0.053,0.0,"{""1.0"": {""evoked_rate_hz"": 8.33, ""baseline_rate_hz"": 0.0, ""reliability"": 0.067, ""modulation_ratio"": 8.33, ""median_latency_ms"": 6.51}, ""2.5"": {""evoked_rate_hz"": 0.0, ""baseline_rate_hz"": 13.33, ""reliability"": 0.0, ""modulation_ratio"": 0.0, ""median_latency_ms"": null}, ""4.0"": {""evoked_rate_hz"": 8.33, ""baseline_rate_hz"": 8.89, ""reliability"": 0.067, ""modulation_ratio"": 0.84, ""median_latency_ms"": 5.85}}",False,-0.497,not light responsive,0.95,Not statistically significant (p=0.6144 >= 0.05); No positive modulation (mod_ratio=0.66 <= 1.0); Very low reliability (0.04 < 0.05),0.2438,0.1431,0.1433,0.044,0.0,0.7131,0.8286,1.0,1.6869,0.1851,low evidence (non-responsive),850096050,3.64200230593527,0.0007260786163179,89.2325519013692,0.99,0.0002926413863848,5.05977213079982,0.996,0.0015631105900742,good,27,2240,7483,1054,7754,VISpm,"10-ms optical pulse (473 nm, Ai32)",7.407,5.556,6.179,0.47,0.044,"1.0, 2.5, 4.0 mW calibrated",3,3,0.1431,0,0
760345702,739783171,810753197,951842457,VISpm,45,13.333,16.667,1.163,5.189,2.931,4.915,0.133,0.111,0.886,0.572,0.7033,0.073,5.5556,"{""1.0"": {""evoked_rate_hz"": 8.33, ""baseline_rate_hz"": 13.33, ""reliability"": 0.067, ""modulation_ratio"": 0.58, ""median_latency_ms"": 1.94}, ""2.5"": {""evoked_rate_hz"": 16.67, ""baseline_rate_hz"": 8.89, ""reliability"": 0.133, ""modulation_ratio"": 1.69, ""median_latency_ms"": 4.97}, ""4.0"": {""evoked_rate_hz"": 25.0, ""baseline_rate_hz"": 17.78, ""reliability"": 0.2, ""modulation_ratio"": 1.33, ""median_latency_ms"": 7.16}}",False,-1.33,not light responsive,0.867,Not statistically significant (p=0.7033 >= 0.05),0.2472,0.4186,0.1362,0.133,0.1085,0.8031,0.3096,1.0,1.3427,0.2611,low evidence (non-responsive),850096048,2.50849724923794,0.0305383468635353,75.8311248762448,0.99,0.0457169654936305,4.04510489636182,0.959333333333333,0.0211416490486258,good,59,2240,7483,1063,7754,VISpm,"10-ms optical pulse (473 nm, Ai32)",13.333,16.667,5.189,2.931,0.133,"1.0, 2.5, 4.0 mW calibrated",8,6,0.4186,0,0
760345702,739783171,810753197,951842508,VISpm,45,8.889,5.556,0.562,4.746,2.551,1.804,0.044,0.044,0.977,0.538,0.43157,-0.092,-2.7778,"{""1.0"": {""evoked_rate_hz"": 8.33, ""baseline_rate_hz"": 4.44, ""reliability"": 0.067, ""modulation_ratio"": 1.53, ""median_latency_ms"": 2.94}, ""2.5"": {""evoked_rate_hz"": 8.33, ""baseline_rate_hz"": 8.89, ""reliability"": 0.067, ""modulation_ratio"": 0.84, ""median_latency_ms"": 6.55}, ""4.0"": {""evoked_rate_hz"": 0.0, ""baseline_rate_hz"": 13.33, ""reliability"": 0.0, ""modulation_ratio"": 0.0, ""median_latency_ms"": null}}",False,0.201,not light responsive,0.95,Not statistically significant (p=0.4316 >= 0.05); No positive modulation (mod_ratio=0.56 <= 1.0); Very low reliability (0.04 < 0.05),0.2214,0.2956,0.1631,0.044,0.0,0.8358,0.3605,1.0,1.8166,0.1626,low evidence (non-responsive),850096066,6.26220261426853,0.0,161.100142610604,0.99,0.0002023623938127,9.65895372936374,0.997333333333333,0.0,good,27,2320,7489,984,7755,VISpm,"10-ms optical pulse (473 nm, Ai32)",8.889,5.556,4.746,2.551,0.044,"1.0, 2.5, 4.0 mW calibrated",3,4,0.2956,0,0
760345702,739783171,810753197,951842502,VISpm,45,1.481,8.333,3.358,3.081,1.616,1.455,0.067,0.022,0.955,0.415,0.25075,0.205,0.0,"{""1.0"": {""evoked_rate_hz"": 8.33, ""baseline_rate_hz"": 0.0, ""reliability"": 0.067, ""modulation_ratio"": 8.33, ""median_latency_ms"": 5.75}, ""2.5"": {""evoked_rate_hz"": 8.33, ""baseline_rate_hz"": 0.0, ""reliability"": 0.067, ""modulation_ratio"": 8.33, ""median_latency_ms"": 2.84}, ""4.0"": {""evoked_rate_hz"": 8.33, ""baseline_rate_hz"": 4.44, ""reliability"": 0.067, ""modulation_ratio"": 1.53, ""median_latency_ms"": 3.08}}",False,-0.991,not light responsive,0.933,Not statistically significant (p=0.2507 >= 0.05),0.4074,0.3095,0.1979,0.067,0.7033,0.9213,0.5239,1.0,1.8516,0.157,intermediate evidence (uncertain / borderline),850096064,1.94844113296209,0.0706491614723726,73.6523931490441,0.99,0.0332643293911458,4.6765369062498,0.927333333333333,0.0046680110538501,good,59,2320,7488,993,7755,VISpm,"10-ms optical pulse (473 nm, Ai32)",1.481,8.333,3.081,1.616,0.067,"1.0, 2.5, 4.0 mW calibrated",4,1,0.3095,0,0
760345702,739783171,810753197,951842518,VISpm,45,0.0,0.0,0.0,,,,0.0,0.0,0.0,,1.0,0.0,0.0,"{""1.0"": {""evoked_rate_hz"": 0.0, ""baseline_rate_hz"": 0.0, ""reliability"": 0.0, ""modulation_ratio"": 0.0, ""median_latency_ms"": null}, ""2.5"": {""evoked_rate_hz"": 0.0, ""baseline_rate_hz"": 0.0, ""reliability"": 0.0, ""modulation_ratio"": 0.0, ""median_latency_ms"": null}, ""4.0"": {""evoked_rate_hz"": 0.0, ""baseline_rate_hz"": 0.0, ""reliability"": 0.0, ""modulation_ratio"": 0.0, ""median_latency_ms"": null}}",False,1.0,insufficient evidence,0.0,Insufficient trial count (<10) or zero spikes recorded,0.0376,0.144,0.1192,0.0,0.0,0.0002,0.0183,1.0,4.6165,0.0099,insufficient evidence,850096072,3.6796681044739,0.0,82.288458158108,0.99,0.0009985905100208,6.69302707555406,1.0,0.0001006238679814,good,59,2360,7491,949,7755,VISpm,"10-ms optical pulse (473 nm, Ai32)",0.0,0.0,,,0.0,"1.0, 2.5, 4.0 mW calibrated",0,0,0.144,0,-1
760345702,739783171,810753197,951842512,VISpm,45,0.0,2.778,2.778,2.019,0.0,0.0,0.022,0.0,1.0,0.0,1.0,0.149,-2.7778,"{""1.0"": {""evoked_rate_hz"": 8.33, ""baseline_rate_hz"": 0.0, ""reliability"": 0.067, ""modulation_ratio"": 8.33, ""median_latency_ms"": 2.02}, ""2.5"": {""evoked_rate_hz"": 0.0, ""baseline_rate_hz"": 0.0, ""reliability"": 0.0, ""modulation_ratio"": 0.0, ""median_latency_ms"": null}, ""4.0"": {""evoked_rate_hz"": 0.0, ""baseline_rate_hz"": 0.0, ""reliability"": 0.0, ""modulation_ratio"": 0.0, ""median_latency_ms"": null}}",False,1.0,not light responsive,0.95,Not statistically significant (p=1.0000 >= 0.05); Very low reliability (0.02 < 0.05),0.4096,0.0709,0.1192,0.022,0.6273,0.9521,1.0,1.0,2.0959,0.123,intermediate evidence (uncertain / borderline),850096072,2.57189298769744,0.499902056769135,53.2966880257214,0.99,0.0095792067708874,4.12056367935708,0.905537459283388,0.0023040682279308,good,59,2360,7491,949,7755,VISpm,"10-ms optical pulse (473 nm, Ai32)",0.0,2.778,2.019,0.0,0.022,"1.0, 2.5, 4.0 mW calibrated",1,0,0.0709,0,0
760345702,739783171,810753197,951842547,VISpm,45,19.259,13.889,0.686,6.519,2.884,2.949,0.111,0.178,0.909,0.499,0.47952,-0.097,-8.3333,"{""1.0"": {""evoked_rate_hz"": 25.0, ""baseline_rate_hz"": 17.78, ""reliability"": 0.2, ""modulation_ratio"": 1.33, ""median_latency_ms"": 4.53}, ""2.5"": {""evoked_rate_hz"": 16.67, ""baseline_rate_hz"": 13.33, ""reliability"": 0.133, ""modulation_ratio"": 1.16, ""median_latency_ms"": 8.19}, ""4.0"": {""evoked_rate_hz"": 0.0, ""baseline_rate_hz"": 26.67, ""reliability"": 0.0, ""modulation_ratio"": 0.0, ""median_latency_ms"": null}}",False,-0.166,not light responsive,0.889,Not statistically significant (p=0.4795 >= 0.05); No positive modulation (mod_ratio=0.69 <= 1.0),0.208,0.3507,0.157,0.111,0.0,0.6771,0.3155,1.0,1.4248,0.2406,low evidence (non-responsive),850096078,2.68087987357371,0.0033178695407464,97.4236795427621,0.99,0.0003260484881017,3.41222107106852,0.986666666666667,0.0076613916101482,good,11,2380,7493,923,7755,VISpm,"10-ms optical pulse (473 nm, Ai32)",19.259,13.889,6.519,2.884,0.111,"1.0, 2.5, 4.0 mW calibrated",6,9,0.3507,0,0
760345702,739783171,810753197,951842529,VISpm,45,14.815,30.556,1.932,4.155,2.692,4.256,0.244,0.044,0.773,0.569,0.0999,0.258,-2.7778,"{""1.0"": {""evoked_rate_hz"": 33.33, ""baseline_rate_hz"": 26.67, ""reliability"": 0.267, ""modulation_ratio"": 1.2, ""median_latency_ms"": 8.11}, ""2.5"": {""evoked_rate_hz"": 33.33, ""baseline_rate_hz"": 8.89, ""reliability"": 0.267, ""modulation_ratio"": 3.37, ""median_latency_ms"": 4.01}, ""4.0"": {""evoked_rate_hz"": 25.0, ""baseline_rate_hz"": 8.89, ""reliability"": 0.2, ""modulation_ratio"": 2.53, ""median_latency_ms"": 3.98}}",False,-0.199,not light responsive,0.756,Not statistically significant (p=0.0999 >= 0.05),0.3951,0.5599,0.269,0.244,0.4423,0.8724,0.3407,1.0,1.0024,0.367,intermediate evidence (uncertain / borderline),850096076,2.38596285710517,0.0071029921871668,115.525719537865,0.99,0.0009631164460631,5.49762027404846,0.999333333333333,0.0017843202854912,good,43,2380,7492,932,7755,VISpm,"10-ms optical pulse (473 nm, Ai32)",14.815,30.556,4.155,2.692,0.244,"1.0, 2.5, 4.0 mW calibrated",14,7,0.5599,0,0
760345702,739783171,810753197,951843084,VISpm,45,0.0,0.0,0.0,,,,0.0,0.0,0.0,,1.0,0.0,0.0,"{""1.0"": {""evoked_rate_hz"": 0.0, ""baseline_rate_hz"": 0.0, ""reliability"": 0.0, ""modulation_ratio"": 0.0, ""median_latency_ms"": null}, ""2.5"": {""evoked_rate_hz"": 0.0, ""baseline_rate_hz"": 0.0, ""reliability"": 0.0, ""modulation_ratio"": 0.0, ""median_latency_ms"": null}, ""4.0"": {""evoked_rate_hz"": 0.0, ""baseline_rate_hz"": 0.0, ""reliability"": 0.0, ""modulation_ratio"": 0.0, ""median_latency_ms"": null}}",False,0.667,insufficient evidence,0.0,Insufficient trial count (<10) or zero spikes recorded,0.0376,0.144,0.1192,0.0,0.0,0.0002,0.0183,1.0,4.6165,0.0099,insufficient evidence,850096082,3.91573186489379,0.0544532746462216,43.3113678537123,0.99,0.0005692586454809,4.34208616090483,0.688034188034188,0.0005375260364173,good,27,2400,7494,906,7755,VISpm,"10-ms optical pulse (473 nm, Ai32)",0.0,0.0,,,0.0,"1.0, 2.5, 4.0 mW calibrated",0,0,0.144,0,-1
760345702,739783171,810753197,951842576,VISpm,45,8.889,2.778,0.281,5.053,0.0,0.0,0.022,0.022,1.0,0.0,0.13187,-0.201,-2.7778,"{""1.0"": {""evoked_rate_hz"": 8.33, ""baseline_rate_hz"": 4.44, ""reliability"": 0.067, ""modulation_ratio"": 1.53, ""median_latency_ms"": 5.05}, ""2.5"": {""evoked_rate_hz"": 0.0, ""baseline_rate_hz"": 13.33, ""reliability"": 0.0, ""modulation_ratio"": 0.0, ""median_latency_ms"": null}, ""4.0"": {""evoked_rate_hz"": 0.0, ""baseline_rate_hz"": 8.89, ""reliability"": 0.0, ""modulation_ratio"": 0.0, ""median_latency_ms"": null}}",False,0.001,not light responsive,0.95,Not statistically significant (p=0.1319 >= 0.05); No positive modulation (mod_ratio=0.28 <= 1.0); Very low reliability (0.02 < 0.05),0.3013,0.0837,0.246,0.022,0.0,0.8136,1.0,1.0,1.8641,0.155,low evidence (non-responsive),850096082,2.84036683844166,0.0995216369304116,70.3846631909602,0.99,0.0074742215020592,3.07482251509052,0.950980392156863,0.0031511877553847,good,27,2400,7494,906,7755,VISpm,"10-ms optical pulse (473 nm, Ai32)",8.889,2.778,5.053,0.0,0.022,"1.0, 2.5, 4.0 mW calibrated",1,4,0.0837,0,0
760345702,739783171,810753197,951842569,VISpm,45,22.222,11.111,0.478,3.625,1.69,1.761,0.089,0.2,0.932,0.458,0.11189,-0.225,2.7778,"{""1.0"": {""evoked_rate_hz"": 0.0, ""baseline_rate_hz"": 17.78, ""reliability"": 0.0, ""modulation_ratio"": 0.0, ""median_latency_ms"": null}, ""2.5"": {""evoked_rate_hz"": 25.0, ""baseline_rate_hz"": 17.78, ""reliability"": 0.2, ""modulation_ratio"": 1.33, ""median_latency_ms"": 4.13}, ""4.0"": {""evoked_rate_hz"": 8.33, ""baseline_rate_hz"": 31.11, ""reliability"": 0.067, ""modulation_ratio"": 0.26, ""median_latency_ms"": 1.75}}",False,0.429,not light responsive,0.911,Not statistically significant (p=0.1119 >= 0.05); No positive modulation (mod_ratio=0.48 <= 1.0),0.2858,0.3099,0.2595,0.089,0.0,0.8991,0.5086,1.0,1.8192,0.1622,low evidence (non-responsive),850096082,4.93225870946202,0.0107207876574731,98.9282397336322,0.99,0.000825086867139,6.52792434543979,0.986666666666667,0.0001640823693494,good,27,2400,7494,906,7755,VISpm,"10-ms optical pulse (473 nm, Ai32)",22.222,11.111,3.625,1.69,0.089,"1.0, 2.5, 4.0 mW calibrated",5,10,0.3099,0,0
760345702,739783171,810753197,951842555,VISpm,45,7.407,5.556,0.661,3.803,2.98,2.107,0.044,0.0,0.977,0.784,0.60739,-0.053,0.0,"{""1.0"": {""evoked_rate_hz"": 8.33, ""baseline_rate_hz"": 8.89, ""reliability"": 0.067, ""modulation_ratio"": 0.84, ""median_latency_ms"": 5.91}, ""2.5"": {""evoked_rate_hz"": 0.0, ""baseline_rate_hz"": 4.44, ""reliability"": 0.0, ""modulation_ratio"": 0.0, ""median_latency_ms"": null}, ""4.0"": {""evoked_rate_hz"": 8.33, ""baseline_rate_hz"": 8.89, ""reliability"": 0.067, ""modulation_ratio"": 0.84, ""median_latency_ms"": 1.7}}",False,0.004,not light responsive,0.95,Not statistically significant (p=0.6074 >= 0.05); No positive modulation (mod_ratio=0.66 <= 1.0); Very low reliability (0.04 < 0.05),0.2181,0.3746,0.1439,0.044,0.0,0.8908,0.3036,1.0,1.9337,0.1446,low evidence (non-responsive),850096080,2.82919504771456,0.0212512604923274,62.9766330000994,0.99,0.001484367824324,4.55906307220094,0.847843137254902,0.0063011314186248,good,59,2400,7493,914,7755,VISpm,"10-ms optical pulse (473 nm, Ai32)",7.407,5.556,3.803,2.98,0.044,"1.0, 2.5, 4.0 mW calibrated",3,3,0.3746,0,0
760345702,739783171,810753197,951842629,VISpm,45,5.926,0.0,0.0,,,,0.0,0.044,0.0,,0.13786,-0.309,0.0,"{""1.0"": {""evoked_rate_hz"": 0.0, ""baseline_rate_hz"": 8.89, ""reliability"": 0.0, ""modulation_ratio"": 0.0, ""median_latency_ms"": null}, ""2.5"": {""evoked_rate_hz"": 0.0, ""baseline_rate_hz"": 8.89, ""reliability"": 0.0, ""modulation_ratio"": 0.0, ""median_latency_ms"": null}, ""4.0"": {""evoked_rate_hz"": 0.0, ""baseline_rate_hz"": 0.0, ""reliability"": 0.0, ""modulation_ratio"": 0.0, ""median_latency_ms"": null}}",False,-0.497,not light responsive,0.95,Not statistically significant (p=0.1379 >= 0.05); No positive modulation (mod_ratio=0.00 <= 1.0); Very low reliability (0.00 < 0.05),0.0746,0.144,0.2424,0.0,0.0,0.0002,0.0183,1.0,4.6165,0.0099,low evidence (non-responsive),850096086,1.76514843037175,0.0447834653326253,85.0962059234684,0.99,0.0306724661176462,4.26923892908549,0.974,0.0091031932295,good,11,2420,7495,888,7755,VISpm,"10-ms optical pulse (473 nm, Ai32)",5.926,0.0,,,0.0,"1.0, 2.5, 4.0 mW calibrated",0,3,0.144,0,0
760345702,739783171,810753197,951842565,VISpm,45,16.296,16.667,0.964,2.62,3.135,4.022,0.133,0.089,0.886,0.798,1.0,0.007,-5.5556,"{""1.0"": {""evoked_rate_hz"": 25.0, ""baseline_rate_hz"": 8.89, ""reliability"": 0.2, ""modulation_ratio"": 2.53, ""median_latency_ms"": 6.65}, ""2.5"": {""evoked_rate_hz"": 16.67, ""baseline_rate_hz"": 31.11, ""reliability"": 0.133, ""modulation_ratio"": 0.52, ""median_latency_ms"": 2.62}, ""4.0"": {""evoked_rate_hz"": 8.33, ""baseline_rate_hz"": 8.89, ""reliability"": 0.067, ""modulation_ratio"": 0.84, ""median_latency_ms"": 1.31}}",False,-1.33,not light responsive,0.867,Not statistically significant (p=1.0000 >= 0.05); No positive modulation (mod_ratio=0.96 <= 1.0),0.238,0.5968,0.1192,0.133,0.0,0.9364,0.2854,1.0,1.8725,0.1537,low evidence (non-responsive),850096084,2.37012846753615,0.0422552644236799,68.3506727956767,0.99,0.0024574380353789,3.76641034432907,0.958666666666667,0.0030119064426561,good,43,2420,7495,897,7755,VISpm,"10-ms optical pulse (473 nm, Ai32)",16.296,16.667,2.62,3.135,0.133,"1.0, 2.5, 4.0 mW calibrated",8,7,0.5968,0,0
760345702,739783171,810753197,951842621,VISpm,45,0.0,0.0,0.0,,,,0.0,0.0,0.0,,1.0,0.0,0.0,"{""1.0"": {""evoked_rate_hz"": 0.0, ""baseline_rate_hz"": 0.0, ""reliability"": 0.0, ""modulation_ratio"": 0.0, ""median_latency_ms"": null}, ""2.5"": {""evoked_rate_hz"": 0.0, ""baseline_rate_hz"": 0.0, ""reliability"": 0.0, ""modulation_ratio"": 0.0, ""median_latency_ms"": null}, ""4.0"": {""evoked_rate_hz"": 0.0, ""baseline_rate_hz"": 0.0, ""reliability"": 0.0, ""modulation_ratio"": 0.0, ""median_latency_ms"": null}}",False,1.0,insufficient evidence,0.0,Insufficient trial count (<10) or zero spikes recorded,0.0376,0.144,0.1192,0.0,0.0,0.0002,0.0183,1.0,4.6165,0.0099,insufficient evidence,850096090,3.72352771439138,0.0,64.2435306396569,0.99,0.001453908201452,3.75104344339252,0.958801498127341,0.0001008979921299,good,27,2440,7497,861,7755,VISpm,"10-ms optical pulse (473 nm, Ai32)",0.0,0.0,,,0.0,"1.0, 2.5, 4.0 mW calibrated",0,0,0.144,0,-1
760345702,739783171,810753197,951842599,VISpm,45,0.0,2.778,2.778,2.898,0.0,0.0,0.022,0.0,1.0,0.0,1.0,0.149,-2.7778,"{""1.0"": {""evoked_rate_hz"": 8.33, ""baseline_rate_hz"": 0.0, ""reliability"": 0.067, ""modulation_ratio"": 8.33, ""median_latency_ms"": 2.9}, ""2.5"": {""evoked_rate_hz"": 0.0, ""baseline_rate_hz"": 0.0, ""reliability"": 0.0, ""modulation_ratio"": 0.0, ""median_latency_ms"": null}, ""4.0"": {""evoked_rate_hz"": 0.0, ""baseline_rate_hz"": 0.0, ""reliability"": 0.0, ""modulation_ratio"": 0.0, ""median_latency_ms"": null}}",False,0.004,not light responsive,0.95,Not statistically significant (p=1.0000 >= 0.05); Very low reliability (0.02 < 0.05),0.4059,0.0789,0.1192,0.022,0.6273,0.9276,1.0,1.0,1.9452,0.143,intermediate evidence (uncertain / borderline),850096088,2.10642170033707,0.217829168163103,30.210224223312,0.99,0.0081284577341578,3.24200275511794,0.306418219461698,0.0042348477148761,good,59,2440,7496,879,7755,VISpm,"10-ms optical pulse (473 nm, Ai32)",0.0,2.778,2.898,0.0,0.022,"1.0, 2.5, 4.0 mW calibrated",1,0,0.0789,0,0
760345702,739783171,810753197,951842591,VISpm,45,1.481,5.556,2.239,2.972,0.339,0.24,0.044,0.022,0.977,0.114,0.51748,0.145,-5.5556,"{""1.0"": {""evoked_rate_hz"": 16.67, ""baseline_rate_hz"": 0.0, ""reliability"": 0.133, ""modulation_ratio"": 16.67, ""median_latency_ms"": 2.97}, ""2.5"": {""evoked_rate_hz"": 0.0, ""baseline_rate_hz"": 4.44, ""reliability"": 0.0, ""modulation_ratio"": 0.0, ""median_latency_ms"": null}, ""4.0"": {""evoked_rate_hz"": 0.0, ""baseline_rate_hz"": 0.0, ""reliability"": 0.0, ""modulation_ratio"": 0.0, ""median_latency_ms"": null}}",False,0.002,not light responsive,0.95,Not statistically significant (p=0.5175 >= 0.05); Very low reliability (0.04 < 0.05),0.3876,0.1484,0.1527,0.044,0.5237,0.9251,0.8732,1.0,1.8014,0.1651,intermediate evidence (uncertain / borderline),850096088,2.13929186445835,0.358855133968974,44.0775943427539,0.99,0.0375630681476969,4.06805774513074,0.785140562248996,0.0026438885499288,good,59,2440,7496,879,7755,VISpm,"10-ms optical pulse (473 nm, Ai32)",1.481,5.556,2.972,0.339,0.044,"1.0, 2.5, 4.0 mW calibrated",3,1,0.1484,0,0
760345702,739783171,810753197,951842584,VISpm,45,11.852,8.333,0.648,2.907,2.038,1.941,0.067,0.044,0.955,0.562,0.52248,-0.082,0.0,"{""1.0"": {""evoked_rate_hz"": 8.33, ""baseline_rate_hz"": 0.0, ""reliability"": 0.067, ""modulation_ratio"": 8.33, ""median_latency_ms"": 5.92}, ""2.5"": {""evoked_rate_hz"": 8.33, ""baseline_rate_hz"": 17.78, ""reliability"": 0.067, ""modulation_ratio"": 0.44, ""median_latency_ms"": 2.04}, ""4.0"": {""evoked_rate_hz"": 8.33, ""baseline_rate_hz"": 17.78, ""reliability"": 0.067, ""modulation_ratio"": 0.44, ""median_latency_ms"": 2.91}}",False,0.334,not light responsive,0.933,Not statistically significant (p=0.5225 >= 0.05); No positive modulation (mod_ratio=0.65 <= 1.0),0.2457,0.3629,0.1521,0.067,0.0,0.9273,0.4426,1.0,1.9946,0.1361,low evidence (non-responsive),850096088,1.85061210491931,0.0754649591667626,59.01111611274,0.99,0.0198545252279154,3.61862644902073,0.786933927245731,0.0152863574494817,good,59,2440,7496,879,7755,VISpm,"10-ms optical pulse (473 nm, Ai32)",11.852,8.333,2.907,2.038,0.067,"1.0, 2.5, 4.0 mW calibrated",4,5,0.3629,0,0
760345702,739783171,810753197,951842636,VISpm,45,2.963,0.0,0.0,,,,0.0,0.044,0.0,,0.47253,-0.213,0.0,"{""1.0"": {""evoked_rate_hz"": 0.0, ""baseline_rate_hz"": 0.0, ""reliability"": 0.0, ""modulation_ratio"": 0.0, ""median_latency_ms"": null}, ""2.5"": {""evoked_rate_hz"": 0.0, ""baseline_rate_hz"": 4.44, ""reliability"": 0.0, ""modulation_ratio"": 0.0, ""median_latency_ms"": null}, ""4.0"": {""evoked_rate_hz"": 0.0, ""baseline_rate_hz"": 4.44, ""reliability"": 0.0, ""modulation_ratio"": 0.0, ""median_latency_ms"": null}}",False,0.501,not light responsive,0.95,Not statistically significant (p=0.4725 >= 0.05); No positive modulation (mod_ratio=0.00 <= 1.0); Very low reliability (0.00 < 0.05),0.0492,0.144,0.1578,0.0,0.0,0.0002,0.0183,1.0,4.6165,0.0099,low evidence (non-responsive),850096094,3.11296986571556,0.242040441067242,39.25260200421,0.99,0.0120402835862184,2.77158531677089,0.753846153846154,0.0027197008329083,good,11,2460,7498,844,7755,VISpm,"10-ms optical pulse (473 nm, Ai32)",2.963,0.0,,,0.0,"1.0, 2.5, 4.0 mW calibrated",0,1,0.144,0,0
760345702,739783171,810753197,951842645,VISpm,45,10.37,5.556,0.489,5.346,2.892,2.045,0.044,0.111,0.977,0.541,0.3007,-0.129,-5.5556,"{""1.0"": {""evoked_rate_hz"": 16.67, ""baseline_rate_hz"": 13.33, ""reliability"": 0.133, ""modulation_ratio"": 1.16, ""median_latency_ms"": 5.35}, ""2.5"": {""evoked_rate_hz"": 0.0, ""baseline_rate_hz"": 13.33, ""reliability"": 0.0, ""modulation_ratio"": 0.0, ""median_latency_ms"": null}, ""4.0"": {""evoked_rate_hz"": 0.0, ""baseline_rate_hz"": 4.44, ""reliability"": 0.0, ""modulation_ratio"": 0.0, ""median_latency_ms"": null}}",False,0.501,not light responsive,0.95,Not statistically significant (p=0.3007 >= 0.05); No positive modulation (mod_ratio=0.49 <= 1.0); Very low reliability (0.04 < 0.05),0.2167,0.301,0.1857,0.044,0.0,0.7903,0.3145,1.0,1.7546,0.173,low evidence (non-responsive),850096092,1.50599672142087,0.0647188995586078,48.1572010103932,0.99,0.0017854563895004,3.18986492718499,0.907730673316708,0.0025697121227905,good,43,2460,7497,853,7755,VISpm,"10-ms optical pulse (473 nm, Ai32)",10.37,5.556,5.346,2.892,0.044,"1.0, 2.5, 4.0 mW calibrated",3,5,0.301,0,0
760345702,739783171,810753197,951842686,VISpm,45,0.0,0.0,0.0,,,,0.0,0.0,0.0,,1.0,0.0,0.0,"{""1.0"": {""evoked_rate_hz"": 0.0, ""baseline_rate_hz"": 0.0, ""reliability"": 0.0, ""modulation_ratio"": 0.0, ""median_latency_ms"": null}, ""2.5"": {""evoked_rate_hz"": 0.0, ""baseline_rate_hz"": 0.0, ""reliability"": 0.0, ""modulation_ratio"": 0.0, ""median_latency_ms"": null}, ""4.0"": {""evoked_rate_hz"": 0.0, ""baseline_rate_hz"": 0.0, ""reliability"": 0.0, ""modulation_ratio"": 0.0, ""median_latency_ms"": null}}",False,1.0,insufficient evidence,0.0,Insufficient trial count (<10) or zero spikes recorded,0.0376,0.144,0.1192,0.0,0.0,0.0002,0.0183,1.0,4.6165,0.0099,insufficient evidence,850096100,2.96168648967708,0.0060441203925175,84.5330677842764,0.99,0.0001889885435902,6.2127452086103,0.998666666666667,0.000233481204763,good,43,2500,7499,817,7755,VISpm,"10-ms optical pulse (473 nm, Ai32)",0.0,0.0,,,0.0,"1.0, 2.5, 4.0 mW calibrated",0,0,0.144,0,-1
760345702,739783171,810753197,951842680,VISpm,45,0.0,2.778,2.778,8.124,0.0,0.0,0.022,0.0,1.0,0.0,1.0,0.149,-2.7778,"{""1.0"": {""evoked_rate_hz"": 8.33, ""baseline_rate_hz"": 0.0, ""reliability"": 0.067, ""modulation_ratio"": 8.33, ""median_latency_ms"": 8.12}, ""2.5"": {""evoked_rate_hz"": 0.0, ""baseline_rate_hz"": 0.0, ""reliability"": 0.0, ""modulation_ratio"": 0.0, ""median_latency_ms"": null}, ""4.0"": {""evoked_rate_hz"": 0.0, ""baseline_rate_hz"": 0.0, ""reliability"": 0.0, ""modulation_ratio"": 0.0, ""median_latency_ms"": null}}",False,1.0,not light responsive,0.95,Not statistically significant (p=1.0000 >= 0.05); Very low reliability (0.02 < 0.05),0.3394,0.1138,0.1192,0.022,0.6273,0.4845,1.0,1.0,1.4689,0.2302,low evidence (non-responsive),850096100,4.23368992491456,0.0372521447117201,62.0518533867148,0.99,0.004324292341857,6.03432083434359,0.978632478632479,0.0002031694433157,good,43,2500,7499,817,7755,VISpm,"10-ms optical pulse (473 nm, Ai32)",0.0,2.778,8.124,0.0,0.022,"1.0, 2.5, 4.0 mW calibrated",1,0,0.1138,0,0
760345702,739783171,810753197,951842674,VISpm,45,0.0,0.0,0.0,,,,0.0,0.0,0.0,,1.0,0.0,0.0,"{""1.0"": {""evoked_rate_hz"": 0.0, ""baseline_rate_hz"": 0.0, ""reliability"": 0.0, ""modulation_ratio"": 0.0, ""median_latency_ms"": null}, ""2.5"": {""evoked_rate_hz"": 0.0, ""baseline_rate_hz"": 0.0, ""reliability"": 0.0, ""modulation_ratio"": 0.0, ""median_latency_ms"": null}, ""4.0"": {""evoked_rate_hz"": 0.0, ""baseline_rate_hz"": 0.0, ""reliability"": 0.0, ""modulation_ratio"": 0.0, ""median_latency_ms"": null}}",False,-221.222,insufficient evidence,0.0,Insufficient trial count (<10) or zero spikes recorded,0.0376,0.144,0.1192,0.0,0.0,0.0002,0.0183,1.0,4.6165,0.0099,insufficient evidence,850096100,2.17189304365139,0.0513713947671012,58.6754152570444,0.99,0.0128688448373174,3.60637618608418,0.94,0.0030079949339032,good,43,2500,7499,817,7755,VISpm,"10-ms optical pulse (473 nm, Ai32)",0.0,0.0,,,0.0,"1.0, 2.5, 4.0 mW calibrated",0,0,0.144,0,-1
760345702,739783171,810753197,951842757,VISpm,45,0.0,0.0,0.0,,,,0.0,0.0,0.0,,1.0,0.0,0.0,"{""1.0"": {""evoked_rate_hz"": 0.0, ""baseline_rate_hz"": 0.0, ""reliability"": 0.0, ""modulation_ratio"": 0.0, ""median_latency_ms"": null}, ""2.5"": {""evoked_rate_hz"": 0.0, ""baseline_rate_hz"": 0.0, ""reliability"": 0.0, ""modulation_ratio"": 0.0, ""median_latency_ms"": null}, ""4.0"": {""evoked_rate_hz"": 0.0, ""baseline_rate_hz"": 0.0, ""reliability"": 0.0, ""modulation_ratio"": 0.0, ""median_latency_ms"": null}}",False,1.0,insufficient evidence,0.0,Insufficient trial count (<10) or zero spikes recorded,0.0376,0.144,0.1192,0.0,0.0,0.0002,0.0183,1.0,4.6165,0.0099,insufficient evidence,850096114,3.01360287308651,0.2174750073672,52.3311161169492,0.98,3.17852306709881e-05,6.31626594412791,0.912772585669782,0.0003369385760975,good,27,2560,7503,746,7754,VISpm,"10-ms optical pulse (473 nm, Ai32)",0.0,0.0,,,0.0,"1.0, 2.5, 4.0 mW calibrated",0,0,0.144,0,-1
760345702,739783171,810753197,951842745,VISpm,45,2.963,11.111,2.804,6.892,1.966,2.87,0.089,0.0,0.932,0.301,0.18282,0.238,2.7778,"{""1.0"": {""evoked_rate_hz"": 8.33, ""baseline_rate_hz"": 0.0, ""reliability"": 0.067, ""modulation_ratio"": 8.33, ""median_latency_ms"": 8.14}, ""2.5"": {""evoked_rate_hz"": 8.33, ""baseline_rate_hz"": 4.44, ""reliability"": 0.067, ""modulation_ratio"": 1.53, ""median_latency_ms"": 8.18}, ""4.0"": {""evoked_rate_hz"": 16.67, ""baseline_rate_hz"": 4.44, ""reliability"": 0.133, ""modulation_ratio"": 3.06, ""median_latency_ms"": 4.91}}",False,0.667,not light responsive,0.911,Not statistically significant (p=0.1828 >= 0.05),0.3555,0.3029,0.2206,0.089,0.6314,0.6351,0.4555,1.0,1.1947,0.3028,intermediate evidence (uncertain / borderline),850096112,2.00044060330018,0.0419008262093137,60.656502625188,0.99,0.0085158090320802,2.71173746975988,0.79,0.0764628902598617,good,59,2560,7503,755,7754,VISpm,"10-ms optical pulse (473 nm, Ai32)",2.963,11.111,6.892,1.966,0.089,"1.0, 2.5, 4.0 mW calibrated",5,1,0.3029,0,0
760345702,739783171,810753197,951842771,VISpm,45,0.0,0.0,0.0,,,,0.0,0.0,0.0,,1.0,0.0,0.0,"{""1.0"": {""evoked_rate_hz"": 0.0, ""baseline_rate_hz"": 0.0, ""reliability"": 0.0, ""modulation_ratio"": 0.0, ""median_latency_ms"": null}, ""2.5"": {""evoked_rate_hz"": 0.0, ""baseline_rate_hz"": 0.0, ""reliability"": 0.0, ""modulation_ratio"": 0.0, ""median_latency_ms"": null}, ""4.0"": {""evoked_rate_hz"": 0.0, ""baseline_rate_hz"": 0.0, ""reliability"": 0.0, ""modulation_ratio"": 0.0, ""median_latency_ms"": null}}",False,1.0,insufficient evidence,0.0,Insufficient trial count (<10) or zero spikes recorded,0.0376,0.144,0.1192,0.0,0.0,0.0002,0.0183,1.0,4.6165,0.0099,insufficient evidence,850096116,4.454553542689,0.0,101.790667809803,0.98,0.000884000669515,8.94561608219825,0.990867579908676,0.0001007353681877,good,43,2580,7504,737,7754,VISpm,"10-ms optical pulse (473 nm, Ai32)",0.0,0.0,,,0.0,"1.0, 2.5, 4.0 mW calibrated",0,0,0.144,0,-1
760345702,739783171,810753197,951842812,VISpm,45,0.0,0.0,0.0,,,,0.0,0.0,0.0,,1.0,0.0,0.0,"{""1.0"": {""evoked_rate_hz"": 0.0, ""baseline_rate_hz"": 0.0, ""reliability"": 0.0, ""modulation_ratio"": 0.0, ""median_latency_ms"": null}, ""2.5"": {""evoked_rate_hz"": 0.0, ""baseline_rate_hz"": 0.0, ""reliability"": 0.0, ""modulation_ratio"": 0.0, ""median_latency_ms"": null}, ""4.0"": {""evoked_rate_hz"": 0.0, ""baseline_rate_hz"": 0.0, ""reliability"": 0.0, ""modulation_ratio"": 0.0, ""median_latency_ms"": null}}",False,1.0,insufficient evidence,0.0,Insufficient trial count (<10) or zero spikes recorded,0.0376,0.144,0.1192,0.0,0.0,0.0002,0.0183,1.0,4.6165,0.0099,insufficient evidence,850096120,4.65529526573261,0.0,70.9853689068271,0.96,0.0006921930463016,7.96650786527157,0.963963963963964,0.0001003713740841,good,59,2600,7505,719,7754,VISpm,"10-ms optical pulse (473 nm, Ai32)",0.0,0.0,,,0.0,"1.0, 2.5, 4.0 mW calibrated",0,0,0.144,0,-1
760345702,739783171,810753197,951842838,VISpm,45,1.481,0.0,0.0,,,,0.0,0.0,0.0,,1.0,-0.149,0.0,"{""1.0"": {""evoked_rate_hz"": 0.0, ""baseline_rate_hz"": 0.0, ""reliability"": 0.0, ""modulation_ratio"": 0.0, ""median_latency_ms"": null}, ""2.5"": {""evoked_rate_hz"": 0.0, ""baseline_rate_hz"": 0.0, ""reliability"": 0.0, ""modulation_ratio"": 0.0, ""median_latency_ms"": null}, ""4.0"": {""evoked_rate_hz"": 0.0, ""baseline_rate_hz"": 4.44, ""reliability"": 0.0, ""modulation_ratio"": 0.0, ""median_latency_ms"": null}}",False,1.0,not light responsive,0.95,Not statistically significant (p=1.0000 >= 0.05); No positive modulation (mod_ratio=0.00 <= 1.0); Very low reliability (0.00 < 0.05),0.0376,0.144,0.1192,0.0,0.0,0.0002,0.0183,1.0,4.6165,0.0099,low evidence (non-responsive),850096126,1.80772810300543,0.408066258552985,58.2571738224124,0.99,0.0514277308662196,4.57861734153617,0.896024464831804,0.0021365312381543,good,11,2620,7506,692,7754,VISpm,"10-ms optical pulse (473 nm, Ai32)",1.481,0.0,,,0.0,"1.0, 2.5, 4.0 mW calibrated",0,1,0.144,0,0
760345702,739783171,810753197,951842946,VISpm,45,0.0,0.0,0.0,,,,0.0,0.0,0.0,,1.0,0.0,0.0,"{""1.0"": {""evoked_rate_hz"": 0.0, ""baseline_rate_hz"": 0.0, ""reliability"": 0.0, ""modulation_ratio"": 0.0, ""median_latency_ms"": null}, ""2.5"": {""evoked_rate_hz"": 0.0, ""baseline_rate_hz"": 0.0, ""reliability"": 0.0, ""modulation_ratio"": 0.0, ""median_latency_ms"": null}, ""4.0"": {""evoked_rate_hz"": 0.0, ""baseline_rate_hz"": 0.0, ""reliability"": 0.0, ""modulation_ratio"": 0.0, ""median_latency_ms"": null}}",False,1.0,insufficient evidence,0.0,Insufficient trial count (<10) or zero spikes recorded,0.0376,0.144,0.1192,0.0,0.0,0.0002,0.0183,1.0,4.6165,0.0099,insufficient evidence,850096134,1.17777134239034,0.284058955932929,63.6650329331201,0.99,0.0204524398305518,4.79803463858047,0.920720720720721,0.001766004415011,good,11,2660,7508,647,7753,VISpm,"10-ms optical pulse (473 nm, Ai32)",0.0,0.0,,,0.0,"1.0, 2.5, 4.0 mW calibrated",0,0,0.144,0,-1
760345702,739783171,810753197,951842935,VISpm,45,0.0,5.556,5.556,8.524,0.392,0.277,0.044,0.0,0.977,0.046,0.47353,0.213,0.0,"{""1.0"": {""evoked_rate_hz"": 8.33, ""baseline_rate_hz"": 0.0, ""reliability"": 0.067, ""modulation_ratio"": 8.33, ""median_latency_ms"": 8.8}, ""2.5"": {""evoked_rate_hz"": 0.0, ""baseline_rate_hz"": 0.0, ""reliability"": 0.0, ""modulation_ratio"": 0.0, ""median_latency_ms"": null}, ""4.0"": {""evoked_rate_hz"": 8.33, ""baseline_rate_hz"": 0.0, ""reliability"": 0.067, ""modulation_ratio"": 8.33, ""median_latency_ms"": 8.25}}",False,-221.222,not light responsive,0.95,Not statistically significant (p=0.4735 >= 0.05); Very low reliability (0.04 < 0.05),0.378,0.1151,0.1577,0.044,0.8446,0.4349,0.8549,1.0,1.9566,0.1413,intermediate evidence (uncertain / borderline),850096138,2.70363897074484,0.05717270174099,60.2206548803764,0.99,0.0017074365983648,5.29776968844146,0.988,0.0003735059760956,good,27,2680,7509,629,7753,VISpm,"10-ms optical pulse (473 nm, Ai32)",0.0,5.556,8.524,0.392,0.044,"1.0, 2.5, 4.0 mW calibrated",3,0,0.1151,0,0
760345702,739783171,810753197,951843110,VISpm,45,0.0,0.0,0.0,,,,0.0,0.0,0.0,,1.0,0.0,0.0,"{""1.0"": {""evoked_rate_hz"": 0.0, ""baseline_rate_hz"": 0.0, ""reliability"": 0.0, ""modulation_ratio"": 0.0, ""median_latency_ms"": null}, ""2.5"": {""evoked_rate_hz"": 0.0, ""baseline_rate_hz"": 0.0, ""reliability"": 0.0, ""modulation_ratio"": 0.0, ""median_latency_ms"": null}, ""4.0"": {""evoked_rate_hz"": 0.0, ""baseline_rate_hz"": 0.0, ""reliability"": 0.0, ""modulation_ratio"": 0.0, ""median_latency_ms"": null}}",False,1.0,insufficient evidence,0.0,Insufficient trial count (<10) or zero spikes recorded,0.0376,0.144,0.1192,0.0,0.0,0.0002,0.0183,1.0,4.6165,0.0099,insufficient evidence,850096140,3.22944968680695,0.047871709993042,68.0039070234654,0.96,0.0029612807954164,4.90016368661347,0.973277074542897,0.0001365700433609,good,43,2700,7509,620,7753,VISpm,"10-ms optical pulse (473 nm, Ai32)",0.0,0.0,,,0.0,"1.0, 2.5, 4.0 mW calibrated",0,0,0.144,0,-1
760345702,739783171,810753197,951843019,VISpm,45,2.963,0.0,0.0,,,,0.0,0.022,0.0,,0.47552,-0.213,0.0,"{""1.0"": {""evoked_rate_hz"": 0.0, ""baseline_rate_hz"": 0.0, ""reliability"": 0.0, ""modulation_ratio"": 0.0, ""median_latency_ms"": null}, ""2.5"": {""evoked_rate_hz"": 0.0, ""baseline_rate_hz"": 0.0, ""reliability"": 0.0, ""modulation_ratio"": 0.0, ""median_latency_ms"": null}, ""4.0"": {""evoked_rate_hz"": 0.0, ""baseline_rate_hz"": 8.89, ""reliability"": 0.0, ""modulation_ratio"": 0.0, ""median_latency_ms"": null}}",False,1.0,not light responsive,0.95,Not statistically significant (p=0.4755 >= 0.05); No positive modulation (mod_ratio=0.00 <= 1.0); Very low reliability (0.00 < 0.05),0.0491,0.144,0.1575,0.0,0.0,0.0002,0.0183,1.0,4.6165,0.0099,low evidence (non-responsive),850096164,2.60462671003675,0.0078157560993898,,0.99,0.0033101688900738,,,,good,43,2820,7515,504,7754,VISpm,"10-ms optical pulse (473 nm, Ai32)",2.963,0.0,,,0.0,"1.0, 2.5, 4.0 mW calibrated",0,1,0.144,0,0
760345702,739783171,810753199,951849054,LGd,45,16.296,13.889,0.803,6.684,2.374,2.404,0.111,0.089,0.909,0.381,0.68432,-0.052,-5.5556,"{""1.0"": {""evoked_rate_hz"": 16.67, ""baseline_rate_hz"": 17.78, ""reliability"": 0.133, ""modulation_ratio"": 0.89, ""median_latency_ms"": 4.07}, ""2.5"": {""evoked_rate_hz"": 25.0, ""baseline_rate_hz"": 13.33, ""reliability"": 0.2, ""modulation_ratio"": 1.74, ""median_latency_ms"": 8.12}, ""4.0"": {""evoked_rate_hz"": 0.0, ""baseline_rate_hz"": 17.78, ""reliability"": 0.0, ""modulation_ratio"": 0.0, ""median_latency_ms"": null}}",False,0.6,not light responsive,0.889,Not statistically significant (p=0.6843 >= 0.05); No positive modulation (mod_ratio=0.80 <= 1.0),0.2065,0.3212,0.1376,0.111,0.0,0.6588,0.3869,1.0,1.4147,0.243,low evidence (non-responsive),850094278,4.59646048424092,0.0028547694804099,146.633055994028,0.99,0.0005224823287447,9.86560285716775,0.999333333333333,6.73264660337979e-05,good,43,20,7614,3011,7795,LGd,"10-ms optical pulse (473 nm, Ai32)",16.296,13.889,6.684,2.374,0.111,"1.0, 2.5, 4.0 mW calibrated",6,7,0.3212,0,0
760345702,739783171,810753199,951849145,LGd,45,14.815,13.889,0.878,5.288,2.898,4.383,0.111,0.111,0.909,0.582,0.83317,-0.021,-2.7778,"{""1.0"": {""evoked_rate_hz"": 25.0, ""baseline_rate_hz"": 17.78, ""reliability"": 0.2, ""modulation_ratio"": 1.33, ""median_latency_ms"": 5.29}, ""2.5"": {""evoked_rate_hz"": 0.0, ""baseline_rate_hz"": 17.78, ""reliability"": 0.0, ""modulation_ratio"": 0.0, ""median_latency_ms"": null}, ""4.0"": {""evoked_rate_hz"": 16.67, ""baseline_rate_hz"": 8.89, ""reliability"": 0.133, ""modulation_ratio"": 1.69, ""median_latency_ms"": 5.22}}",False,-0.499,not light responsive,0.889,Not statistically significant (p=0.8332 >= 0.05); No positive modulation (mod_ratio=0.88 <= 1.0),0.2167,0.3778,0.1278,0.111,0.0,0.7951,0.3137,1.0,1.5339,0.2157,low evidence (non-responsive),850094284,3.97788001988139,0.0023278204186494,87.7840313882981,0.99,0.0003158888211769,7.6551791684565,0.993071593533487,0.0003484199156823,good,27,40,7620,2984,7794,LGd,"10-ms optical pulse (473 nm, Ai32)",14.815,13.889,5.288,2.898,0.111,"1.0, 2.5, 4.0 mW calibrated",6,7,0.3778,0,0
760345702,739783171,810753199,951849118,LGd,45,1.481,11.111,4.478,6.285,0.811,0.62,0.089,0.022,0.932,0.134,0.12887,0.255,-2.7778,"{""1.0"": {""evoked_rate_hz"": 8.33, ""baseline_rate_hz"": 0.0, ""reliability"": 0.067, ""modulation_ratio"": 8.33, ""median_latency_ms"": 6.79}, ""2.5"": {""evoked_rate_hz"": 25.0, ""baseline_rate_hz"": 4.44, ""reliability"": 0.2, ""modulation_ratio"": 4.59, ""median_latency_ms"": 6.18}, ""4.0"": {""evoked_rate_hz"": 0.0, ""baseline_rate_hz"": 0.0, ""reliability"": 0.0, ""modulation_ratio"": 0.0, ""median_latency_ms"": null}}",False,0.004,not light responsive,0.911,Not statistically significant (p=0.1289 >= 0.05),0.433,0.2056,0.2478,0.089,0.7937,0.7021,0.723,1.0,1.6276,0.1964,intermediate evidence (uncertain / borderline),850094282,2.77869051429243,0.0793710155550575,44.7548793286244,0.99,0.0073329453441321,4.88448133668927,0.696223316912972,0.0156347717323327,good,59,40,7618,2993,7794,LGd,"10-ms optical pulse (473 nm, Ai32)",1.481,11.111,6.285,0.811,0.089,"1.0, 2.5, 4.0 mW calibrated",5,1,0.2056,0,0
760345702,739783171,810753199,951849108,LGd,45,0.0,2.778,2.778,8.595,0.0,0.0,0.022,0.0,1.0,0.0,1.0,0.149,-2.7778,"{""1.0"": {""evoked_rate_hz"": 8.33, ""baseline_rate_hz"": 0.0, ""reliability"": 0.067, ""modulation_ratio"": 8.33, ""median_latency_ms"": 8.59}, ""2.5"": {""evoked_rate_hz"": 0.0, ""baseline_rate_hz"": 0.0, ""reliability"": 0.0, ""modulation_ratio"": 0.0, ""median_latency_ms"": null}, ""4.0"": {""evoked_rate_hz"": 0.0, ""baseline_rate_hz"": 0.0, ""reliability"": 0.0, ""modulation_ratio"": 0.0, ""median_latency_ms"": null}}",False,1.0,not light responsive,0.95,Not statistically significant (p=1.0000 >= 0.05); Very low reliability (0.02 < 0.05),0.3307,0.1131,0.1192,0.022,0.6273,0.4262,1.0,1.0,1.4761,0.2285,low evidence (non-responsive),850094282,3.02058289037791,0.0840809261942805,17.2934957169387,0.99,0.0444300498723098,4.15429636407019,0.222222222222222,0.0046782444803446,good,59,40,7618,2993,7794,LGd,"10-ms optical pulse (473 nm, Ai32)",0.0,2.778,8.595,0.0,0.022,"1.0, 2.5, 4.0 mW calibrated",1,0,0.1131,0,0
760345702,739783171,810753199,951849205,LGd,45,4.444,0.0,0.0,,,,0.0,0.067,0.0,,0.23077,-0.264,0.0,"{""1.0"": {""evoked_rate_hz"": 0.0, ""baseline_rate_hz"": 8.89, ""reliability"": 0.0, ""modulation_ratio"": 0.0, ""median_latency_ms"": null}, ""2.5"": {""evoked_rate_hz"": 0.0, ""baseline_rate_hz"": 0.0, ""reliability"": 0.0, ""modulation_ratio"": 0.0, ""median_latency_ms"": null}, ""4.0"": {""evoked_rate_hz"": 0.0, ""baseline_rate_hz"": 4.44, ""reliability"": 0.0, ""modulation_ratio"": 0.0, ""median_latency_ms"": null}}",False,1.0,not light responsive,0.95,Not statistically significant (p=0.2308 >= 0.05); No positive modulation (mod_ratio=0.00 <= 1.0); Very low reliability (0.00 < 0.05),0.063,0.144,0.2037,0.0,0.0,0.0002,0.0183,1.0,4.6165,0.0099,low evidence (non-responsive),850094288,2.10121285011835,0.132906957830571,25.6249422347637,0.96,0.0382950358947399,3.04940480399083,0.116666666666667,0.0003674014696058,good,11,60,7625,2967,7792,LGd,"10-ms optical pulse (473 nm, Ai32)",4.444,0.0,,,0.0,"1.0, 2.5, 4.0 mW calibrated",0,2,0.144,0,0
760345702,739783171,810753199,951849186,LGd,45,29.63,11.111,0.363,3.287,2.119,2.894,0.089,0.289,0.932,0.563,0.00999,-0.354,8.3333,"{""1.0"": {""evoked_rate_hz"": 0.0, ""baseline_rate_hz"": 13.33, ""reliability"": 0.0, ""modulation_ratio"": 0.0, ""median_latency_ms"": null}, ""2.5"": {""evoked_rate_hz"": 8.33, ""baseline_rate_hz"": 31.11, ""reliability"": 0.067, ""modulation_ratio"": 0.26, ""median_latency_ms"": 2.09}, ""4.0"": {""evoked_rate_hz"": 25.0, ""baseline_rate_hz"": 44.44, ""reliability"": 0.2, ""modulation_ratio"": 0.55, ""median_latency_ms"": 4.48}}",False,-0.199,not light responsive,0.911,Not statistically significant (p=0.0100 >= 0.05); No positive modulation (mod_ratio=0.36 <= 1.0),0.3521,0.3691,0.5001,0.089,0.0,0.9134,0.4284,1.0,1.8712,0.1539,intermediate evidence (uncertain / borderline),850094288,2.66910269806953,0.180258558660067,50.8193268500009,0.99,0.0967871227096183,4.54300144197664,0.675641025641026,0.0086926762491444,good,11,60,7625,2967,7792,LGd,"10-ms optical pulse (473 nm, Ai32)",29.63,11.111,3.287,2.119,0.089,"1.0, 2.5, 4.0 mW calibrated",5,13,0.3691,0,0
760345702,739783171,810753199,951849269,LGd,45,4.444,11.111,2.041,2.668,0.844,0.52,0.089,0.022,0.932,0.346,0.36763,0.154,5.5556,"{""1.0"": {""evoked_rate_hz"": 0.0, ""baseline_rate_hz"": 0.0, ""reliability"": 0.0, ""modulation_ratio"": 0.0, ""median_latency_ms"": null}, ""2.5"": {""evoked_rate_hz"": 16.67, ""baseline_rate_hz"": 4.44, ""reliability"": 0.133, ""modulation_ratio"": 3.06, ""median_latency_ms"": 1.94}, ""4.0"": {""evoked_rate_hz"": 16.67, ""baseline_rate_hz"": 8.89, ""reliability"": 0.133, ""modulation_ratio"": 1.69, ""median_latency_ms"": 2.94}}",False,0.002,not light responsive,0.911,Not statistically significant (p=0.3676 >= 0.05),0.3804,0.2657,0.1729,0.089,0.4736,0.935,0.7135,1.0,1.7002,0.1826,intermediate evidence (uncertain / borderline),850094290,2.48375378586272,0.440782364479281,29.370637231167,0.99,0.0377637955841275,3.52618275149989,0.235955056179775,0.0027242457875088,good,59,80,7627,2958,7792,LGd,"10-ms optical pulse (473 nm, Ai32)",4.444,11.111,2.668,0.844,0.089,"1.0, 2.5, 4.0 mW calibrated",5,2,0.2657,0,0
760345702,739783171,810753199,951849250,LGd,45,7.407,25.0,2.974,5.022,2.75,4.075,0.2,0.067,0.818,0.628,0.04496,0.321,0.0,"{""1.0"": {""evoked_rate_hz"": 25.0, ""baseline_rate_hz"": 13.33, ""reliability"": 0.2, ""modulation_ratio"": 1.74, ""median_latency_ms"": 5.02}, ""2.5"": {""evoked_rate_hz"": 25.0, ""baseline_rate_hz"": 8.89, ""reliability"": 0.2, ""modulation_ratio"": 2.53, ""median_latency_ms"": 7.08}, ""4.0"": {""evoked_rate_hz"": 25.0, ""baseline_rate_hz"": 0.0, ""reliability"": 0.2, ""modulation_ratio"": 25.0, ""median_latency_ms"": 2.29}}",False,0.857,light-responsive / indirect or uncertain,0.65,Sub-threshold reliability (0.20 < 0.3),0.4396,0.4913,0.3424,0.2,0.6563,0.8159,0.3329,1.0,1.0639,0.3451,intermediate evidence (uncertain / borderline),850094290,2.95712513277551,0.117604970410157,34.8725359152802,0.99,0.0087546445584659,3.42129892957196,0.5,0.0096942580164056,good,59,80,7627,2958,7792,LGd,"10-ms optical pulse (473 nm, Ai32)",7.407,25.0,5.022,2.75,0.2,"1.0, 2.5, 4.0 mW calibrated",11,3,0.4913,0,1
760345702,739783171,810753199,951849241,LGd,45,4.444,8.333,1.531,5.591,2.731,2.634,0.067,0.044,0.955,0.574,0.62238,0.106,-5.5556,"{""1.0"": {""evoked_rate_hz"": 16.67, ""baseline_rate_hz"": 4.44, ""reliability"": 0.133, ""modulation_ratio"": 3.06, ""median_latency_ms"": 4.34}, ""2.5"": {""evoked_rate_hz"": 8.33, ""baseline_rate_hz"": 4.44, ""reliability"": 0.067, ""modulation_ratio"": 1.53, ""median_latency_ms"": 5.59}, ""4.0"": {""evoked_rate_hz"": 0.0, ""baseline_rate_hz"": 4.44, ""reliability"": 0.0, ""modulation_ratio"": 0.0, ""median_latency_ms"": null}}",False,-0.991,not light responsive,0.933,Not statistically significant (p=0.6224 >= 0.05),0.268,0.3361,0.1426,0.067,0.2979,0.7693,0.3354,1.0,1.367,0.2549,low evidence (non-responsive),850094290,2.41386072553315,0.217341301900235,53.4558073796442,0.99,0.0427569535329711,4.29345982144205,0.728778467908903,0.0174278432182958,good,59,80,7627,2958,7792,LGd,"10-ms optical pulse (473 nm, Ai32)",4.444,8.333,5.591,2.731,0.067,"1.0, 2.5, 4.0 mW calibrated",4,2,0.3361,0,0
760345702,739783171,810753199,951849226,LGd,45,5.926,5.556,0.802,1.802,0.08,0.056,0.044,0.044,0.977,0.044,0.82018,-0.011,5.5556,"{""1.0"": {""evoked_rate_hz"": 0.0, ""baseline_rate_hz"": 4.44, ""reliability"": 0.0, ""modulation_ratio"": 0.0, ""median_latency_ms"": null}, ""2.5"": {""evoked_rate_hz"": 0.0, ""baseline_rate_hz"": 4.44, ""reliability"": 0.0, ""modulation_ratio"": 0.0, ""median_latency_ms"": null}, ""4.0"": {""evoked_rate_hz"": 16.67, ""baseline_rate_hz"": 8.89, ""reliability"": 0.133, ""modulation_ratio"": 1.69, ""median_latency_ms"": 1.8}}",False,-0.498,not light responsive,0.95,Not statistically significant (p=0.8202 >= 0.05); No positive modulation (mod_ratio=0.80 <= 1.0); Very low reliability (0.04 < 0.05),0.2899,0.1004,0.1285,0.044,0.0,0.9569,0.9685,1.0,2.2448,0.1059,low evidence (non-responsive),850094290,3.178835453243,0.0973412754947482,39.5027729370149,0.99,0.0021072490075714,3.89528040463896,0.66046511627907,0.0064384261624936,good,59,80,7627,2958,7792,LGd,"10-ms optical pulse (473 nm, Ai32)",5.926,5.556,1.802,0.08,0.044,"1.0, 2.5, 4.0 mW calibrated",3,3,0.1004,0,0
760345702,739783171,810753199,951849155,LGd,45,14.815,16.667,1.054,7.012,3.213,4.86,0.133,0.089,0.886,0.566,0.82817,0.038,8.3333,"{""1.0"": {""evoked_rate_hz"": 8.33, ""baseline_rate_hz"": 17.78, ""reliability"": 0.067, ""modulation_ratio"": 0.44, ""median_latency_ms"": 1.19}, ""2.5"": {""evoked_rate_hz"": 8.33, ""baseline_rate_hz"": 8.89, ""reliability"": 0.067, ""modulation_ratio"": 0.84, ""median_latency_ms"": 8.29}, ""4.0"": {""evoked_rate_hz"": 33.33, ""baseline_rate_hz"": 17.78, ""reliability"": 0.267, ""modulation_ratio"": 1.78, ""median_latency_ms"": 7.01}}",False,0.445,not light responsive,0.867,Not statistically significant (p=0.8282 >= 0.05),0.2001,0.3892,0.1281,0.133,0.0379,0.621,0.2766,1.0,1.2697,0.2809,low evidence (non-responsive),850094290,2.41287064732431,0.0686244539242363,63.9166308277519,0.99,0.0128226172915699,5.60127556871508,0.952614379084967,0.0019055396760582,good,59,80,7627,2958,7792,LGd,"10-ms optical pulse (473 nm, Ai32)",14.815,16.667,7.012,3.213,0.133,"1.0, 2.5, 4.0 mW calibrated",8,7,0.3892,0,0
760345702,739783171,810753199,951852672,LGd,45,13.333,2.778,0.194,6.118,0.0,0.0,0.022,0.067,1.0,0.0,0.02897,-0.287,0.0,"{""1.0"": {""evoked_rate_hz"": 0.0, ""baseline_rate_hz"": 0.0, ""reliability"": 0.0, ""modulation_ratio"": 0.0, ""median_latency_ms"": null}, ""2.5"": {""evoked_rate_hz"": 8.33, ""baseline_rate_hz"": 13.33, ""reliability"": 0.067, ""modulation_ratio"": 0.58, ""median_latency_ms"": 6.12}, ""4.0"": {""evoked_rate_hz"": 0.0, ""baseline_rate_hz"": 26.67, ""reliability"": 0.0, ""modulation_ratio"": 0.0, ""median_latency_ms"": null}}",False,-0.497,not light responsive,0.95,Not statistically significant (p=0.0290 >= 0.05); No positive modulation (mod_ratio=0.19 <= 1.0); Very low reliability (0.02 < 0.05),0.3294,0.0895,0.3865,0.022,0.0,0.7193,1.0,1.0,1.7758,0.1693,low evidence (non-responsive),850094296,2.08262547452185,0.0348047520856424,89.3283036990586,0.99,0.0163342700476591,4.78654283705198,0.985380116959064,0.0006139991813344,good,11,100,7633,2932,7790,LGd,"10-ms optical pulse (473 nm, Ai32)",13.333,2.778,6.118,0.0,0.022,"1.0, 2.5, 4.0 mW calibrated",1,6,0.0895,0,0
760345702,739783171,810753199,951852655,LGd,45,10.37,11.111,0.977,5.915,1.566,1.272,0.089,0.111,0.932,0.29,1.0,0.016,8.3333,"{""1.0"": {""evoked_rate_hz"": 0.0, ""baseline_rate_hz"": 8.89, ""reliability"": 0.0, ""modulation_ratio"": 0.0, ""median_latency_ms"": null}, ""2.5"": {""evoked_rate_hz"": 8.33, ""baseline_rate_hz"": 13.33, ""reliability"": 0.067, ""modulation_ratio"": 0.58, ""median_latency_ms"": 3.14}, ""4.0"": {""evoked_rate_hz"": 25.0, ""baseline_rate_hz"": 8.89, ""reliability"": 0.2, ""modulation_ratio"": 2.53, ""median_latency_ms"": 6.18}}",False,0.334,not light responsive,0.911,Not statistically significant (p=1.0000 >= 0.05); No positive modulation (mod_ratio=0.98 <= 1.0),0.2224,0.2599,0.1192,0.089,0.0,0.7393,0.5345,1.0,1.5443,0.2135,low evidence (non-responsive),850094296,1.584864240841,0.0904330874922324,59.9056086530704,0.99,0.0227528132736919,5.03860948795848,0.948412698412698,0.0023594583504308,good,11,100,7633,2932,7790,LGd,"10-ms optical pulse (473 nm, Ai32)",10.37,11.111,5.915,1.566,0.089,"1.0, 2.5, 4.0 mW calibrated",5,5,0.2599,0,0
760345702,739783171,810753199,951849316,LGd,45,28.148,30.556,1.048,3.687,2.739,4.331,0.244,0.2,0.773,0.623,0.77223,0.036,-8.3333,"{""1.0"": {""evoked_rate_hz"": 33.33, ""baseline_rate_hz"": 44.44, ""reliability"": 0.267, ""modulation_ratio"": 0.73, ""median_latency_ms"": 2.92}, ""2.5"": {""evoked_rate_hz"": 50.0, ""baseline_rate_hz"": 26.67, ""reliability"": 0.4, ""modulation_ratio"": 1.81, ""median_latency_ms"": 6.62}, ""4.0"": {""evoked_rate_hz"": 8.33, ""baseline_rate_hz"": 13.33, ""reliability"": 0.067, ""modulation_ratio"": 0.58, ""median_latency_ms"": 3.69}}",False,-0.411,not light responsive,0.756,Not statistically significant (p=0.7722 >= 0.05),0.2751,0.5399,0.1315,0.244,0.0338,0.8963,0.3343,1.0,1.4527,0.2339,low evidence (non-responsive),850094296,4.07287267720372,0.0015020087076614,120.845704270072,0.99,0.0002229228779008,7.95105660453933,0.982974910394265,0.0001731062179753,good,11,100,7633,2932,7790,LGd,"10-ms optical pulse (473 nm, Ai32)",28.148,30.556,3.687,2.739,0.244,"1.0, 2.5, 4.0 mW calibrated",14,13,0.5399,0,0
760345702,739783171,810753199,951852680,LGd,45,8.889,2.778,0.281,4.726,0.0,0.0,0.022,0.111,1.0,0.0,0.11688,-0.201,-2.7778,"{""1.0"": {""evoked_rate_hz"": 8.33, ""baseline_rate_hz"": 13.33, ""reliability"": 0.067, ""modulation_ratio"": 0.58, ""median_latency_ms"": 4.73}, ""2.5"": {""evoked_rate_hz"": 0.0, ""baseline_rate_hz"": 13.33, ""reliability"": 0.0, ""modulation_ratio"": 0.0, ""median_latency_ms"": null}, ""4.0"": {""evoked_rate_hz"": 0.0, ""baseline_rate_hz"": 0.0, ""reliability"": 0.0, ""modulation_ratio"": 0.0, ""median_latency_ms"": null}}",False,1.0,not light responsive,0.95,Not statistically significant (p=0.1169 >= 0.05); No positive modulation (mod_ratio=0.28 <= 1.0); Very low reliability (0.02 < 0.05),0.3078,0.0817,0.2558,0.022,0.0,0.8371,1.0,1.0,1.8979,0.1499,low evidence (non-responsive),850094294,2.36921905570633,0.127042096902853,51.6722582215522,0.98,0.033018703208359,4.02764834102189,0.843537414965986,0.0004689645931732,good,43,100,7631,2941,7790,LGd,"10-ms optical pulse (473 nm, Ai32)",8.889,2.778,4.726,0.0,0.022,"1.0, 2.5, 4.0 mW calibrated",1,4,0.0817,0,0
760345702,739783171,810753199,951849390,LGd,45,44.444,63.889,1.406,4.86,2.557,4.404,0.444,0.311,0.767,0.486,0.14685,0.237,0.0,"{""1.0"": {""evoked_rate_hz"": 66.67, ""baseline_rate_hz"": 62.22, ""reliability"": 0.467, ""modulation_ratio"": 1.05, ""median_latency_ms"": 4.86}, ""2.5"": {""evoked_rate_hz"": 58.33, ""baseline_rate_hz"": 26.67, ""reliability"": 0.467, ""modulation_ratio"": 2.11, ""median_latency_ms"": 4.86}, ""4.0"": {""evoked_rate_hz"": 66.67, ""baseline_rate_hz"": 44.44, ""reliability"": 0.4, ""modulation_ratio"": 1.47, ""median_latency_ms"": 5.55}}",False,0.053,not light responsive,0.556,Not statistically significant (p=0.1469 >= 0.05),0.3905,0.5564,0.2374,0.444,0.241,0.8278,0.3596,1.0,1.1803,0.3072,intermediate evidence (uncertain / borderline),850094300,2.24713078327378,0.007775756007153,100.594653200771,0.99,0.0101185198787669,5.7861759636704,1.0,6.26802055910743e-05,good,27,120,7637,2915,7789,LGd,"10-ms optical pulse (473 nm, Ai32)",44.444,63.889,4.86,2.557,0.444,"1.0, 2.5, 4.0 mW calibrated",29,20,0.5564,0,0
760345702,739783171,810753199,951852696,LGd,45,7.407,2.778,0.33,5.274,0.0,0.0,0.022,0.067,1.0,0.0,0.22478,-0.16,0.0,"{""1.0"": {""evoked_rate_hz"": 0.0, ""baseline_rate_hz"": 8.89, ""reliability"": 0.0, ""modulation_ratio"": 0.0, ""median_latency_ms"": null}, ""2.5"": {""evoked_rate_hz"": 8.33, ""baseline_rate_hz"": 8.89, ""reliability"": 0.067, ""modulation_ratio"": 0.84, ""median_latency_ms"": 5.27}, ""4.0"": {""evoked_rate_hz"": 0.0, ""baseline_rate_hz"": 4.44, ""reliability"": 0.0, ""modulation_ratio"": 0.0, ""median_latency_ms"": null}}",False,1.0,not light responsive,0.95,Not statistically significant (p=0.2248 >= 0.05); No positive modulation (mod_ratio=0.33 <= 1.0); Very low reliability (0.02 < 0.05),0.2866,0.0851,0.2056,0.022,0.0,0.7962,1.0,1.0,1.843,0.1583,low evidence (non-responsive),850094298,4.09286748114385,0.0246065973743955,26.4305654072213,0.99,0.0017991293361505,5.08384890096994,0.285714285714286,0.001403931006819,good,59,120,7635,2923,7789,LGd,"10-ms optical pulse (473 nm, Ai32)",7.407,2.778,5.274,0.0,0.022,"1.0, 2.5, 4.0 mW calibrated",1,3,0.0851,0,0
760345702,739783171,810753199,951852687,LGd,45,2.963,2.778,0.701,7.197,0.0,0.0,0.022,0.022,1.0,0.0,1.0,-0.008,-2.7778,"{""1.0"": {""evoked_rate_hz"": 8.33, ""baseline_rate_hz"": 8.89, ""reliability"": 0.067, ""modulation_ratio"": 0.84, ""median_latency_ms"": 7.2}, ""2.5"": {""evoked_rate_hz"": 0.0, ""baseline_rate_hz"": 0.0, ""reliability"": 0.0, ""modulation_ratio"": 0.0, ""median_latency_ms"": null}, ""4.0"": {""evoked_rate_hz"": 0.0, ""baseline_rate_hz"": 0.0, ""reliability"": 0.0, ""modulation_ratio"": 0.0, ""median_latency_ms"": null}}",False,1.0,not light responsive,0.95,Not statistically significant (p=1.0000 >= 0.05); No positive modulation (mod_ratio=0.70 <= 1.0); Very low reliability (0.02 < 0.05),0.2311,0.0931,0.1192,0.022,0.0,0.599,1.0,1.0,1.7241,0.1783,low evidence (non-responsive),850094298,2.60728651528511,0.170943595981393,34.2692933237298,0.99,0.0057572272513917,3.04379044664922,0.577777777777778,0.000100150225338,good,59,120,7635,2923,7789,LGd,"10-ms optical pulse (473 nm, Ai32)",2.963,2.778,7.197,0.0,0.022,"1.0, 2.5, 4.0 mW calibrated",1,1,0.0931,0,0
760345702,739783171,810753199,951849366,LGd,45,17.778,22.222,1.183,6.655,2.557,4.002,0.178,0.156,0.841,0.442,0.57642,0.085,-5.5556,"{""1.0"": {""evoked_rate_hz"": 33.33, ""baseline_rate_hz"": 26.67, ""reliability"": 0.267, ""modulation_ratio"": 1.2, ""median_latency_ms"": 7.39}, ""2.5"": {""evoked_rate_hz"": 16.67, ""baseline_rate_hz"": 17.78, ""reliability"": 0.133, ""modulation_ratio"": 0.89, ""median_latency_ms"": 5.03}, ""4.0"": {""evoked_rate_hz"": 16.67, ""baseline_rate_hz"": 8.89, ""reliability"": 0.133, ""modulation_ratio"": 1.69, ""median_latency_ms"": 4.61}}",False,-0.57,not light responsive,0.822,Not statistically significant (p=0.5764 >= 0.05),0.2479,0.4252,0.1467,0.178,0.1206,0.6621,0.3596,1.0,1.0291,0.3573,low evidence (non-responsive),850094298,2.8396508197555,0.0463755131782755,82.5499676139915,0.99,0.0072266381847241,5.01257490021746,0.886608015640274,0.0052110294371398,good,59,120,7635,2923,7789,LGd,"10-ms optical pulse (473 nm, Ai32)",17.778,22.222,6.655,2.557,0.178,"1.0, 2.5, 4.0 mW calibrated",10,8,0.4252,0,0
760345702,739783171,810753199,951849351,LGd,45,11.852,8.333,0.648,2.284,3.488,3.123,0.067,0.067,0.955,0.855,0.51249,-0.082,5.5556,"{""1.0"": {""evoked_rate_hz"": 0.0, ""baseline_rate_hz"": 8.89, ""reliability"": 0.0, ""modulation_ratio"": 0.0, ""median_latency_ms"": null}, ""2.5"": {""evoked_rate_hz"": 8.33, ""baseline_rate_hz"": 8.89, ""reliability"": 0.067, ""modulation_ratio"": 0.84, ""median_latency_ms"": 2.28}, ""4.0"": {""evoked_rate_hz"": 16.67, ""baseline_rate_hz"": 17.78, ""reliability"": 0.133, ""modulation_ratio"": 0.89, ""median_latency_ms"": 4.98}}",False,0.667,not light responsive,0.933,Not statistically significant (p=0.5125 >= 0.05); No positive modulation (mod_ratio=0.65 <= 1.0),0.2293,0.6468,0.1532,0.067,0.0,0.9457,0.2478,1.0,2.0974,0.1228,low evidence (non-responsive),850094298,4.62324588695874,0.0222054535427675,57.7532319455189,0.99,6.21383257098681e-05,5.46265960661475,0.88659793814433,0.0026514378951662,good,59,120,7635,2923,7789,LGd,"10-ms optical pulse (473 nm, Ai32)",11.852,8.333,2.284,3.488,0.067,"1.0, 2.5, 4.0 mW calibrated",4,5,0.6468,0,0
760345702,739783171,810753199,951852705,LGd,45,26.667,27.778,1.004,4.96,2.316,3.913,0.222,0.2,0.795,0.479,0.88511,0.02,2.7778,"{""1.0"": {""evoked_rate_hz"": 25.0, ""baseline_rate_hz"": 22.22, ""reliability"": 0.2, ""modulation_ratio"": 1.08, ""median_latency_ms"": 4.99}, ""2.5"": {""evoked_rate_hz"": 25.0, ""baseline_rate_hz"": 17.78, ""reliability"": 0.2, ""modulation_ratio"": 1.33, ""median_latency_ms"": 6.96}, ""4.0"": {""evoked_rate_hz"": 33.33, ""baseline_rate_hz"": 40.0, ""reliability"": 0.267, ""modulation_ratio"": 0.81, ""median_latency_ms"": 2.49}}",False,0.25,not light responsive,0.778,Not statistically significant (p=0.8851 >= 0.05),0.2562,0.4457,0.1249,0.222,0.0029,0.8205,0.396,1.0,1.3108,0.2696,low evidence (non-responsive),850094304,1.78955349409972,0.0340496445990872,77.9376365912649,0.99,0.071995191428976,2.86569107144242,0.973131821998321,0.0032628692422506,good,11,140,7644,2889,7787,LGd,"10-ms optical pulse (473 nm, Ai32)",26.667,27.778,4.96,2.316,0.222,"1.0, 2.5, 4.0 mW calibrated",13,12,0.4457,0,0
760345702,739783171,810753199,951849420,LGd,45,40.0,50.0,1.22,4.678,2.298,3.784,0.356,0.333,0.841,0.504,0.38761,0.126,13.8889,"{""1.0"": {""evoked_rate_hz"": 25.0, ""baseline_rate_hz"": 40.0, ""reliability"": 0.2, ""modulation_ratio"": 0.61, ""median_latency_ms"": 5.83}, ""2.5"": {""evoked_rate_hz"": 58.33, ""baseline_rate_hz"": 48.89, ""reliability"": 0.4, ""modulation_ratio"": 1.17, ""median_latency_ms"": 4.68}, ""4.0"": {""evoked_rate_hz"": 66.67, ""baseline_rate_hz"": 31.11, ""reliability"": 0.467, ""modulation_ratio"": 2.08, ""median_latency_ms"": 3.45}}",False,0.077,not light responsive,0.644,Not statistically significant (p=0.3876 >= 0.05),0.3343,0.5327,0.1696,0.356,0.1425,0.8404,0.3988,1.0,1.1299,0.3231,low evidence (non-responsive),850094304,2.69642072476227,0.0185826194600328,93.940555595099,0.99,0.0034378719304182,5.46769102772918,0.983333333333333,0.0036538122908962,good,11,140,7644,2889,7787,LGd,"10-ms optical pulse (473 nm, Ai32)",40.0,50.0,4.678,2.298,0.356,"1.0, 2.5, 4.0 mW calibrated",22,18,0.5327,0,0
760345702,739783171,810753199,951849411,LGd,45,34.074,8.333,0.238,3.658,3.009,2.759,0.067,0.289,0.955,0.596,0.001,-0.494,8.3333,"{""1.0"": {""evoked_rate_hz"": 0.0, ""baseline_rate_hz"": 35.56, ""reliability"": 0.0, ""modulation_ratio"": 0.0, ""median_latency_ms"": null}, ""2.5"": {""evoked_rate_hz"": 0.0, ""baseline_rate_hz"": 31.11, ""reliability"": 0.0, ""modulation_ratio"": 0.0, ""median_latency_ms"": null}, ""4.0"": {""evoked_rate_hz"": 25.0, ""baseline_rate_hz"": 35.56, ""reliability"": 0.2, ""modulation_ratio"": 0.68, ""median_latency_ms"": 3.66}}",False,-3.49,not light responsive,0.933,Not statistically significant (p=0.0010 >= 0.05); No positive modulation (mod_ratio=0.24 <= 1.0),0.4007,0.4121,0.7311,0.067,0.0,0.8976,0.3001,1.0,1.8803,0.1525,intermediate evidence (uncertain / borderline),850094304,3.80124543259646,0.012185976793002,72.510486579852,0.99,0.0008519267003703,5.39512000325452,0.966562173458725,0.0012051096649795,good,11,140,7644,2889,7787,LGd,"10-ms optical pulse (473 nm, Ai32)",34.074,8.333,3.658,3.009,0.067,"1.0, 2.5, 4.0 mW calibrated",4,15,0.4121,0,0
760345702,739783171,810753199,951849403,LGd,45,7.407,16.667,1.982,6.955,1.938,1.27,0.133,0.044,0.886,0.3,0.24575,0.19,2.7778,"{""1.0"": {""evoked_rate_hz"": 16.67, ""baseline_rate_hz"": 4.44, ""reliability"": 0.133, ""modulation_ratio"": 3.06, ""median_latency_ms"": 7.91}, ""2.5"": {""evoked_rate_hz"": 8.33, ""baseline_rate_hz"": 13.33, ""reliability"": 0.067, ""modulation_ratio"": 0.58, ""median_latency_ms"": 7.34}, ""4.0"": {""evoked_rate_hz"": 25.0, ""baseline_rate_hz"": 4.44, ""reliability"": 0.2, ""modulation_ratio"": 4.59, ""median_latency_ms"": 5.71}}",False,1.0,not light responsive,0.867,Not statistically significant (p=0.2457 >= 0.05),0.3247,0.3807,0.1993,0.133,0.457,0.6277,0.4606,1.0,0.875,0.4169,low evidence (non-responsive),850094304,2.47523025310296,0.0528553128324689,58.3996281438577,0.99,0.0123444321306286,3.67238666097089,0.893393393393393,0.0027272107452103,good,11,140,7644,2889,7787,LGd,"10-ms optical pulse (473 nm, Ai32)",7.407,16.667,6.955,1.938,0.133,"1.0, 2.5, 4.0 mW calibrated",8,3,0.3807,0,0
760345702,739783171,810753199,951849395,LGd,45,28.148,41.667,1.429,4.185,2.39,3.646,0.289,0.289,0.955,0.493,0.28771,0.157,2.7778,"{""1.0"": {""evoked_rate_hz"": 50.0, ""baseline_rate_hz"": 31.11, ""reliability"": 0.333, ""modulation_ratio"": 1.56, ""median_latency_ms"": 4.19}, ""2.5"": {""evoked_rate_hz"": 16.67, ""baseline_rate_hz"": 13.33, ""reliability"": 0.133, ""modulation_ratio"": 1.16, ""median_latency_ms"": 6.85}, ""4.0"": {""evoked_rate_hz"": 58.33, ""baseline_rate_hz"": 40.0, ""reliability"": 0.4, ""modulation_ratio"": 1.42, ""median_latency_ms"": 3.11}}",False,-1.499,not light responsive,0.711,Not statistically significant (p=0.2877 >= 0.05),0.3483,0.5444,0.1886,0.289,0.252,0.8707,0.3844,1.0,1.0714,0.3425,low evidence (non-responsive),850094302,6.05380371774337,0.0,221.841167466668,0.99,0.000247342403465,11.861235000667,1.0,0.0001042318115488,good,43,140,7641,2898,7788,LGd,"10-ms optical pulse (473 nm, Ai32)",28.148,41.667,4.185,2.39,0.289,"1.0, 2.5, 4.0 mW calibrated",19,13,0.5444,0,0
760345702,739783171,810753199,951849486,LGd,45,22.222,27.778,1.196,5.185,2.174,3.728,0.222,0.2,0.795,0.393,0.57343,0.083,-2.7778,"{""1.0"": {""evoked_rate_hz"": 33.33, ""baseline_rate_hz"": 17.78, ""reliability"": 0.267, ""modulation_ratio"": 1.78, ""median_latency_ms"": 3.8}, ""2.5"": {""evoked_rate_hz"": 25.0, ""baseline_rate_hz"": 35.56, ""reliability"": 0.2, ""modulation_ratio"": 0.68, ""median_latency_ms"": 5.44}, ""4.0"": {""evoked_rate_hz"": 25.0, ""baseline_rate_hz"": 13.33, ""reliability"": 0.2, ""modulation_ratio"": 1.74, ""median_latency_ms"": 7.86}}",False,0.572,not light responsive,0.778,Not statistically significant (p=0.5734 >= 0.05),0.2877,0.4551,0.147,0.222,0.1284,0.8034,0.4191,1.0,1.0944,0.3348,low evidence (non-responsive),850094308,3.36074172637978,0.0046941459813783,80.1601807190517,0.99,8.32174994824596e-05,6.31001260906954,0.977150537634409,0.0002050861361771,good,27,160,7648,2872,7786,LGd,"10-ms optical pulse (473 nm, Ai32)",22.222,27.778,5.185,2.174,0.222,"1.0, 2.5, 4.0 mW calibrated",13,10,0.4551,0,0
760345702,739783171,810753199,951849479,LGd,45,23.704,19.444,0.787,3.086,2.167,2.623,0.156,0.133,0.864,0.576,0.6034,-0.076,-8.3333,"{""1.0"": {""evoked_rate_hz"": 33.33, ""baseline_rate_hz"": 35.56, ""reliability"": 0.267, ""modulation_ratio"": 0.91, ""median_latency_ms"": 3.38}, ""2.5"": {""evoked_rate_hz"": 16.67, ""baseline_rate_hz"": 17.78, ""reliability"": 0.133, ""modulation_ratio"": 0.89, ""median_latency_ms"": 4.5}, ""4.0"": {""evoked_rate_hz"": 8.33, ""baseline_rate_hz"": 17.78, ""reliability"": 0.067, ""modulation_ratio"": 0.44, ""median_latency_ms"": 2.32}}",False,0.001,not light responsive,0.844,Not statistically significant (p=0.6034 >= 0.05); No positive modulation (mod_ratio=0.79 <= 1.0),0.2625,0.449,0.1442,0.156,0.0,0.9211,0.4203,1.0,1.74,0.1755,low evidence (non-responsive),850094306,3.40744766782698,0.0478311356733749,33.8762245034505,0.99,0.0019012073360909,3.88416109165871,0.409756097560976,0.0081334013952697,good,59,160,7646,2881,7787,LGd,"10-ms optical pulse (473 nm, Ai32)",23.704,19.444,3.086,2.167,0.156,"1.0, 2.5, 4.0 mW calibrated",9,11,0.449,0,0
760345702,739783171,810753199,951849472,LGd,45,10.37,8.333,0.733,3.044,3.659,3.416,0.067,0.111,0.955,0.803,0.67532,-0.046,2.7778,"{""1.0"": {""evoked_rate_hz"": 8.33, ""baseline_rate_hz"": 4.44, ""reliability"": 0.067, ""modulation_ratio"": 1.53, ""median_latency_ms"": 3.04}, ""2.5"": {""evoked_rate_hz"": 0.0, ""baseline_rate_hz"": 4.44, ""reliability"": 0.0, ""modulation_ratio"": 0.0, ""median_latency_ms"": null}, ""4.0"": {""evoked_rate_hz"": 16.67, ""baseline_rate_hz"": 22.22, ""reliability"": 0.133, ""modulation_ratio"": 0.72, ""median_latency_ms"": 5.31}}",False,1.0,not light responsive,0.933,Not statistically significant (p=0.6753 >= 0.05); No positive modulation (mod_ratio=0.73 <= 1.0),0.2198,0.5395,0.1383,0.067,0.0,0.9226,0.2314,1.0,1.9729,0.1391,low evidence (non-responsive),850094306,3.17315723196873,0.140584768753429,43.6279452367326,0.99,0.0325903280996563,3.6819069663567,0.737451737451737,0.0027033501009478,good,59,160,7646,2881,7787,LGd,"10-ms optical pulse (473 nm, Ai32)",10.37,8.333,3.044,3.659,0.067,"1.0, 2.5, 4.0 mW calibrated",4,5,0.5395,0,0
760345702,739783171,810753199,951849466,LGd,45,29.63,33.333,1.088,3.761,2.565,2.961,0.244,0.2,0.92,0.561,0.69331,0.053,5.5556,"{""1.0"": {""evoked_rate_hz"": 33.33, ""baseline_rate_hz"": 26.67, ""reliability"": 0.2, ""modulation_ratio"": 1.2, ""median_latency_ms"": 3.76}, ""2.5"": {""evoked_rate_hz"": 16.67, ""baseline_rate_hz"": 26.67, ""reliability"": 0.133, ""modulation_ratio"": 0.6, ""median_latency_ms"": 4.05}, ""4.0"": {""evoked_rate_hz"": 50.0, ""baseline_rate_hz"": 35.56, ""reliability"": 0.4, ""modulation_ratio"": 1.37, ""median_latency_ms"": 4.18}}",False,0.546,not light responsive,0.756,Not statistically significant (p=0.6933 >= 0.05),0.284,0.5232,0.1369,0.244,0.0608,0.8928,0.3584,1.0,1.4046,0.2455,low evidence (non-responsive),850094306,2.88725200509911,0.179608109834696,83.6530057349767,0.99,0.0330786319621608,4.45822341773943,0.858,0.018339616713792,good,59,160,7646,2881,7787,LGd,"10-ms optical pulse (473 nm, Ai32)",29.63,33.333,3.761,2.565,0.244,"1.0, 2.5, 4.0 mW calibrated",15,13,0.5232,0,0
760345702,739783171,810753199,951849498,LGd,45,13.333,8.333,0.581,3.735,0.707,0.661,0.067,0.089,0.955,0.176,0.38761,-0.113,-5.5556,"{""1.0"": {""evoked_rate_hz"": 16.67, ""baseline_rate_hz"": 22.22, ""reliability"": 0.133, ""modulation_ratio"": 0.72, ""median_latency_ms"": 4.28}, ""2.5"": {""evoked_rate_hz"": 8.33, ""baseline_rate_hz"": 13.33, ""reliability"": 0.067, ""modulation_ratio"": 0.58, ""median_latency_ms"": 3.51}, ""4.0"": {""evoked_rate_hz"": 0.0, ""baseline_rate_hz"": 4.44, ""reliability"": 0.0, ""modulation_ratio"": 0.0, ""median_latency_ms"": null}}",False,1.0,not light responsive,0.933,Not statistically significant (p=0.3876 >= 0.05); No positive modulation (mod_ratio=0.58 <= 1.0),0.2771,0.1911,0.1696,0.067,0.0,0.894,0.7537,1.0,1.8693,0.1542,low evidence (non-responsive),850094312,3.922620116601,0.0372876663499134,57.7675219103906,0.99,0.0002476592472965,6.33385188483616,0.962719298245614,0.0005754129434064,good,11,180,7652,2855,7785,LGd,"10-ms optical pulse (473 nm, Ai32)",13.333,8.333,3.735,0.707,0.067,"1.0, 2.5, 4.0 mW calibrated",4,6,0.1911,0,0
760345702,739783171,810753199,951849544,LGd,45,19.259,38.889,1.92,5.502,2.151,2.607,0.267,0.156,0.997,0.414,0.0959,0.253,5.5556,"{""1.0"": {""evoked_rate_hz"": 41.67, ""baseline_rate_hz"": 31.11, ""reliability"": 0.267, ""modulation_ratio"": 1.3, ""median_latency_ms"": 5.31}, ""2.5"": {""evoked_rate_hz"": 16.67, ""baseline_rate_hz"": 13.33, ""reliability"": 0.133, ""modulation_ratio"": 1.16, ""median_latency_ms"": 6.35}, ""4.0"": {""evoked_rate_hz"": 58.33, ""baseline_rate_hz"": 13.33, ""reliability"": 0.4, ""modulation_ratio"": 4.07, ""median_latency_ms"": 4.57}}",False,0.0,not light responsive,0.733,Not statistically significant (p=0.0959 >= 0.05),0.3951,0.5436,0.2725,0.267,0.4386,0.7771,0.423,1.0,0.6486,0.5228,intermediate evidence (uncertain / borderline),850094316,4.60835517711063,0.0,201.960074053787,0.99,0.0001853255169675,10.2885410454924,0.998666666666667,0.0004325883201153,good,27,200,7657,2838,7785,LGd,"10-ms optical pulse (473 nm, Ai32)",19.259,38.889,5.502,2.151,0.267,"1.0, 2.5, 4.0 mW calibrated",18,9,0.5436,0,0
760345702,739783171,810753199,951849587,LGd,45,16.296,16.667,0.964,3.698,2.33,2.081,0.133,0.133,0.886,0.573,1.0,0.006,-2.7778,"{""1.0"": {""evoked_rate_hz"": 25.0, ""baseline_rate_hz"": 22.22, ""reliability"": 0.2, ""modulation_ratio"": 1.08, ""median_latency_ms"": 2.9}, ""2.5"": {""evoked_rate_hz"": 8.33, ""baseline_rate_hz"": 17.78, ""reliability"": 0.067, ""modulation_ratio"": 0.44, ""median_latency_ms"": 5.08}, ""4.0"": {""evoked_rate_hz"": 16.67, ""baseline_rate_hz"": 8.89, ""reliability"": 0.133, ""modulation_ratio"": 1.69, ""median_latency_ms"": 4.55}}",False,0.286,not light responsive,0.867,Not statistically significant (p=1.0000 >= 0.05); No positive modulation (mod_ratio=0.96 <= 1.0),0.2428,0.4109,0.1192,0.133,0.0,0.8958,0.3938,1.0,1.6894,0.1846,low evidence (non-responsive),850094320,4.62733787616212,0.0,110.29175232062,0.99,0.0002678392209582,7.3921923642527,0.988636363636364,0.0001046025104602,good,11,220,7661,2822,7784,LGd,"10-ms optical pulse (473 nm, Ai32)",16.296,16.667,3.698,2.33,0.133,"1.0, 2.5, 4.0 mW calibrated",8,7,0.4109,0,0
760345702,739783171,810753199,951849564,LGd,45,14.815,27.778,1.756,4.036,2.431,3.628,0.222,0.111,0.795,0.583,0.15485,0.221,2.7778,"{""1.0"": {""evoked_rate_hz"": 25.0, ""baseline_rate_hz"": 13.33, ""reliability"": 0.2, ""modulation_ratio"": 1.74, ""median_latency_ms"": 2.86}, ""2.5"": {""evoked_rate_hz"": 25.0, ""baseline_rate_hz"": 13.33, ""reliability"": 0.2, ""modulation_ratio"": 1.74, ""median_latency_ms"": 5.45}, ""4.0"": {""evoked_rate_hz"": 33.33, ""baseline_rate_hz"": 17.78, ""reliability"": 0.267, ""modulation_ratio"": 1.78, ""median_latency_ms"": 5.17}}",False,0.5,not light responsive,0.778,Not statistically significant (p=0.1548 >= 0.05),0.3722,0.5209,0.2333,0.222,0.3852,0.8789,0.3782,1.0,1.0814,0.3391,intermediate evidence (uncertain / borderline),850094318,2.45332714088524,0.0076757940083857,96.1081821351516,0.99,0.0014386911520127,4.69373816226936,0.996732026143791,0.0001390047261606,good,43,220,7659,2830,7784,LGd,"10-ms optical pulse (473 nm, Ai32)",14.815,27.778,4.036,2.431,0.222,"1.0, 2.5, 4.0 mW calibrated",13,7,0.5209,0,0
760345702,739783171,810753199,951849558,LGd,45,32.593,36.111,1.075,4.808,2.492,3.92,0.2,0.156,1.357,0.493,0.73626,0.048,2.7778,"{""1.0"": {""evoked_rate_hz"": 25.0, ""baseline_rate_hz"": 13.33, ""reliability"": 0.133, ""modulation_ratio"": 1.74, ""median_latency_ms"": 3.4}, ""2.5"": {""evoked_rate_hz"": 50.0, ""baseline_rate_hz"": 35.56, ""reliability"": 0.267, ""modulation_ratio"": 1.37, ""median_latency_ms"": 6.06}, ""4.0"": {""evoked_rate_hz"": 33.33, ""baseline_rate_hz"": 48.89, ""reliability"": 0.2, ""modulation_ratio"": 0.67, ""median_latency_ms"": 4.96}}",False,0.445,not light responsive,0.8,Not statistically significant (p=0.7363 >= 0.05),0.2622,0.4521,0.1339,0.2,0.0521,0.8315,0.3691,1.0,1.2996,0.2726,low evidence (non-responsive),850094318,3.56361852618753,0.0001064619603606,173.72563396819,0.99,0.0003326093195081,9.44447980288317,1.0,0.0,good,43,220,7659,2830,7784,LGd,"10-ms optical pulse (473 nm, Ai32)",32.593,36.111,4.808,2.492,0.2,"1.0, 2.5, 4.0 mW calibrated",16,15,0.4521,0,0
760345702,739783171,810753199,951849631,LGd,45,31.111,19.444,0.606,5.491,2.576,3.381,0.156,0.267,0.864,0.497,0.21678,-0.19,-5.5556,"{""1.0"": {""evoked_rate_hz"": 25.0, ""baseline_rate_hz"": 26.67, ""reliability"": 0.2, ""modulation_ratio"": 0.9, ""median_latency_ms"": 7.55}, ""2.5"": {""evoked_rate_hz"": 25.0, ""baseline_rate_hz"": 40.0, ""reliability"": 0.2, ""modulation_ratio"": 0.61, ""median_latency_ms"": 3.81}, ""4.0"": {""evoked_rate_hz"": 8.33, ""baseline_rate_hz"": 26.67, ""reliability"": 0.067, ""modulation_ratio"": 0.3, ""median_latency_ms"": 6.36}}",False,0.001,not light responsive,0.844,Not statistically significant (p=0.2168 >= 0.05); No positive modulation (mod_ratio=0.61 <= 1.0),0.2538,0.3976,0.2082,0.156,0.0,0.7781,0.3569,1.0,1.3827,0.2509,low evidence (non-responsive),850094324,4.0142960398486,0.0,129.06498331405,0.99,6.05225958378286e-05,9.68003861780494,1.0,0.0001244400199104,good,27,240,7666,2806,7784,LGd,"10-ms optical pulse (473 nm, Ai32)",31.111,19.444,5.491,2.576,0.156,"1.0, 2.5, 4.0 mW calibrated",9,14,0.3976,0,0
760345702,739783171,810753199,951849601,LGd,45,28.148,33.333,1.144,4.587,2.218,2.598,0.267,0.222,0.75,0.488,0.55045,0.079,5.5556,"{""1.0"": {""evoked_rate_hz"": 25.0, ""baseline_rate_hz"": 35.56, ""reliability"": 0.2, ""modulation_ratio"": 0.68, ""median_latency_ms"": 2.72}, ""2.5"": {""evoked_rate_hz"": 33.33, ""baseline_rate_hz"": 22.22, ""reliability"": 0.267, ""modulation_ratio"": 1.44, ""median_latency_ms"": 6.62}, ""4.0"": {""evoked_rate_hz"": 41.67, ""baseline_rate_hz"": 26.67, ""reliability"": 0.333, ""modulation_ratio"": 1.51, ""median_latency_ms"": 4.48}}",False,0.25,not light responsive,0.733,Not statistically significant (p=0.5504 >= 0.05),0.299,0.4892,0.1492,0.267,0.0967,0.8464,0.4118,1.0,1.1852,0.3057,low evidence (non-responsive),850094322,5.10039428829145,0.0001712680121571,182.598311655817,0.99,7.24741417926776e-06,10.6035464805369,0.998666666666667,0.0,good,59,240,7663,2814,7784,LGd,"10-ms optical pulse (473 nm, Ai32)",28.148,33.333,4.587,2.218,0.267,"1.0, 2.5, 4.0 mW calibrated",15,13,0.4892,0,0
760345702,739783171,810753199,951849671,LGd,45,8.889,19.444,1.966,4.719,1.871,2.891,0.156,0.111,0.864,0.399,0.18581,0.224,2.7778,"{""1.0"": {""evoked_rate_hz"": 16.67, ""baseline_rate_hz"": 8.89, ""reliability"": 0.133, ""modulation_ratio"": 1.69, ""median_latency_ms"": 3.32}, ""2.5"": {""evoked_rate_hz"": 16.67, ""baseline_rate_hz"": 17.78, ""reliability"": 0.133, ""modulation_ratio"": 0.89, ""median_latency_ms"": 4.23}, ""4.0"": {""evoked_rate_hz"": 25.0, ""baseline_rate_hz"": 0.0, ""reliability"": 0.2, ""modulation_ratio"": 25.0, ""median_latency_ms"": 6.01}}",False,-0.498,not light responsive,0.844,Not statistically significant (p=0.1858 >= 0.05),0.3682,0.406,0.2194,0.156,0.4523,0.8376,0.4731,1.0,1.0917,0.3356,intermediate evidence (uncertain / borderline),850094330,2.68172865319688,0.0604219706811941,,0.99,0.0984100631701782,,,,good,59,280,7673,2781,7784,LGd,"10-ms optical pulse (473 nm, Ai32)",8.889,19.444,4.719,1.871,0.156,"1.0, 2.5, 4.0 mW calibrated",9,4,0.406,0,0
760345702,739783171,810753199,951849923,DG,45,2.963,13.889,3.505,6.095,1.809,2.395,0.111,0.022,0.909,0.313,0.13387,0.254,-8.3333,"{""1.0"": {""evoked_rate_hz"": 25.0, ""baseline_rate_hz"": 0.0, ""reliability"": 0.2, ""modulation_ratio"": 25.0, ""median_latency_ms"": 6.09}, ""2.5"": {""evoked_rate_hz"": 16.67, ""baseline_rate_hz"": 0.0, ""reliability"": 0.133, ""modulation_ratio"": 16.67, ""median_latency_ms"": 5.97}, ""4.0"": {""evoked_rate_hz"": 0.0, ""baseline_rate_hz"": 8.89, ""reliability"": 0.0, ""modulation_ratio"": 0.0, ""median_latency_ms"": null}}",False,0.401,not light responsive,0.889,Not statistically significant (p=0.1339 >= 0.05),0.4016,0.3091,0.2448,0.111,0.7186,0.7216,0.485,1.0,1.3323,0.2639,intermediate evidence (uncertain / borderline),850094464,1.39916764939822,0.0336104545408448,83.7111803121791,0.99,0.0031317646479707,4.89515562452067,0.976,0.0009496676163342,good,11,940,7875,2244,7903,DG,"10-ms optical pulse (473 nm, Ai32)",2.963,13.889,6.095,1.809,0.111,"1.0, 2.5, 4.0 mW calibrated",6,1,0.3091,0,0
760345702,739783171,810753199,951849993,DG,45,7.407,8.333,0.991,5.342,1.57,1.493,0.067,0.067,0.955,0.266,1.0,0.023,0.0,"{""1.0"": {""evoked_rate_hz"": 8.33, ""baseline_rate_hz"": 0.0, ""reliability"": 0.067, ""modulation_ratio"": 8.33, ""median_latency_ms"": 5.34}, ""2.5"": {""evoked_rate_hz"": 8.33, ""baseline_rate_hz"": 13.33, ""reliability"": 0.067, ""modulation_ratio"": 0.58, ""median_latency_ms"": 7.68}, ""4.0"": {""evoked_rate_hz"": 8.33, ""baseline_rate_hz"": 8.89, ""reliability"": 0.067, ""modulation_ratio"": 0.84, ""median_latency_ms"": 4.69}}",False,-0.497,not light responsive,0.933,Not statistically significant (p=1.0000 >= 0.05); No positive modulation (mod_ratio=0.99 <= 1.0),0.2245,0.2411,0.1192,0.067,0.0,0.7907,0.5337,1.0,1.673,0.1877,low evidence (non-responsive),850094466,2.76914035403225,0.0146770944338265,140.061968761936,0.99,0.0009941025875582,5.94120121270335,1.0,0.0,good,59,960,7877,2236,7905,DG,"10-ms optical pulse (473 nm, Ai32)",7.407,8.333,5.342,1.57,0.067,"1.0, 2.5, 4.0 mW calibrated",4,3,0.2411,0,0
760345702,739783171,810753199,951850051,DG,45,4.444,0.0,0.0,,,,0.0,0.067,0.0,,0.24376,-0.264,0.0,"{""1.0"": {""evoked_rate_hz"": 0.0, ""baseline_rate_hz"": 4.44, ""reliability"": 0.0, ""modulation_ratio"": 0.0, ""median_latency_ms"": null}, ""2.5"": {""evoked_rate_hz"": 0.0, ""baseline_rate_hz"": 8.89, ""reliability"": 0.0, ""modulation_ratio"": 0.0, ""median_latency_ms"": null}, ""4.0"": {""evoked_rate_hz"": 0.0, ""baseline_rate_hz"": 0.0, ""reliability"": 0.0, ""modulation_ratio"": 0.0, ""median_latency_ms"": null}}",False,1.0,not light responsive,0.95,Not statistically significant (p=0.2438 >= 0.05); No positive modulation (mod_ratio=0.00 <= 1.0); Very low reliability (0.00 < 0.05),0.0618,0.144,0.1999,0.0,0.0,0.0002,0.0183,1.0,4.6165,0.0099,low evidence (non-responsive),850094472,3.24089856518496,0.0,234.435826060143,0.99,0.0001568055971199,9.08158680896556,1.0,0.0,good,11,980,7886,2214,7911,DG,"10-ms optical pulse (473 nm, Ai32)",4.444,0.0,,,0.0,"1.0, 2.5, 4.0 mW calibrated",0,2,0.144,0,0
760345702,739783171,810753199,951850003,DG,45,0.0,0.0,0.0,,,,0.0,0.0,0.0,,1.0,0.0,0.0,"{""1.0"": {""evoked_rate_hz"": 0.0, ""baseline_rate_hz"": 0.0, ""reliability"": 0.0, ""modulation_ratio"": 0.0, ""median_latency_ms"": null}, ""2.5"": {""evoked_rate_hz"": 0.0, ""baseline_rate_hz"": 0.0, ""reliability"": 0.0, ""modulation_ratio"": 0.0, ""median_latency_ms"": null}, ""4.0"": {""evoked_rate_hz"": 0.0, ""baseline_rate_hz"": 0.0, ""reliability"": 0.0, ""modulation_ratio"": 0.0, ""median_latency_ms"": null}}",False,1.0,insufficient evidence,0.0,Insufficient trial count (<10) or zero spikes recorded,0.0376,0.144,0.1192,0.0,0.0,0.0002,0.0183,1.0,4.6165,0.0099,insufficient evidence,850094470,2.74407886942421,0.0,95.021822665707,0.99,0.0010404731555942,8.38033927320028,0.996320824135394,0.0001047449460563,good,43,980,7883,2222,7909,DG,"10-ms optical pulse (473 nm, Ai32)",0.0,0.0,,,0.0,"1.0, 2.5, 4.0 mW calibrated",0,0,0.144,0,-1
760345702,739783171,810753199,951849983,DG,45,0.0,0.0,0.0,,,,0.0,0.0,0.0,,1.0,0.0,0.0,"{""1.0"": {""evoked_rate_hz"": 0.0, ""baseline_rate_hz"": 0.0, ""reliability"": 0.0, ""modulation_ratio"": 0.0, ""median_latency_ms"": null}, ""2.5"": {""evoked_rate_hz"": 0.0, ""baseline_rate_hz"": 0.0, ""reliability"": 0.0, ""modulation_ratio"": 0.0, ""median_latency_ms"": null}, ""4.0"": {""evoked_rate_hz"": 0.0, ""baseline_rate_hz"": 0.0, ""reliability"": 0.0, ""modulation_ratio"": 0.0, ""median_latency_ms"": null}}",False,1.0,insufficient evidence,0.0,Insufficient trial count (<10) or zero spikes recorded,0.0376,0.144,0.1192,0.0,0.0,0.0002,0.0183,1.0,4.6165,0.0099,insufficient evidence,850094474,2.48572557086416,0.0319179798914987,78.2397898312441,0.99,0.0031712854570213,4.85586042709865,0.987714987714988,0.0003474755898398,good,59,1000,7888,2207,7914,DG,"10-ms optical pulse (473 nm, Ai32)",0.0,0.0,,,0.0,"1.0, 2.5, 4.0 mW calibrated",0,0,0.144,0,-1
760345702,739783171,810753199,951850084,DG,45,0.0,0.0,0.0,,,,0.0,0.0,0.0,,1.0,0.0,0.0,"{""1.0"": {""evoked_rate_hz"": 0.0, ""baseline_rate_hz"": 0.0, ""reliability"": 0.0, ""modulation_ratio"": 0.0, ""median_latency_ms"": null}, ""2.5"": {""evoked_rate_hz"": 0.0, ""baseline_rate_hz"": 0.0, ""reliability"": 0.0, ""modulation_ratio"": 0.0, ""median_latency_ms"": null}, ""4.0"": {""evoked_rate_hz"": 0.0, ""baseline_rate_hz"": 0.0, ""reliability"": 0.0, ""modulation_ratio"": 0.0, ""median_latency_ms"": null}}",False,1.0,insufficient evidence,0.0,Insufficient trial count (<10) or zero spikes recorded,0.0376,0.144,0.1192,0.0,0.0,0.0002,0.0183,1.0,4.6165,0.0099,insufficient evidence,850094480,2.34990517964892,0.0557926633199984,73.3768781542371,0.97,0.0098309660794455,4.95395259163833,0.983498349834984,0.0001683671751355,good,11,1020,7899,2177,7922,DG,"10-ms optical pulse (473 nm, Ai32)",0.0,0.0,,,0.0,"1.0, 2.5, 4.0 mW calibrated",0,0,0.144,0,-1
760345702,739783171,810753199,951850122,CA1,45,0.0,0.0,0.0,,,,0.0,0.0,0.0,,1.0,0.0,0.0,"{""1.0"": {""evoked_rate_hz"": 0.0, ""baseline_rate_hz"": 0.0, ""reliability"": 0.0, ""modulation_ratio"": 0.0, ""median_latency_ms"": null}, ""2.5"": {""evoked_rate_hz"": 0.0, ""baseline_rate_hz"": 0.0, ""reliability"": 0.0, ""modulation_ratio"": 0.0, ""median_latency_ms"": null}, ""4.0"": {""evoked_rate_hz"": 0.0, ""baseline_rate_hz"": 0.0, ""reliability"": 0.0, ""modulation_ratio"": 0.0, ""median_latency_ms"": null}}",False,1.0,insufficient evidence,0.0,Insufficient trial count (<10) or zero spikes recorded,0.0376,0.144,0.1192,0.0,0.0,0.0002,0.0183,1.0,4.6165,0.0099,insufficient evidence,850094482,1.30540062783549,0.120099022378073,48.3878473861776,0.99,0.0786399124422321,2.51424118854335,0.805946791862285,0.0076248172132859,good,59,1040,7902,2169,7924,CA1,"10-ms optical pulse (473 nm, Ai32)",0.0,0.0,,,0.0,"1.0, 2.5, 4.0 mW calibrated",0,0,0.144,0,-1
760345702,739783171,810753199,951850103,CA1,45,2.963,2.778,0.701,5.925,0.0,0.0,0.022,0.022,1.0,0.0,1.0,-0.014,2.7778,"{""1.0"": {""evoked_rate_hz"": 0.0, ""baseline_rate_hz"": 0.0, ""reliability"": 0.0, ""modulation_ratio"": 0.0, ""median_latency_ms"": null}, ""2.5"": {""evoked_rate_hz"": 0.0, ""baseline_rate_hz"": 4.44, ""reliability"": 0.0, ""modulation_ratio"": 0.0, ""median_latency_ms"": null}, ""4.0"": {""evoked_rate_hz"": 8.33, ""baseline_rate_hz"": 4.44, ""reliability"": 0.067, ""modulation_ratio"": 1.53, ""median_latency_ms"": 5.93}}",False,1.0,not light responsive,0.95,Not statistically significant (p=1.0000 >= 0.05); No positive modulation (mod_ratio=0.70 <= 1.0); Very low reliability (0.02 < 0.05),0.252,0.0886,0.1192,0.022,0.0,0.7384,1.0,1.0,1.7892,0.1671,low evidence (non-responsive),850094482,2.9874666165108,0.0687573158892291,89.5277939389354,0.99,0.0033539675535254,5.31990920928513,0.998,0.000594353640416,good,59,1040,7902,2169,7924,CA1,"10-ms optical pulse (473 nm, Ai32)",2.963,2.778,5.925,0.0,0.022,"1.0, 2.5, 4.0 mW calibrated",1,1,0.0886,0,0
760345702,739783171,810753199,951850182,CA1,45,10.37,5.556,0.489,5.634,4.088,2.891,0.044,0.089,0.977,0.726,0.22777,-0.166,5.5556,"{""1.0"": {""evoked_rate_hz"": 0.0, ""baseline_rate_hz"": 4.44, ""reliability"": 0.0, ""modulation_ratio"": 0.0, ""median_latency_ms"": null}, ""2.5"": {""evoked_rate_hz"": 0.0, ""baseline_rate_hz"": 13.33, ""reliability"": 0.0, ""modulation_ratio"": 0.0, ""median_latency_ms"": null}, ""4.0"": {""evoked_rate_hz"": 16.67, ""baseline_rate_hz"": 13.33, ""reliability"": 0.133, ""modulation_ratio"": 1.16, ""median_latency_ms"": 5.63}}",False,-0.991,not light responsive,0.95,Not statistically significant (p=0.2278 >= 0.05); No positive modulation (mod_ratio=0.49 <= 1.0); Very low reliability (0.04 < 0.05),0.2067,0.3675,0.2046,0.044,0.0,0.7655,0.1949,1.0,1.7287,0.1775,low evidence (non-responsive),850094488,1.36451552018228,0.243320440089854,96.1337364528402,0.99,0.0645223154152599,4.10026388656657,0.987333333333333,0.003987240829346,good,11,1060,7909,2147,7930,CA1,"10-ms optical pulse (473 nm, Ai32)",10.37,5.556,5.634,4.088,0.044,"1.0, 2.5, 4.0 mW calibrated",3,5,0.3675,0,0
760345702,739783171,810753199,951852768,CA1,45,0.0,0.0,0.0,,,,0.0,0.0,0.0,,1.0,0.0,0.0,"{""1.0"": {""evoked_rate_hz"": 0.0, ""baseline_rate_hz"": 0.0, ""reliability"": 0.0, ""modulation_ratio"": 0.0, ""median_latency_ms"": null}, ""2.5"": {""evoked_rate_hz"": 0.0, ""baseline_rate_hz"": 0.0, ""reliability"": 0.0, ""modulation_ratio"": 0.0, ""median_latency_ms"": null}, ""4.0"": {""evoked_rate_hz"": 0.0, ""baseline_rate_hz"": 0.0, ""reliability"": 0.0, ""modulation_ratio"": 0.0, ""median_latency_ms"": null}}",False,1.0,insufficient evidence,0.0,Insufficient trial count (<10) or zero spikes recorded,0.0376,0.144,0.1192,0.0,0.0,0.0002,0.0183,1.0,4.6165,0.0099,insufficient evidence,850094496,0.945080548361819,0.157971870039138,59.9620694683548,0.98,0.0011754691715037,4.56660707375826,0.914841849148418,0.0015546317888404,good,11,1100,7920,2116,7938,CA1,"10-ms optical pulse (473 nm, Ai32)",0.0,0.0,,,0.0,"1.0, 2.5, 4.0 mW calibrated",0,0,0.144,0,-1
760345702,739783171,810753199,951850190,CA1,45,2.963,2.778,0.701,4.859,0.0,0.0,0.022,0.022,1.0,0.0,1.0,-0.008,0.0,"{""1.0"": {""evoked_rate_hz"": 0.0, ""baseline_rate_hz"": 4.44, ""reliability"": 0.0, ""modulation_ratio"": 0.0, ""median_latency_ms"": null}, ""2.5"": {""evoked_rate_hz"": 8.33, ""baseline_rate_hz"": 4.44, ""reliability"": 0.067, ""modulation_ratio"": 1.53, ""median_latency_ms"": 4.86}, ""4.0"": {""evoked_rate_hz"": 0.0, ""baseline_rate_hz"": 0.0, ""reliability"": 0.0, ""modulation_ratio"": 0.0, ""median_latency_ms"": null}}",False,-2.982,not light responsive,0.95,Not statistically significant (p=1.0000 >= 0.05); No positive modulation (mod_ratio=0.70 <= 1.0); Very low reliability (0.02 < 0.05),0.2654,0.0825,0.1192,0.022,0.0,0.8279,1.0,1.0,1.8838,0.152,low evidence (non-responsive),850094496,5.307964727722,0.0,211.300762352788,0.99,0.0013697031646165,10.3550985491629,1.0,0.0001013581998783,good,11,1100,7920,2116,7938,CA1,"10-ms optical pulse (473 nm, Ai32)",2.963,2.778,4.859,0.0,0.022,"1.0, 2.5, 4.0 mW calibrated",1,1,0.0825,0,0
760345702,739783171,810753199,951853067,CA1,45,5.926,2.778,0.401,5.758,0.0,0.0,0.022,0.022,1.0,0.0,0.74126,-0.086,2.7778,"{""1.0"": {""evoked_rate_hz"": 0.0, ""baseline_rate_hz"": 0.0, ""reliability"": 0.0, ""modulation_ratio"": 0.0, ""median_latency_ms"": null}, ""2.5"": {""evoked_rate_hz"": 0.0, ""baseline_rate_hz"": 17.78, ""reliability"": 0.0, ""modulation_ratio"": 0.0, ""median_latency_ms"": null}, ""4.0"": {""evoked_rate_hz"": 8.33, ""baseline_rate_hz"": 0.0, ""reliability"": 0.067, ""modulation_ratio"": 8.33, ""median_latency_ms"": 5.76}}",False,0.667,not light responsive,0.95,Not statistically significant (p=0.7413 >= 0.05); No positive modulation (mod_ratio=0.40 <= 1.0); Very low reliability (0.02 < 0.05),0.2587,0.0877,0.1335,0.022,0.0,0.7542,1.0,1.0,1.8017,0.165,low evidence (non-responsive),850094494,1.35281524789966,0.0189391777131464,96.8017472963856,0.99,0.005307930118585,4.02931576775014,0.986,0.0026323380931775,good,43,1100,7917,2124,7936,CA1,"10-ms optical pulse (473 nm, Ai32)",5.926,2.778,5.758,0.0,0.022,"1.0, 2.5, 4.0 mW calibrated",1,3,0.0877,0,0
760345702,739783171,810753199,951850199,CA1,45,0.0,2.778,2.778,2.026,0.0,0.0,0.022,0.0,1.0,0.0,1.0,0.149,2.7778,"{""1.0"": {""evoked_rate_hz"": 0.0, ""baseline_rate_hz"": 0.0, ""reliability"": 0.0, ""modulation_ratio"": 0.0, ""median_latency_ms"": null}, ""2.5"": {""evoked_rate_hz"": 0.0, ""baseline_rate_hz"": 0.0, ""reliability"": 0.0, ""modulation_ratio"": 0.0, ""median_latency_ms"": null}, ""4.0"": {""evoked_rate_hz"": 8.33, ""baseline_rate_hz"": 0.0, ""reliability"": 0.067, ""modulation_ratio"": 8.33, ""median_latency_ms"": 2.03}}",False,-221.222,not light responsive,0.95,Not statistically significant (p=1.0000 >= 0.05); Very low reliability (0.02 < 0.05),0.4095,0.071,0.1192,0.022,0.6273,0.952,1.0,1.0,2.0946,0.1231,intermediate evidence (uncertain / borderline),850094494,2.32061636789992,0.0783831820207027,82.2908528086065,0.99,0.00232827621574,3.45877931501573,0.987767584097859,0.0001363047774824,good,43,1100,7917,2124,7936,CA1,"10-ms optical pulse (473 nm, Ai32)",0.0,2.778,2.026,0.0,0.022,"1.0, 2.5, 4.0 mW calibrated",1,0,0.071,0,0
760345702,739783171,810753199,951850230,CA1,45,10.37,22.222,1.954,4.47,1.96,2.37,0.178,0.089,0.841,0.386,0.18482,0.23,13.8889,"{""1.0"": {""evoked_rate_hz"": 8.33, ""baseline_rate_hz"": 4.44, ""reliability"": 0.067, ""modulation_ratio"": 1.53, ""median_latency_ms"": 4.5}, ""2.5"": {""evoked_rate_hz"": 8.33, ""baseline_rate_hz"": 8.89, ""reliability"": 0.067, ""modulation_ratio"": 0.84, ""median_latency_ms"": 6.02}, ""4.0"": {""evoked_rate_hz"": 50.0, ""baseline_rate_hz"": 17.78, ""reliability"": 0.4, ""modulation_ratio"": 2.66, ""median_latency_ms"": 4.34}}",False,0.5,not light responsive,0.822,Not statistically significant (p=0.1848 >= 0.05),0.3739,0.438,0.2198,0.178,0.4488,0.8538,0.4566,1.0,1.0733,0.3419,intermediate evidence (uncertain / borderline),850094500,2.99960317280481,0.0040200916462004,138.772902358307,0.99,0.0001107639868639,6.40354051869132,0.998,7.05168887948664e-05,good,27,1120,7928,2093,7943,CA1,"10-ms optical pulse (473 nm, Ai32)",10.37,22.222,4.47,1.96,0.178,"1.0, 2.5, 4.0 mW calibrated",10,5,0.438,0,0
760345702,739783171,810753199,951850207,CA1,45,7.407,2.778,0.33,5.76,0.0,0.0,0.022,0.044,1.0,0.0,0.52248,-0.155,2.7778,"{""1.0"": {""evoked_rate_hz"": 0.0, ""baseline_rate_hz"": 13.33, ""reliability"": 0.0, ""modulation_ratio"": 0.0, ""median_latency_ms"": null}, ""2.5"": {""evoked_rate_hz"": 0.0, ""baseline_rate_hz"": 0.0, ""reliability"": 0.0, ""modulation_ratio"": 0.0, ""median_latency_ms"": null}, ""4.0"": {""evoked_rate_hz"": 8.33, ""baseline_rate_hz"": 8.89, ""reliability"": 0.067, ""modulation_ratio"": 0.84, ""median_latency_ms"": 5.76}}",False,1.0,not light responsive,0.95,Not statistically significant (p=0.5225 >= 0.05); No positive modulation (mod_ratio=0.33 <= 1.0); Very low reliability (0.02 < 0.05),0.2642,0.0877,0.1521,0.022,0.0,0.754,1.0,1.0,1.8016,0.165,low evidence (non-responsive),850094498,3.67793472422493,0.140018656120689,67.1549938630074,0.99,0.0039616301881111,4.63347077414367,0.970189701897019,0.0001687421956734,good,59,1120,7925,2101,7941,CA1,"10-ms optical pulse (473 nm, Ai32)",7.407,2.778,5.76,0.0,0.022,"1.0, 2.5, 4.0 mW calibrated",1,3,0.0877,0,0
760345702,739783171,810753199,951850247,CA1,45,34.074,30.556,0.871,3.625,2.562,4.067,0.244,0.356,0.773,0.53,0.73526,-0.057,5.5556,"{""1.0"": {""evoked_rate_hz"": 16.67, ""baseline_rate_hz"": 26.67, ""reliability"": 0.133, ""modulation_ratio"": 0.6, ""median_latency_ms"": 2.98}, ""2.5"": {""evoked_rate_hz"": 41.67, ""baseline_rate_hz"": 35.56, ""reliability"": 0.333, ""modulation_ratio"": 1.14, ""median_latency_ms"": 6.52}, ""4.0"": {""evoked_rate_hz"": 33.33, ""baseline_rate_hz"": 40.0, ""reliability"": 0.267, ""modulation_ratio"": 0.81, ""median_latency_ms"": 4.98}}",False,-0.299,not light responsive,0.756,Not statistically significant (p=0.7353 >= 0.05); No positive modulation (mod_ratio=0.87 <= 1.0),0.2719,0.5222,0.134,0.244,0.0,0.8991,0.3589,1.0,1.5082,0.2213,low evidence (non-responsive),850094504,4.55219381672946,0.0076609756948429,198.323074500035,0.99,0.0010229079537971,9.70886361398873,0.996,0.0007767421216156,good,11,1140,7933,2078,7947,CA1,"10-ms optical pulse (473 nm, Ai32)",34.074,30.556,3.625,2.562,0.244,"1.0, 2.5, 4.0 mW calibrated",14,15,0.5222,0,0
760345702,739783171,810753199,951850238,CA1,45,2.963,0.0,0.0,,,,0.0,0.044,0.0,,0.47852,-0.213,0.0,"{""1.0"": {""evoked_rate_hz"": 0.0, ""baseline_rate_hz"": 0.0, ""reliability"": 0.0, ""modulation_ratio"": 0.0, ""median_latency_ms"": null}, ""2.5"": {""evoked_rate_hz"": 0.0, ""baseline_rate_hz"": 4.44, ""reliability"": 0.0, ""modulation_ratio"": 0.0, ""median_latency_ms"": null}, ""4.0"": {""evoked_rate_hz"": 0.0, ""baseline_rate_hz"": 4.44, ""reliability"": 0.0, ""modulation_ratio"": 0.0, ""median_latency_ms"": null}}",False,1.0,not light responsive,0.95,Not statistically significant (p=0.4785 >= 0.05); No positive modulation (mod_ratio=0.00 <= 1.0); Very low reliability (0.00 < 0.05),0.049,0.144,0.1571,0.0,0.0,0.0002,0.0183,1.0,4.6165,0.0099,low evidence (non-responsive),850094504,1.50860398420904,0.320151601484576,43.1050995050368,0.99,0.0143976672620835,3.38695504406582,0.807511737089202,0.0005707187699331,good,11,1140,7933,2078,7947,CA1,"10-ms optical pulse (473 nm, Ai32)",2.963,0.0,,,0.0,"1.0, 2.5, 4.0 mW calibrated",0,1,0.144,0,0
760345702,739783171,810753199,951852780,CA1,45,11.852,8.333,0.648,5.825,1.418,1.339,0.067,0.089,0.955,0.268,0.44655,-0.097,2.7778,"{""1.0"": {""evoked_rate_hz"": 8.33, ""baseline_rate_hz"": 8.89, ""reliability"": 0.067, ""modulation_ratio"": 0.84, ""median_latency_ms"": 6.35}, ""2.5"": {""evoked_rate_hz"": 0.0, ""baseline_rate_hz"": 4.44, ""reliability"": 0.0, ""modulation_ratio"": 0.0, ""median_latency_ms"": null}, ""4.0"": {""evoked_rate_hz"": 16.67, ""baseline_rate_hz"": 22.22, ""reliability"": 0.133, ""modulation_ratio"": 0.72, ""median_latency_ms"": 4.75}}",False,0.004,not light responsive,0.933,Not statistically significant (p=0.4466 >= 0.05); No positive modulation (mod_ratio=0.65 <= 1.0),0.234,0.2268,0.1611,0.067,0.0,0.7479,0.5671,1.0,1.6288,0.1962,low evidence (non-responsive),850094506,1.71679880898753,0.0727932740126234,56.1542860515875,0.99,0.0782016451184044,3.05248108445587,0.985307621671258,0.0008647227698799,good,59,1160,7936,2070,7949,CA1,"10-ms optical pulse (473 nm, Ai32)",11.852,8.333,5.825,1.418,0.067,"1.0, 2.5, 4.0 mW calibrated",4,5,0.2268,0,0
760345702,739783171,810753199,951850255,CA1,45,17.778,11.111,0.592,6.731,2.738,3.664,0.089,0.156,0.932,0.446,0.30769,-0.142,0.0,"{""1.0"": {""evoked_rate_hz"": 16.67, ""baseline_rate_hz"": 13.33, ""reliability"": 0.133, ""modulation_ratio"": 1.16, ""median_latency_ms"": 6.85}, ""2.5"": {""evoked_rate_hz"": 0.0, ""baseline_rate_hz"": 8.89, ""reliability"": 0.0, ""modulation_ratio"": 0.0, ""median_latency_ms"": null}, ""4.0"": {""evoked_rate_hz"": 16.67, ""baseline_rate_hz"": 31.11, ""reliability"": 0.133, ""modulation_ratio"": 0.52, ""median_latency_ms"": 5.43}}",False,0.001,not light responsive,0.911,Not statistically significant (p=0.3077 >= 0.05); No positive modulation (mod_ratio=0.59 <= 1.0),0.209,0.3146,0.1842,0.089,0.0,0.6535,0.3345,1.0,1.4878,0.2259,low evidence (non-responsive),850094506,1.96768544302076,0.259323089549338,65.6313283914463,0.99,0.0867389750389256,3.98468607159451,0.992,0.0045148454239363,good,59,1160,7936,2070,7949,CA1,"10-ms optical pulse (473 nm, Ai32)",17.778,11.111,6.731,2.738,0.089,"1.0, 2.5, 4.0 mW calibrated",5,8,0.3146,0,0
760345702,739783171,810753199,951850366,CA1,45,1.481,0.0,0.0,,,,0.0,0.0,0.0,,1.0,-0.149,0.0,"{""1.0"": {""evoked_rate_hz"": 0.0, ""baseline_rate_hz"": 4.44, ""reliability"": 0.0, ""modulation_ratio"": 0.0, ""median_latency_ms"": null}, ""2.5"": {""evoked_rate_hz"": 0.0, ""baseline_rate_hz"": 0.0, ""reliability"": 0.0, ""modulation_ratio"": 0.0, ""median_latency_ms"": null}, ""4.0"": {""evoked_rate_hz"": 0.0, ""baseline_rate_hz"": 0.0, ""reliability"": 0.0, ""modulation_ratio"": 0.0, ""median_latency_ms"": null}}",False,0.004,not light responsive,0.95,Not statistically significant (p=1.0000 >= 0.05); No positive modulation (mod_ratio=0.00 <= 1.0); Very low reliability (0.00 < 0.05),0.0376,0.144,0.1192,0.0,0.0,0.0002,0.0183,1.0,4.6165,0.0099,low evidence (non-responsive),850094522,0.818389434157812,0.112580475552761,22.756901163265,0.99,0.0507234168849401,1.00380176751628,0.0713333333333333,0.0183892516700443,good,59,1240,7959,2000,7963,CA1,"10-ms optical pulse (473 nm, Ai32)",1.481,0.0,,,0.0,"1.0, 2.5, 4.0 mW calibrated",0,1,0.144,0,0
760345702,739783171,810753199,951850449,CA1,45,5.926,5.556,0.802,4.621,2.305,1.63,0.044,0.022,0.977,0.499,0.82318,-0.014,0.0,"{""1.0"": {""evoked_rate_hz"": 0.0, ""baseline_rate_hz"": 4.44, ""reliability"": 0.0, ""modulation_ratio"": 0.0, ""median_latency_ms"": null}, ""2.5"": {""evoked_rate_hz"": 16.67, ""baseline_rate_hz"": 8.89, ""reliability"": 0.133, ""modulation_ratio"": 1.69, ""median_latency_ms"": 4.62}, ""4.0"": {""evoked_rate_hz"": 0.0, ""baseline_rate_hz"": 4.44, ""reliability"": 0.0, ""modulation_ratio"": 0.0, ""median_latency_ms"": null}}",False,0.667,not light responsive,0.95,Not statistically significant (p=0.8232 >= 0.05); No positive modulation (mod_ratio=0.80 <= 1.0); Very low reliability (0.04 < 0.05),0.2159,0.2812,0.1284,0.044,0.0,0.8442,0.3977,1.0,1.8308,0.1603,low evidence (non-responsive),850094556,2.0967829260042,0.0,98.0818214225974,0.99,0.0004183577824469,9.04207934240594,1.0,0.0,good,27,1400,8010,1850,7988,CA1,"10-ms optical pulse (473 nm, Ai32)",5.926,5.556,4.621,2.305,0.044,"1.0, 2.5, 4.0 mW calibrated",3,3,0.2812,0,0
760345702,739783171,810753199,951850483,CA1,45,2.963,0.0,0.0,,,,0.0,0.022,0.0,,0.52248,-0.213,0.0,"{""1.0"": {""evoked_rate_hz"": 0.0, ""baseline_rate_hz"": 8.89, ""reliability"": 0.0, ""modulation_ratio"": 0.0, ""median_latency_ms"": null}, ""2.5"": {""evoked_rate_hz"": 0.0, ""baseline_rate_hz"": 0.0, ""reliability"": 0.0, ""modulation_ratio"": 0.0, ""median_latency_ms"": null}, ""4.0"": {""evoked_rate_hz"": 0.0, ""baseline_rate_hz"": 0.0, ""reliability"": 0.0, ""modulation_ratio"": 0.0, ""median_latency_ms"": null}}",False,1.0,not light responsive,0.95,Not statistically significant (p=0.5225 >= 0.05); No positive modulation (mod_ratio=0.00 <= 1.0); Very low reliability (0.00 < 0.05),0.0475,0.144,0.1521,0.0,0.0,0.0002,0.0183,1.0,4.6165,0.0099,low evidence (non-responsive),850094574,2.94864776602907,0.0,95.9615203492062,0.99,0.000620362879241,6.44810719494399,0.993096646942801,0.0001034982405299,good,43,1500,8038,1772,8000,CA1,"10-ms optical pulse (473 nm, Ai32)",2.963,0.0,,,0.0,"1.0, 2.5, 4.0 mW calibrated",0,1,0.144,0,0
760345702,739783171,810753199,951850529,CA1,45,14.815,16.667,1.054,4.917,2.485,2.53,0.133,0.111,0.886,0.495,0.85914,0.035,2.7778,"{""1.0"": {""evoked_rate_hz"": 0.0, ""baseline_rate_hz"": 13.33, ""reliability"": 0.0, ""modulation_ratio"": 0.0, ""median_latency_ms"": null}, ""2.5"": {""evoked_rate_hz"": 41.67, ""baseline_rate_hz"": 13.33, ""reliability"": 0.333, ""modulation_ratio"": 2.91, ""median_latency_ms"": 4.59}, ""4.0"": {""evoked_rate_hz"": 8.33, ""baseline_rate_hz"": 17.78, ""reliability"": 0.067, ""modulation_ratio"": 0.44, ""median_latency_ms"": 6.94}}",False,0.4,not light responsive,0.867,Not statistically significant (p=0.8591 >= 0.05),0.2393,0.3858,0.1263,0.133,0.0379,0.8237,0.3701,1.0,1.4647,0.2312,low evidence (non-responsive),850094586,2.82842422583194,0.0054462571218165,134.543455409367,0.99,0.0017286853861599,5.67800402702687,0.994666666666667,0.0142222222222222,good,59,1560,8055,1725,8008,CA1,"10-ms optical pulse (473 nm, Ai32)",14.815,16.667,4.917,2.485,0.133,"1.0, 2.5, 4.0 mW calibrated",8,7,0.3858,0,0
760345702,739783171,810753199,951850522,CA1,45,0.0,0.0,0.0,,,,0.0,0.0,0.0,,1.0,0.0,0.0,"{""1.0"": {""evoked_rate_hz"": 0.0, ""baseline_rate_hz"": 0.0, ""reliability"": 0.0, ""modulation_ratio"": 0.0, ""median_latency_ms"": null}, ""2.5"": {""evoked_rate_hz"": 0.0, ""baseline_rate_hz"": 0.0, ""reliability"": 0.0, ""modulation_ratio"": 0.0, ""median_latency_ms"": null}, ""4.0"": {""evoked_rate_hz"": 0.0, ""baseline_rate_hz"": 0.0, ""reliability"": 0.0, ""modulation_ratio"": 0.0, ""median_latency_ms"": null}}",False,1.0,insufficient evidence,0.0,Insufficient trial count (<10) or zero spikes recorded,0.0376,0.144,0.1192,0.0,0.0,0.0002,0.0183,1.0,4.6165,0.0099,insufficient evidence,850094586,2.5948318638191,0.0969496703050199,62.1331633642972,0.99,0.0257947003914603,3.26780232639897,0.898,0.0033889330156208,good,59,1560,8055,1725,8008,CA1,"10-ms optical pulse (473 nm, Ai32)",0.0,0.0,,,0.0,"1.0, 2.5, 4.0 mW calibrated",0,0,0.144,0,-1
760345702,739783171,810753199,951850614,CA1,45,1.481,5.556,2.239,5.569,0.225,0.159,0.044,0.0,0.977,0.04,0.4975,0.145,0.0,"{""1.0"": {""evoked_rate_hz"": 8.33, ""baseline_rate_hz"": 0.0, ""reliability"": 0.067, ""modulation_ratio"": 8.33, ""median_latency_ms"": 5.73}, ""2.5"": {""evoked_rate_hz"": 0.0, ""baseline_rate_hz"": 4.44, ""reliability"": 0.0, ""modulation_ratio"": 0.0, ""median_latency_ms"": null}, ""4.0"": {""evoked_rate_hz"": 8.33, ""baseline_rate_hz"": 0.0, ""reliability"": 0.067, ""modulation_ratio"": 8.33, ""median_latency_ms"": 5.41}}",False,-0.991,not light responsive,0.95,Not statistically significant (p=0.4975 >= 0.05); Very low reliability (0.04 < 0.05),0.3693,0.1527,0.1549,0.044,0.5237,0.7713,0.9139,1.0,1.4263,0.2402,intermediate evidence (uncertain / borderline),850094604,1.36895914505794,0.216214098934878,40.8842928726795,0.99,0.052554269456982,2.42100363643269,0.662,0.0115019993709844,good,27,1640,8086,1647,8021,CA1,"10-ms optical pulse (473 nm, Ai32)",1.481,5.556,5.569,0.225,0.044,"1.0, 2.5, 4.0 mW calibrated",3,1,0.1527,0,0
760345702,739783171,810753199,951850596,CA1,45,0.0,0.0,0.0,,,,0.0,0.0,0.0,,1.0,0.0,0.0,"{""1.0"": {""evoked_rate_hz"": 0.0, ""baseline_rate_hz"": 0.0, ""reliability"": 0.0, ""modulation_ratio"": 0.0, ""median_latency_ms"": null}, ""2.5"": {""evoked_rate_hz"": 0.0, ""baseline_rate_hz"": 0.0, ""reliability"": 0.0, ""modulation_ratio"": 0.0, ""median_latency_ms"": null}, ""4.0"": {""evoked_rate_hz"": 0.0, ""baseline_rate_hz"": 0.0, ""reliability"": 0.0, ""modulation_ratio"": 0.0, ""median_latency_ms"": null}}",False,0.667,insufficient evidence,0.0,Insufficient trial count (<10) or zero spikes recorded,0.0376,0.144,0.1192,0.0,0.0,0.0002,0.0183,1.0,4.6165,0.0099,insufficient evidence,850094604,2.48495147518782,0.0,94.5644355493353,0.99,0.0002524583736126,6.32731622105276,0.998,7.66107408258638e-05,good,27,1640,8086,1647,8021,CA1,"10-ms optical pulse (473 nm, Ai32)",0.0,0.0,,,0.0,"1.0, 2.5, 4.0 mW calibrated",0,0,0.144,0,-1
760345702,739783171,810753199,951850631,CA1,45,1.481,2.778,1.119,4.053,0.0,0.0,0.022,0.0,1.0,0.0,1.0,0.061,2.7778,"{""1.0"": {""evoked_rate_hz"": 0.0, ""baseline_rate_hz"": 0.0, ""reliability"": 0.0, ""modulation_ratio"": 0.0, ""median_latency_ms"": null}, ""2.5"": {""evoked_rate_hz"": 0.0, ""baseline_rate_hz"": 0.0, ""reliability"": 0.0, ""modulation_ratio"": 0.0, ""median_latency_ms"": null}, ""4.0"": {""evoked_rate_hz"": 8.33, ""baseline_rate_hz"": 4.44, ""reliability"": 0.067, ""modulation_ratio"": 1.53, ""median_latency_ms"": 4.05}}",False,1.0,not light responsive,0.95,Not statistically significant (p=1.0000 >= 0.05); Very low reliability (0.02 < 0.05),0.2891,0.0816,0.1192,0.022,0.0809,0.878,1.0,1.0,1.8994,0.1497,low evidence (non-responsive),850094608,2.3613688641414,0.419975595807855,37.3347610011273,0.99,0.0009730279895051,3.07570452053676,0.802746566791511,0.0028768108496866,good,11,1660,8092,1632,8023,CA1,"10-ms optical pulse (473 nm, Ai32)",1.481,2.778,4.053,0.0,0.022,"1.0, 2.5, 4.0 mW calibrated",1,1,0.0816,0,0
760345702,739783171,810753199,951850684,CA1,45,1.481,0.0,0.0,,,,0.0,0.022,0.0,,1.0,-0.149,0.0,"{""1.0"": {""evoked_rate_hz"": 0.0, ""baseline_rate_hz"": 0.0, ""reliability"": 0.0, ""modulation_ratio"": 0.0, ""median_latency_ms"": null}, ""2.5"": {""evoked_rate_hz"": 0.0, ""baseline_rate_hz"": 4.44, ""reliability"": 0.0, ""modulation_ratio"": 0.0, ""median_latency_ms"": null}, ""4.0"": {""evoked_rate_hz"": 0.0, ""baseline_rate_hz"": 0.0, ""reliability"": 0.0, ""modulation_ratio"": 0.0, ""median_latency_ms"": null}}",False,0.004,not light responsive,0.95,Not statistically significant (p=1.0000 >= 0.05); No positive modulation (mod_ratio=0.00 <= 1.0); Very low reliability (0.00 < 0.05),0.0376,0.144,0.1192,0.0,0.0,0.0002,0.0183,1.0,4.6165,0.0099,low evidence (non-responsive),850094616,2.59720747604873,0.0801729854110322,56.4200963327701,0.99,0.0011296057080592,4.89118110802685,0.911301859799714,0.000819084672878,good,11,1700,8108,1594,8030,CA1,"10-ms optical pulse (473 nm, Ai32)",1.481,0.0,,,0.0,"1.0, 2.5, 4.0 mW calibrated",0,1,0.144,0,0
760345702,739783171,810753199,951850675,CA1,45,11.852,16.667,1.297,5.096,2.59,3.403,0.133,0.067,0.886,0.527,0.57143,0.108,-8.3333,"{""1.0"": {""evoked_rate_hz"": 33.33, ""baseline_rate_hz"": 4.44, ""reliability"": 0.267, ""modulation_ratio"": 6.12, ""median_latency_ms"": 5.74}, ""2.5"": {""evoked_rate_hz"": 8.33, ""baseline_rate_hz"": 22.22, ""reliability"": 0.067, ""modulation_ratio"": 0.36, ""median_latency_ms"": 5.69}, ""4.0"": {""evoked_rate_hz"": 8.33, ""baseline_rate_hz"": 8.89, ""reliability"": 0.067, ""modulation_ratio"": 0.84, ""median_latency_ms"": 1.29}}",False,0.001,not light responsive,0.867,Not statistically significant (p=0.5714 >= 0.05),0.2715,0.4066,0.1472,0.133,0.1854,0.8103,0.3549,1.0,1.2707,0.2806,low evidence (non-responsive),850094616,3.18305242551442,0.0348352326946374,65.3861570058414,0.99,0.0019683699158704,3.38888112715618,0.977333333333333,0.0042906945561812,good,11,1700,8108,1594,8030,CA1,"10-ms optical pulse (473 nm, Ai32)",11.852,16.667,5.096,2.59,0.133,"1.0, 2.5, 4.0 mW calibrated",8,5,0.4066,0,0
760345702,739783171,810753199,951850656,CA1,45,4.444,0.0,0.0,,,,0.0,0.067,0.0,,0.27273,-0.264,0.0,"{""1.0"": {""evoked_rate_hz"": 0.0, ""baseline_rate_hz"": 8.89, ""reliability"": 0.0, ""modulation_ratio"": 0.0, ""median_latency_ms"": null}, ""2.5"": {""evoked_rate_hz"": 0.0, ""baseline_rate_hz"": 4.44, ""reliability"": 0.0, ""modulation_ratio"": 0.0, ""median_latency_ms"": null}, ""4.0"": {""evoked_rate_hz"": 0.0, ""baseline_rate_hz"": 0.0, ""reliability"": 0.0, ""modulation_ratio"": 0.0, ""median_latency_ms"": null}}",False,1.0,not light responsive,0.95,Not statistically significant (p=0.2727 >= 0.05); No positive modulation (mod_ratio=0.00 <= 1.0); Very low reliability (0.00 < 0.05),0.0595,0.144,0.1922,0.0,0.0,0.0002,0.0183,1.0,4.6165,0.0099,low evidence (non-responsive),850094616,2.10150433593332,0.370103685616572,38.3850085072954,0.99,0.0064478552146816,3.46086346679179,0.853260869565217,0.0014602010323281,good,11,1700,8108,1594,8030,CA1,"10-ms optical pulse (473 nm, Ai32)",4.444,0.0,,,0.0,"1.0, 2.5, 4.0 mW calibrated",0,2,0.144,0,0
760345702,739783171,810753199,951850639,CA1,45,0.0,2.778,2.778,7.061,0.0,0.0,0.022,0.0,1.0,0.0,1.0,0.149,-2.7778,"{""1.0"": {""evoked_rate_hz"": 8.33, ""baseline_rate_hz"": 0.0, ""reliability"": 0.067, ""modulation_ratio"": 8.33, ""median_latency_ms"": 7.06}, ""2.5"": {""evoked_rate_hz"": 0.0, ""baseline_rate_hz"": 0.0, ""reliability"": 0.0, ""modulation_ratio"": 0.0, ""median_latency_ms"": null}, ""4.0"": {""evoked_rate_hz"": 0.0, ""baseline_rate_hz"": 0.0, ""reliability"": 0.0, ""modulation_ratio"": 0.0, ""median_latency_ms"": null}}",False,1.0,not light responsive,0.95,Not statistically significant (p=1.0000 >= 0.05); Very low reliability (0.02 < 0.05),0.359,0.1121,0.1192,0.022,0.6273,0.6153,1.0,1.0,1.4873,0.226,intermediate evidence (uncertain / borderline),850094614,1.46861961221952,0.189521657375656,53.5130289294121,0.96,0.0117561741404217,3.81775914484954,0.74055829228243,0.0050695791228607,good,43,1700,8105,1601,8029,CA1,"10-ms optical pulse (473 nm, Ai32)",0.0,2.778,7.061,0.0,0.022,"1.0, 2.5, 4.0 mW calibrated",1,0,0.1121,0,0
760345702,739783171,810753199,951850721,CA1,45,8.889,22.222,2.247,3.943,2.133,2.326,0.178,0.067,0.841,0.521,0.14785,0.248,-5.5556,"{""1.0"": {""evoked_rate_hz"": 33.33, ""baseline_rate_hz"": 4.44, ""reliability"": 0.267, ""modulation_ratio"": 6.12, ""median_latency_ms"": 5.06}, ""2.5"": {""evoked_rate_hz"": 16.67, ""baseline_rate_hz"": 8.89, ""reliability"": 0.133, ""modulation_ratio"": 1.69, ""median_latency_ms"": 2.13}, ""4.0"": {""evoked_rate_hz"": 16.67, ""baseline_rate_hz"": 13.33, ""reliability"": 0.133, ""modulation_ratio"": 1.16, ""median_latency_ms"": 4.08}}",False,0.334,not light responsive,0.822,Not statistically significant (p=0.1479 >= 0.05),0.3958,0.4582,0.2369,0.178,0.5256,0.8838,0.426,1.0,1.1954,0.3026,intermediate evidence (uncertain / borderline),850094628,2.62393978591876,0.0155050251402126,107.592730604892,0.99,0.0004023627098621,7.03293609719967,0.999333333333333,0.0004881620698071,good,27,1760,8127,1548,8038,CA1,"10-ms optical pulse (473 nm, Ai32)",8.889,22.222,3.943,2.133,0.178,"1.0, 2.5, 4.0 mW calibrated",10,4,0.4582,0,0
760345702,739783171,810753199,951850702,CA1,45,10.37,13.889,1.221,3.593,2.386,0.711,0.111,0.156,0.909,0.608,0.67732,0.085,8.3333,"{""1.0"": {""evoked_rate_hz"": 8.33, ""baseline_rate_hz"": 17.78, ""reliability"": 0.067, ""modulation_ratio"": 0.44, ""median_latency_ms"": 3.71}, ""2.5"": {""evoked_rate_hz"": 0.0, ""baseline_rate_hz"": 8.89, ""reliability"": 0.0, ""modulation_ratio"": 0.0, ""median_latency_ms"": null}, ""4.0"": {""evoked_rate_hz"": 33.33, ""baseline_rate_hz"": 4.44, ""reliability"": 0.267, ""modulation_ratio"": 6.12, ""median_latency_ms"": 3.3}}",False,-0.991,not light responsive,0.889,Not statistically significant (p=0.6773 >= 0.05),0.2714,0.4115,0.1381,0.111,0.143,0.9006,0.385,1.0,1.6167,0.1986,low evidence (non-responsive),850094628,1.64721325722571,0.402165387441746,36.4887144451327,0.99,0.0977934923390932,2.55724652343332,0.627777777777778,0.014390756302521,good,27,1760,8127,1548,8038,CA1,"10-ms optical pulse (473 nm, Ai32)",10.37,13.889,3.593,2.386,0.111,"1.0, 2.5, 4.0 mW calibrated",6,5,0.4115,0,0
760345702,739783171,810753199,951850818,CA1,45,4.444,5.556,1.02,5.686,2.906,2.055,0.044,0.022,0.977,0.511,1.0,0.035,2.7778,"{""1.0"": {""evoked_rate_hz"": 0.0, ""baseline_rate_hz"": 4.44, ""reliability"": 0.0, ""modulation_ratio"": 0.0, ""median_latency_ms"": null}, ""2.5"": {""evoked_rate_hz"": 8.33, ""baseline_rate_hz"": 8.89, ""reliability"": 0.067, ""modulation_ratio"": 0.84, ""median_latency_ms"": 7.74}, ""4.0"": {""evoked_rate_hz"": 8.33, ""baseline_rate_hz"": 0.0, ""reliability"": 0.067, ""modulation_ratio"": 8.33, ""median_latency_ms"": 3.63}}",False,1.0,not light responsive,0.95,Not statistically significant (p=1.0000 >= 0.05); Very low reliability (0.04 < 0.05),0.195,0.2939,0.1192,0.044,0.0143,0.7608,0.3127,1.0,1.7078,0.1813,low evidence (non-responsive),850094634,3.41224102900931,0.364249133185543,54.8649953326793,0.96,0.000487445111374,5.09210890189136,0.917127071823204,0.0012560681671589,good,59,1800,8140,1518,8043,CA1,"10-ms optical pulse (473 nm, Ai32)",4.444,5.556,5.686,2.906,0.044,"1.0, 2.5, 4.0 mW calibrated",3,2,0.2939,0,0
760345702,739783171,810753199,951850875,CA1,45,2.963,13.889,3.505,6.73,2.885,3.9,0.111,0.022,0.909,0.546,0.15884,0.254,2.7778,"{""1.0"": {""evoked_rate_hz"": 8.33, ""baseline_rate_hz"": 8.89, ""reliability"": 0.067, ""modulation_ratio"": 0.84, ""median_latency_ms"": 8.4}, ""2.5"": {""evoked_rate_hz"": 16.67, ""baseline_rate_hz"": 0.0, ""reliability"": 0.133, ""modulation_ratio"": 16.67, ""median_latency_ms"": 4.83}, ""4.0"": {""evoked_rate_hz"": 16.67, ""baseline_rate_hz"": 0.0, ""reliability"": 0.133, ""modulation_ratio"": 16.67, ""median_latency_ms"": 4.17}}",False,1.0,not light responsive,0.889,Not statistically significant (p=0.1588 >= 0.05),0.3704,0.3605,0.2313,0.111,0.7186,0.6536,0.3154,1.0,1.2841,0.2769,intermediate evidence (uncertain / borderline),850094640,2.62520801926063,0.0214879861881414,44.3680131334064,0.99,0.0051050885043511,3.07139502397642,0.93681917211329,0.0025789147926552,good,11,1820,8150,1495,8048,CA1,"10-ms optical pulse (473 nm, Ai32)",2.963,13.889,6.73,2.885,0.111,"1.0, 2.5, 4.0 mW calibrated",6,1,0.3605,0,0
760345702,739783171,810753199,951850913,CA1,45,2.963,5.556,1.402,5.624,1.815,1.283,0.044,0.022,0.977,0.323,0.73726,0.113,-2.7778,"{""1.0"": {""evoked_rate_hz"": 8.33, ""baseline_rate_hz"": 4.44, ""reliability"": 0.067, ""modulation_ratio"": 1.53, ""median_latency_ms"": 6.91}, ""2.5"": {""evoked_rate_hz"": 8.33, ""baseline_rate_hz"": 0.0, ""reliability"": 0.067, ""modulation_ratio"": 8.33, ""median_latency_ms"": 4.34}, ""4.0"": {""evoked_rate_hz"": 0.0, ""baseline_rate_hz"": 4.44, ""reliability"": 0.0, ""modulation_ratio"": 0.0, ""median_latency_ms"": null}}",False,0.004,not light responsive,0.95,Not statistically significant (p=0.7373 >= 0.05); Very low reliability (0.04 < 0.05),0.2623,0.2446,0.1338,0.044,0.239,0.7664,0.4838,1.0,1.5013,0.2228,low evidence (non-responsive),850094642,2.80006547627593,0.118075390230177,54.9232351357716,0.99,0.0105018875557362,4.31908530923782,0.870314083080041,0.0068934615517182,good,59,1840,8153,1487,8049,CA1,"10-ms optical pulse (473 nm, Ai32)",2.963,5.556,5.624,1.815,0.044,"1.0, 2.5, 4.0 mW calibrated",3,1,0.2446,0,0
760345702,739783171,810753199,951850959,CA1,45,26.667,13.889,0.502,2.92,3.46,6.324,0.111,0.244,0.909,0.74,0.05994,-0.292,2.7778,"{""1.0"": {""evoked_rate_hz"": 8.33, ""baseline_rate_hz"": 31.11, ""reliability"": 0.067, ""modulation_ratio"": 0.26, ""median_latency_ms"": 2.92}, ""2.5"": {""evoked_rate_hz"": 16.67, ""baseline_rate_hz"": 31.11, ""reliability"": 0.133, ""modulation_ratio"": 0.52, ""median_latency_ms"": 1.8}, ""4.0"": {""evoked_rate_hz"": 16.67, ""baseline_rate_hz"": 17.78, ""reliability"": 0.133, ""modulation_ratio"": 0.89, ""median_latency_ms"": 8.43}}",False,-1.993,not light responsive,0.889,Not statistically significant (p=0.0599 >= 0.05); No positive modulation (mod_ratio=0.50 <= 1.0),0.2863,0.5759,0.3148,0.111,0.0,0.9269,0.2506,1.0,1.8724,0.1538,low evidence (non-responsive),850094648,1.99747890717029,0.0583816407812818,69.0723567456779,0.99,0.0160131369632554,3.83896368258584,0.946666666666667,0.0210261406072414,good,11,1860,8163,1465,8053,CA1,"10-ms optical pulse (473 nm, Ai32)",26.667,13.889,2.92,3.46,0.111,"1.0, 2.5, 4.0 mW calibrated",6,12,0.5759,0,0
760345702,739783171,810753199,951850953,CA1,45,5.926,13.889,2.005,2.711,3.405,3.05,0.089,0.022,1.318,0.892,0.34466,0.175,0.0,"{""1.0"": {""evoked_rate_hz"": 8.33, ""baseline_rate_hz"": 8.89, ""reliability"": 0.067, ""modulation_ratio"": 0.84, ""median_latency_ms"": 8.71}, ""2.5"": {""evoked_rate_hz"": 25.0, ""baseline_rate_hz"": 4.44, ""reliability"": 0.133, ""modulation_ratio"": 4.59, ""median_latency_ms"": 2.71}, ""4.0"": {""evoked_rate_hz"": 8.33, ""baseline_rate_hz"": 4.44, ""reliability"": 0.067, ""modulation_ratio"": 1.53, ""median_latency_ms"": 1.13}}",False,1.0,not light responsive,0.911,Not statistically significant (p=0.3447 >= 0.05),0.3337,0.5952,0.1769,0.089,0.4635,0.9337,0.2561,1.0,1.6916,0.1842,low evidence (non-responsive),850094648,2.36453145762223,0.307809621895662,41.6717083765117,0.98,0.0683861134911045,4.08599190657703,0.762452107279693,0.0006725175695215,good,11,1860,8163,1465,8053,CA1,"10-ms optical pulse (473 nm, Ai32)",5.926,13.889,2.711,3.405,0.089,"1.0, 2.5, 4.0 mW calibrated",6,3,0.5952,0,0
760345702,739783171,810753199,951851095,VISp,45,7.407,2.778,0.33,7.641,0.0,0.0,0.022,0.067,1.0,0.0,0.21279,-0.16,0.0,"{""1.0"": {""evoked_rate_hz"": 0.0, ""baseline_rate_hz"": 8.89, ""reliability"": 0.0, ""modulation_ratio"": 0.0, ""median_latency_ms"": null}, ""2.5"": {""evoked_rate_hz"": 8.33, ""baseline_rate_hz"": 8.89, ""reliability"": 0.067, ""modulation_ratio"": 0.84, ""median_latency_ms"": 7.64}, ""4.0"": {""evoked_rate_hz"": 0.0, ""baseline_rate_hz"": 4.44, ""reliability"": 0.0, ""modulation_ratio"": 0.0, ""median_latency_ms"": null}}",False,-6.964,not light responsive,0.95,Not statistically significant (p=0.2128 >= 0.05); No positive modulation (mod_ratio=0.33 <= 1.0); Very low reliability (0.02 < 0.05),0.2501,0.0937,0.2095,0.022,0.0,0.5448,1.0,1.0,1.7147,0.18,low evidence (non-responsive),850094660,2.24075185647308,0.0,66.7268244971635,0.99,0.0002225888111571,5.20651355697291,0.996,0.0001633186346562,good,27,1920,8186,1412,8063,VISp,"10-ms optical pulse (473 nm, Ai32)",7.407,2.778,7.641,0.0,0.022,"1.0, 2.5, 4.0 mW calibrated",1,3,0.0937,0,0
760345702,739783171,810753199,951851008,VISp,45,14.815,13.889,0.878,6.164,2.706,3.784,0.111,0.089,0.909,0.566,0.85015,-0.018,2.7778,"{""1.0"": {""evoked_rate_hz"": 8.33, ""baseline_rate_hz"": 26.67, ""reliability"": 0.067, ""modulation_ratio"": 0.3, ""median_latency_ms"": 7.29}, ""2.5"": {""evoked_rate_hz"": 16.67, ""baseline_rate_hz"": 4.44, ""reliability"": 0.133, ""modulation_ratio"": 3.06, ""median_latency_ms"": 1.93}, ""4.0"": {""evoked_rate_hz"": 16.67, ""baseline_rate_hz"": 13.33, ""reliability"": 0.133, ""modulation_ratio"": 1.16, ""median_latency_ms"": 6.38}}",False,0.667,not light responsive,0.889,Not statistically significant (p=0.8501 >= 0.05); No positive modulation (mod_ratio=0.88 <= 1.0),0.2069,0.3471,0.1268,0.111,0.0,0.7146,0.3388,1.0,1.4504,0.2345,low evidence (non-responsive),850094658,2.1292222678307,0.361022261274073,31.1502387433463,0.99,0.0970204558621621,2.1332399808877,0.294,0.0230880230880231,good,59,1920,8182,1419,8061,VISp,"10-ms optical pulse (473 nm, Ai32)",14.815,13.889,6.164,2.706,0.111,"1.0, 2.5, 4.0 mW calibrated",6,7,0.3471,0,0
760345702,739783171,810753199,951851120,VISp,45,4.444,2.778,0.51,4.21,0.0,0.0,0.022,0.022,1.0,0.0,0.6024,-0.065,2.7778,"{""1.0"": {""evoked_rate_hz"": 0.0, ""baseline_rate_hz"": 8.89, ""reliability"": 0.0, ""modulation_ratio"": 0.0, ""median_latency_ms"": null}, ""2.5"": {""evoked_rate_hz"": 0.0, ""baseline_rate_hz"": 0.0, ""reliability"": 0.0, ""modulation_ratio"": 0.0, ""median_latency_ms"": null}, ""4.0"": {""evoked_rate_hz"": 8.33, ""baseline_rate_hz"": 4.44, ""reliability"": 0.067, ""modulation_ratio"": 1.53, ""median_latency_ms"": 4.21}}",False,-665.667,not light responsive,0.95,Not statistically significant (p=0.6024 >= 0.05); No positive modulation (mod_ratio=0.51 <= 1.0); Very low reliability (0.02 < 0.05),0.2792,0.0782,0.1443,0.022,0.0,0.8693,1.0,1.0,1.957,0.1413,low evidence (non-responsive),850094668,2.63782973851034,0.0301318575806919,58.8810769505413,0.99,0.005384058195429,4.93258081016922,0.956521739130435,0.0002047082906857,good,27,1960,8202,1374,8070,VISp,"10-ms optical pulse (473 nm, Ai32)",4.444,2.778,4.21,0.0,0.022,"1.0, 2.5, 4.0 mW calibrated",1,2,0.0782,0,0
760345702,739783171,810753199,951851233,VISp,45,11.852,2.778,0.216,8.33,0.0,0.0,0.022,0.044,1.0,0.0,0.04695,-0.276,-2.7778,"{""1.0"": {""evoked_rate_hz"": 8.33, ""baseline_rate_hz"": 8.89, ""reliability"": 0.067, ""modulation_ratio"": 0.84, ""median_latency_ms"": 8.33}, ""2.5"": {""evoked_rate_hz"": 0.0, ""baseline_rate_hz"": 13.33, ""reliability"": 0.0, ""modulation_ratio"": 0.0, ""median_latency_ms"": null}, ""4.0"": {""evoked_rate_hz"": 0.0, ""baseline_rate_hz"": 13.33, ""reliability"": 0.0, ""modulation_ratio"": 0.0, ""median_latency_ms"": null}}",False,-0.664,not light responsive,0.95,Not statistically significant (p=0.0469 >= 0.05); No positive modulation (mod_ratio=0.22 <= 1.0); Very low reliability (0.02 < 0.05),0.2758,0.0938,0.3381,0.022,0.0,0.4588,1.0,1.0,1.7143,0.1801,low evidence (non-responsive),850094688,3.78417328682082,0.0,163.631492508481,0.97,0.0002171312053582,8.86963065519807,0.994131455399061,0.0001029230135858,good,11,2060,8238,1290,8086,VISp,"10-ms optical pulse (473 nm, Ai32)",11.852,2.778,8.33,0.0,0.022,"1.0, 2.5, 4.0 mW calibrated",1,5,0.0938,0,0
760345702,739783171,810753199,951851300,VISp,45,0.0,0.0,0.0,,,,0.0,0.0,0.0,,1.0,0.0,0.0,"{""1.0"": {""evoked_rate_hz"": 0.0, ""baseline_rate_hz"": 0.0, ""reliability"": 0.0, ""modulation_ratio"": 0.0, ""median_latency_ms"": null}, ""2.5"": {""evoked_rate_hz"": 0.0, ""baseline_rate_hz"": 0.0, ""reliability"": 0.0, ""modulation_ratio"": 0.0, ""median_latency_ms"": null}, ""4.0"": {""evoked_rate_hz"": 0.0, ""baseline_rate_hz"": 0.0, ""reliability"": 0.0, ""modulation_ratio"": 0.0, ""median_latency_ms"": null}}",False,1.0,insufficient evidence,0.0,Insufficient trial count (<10) or zero spikes recorded,0.0376,0.144,0.1192,0.0,0.0,0.0002,0.0183,1.0,4.6165,0.0099,insufficient evidence,850094686,1.83161582656481,0.104659440628336,54.3787010946533,0.99,0.0091787238444879,3.60341120323809,0.941759603469641,0.0005138218065974,good,43,2060,8235,1298,8085,VISp,"10-ms optical pulse (473 nm, Ai32)",0.0,0.0,,,0.0,"1.0, 2.5, 4.0 mW calibrated",0,0,0.144,0,-1
760345702,739783171,810753199,951851311,VISp,45,22.222,11.111,0.478,4.265,1.558,1.563,0.089,0.156,0.932,0.379,0.16084,-0.202,-2.7778,"{""1.0"": {""evoked_rate_hz"": 16.67, ""baseline_rate_hz"": 17.78, ""reliability"": 0.133, ""modulation_ratio"": 0.89, ""median_latency_ms"": 3.96}, ""2.5"": {""evoked_rate_hz"": 8.33, ""baseline_rate_hz"": 26.67, ""reliability"": 0.067, ""modulation_ratio"": 0.3, ""median_latency_ms"": 3.84}, ""4.0"": {""evoked_rate_hz"": 8.33, ""baseline_rate_hz"": 22.22, ""reliability"": 0.067, ""modulation_ratio"": 0.36, ""median_latency_ms"": 4.69}}",False,0.5,not light responsive,0.911,Not statistically significant (p=0.1608 >= 0.05); No positive modulation (mod_ratio=0.48 <= 1.0),0.2749,0.2808,0.2303,0.089,0.0,0.8662,0.5362,1.0,1.7277,0.1777,low evidence (non-responsive),850094692,2.0510832083226,0.0726783597117629,69.430977142613,0.99,0.0307094204278052,3.45881112430667,0.932666666666667,0.0060742688959859,good,27,2080,8248,1267,8091,VISp,"10-ms optical pulse (473 nm, Ai32)",22.222,11.111,4.265,1.558,0.089,"1.0, 2.5, 4.0 mW calibrated",5,10,0.2808,0,0
760345702,739783171,810753199,951852856,VISp,45,0.0,0.0,0.0,,,,0.0,0.0,0.0,,1.0,0.0,0.0,"{""1.0"": {""evoked_rate_hz"": 0.0, ""baseline_rate_hz"": 0.0, ""reliability"": 0.0, ""modulation_ratio"": 0.0, ""median_latency_ms"": null}, ""2.5"": {""evoked_rate_hz"": 0.0, ""baseline_rate_hz"": 0.0, ""reliability"": 0.0, ""modulation_ratio"": 0.0, ""median_latency_ms"": null}, ""4.0"": {""evoked_rate_hz"": 0.0, ""baseline_rate_hz"": 0.0, ""reliability"": 0.0, ""modulation_ratio"": 0.0, ""median_latency_ms"": null}}",False,1.0,insufficient evidence,0.0,Insufficient trial count (<10) or zero spikes recorded,0.0376,0.144,0.1192,0.0,0.0,0.0002,0.0183,1.0,4.6165,0.0099,insufficient evidence,850094690,2.47621550007271,0.0889150017279907,39.9881315626693,0.97,0.0675328445760995,2.72449034012355,0.575757575757576,0.0033629270917406,good,59,2080,8241,1283,8088,VISp,"10-ms optical pulse (473 nm, Ai32)",0.0,0.0,,,0.0,"1.0, 2.5, 4.0 mW calibrated",0,0,0.144,0,-1
760345702,739783171,810753199,951851276,VISp,45,22.222,19.444,0.837,3.781,1.969,1.677,0.156,0.178,0.864,0.472,0.7043,-0.058,8.3333,"{""1.0"": {""evoked_rate_hz"": 8.33, ""baseline_rate_hz"": 22.22, ""reliability"": 0.067, ""modulation_ratio"": 0.36, ""median_latency_ms"": 7.91}, ""2.5"": {""evoked_rate_hz"": 16.67, ""baseline_rate_hz"": 17.78, ""reliability"": 0.133, ""modulation_ratio"": 0.89, ""median_latency_ms"": 3.47}, ""4.0"": {""evoked_rate_hz"": 33.33, ""baseline_rate_hz"": 26.67, ""reliability"": 0.267, ""modulation_ratio"": 1.2, ""median_latency_ms"": 3.51}}",False,-0.998,not light responsive,0.844,Not statistically significant (p=0.7043 >= 0.05); No positive modulation (mod_ratio=0.84 <= 1.0),0.2591,0.3943,0.1361,0.156,0.0,0.8918,0.4549,1.0,1.622,0.1975,low evidence (non-responsive),850094690,2.59246866704499,0.058657339090541,104.688681187517,0.99,0.000538947447781,5.54845998162808,0.993333333333333,0.0029444613666362,good,59,2080,8241,1283,8088,VISp,"10-ms optical pulse (473 nm, Ai32)",22.222,19.444,3.781,1.969,0.156,"1.0, 2.5, 4.0 mW calibrated",9,10,0.3943,0,0
760345702,739783171,810753199,951851349,VISp,45,14.815,19.444,1.23,5.628,1.768,1.402,0.156,0.089,0.864,0.347,0.60639,0.081,0.0,"{""1.0"": {""evoked_rate_hz"": 25.0, ""baseline_rate_hz"": 13.33, ""reliability"": 0.2, ""modulation_ratio"": 1.74, ""median_latency_ms"": 5.63}, ""2.5"": {""evoked_rate_hz"": 8.33, ""baseline_rate_hz"": 0.0, ""reliability"": 0.067, ""modulation_ratio"": 8.33, ""median_latency_ms"": 5.92}, ""4.0"": {""evoked_rate_hz"": 25.0, ""baseline_rate_hz"": 31.11, ""reliability"": 0.2, ""modulation_ratio"": 0.78, ""median_latency_ms"": 5.58}}",False,0.889,not light responsive,0.844,Not statistically significant (p=0.6064 >= 0.05),0.276,0.3675,0.144,0.156,0.1482,0.766,0.493,1.0,1.167,0.3113,low evidence (non-responsive),850094696,2.21586390784535,0.0953462025807911,69.6961049332149,0.99,0.0945419205824211,4.48592189883472,0.924457034938621,0.0024878200476832,good,11,2100,8254,1252,8094,VISp,"10-ms optical pulse (473 nm, Ai32)",14.815,19.444,5.628,1.768,0.156,"1.0, 2.5, 4.0 mW calibrated",9,7,0.3675,0,0
760345702,739783171,810753199,951851387,VISp,45,1.481,0.0,0.0,,,,0.0,0.022,0.0,,1.0,-0.149,0.0,"{""1.0"": {""evoked_rate_hz"": 0.0, ""baseline_rate_hz"": 0.0, ""reliability"": 0.0, ""modulation_ratio"": 0.0, ""median_latency_ms"": null}, ""2.5"": {""evoked_rate_hz"": 0.0, ""baseline_rate_hz"": 0.0, ""reliability"": 0.0, ""modulation_ratio"": 0.0, ""median_latency_ms"": null}, ""4.0"": {""evoked_rate_hz"": 0.0, ""baseline_rate_hz"": 4.44, ""reliability"": 0.0, ""modulation_ratio"": 0.0, ""median_latency_ms"": null}}",False,1.0,not light responsive,0.95,Not statistically significant (p=1.0000 >= 0.05); No positive modulation (mod_ratio=0.00 <= 1.0); Very low reliability (0.00 < 0.05),0.0376,0.144,0.1192,0.0,0.0,0.0002,0.0183,1.0,4.6165,0.0099,low evidence (non-responsive),850094700,2.49688406741317,0.474183009934386,45.8971237201035,0.98,0.0130655629413397,4.126658500879,0.815104166666667,0.0007428417071853,good,27,2120,8261,1237,8097,VISp,"10-ms optical pulse (473 nm, Ai32)",1.481,0.0,,,0.0,"1.0, 2.5, 4.0 mW calibrated",0,1,0.144,0,0
760345702,739783171,810753199,951851404,VISp,45,7.407,0.0,0.0,,,,0.0,0.111,0.0,,0.05594,-0.35,0.0,"{""1.0"": {""evoked_rate_hz"": 0.0, ""baseline_rate_hz"": 4.44, ""reliability"": 0.0, ""modulation_ratio"": 0.0, ""median_latency_ms"": null}, ""2.5"": {""evoked_rate_hz"": 0.0, ""baseline_rate_hz"": 13.33, ""reliability"": 0.0, ""modulation_ratio"": 0.0, ""median_latency_ms"": null}, ""4.0"": {""evoked_rate_hz"": 0.0, ""baseline_rate_hz"": 4.44, ""reliability"": 0.0, ""modulation_ratio"": 0.0, ""median_latency_ms"": null}}",False,0.004,not light responsive,0.95,Not statistically significant (p=0.0559 >= 0.05); No positive modulation (mod_ratio=0.00 <= 1.0); Very low reliability (0.00 < 0.05),0.0983,0.144,0.3213,0.0,0.0,0.0002,0.0183,1.0,4.6165,0.0099,low evidence (non-responsive),850094704,3.14742334523395,0.0246622403929818,81.3706358846645,0.99,0.0021670768898666,5.48032240182996,0.990666666666667,0.0026684456304202,good,11,2140,8267,1222,8101,VISp,"10-ms optical pulse (473 nm, Ai32)",7.407,0.0,,,0.0,"1.0, 2.5, 4.0 mW calibrated",0,3,0.144,0,0
760345702,739783171,810753199,951851454,VISp,45,2.963,5.556,1.402,5.153,1.461,1.033,0.044,0.022,0.977,0.283,0.75824,0.086,5.5556,"{""1.0"": {""evoked_rate_hz"": 0.0, ""baseline_rate_hz"": 0.0, ""reliability"": 0.0, ""modulation_ratio"": 0.0, ""median_latency_ms"": null}, ""2.5"": {""evoked_rate_hz"": 0.0, ""baseline_rate_hz"": 8.89, ""reliability"": 0.0, ""modulation_ratio"": 0.0, ""median_latency_ms"": null}, ""4.0"": {""evoked_rate_hz"": 16.67, ""baseline_rate_hz"": 0.0, ""reliability"": 0.133, ""modulation_ratio"": 16.67, ""median_latency_ms"": 5.15}}",False,0.251,not light responsive,0.95,Not statistically significant (p=0.7582 >= 0.05); Very low reliability (0.04 < 0.05),0.2752,0.2265,0.1324,0.044,0.239,0.8059,0.5574,1.0,1.5517,0.2119,low evidence (non-responsive),850094706,1.82531944139983,0.0983867219558498,89.3927736027034,0.99,0.0454327783513697,3.65176369967405,0.932,0.0427151890566525,good,59,2160,8274,1206,8104,VISp,"10-ms optical pulse (473 nm, Ai32)",2.963,5.556,5.153,1.461,0.044,"1.0, 2.5, 4.0 mW calibrated",3,1,0.2265,0,0
760345702,739783171,810753199,951851488,VISp,45,0.0,0.0,0.0,,,,0.0,0.0,0.0,,1.0,0.0,0.0,"{""1.0"": {""evoked_rate_hz"": 0.0, ""baseline_rate_hz"": 0.0, ""reliability"": 0.0, ""modulation_ratio"": 0.0, ""median_latency_ms"": null}, ""2.5"": {""evoked_rate_hz"": 0.0, ""baseline_rate_hz"": 0.0, ""reliability"": 0.0, ""modulation_ratio"": 0.0, ""median_latency_ms"": null}, ""4.0"": {""evoked_rate_hz"": 0.0, ""baseline_rate_hz"": 0.0, ""reliability"": 0.0, ""modulation_ratio"": 0.0, ""median_latency_ms"": null}}",False,-221.222,insufficient evidence,0.0,Insufficient trial count (<10) or zero spikes recorded,0.0376,0.144,0.1192,0.0,0.0,0.0002,0.0183,1.0,4.6165,0.0099,insufficient evidence,850094712,1.59281799141403,0.270664628747302,53.3595071839752,0.99,0.0608395907704678,3.53097119415663,0.84093567251462,0.0032938754503345,good,11,2180,8284,1184,8109,VISp,"10-ms optical pulse (473 nm, Ai32)",0.0,0.0,,,0.0,"1.0, 2.5, 4.0 mW calibrated",0,0,0.144,0,-1
760345702,739783171,810753199,951851480,VISp,45,4.444,0.0,0.0,,,,0.0,0.022,0.0,,0.23676,-0.264,0.0,"{""1.0"": {""evoked_rate_hz"": 0.0, ""baseline_rate_hz"": 0.0, ""reliability"": 0.0, ""modulation_ratio"": 0.0, ""median_latency_ms"": null}, ""2.5"": {""evoked_rate_hz"": 0.0, ""baseline_rate_hz"": 13.33, ""reliability"": 0.0, ""modulation_ratio"": 0.0, ""median_latency_ms"": null}, ""4.0"": {""evoked_rate_hz"": 0.0, ""baseline_rate_hz"": 0.0, ""reliability"": 0.0, ""modulation_ratio"": 0.0, ""median_latency_ms"": null}}",False,0.501,not light responsive,0.95,Not statistically significant (p=0.2368 >= 0.05); No positive modulation (mod_ratio=0.00 <= 1.0); Very low reliability (0.00 < 0.05),0.0624,0.144,0.2019,0.0,0.0,0.0002,0.0183,1.0,4.6165,0.0099,low evidence (non-responsive),850094712,3.39838996024339,0.0725854142824524,48.1900894806992,0.95,0.0008065226998773,3.96620349307807,0.894144144144144,0.0003721748545134,good,11,2180,8284,1184,8109,VISp,"10-ms optical pulse (473 nm, Ai32)",4.444,0.0,,,0.0,"1.0, 2.5, 4.0 mW calibrated",0,2,0.144,0,0
760345702,739783171,810753199,951851471,VISp,45,34.074,22.222,0.634,4.425,1.901,2.631,0.178,0.267,0.841,0.373,0.16783,-0.217,-5.5556,"{""1.0"": {""evoked_rate_hz"": 33.33, ""baseline_rate_hz"": 31.11, ""reliability"": 0.267, ""modulation_ratio"": 1.04, ""median_latency_ms"": 5.43}, ""2.5"": {""evoked_rate_hz"": 16.67, ""baseline_rate_hz"": 35.56, ""reliability"": 0.133, ""modulation_ratio"": 0.46, ""median_latency_ms"": 5.54}, ""4.0"": {""evoked_rate_hz"": 16.67, ""baseline_rate_hz"": 35.56, ""reliability"": 0.133, ""modulation_ratio"": 0.46, ""median_latency_ms"": 3.39}}",False,-0.199,not light responsive,0.822,Not statistically significant (p=0.1678 >= 0.05); No positive modulation (mod_ratio=0.63 <= 1.0),0.2879,0.3898,0.2271,0.178,0.0,0.8566,0.4675,1.0,1.4734,0.2291,low evidence (non-responsive),850094712,2.80364788345261,0.050486896670806,71.5351748820798,0.99,0.0023458306463966,4.75973255775324,0.973333333333333,0.0015584993877323,good,11,2180,8284,1184,8109,VISp,"10-ms optical pulse (473 nm, Ai32)",34.074,22.222,4.425,1.901,0.178,"1.0, 2.5, 4.0 mW calibrated",10,15,0.3898,0,0
760345702,739783171,810753199,951851463,VISp,45,19.259,19.444,0.96,3.972,1.836,1.462,0.156,0.2,0.864,0.431,1.0,0.003,2.7778,"{""1.0"": {""evoked_rate_hz"": 0.0, ""baseline_rate_hz"": 35.56, ""reliability"": 0.0, ""modulation_ratio"": 0.0, ""median_latency_ms"": null}, ""2.5"": {""evoked_rate_hz"": 50.0, ""baseline_rate_hz"": 4.44, ""reliability"": 0.4, ""modulation_ratio"": 9.18, ""median_latency_ms"": 4.04}, ""4.0"": {""evoked_rate_hz"": 8.33, ""baseline_rate_hz"": 17.78, ""reliability"": 0.067, ""modulation_ratio"": 0.44, ""median_latency_ms"": 3.59}}",False,-1.494,not light responsive,0.844,Not statistically significant (p=1.0000 >= 0.05); No positive modulation (mod_ratio=0.96 <= 1.0),0.2551,0.3762,0.1192,0.156,0.0,0.8823,0.4798,1.0,1.5914,0.2036,low evidence (non-responsive),850094712,2.60408138362649,0.0436020279927483,66.5915018232606,0.99,0.0157402381360938,3.94347656136306,0.960666666666667,0.0060119047619047,good,11,2180,8284,1184,8109,VISp,"10-ms optical pulse (473 nm, Ai32)",19.259,19.444,3.972,1.836,0.156,"1.0, 2.5, 4.0 mW calibrated",9,9,0.3762,0,0
760345702,739783171,810753199,951851505,VISp,45,0.0,0.0,0.0,,,,0.0,0.0,0.0,,1.0,0.0,0.0,"{""1.0"": {""evoked_rate_hz"": 0.0, ""baseline_rate_hz"": 0.0, ""reliability"": 0.0, ""modulation_ratio"": 0.0, ""median_latency_ms"": null}, ""2.5"": {""evoked_rate_hz"": 0.0, ""baseline_rate_hz"": 0.0, ""reliability"": 0.0, ""modulation_ratio"": 0.0, ""median_latency_ms"": null}, ""4.0"": {""evoked_rate_hz"": 0.0, ""baseline_rate_hz"": 0.0, ""reliability"": 0.0, ""modulation_ratio"": 0.0, ""median_latency_ms"": null}}",False,1.0,insufficient evidence,0.0,Insufficient trial count (<10) or zero spikes recorded,0.0376,0.144,0.1192,0.0,0.0,0.0002,0.0183,1.0,4.6165,0.0099,insufficient evidence,850094714,2.89223941525204,0.0778574037818761,67.4169100850961,0.99,0.0108153002340749,5.56766128303221,0.975609756097561,0.0008507742045261,good,59,2200,8287,1176,8111,VISp,"10-ms optical pulse (473 nm, Ai32)",0.0,0.0,,,0.0,"1.0, 2.5, 4.0 mW calibrated",0,0,0.144,0,-1
760345702,739783171,810753199,951851550,VISp,45,1.481,0.0,0.0,,,,0.0,0.0,0.0,,1.0,-0.149,0.0,"{""1.0"": {""evoked_rate_hz"": 0.0, ""baseline_rate_hz"": 4.44, ""reliability"": 0.0, ""modulation_ratio"": 0.0, ""median_latency_ms"": null}, ""2.5"": {""evoked_rate_hz"": 0.0, ""baseline_rate_hz"": 0.0, ""reliability"": 0.0, ""modulation_ratio"": 0.0, ""median_latency_ms"": null}, ""4.0"": {""evoked_rate_hz"": 0.0, ""baseline_rate_hz"": 0.0, ""reliability"": 0.0, ""modulation_ratio"": 0.0, ""median_latency_ms"": null}}",False,1.0,not light responsive,0.95,Not statistically significant (p=1.0000 >= 0.05); No positive modulation (mod_ratio=0.00 <= 1.0); Very low reliability (0.00 < 0.05),0.0376,0.144,0.1192,0.0,0.0,0.0002,0.0183,1.0,4.6165,0.0099,low evidence (non-responsive),850094720,2.60301723773558,0.254577025187094,67.6367561869926,0.99,0.0098619869161312,5.01518032656529,0.970404984423676,0.0006964758322886,good,11,2220,8300,1145,8117,VISp,"10-ms optical pulse (473 nm, Ai32)",1.481,0.0,,,0.0,"1.0, 2.5, 4.0 mW calibrated",0,1,0.144,0,0
760345702,739783171,810753199,951851568,VISp,45,8.889,8.333,0.843,2.677,0.0,0.0,0.022,0.022,3.0,0.0,1.0,-0.047,0.0,"{""1.0"": {""evoked_rate_hz"": 0.0, ""baseline_rate_hz"": 0.0, ""reliability"": 0.0, ""modulation_ratio"": 0.0, ""median_latency_ms"": null}, ""2.5"": {""evoked_rate_hz"": 25.0, ""baseline_rate_hz"": 22.22, ""reliability"": 0.067, ""modulation_ratio"": 1.08, ""median_latency_ms"": 2.68}, ""4.0"": {""evoked_rate_hz"": 0.0, ""baseline_rate_hz"": 4.44, ""reliability"": 0.0, ""modulation_ratio"": 0.0, ""median_latency_ms"": null}}",False,1.0,not light responsive,0.95,Not statistically significant (p=1.0000 >= 0.05); No positive modulation (mod_ratio=0.84 <= 1.0); Very low reliability (0.02 < 0.05),0.2815,0.0675,0.1192,0.022,0.0,0.9347,1.0,1.0,2.1686,0.1143,low evidence (non-responsive),850094722,2.71413622678232,0.211670147344169,53.2564193094221,0.99,0.0357849147713143,4.46661808562987,0.903508771929825,0.0013251783893985,good,59,2240,8303,1138,8119,VISp,"10-ms optical pulse (473 nm, Ai32)",8.889,8.333,2.677,0.0,0.022,"1.0, 2.5, 4.0 mW calibrated",4,4,0.0675,0,0
760345702,739783171,810753199,951851559,VISp,45,14.815,8.333,0.527,4.567,1.823,1.823,0.067,0.156,0.955,0.4,0.27972,-0.144,-5.5556,"{""1.0"": {""evoked_rate_hz"": 16.67, ""baseline_rate_hz"": 13.33, ""reliability"": 0.133, ""modulation_ratio"": 1.16, ""median_latency_ms"": 5.48}, ""2.5"": {""evoked_rate_hz"": 8.33, ""baseline_rate_hz"": 17.78, ""reliability"": 0.067, ""modulation_ratio"": 0.44, ""median_latency_ms"": 2.74}, ""4.0"": {""evoked_rate_hz"": 0.0, ""baseline_rate_hz"": 13.33, ""reliability"": 0.0, ""modulation_ratio"": 0.0, ""median_latency_ms"": null}}",False,0.334,not light responsive,0.933,Not statistically significant (p=0.2797 >= 0.05); No positive modulation (mod_ratio=0.53 <= 1.0),0.2493,0.2717,0.1905,0.067,0.0,0.8477,0.4823,1.0,1.7589,0.1722,low evidence (non-responsive),850094722,2.53900290670476,0.126411034302428,74.6696519974093,0.99,0.0338354812467666,4.73734875019132,0.956964006259781,0.0038298168651208,good,59,2240,8303,1138,8119,VISp,"10-ms optical pulse (473 nm, Ai32)",14.815,8.333,4.567,1.823,0.067,"1.0, 2.5, 4.0 mW calibrated",4,7,0.2717,0,0
760345702,739783171,810753199,951851619,VISp,45,8.889,0.0,0.0,,,,0.0,0.089,0.0,,0.03297,-0.388,0.0,"{""1.0"": {""evoked_rate_hz"": 0.0, ""baseline_rate_hz"": 0.0, ""reliability"": 0.0, ""modulation_ratio"": 0.0, ""median_latency_ms"": null}, ""2.5"": {""evoked_rate_hz"": 0.0, ""baseline_rate_hz"": 17.78, ""reliability"": 0.0, ""modulation_ratio"": 0.0, ""median_latency_ms"": null}, ""4.0"": {""evoked_rate_hz"": 0.0, ""baseline_rate_hz"": 8.89, ""reliability"": 0.0, ""modulation_ratio"": 0.0, ""median_latency_ms"": null}}",False,0.501,not light responsive,0.95,Not statistically significant (p=0.0330 >= 0.05); No positive modulation (mod_ratio=0.00 <= 1.0); Very low reliability (0.00 < 0.05),0.1138,0.144,0.3733,0.0,0.0,0.0002,0.0183,1.0,4.6165,0.0099,low evidence (non-responsive),850094728,1.9665929717244,0.0241408895858384,74.9697032183285,0.99,0.0381208102946844,4.25723607324993,0.795625942684766,0.0121015554160564,good,11,2260,8313,1115,8124,VISp,"10-ms optical pulse (473 nm, Ai32)",8.889,0.0,,,0.0,"1.0, 2.5, 4.0 mW calibrated",0,4,0.144,0,0
760345702,739783171,810753199,951851611,VISp,45,13.333,8.333,0.581,6.459,1.921,1.788,0.067,0.089,0.955,0.34,0.33866,-0.125,5.5556,"{""1.0"": {""evoked_rate_hz"": 0.0, ""baseline_rate_hz"": 22.22, ""reliability"": 0.0, ""modulation_ratio"": 0.0, ""median_latency_ms"": null}, ""2.5"": {""evoked_rate_hz"": 8.33, ""baseline_rate_hz"": 13.33, ""reliability"": 0.067, ""modulation_ratio"": 0.58, ""median_latency_ms"": 6.46}, ""4.0"": {""evoked_rate_hz"": 16.67, ""baseline_rate_hz"": 4.44, ""reliability"": 0.133, ""modulation_ratio"": 3.06, ""median_latency_ms"": 5.24}}",False,-0.199,not light responsive,0.933,Not statistically significant (p=0.3387 >= 0.05); No positive modulation (mod_ratio=0.58 <= 1.0),0.2191,0.2494,0.178,0.067,0.0,0.6836,0.4638,1.0,1.5829,0.2054,low evidence (non-responsive),850094728,3.05778958120069,0.113638728947139,69.1770688832136,0.99,0.0129705105604193,4.30895926106646,0.958512160228898,0.0004436708644756,good,11,2260,8313,1115,8124,VISp,"10-ms optical pulse (473 nm, Ai32)",13.333,8.333,6.459,1.921,0.067,"1.0, 2.5, 4.0 mW calibrated",4,6,0.2494,0,0
760345702,739783171,810753199,951851651,VISp,45,14.815,8.333,0.527,8.141,0.378,0.357,0.067,0.133,0.955,0.046,0.25974,-0.159,-2.7778,"{""1.0"": {""evoked_rate_hz"": 16.67, ""baseline_rate_hz"": 22.22, ""reliability"": 0.133, ""modulation_ratio"": 0.72, ""median_latency_ms"": 8.07}, ""2.5"": {""evoked_rate_hz"": 0.0, ""baseline_rate_hz"": 8.89, ""reliability"": 0.0, ""modulation_ratio"": 0.0, ""median_latency_ms"": null}, ""4.0"": {""evoked_rate_hz"": 8.33, ""baseline_rate_hz"": 13.33, ""reliability"": 0.067, ""modulation_ratio"": 0.58, ""median_latency_ms"": 8.71}}",False,0.429,not light responsive,0.933,Not statistically significant (p=0.2597 >= 0.05); No positive modulation (mod_ratio=0.53 <= 1.0),0.2337,0.1655,0.1955,0.067,0.0,0.4824,0.8597,1.0,1.5357,0.2153,low evidence (non-responsive),850094730,2.01914139265891,0.0054737698777246,96.5297095898309,0.99,0.034246297182242,4.27846071140415,0.996,0.0024992734670154,good,59,2280,8316,1107,8126,VISp,"10-ms optical pulse (473 nm, Ai32)",14.815,8.333,8.141,0.378,0.067,"1.0, 2.5, 4.0 mW calibrated",4,7,0.1655,0,0
760345702,739783171,810753199,951851604,VISp,45,0.0,0.0,0.0,,,,0.0,0.0,0.0,,1.0,0.0,0.0,"{""1.0"": {""evoked_rate_hz"": 0.0, ""baseline_rate_hz"": 0.0, ""reliability"": 0.0, ""modulation_ratio"": 0.0, ""median_latency_ms"": null}, ""2.5"": {""evoked_rate_hz"": 0.0, ""baseline_rate_hz"": 0.0, ""reliability"": 0.0, ""modulation_ratio"": 0.0, ""median_latency_ms"": null}, ""4.0"": {""evoked_rate_hz"": 0.0, ""baseline_rate_hz"": 0.0, ""reliability"": 0.0, ""modulation_ratio"": 0.0, ""median_latency_ms"": null}}",False,1.0,insufficient evidence,0.0,Insufficient trial count (<10) or zero spikes recorded,0.0376,0.144,0.1192,0.0,0.0,0.0002,0.0183,1.0,4.6165,0.0099,insufficient evidence,850094730,2.71880522340032,0.172099734188303,53.410357879964,0.99,0.0074023630818371,5.12839378503385,0.911764705882353,0.0005388293931433,good,59,2280,8316,1107,8126,VISp,"10-ms optical pulse (473 nm, Ai32)",0.0,0.0,,,0.0,"1.0, 2.5, 4.0 mW calibrated",0,0,0.144,0,-1
760345702,739783171,810753199,951851712,VISp,45,4.444,2.778,0.51,4.024,0.0,0.0,0.022,0.044,1.0,0.0,0.6004,-0.065,0.0,"{""1.0"": {""evoked_rate_hz"": 0.0, ""baseline_rate_hz"": 4.44, ""reliability"": 0.0, ""modulation_ratio"": 0.0, ""median_latency_ms"": null}, ""2.5"": {""evoked_rate_hz"": 8.33, ""baseline_rate_hz"": 4.44, ""reliability"": 0.067, ""modulation_ratio"": 1.53, ""median_latency_ms"": 4.02}, ""4.0"": {""evoked_rate_hz"": 0.0, ""baseline_rate_hz"": 4.44, ""reliability"": 0.0, ""modulation_ratio"": 0.0, ""median_latency_ms"": null}}",False,0.004,not light responsive,0.95,Not statistically significant (p=0.6004 >= 0.05); No positive modulation (mod_ratio=0.51 <= 1.0); Very low reliability (0.02 < 0.05),0.2808,0.077,0.1445,0.022,0.0,0.8795,1.0,1.0,1.9799,0.1381,low evidence (non-responsive),850094736,2.669256501869,0.0730685572446731,68.9502694717533,0.99,0.0181125234580257,3.69406752424339,0.96017316017316,0.0031894609117698,good,11,2300,8330,1077,8133,VISp,"10-ms optical pulse (473 nm, Ai32)",4.444,2.778,4.024,0.0,0.022,"1.0, 2.5, 4.0 mW calibrated",1,2,0.077,0,0
760345702,739783171,810753199,951851681,VISp,45,7.407,11.111,1.322,5.583,2.67,2.887,0.089,0.067,0.932,0.517,0.64935,0.085,-5.5556,"{""1.0"": {""evoked_rate_hz"": 25.0, ""baseline_rate_hz"": 4.44, ""reliability"": 0.2, ""modulation_ratio"": 4.59, ""median_latency_ms"": 4.69}, ""2.5"": {""evoked_rate_hz"": 0.0, ""baseline_rate_hz"": 4.44, ""reliability"": 0.0, ""modulation_ratio"": 0.0, ""median_latency_ms"": null}, ""4.0"": {""evoked_rate_hz"": 8.33, ""baseline_rate_hz"": 13.33, ""reliability"": 0.067, ""modulation_ratio"": 0.58, ""median_latency_ms"": 6.48}}",False,0.001,not light responsive,0.911,Not statistically significant (p=0.6493 >= 0.05),0.254,0.3525,0.1403,0.089,0.1987,0.77,0.3437,1.0,1.3546,0.2581,low evidence (non-responsive),850094736,4.1571976703068,0.0184060031554124,62.5430457662513,0.99,0.0004086270005445,5.21748343562989,0.973333333333333,0.001502855425308,good,11,2300,8330,1077,8133,VISp,"10-ms optical pulse (473 nm, Ai32)",7.407,11.111,5.583,2.67,0.089,"1.0, 2.5, 4.0 mW calibrated",5,3,0.3525,0,0
760345702,739783171,810753199,951851671,VISp,45,2.963,2.778,0.701,1.743,0.0,0.0,0.022,0.022,1.0,0.0,1.0,-0.008,-2.7778,"{""1.0"": {""evoked_rate_hz"": 8.33, ""baseline_rate_hz"": 0.0, ""reliability"": 0.067, ""modulation_ratio"": 8.33, ""median_latency_ms"": 1.74}, ""2.5"": {""evoked_rate_hz"": 0.0, ""baseline_rate_hz"": 0.0, ""reliability"": 0.0, ""modulation_ratio"": 0.0, ""median_latency_ms"": null}, ""4.0"": {""evoked_rate_hz"": 0.0, ""baseline_rate_hz"": 8.89, ""reliability"": 0.0, ""modulation_ratio"": 0.0, ""median_latency_ms"": null}}",False,1.0,not light responsive,0.95,Not statistically significant (p=1.0000 >= 0.05); No positive modulation (mod_ratio=0.70 <= 1.0); Very low reliability (0.02 < 0.05),0.285,0.0611,0.1192,0.022,0.0,0.9581,1.0,1.0,2.3193,0.0983,low evidence (non-responsive),850094734,2.1631259128777,0.0152009147511801,64.9965858064153,0.99,0.0526550376287288,3.36534013334367,0.971830985915493,0.0004427642110282,good,43,2300,8326,1085,8132,VISp,"10-ms optical pulse (473 nm, Ai32)",2.963,2.778,1.743,0.0,0.022,"1.0, 2.5, 4.0 mW calibrated",1,1,0.0611,0,0
760345702,739783171,810753199,951851660,VISp,45,8.889,2.778,0.281,7.009,0.0,0.0,0.022,0.089,1.0,0.0,0.13586,-0.201,-2.7778,"{""1.0"": {""evoked_rate_hz"": 8.33, ""baseline_rate_hz"": 4.44, ""reliability"": 0.067, ""modulation_ratio"": 1.53, ""median_latency_ms"": 7.01}, ""2.5"": {""evoked_rate_hz"": 0.0, ""baseline_rate_hz"": 8.89, ""reliability"": 0.0, ""modulation_ratio"": 0.0, ""median_latency_ms"": null}, ""4.0"": {""evoked_rate_hz"": 0.0, ""baseline_rate_hz"": 13.33, ""reliability"": 0.0, ""modulation_ratio"": 0.0, ""median_latency_ms"": null}}",False,-0.664,not light responsive,0.95,Not statistically significant (p=0.1359 >= 0.05); No positive modulation (mod_ratio=0.28 <= 1.0); Very low reliability (0.02 < 0.05),0.2718,0.0926,0.2436,0.022,0.0,0.6214,1.0,1.0,1.7302,0.1773,low evidence (non-responsive),850094734,4.50031188213429,0.0027313627196595,137.288518497539,0.99,0.0001906493220428,8.59687243394266,0.999210110584518,0.0001044059302568,good,43,2300,8326,1085,8132,VISp,"10-ms optical pulse (473 nm, Ai32)",8.889,2.778,7.009,0.0,0.022,"1.0, 2.5, 4.0 mW calibrated",1,4,0.0926,0,0
760345702,739783171,810753199,951851757,VISp,45,4.444,2.778,0.51,2.21,0.0,0.0,0.022,0.022,1.0,0.0,0.65734,-0.065,0.0,"{""1.0"": {""evoked_rate_hz"": 0.0, ""baseline_rate_hz"": 4.44, ""reliability"": 0.0, ""modulation_ratio"": 0.0, ""median_latency_ms"": null}, ""2.5"": {""evoked_rate_hz"": 8.33, ""baseline_rate_hz"": 4.44, ""reliability"": 0.067, ""modulation_ratio"": 1.53, ""median_latency_ms"": 2.21}, ""4.0"": {""evoked_rate_hz"": 0.0, ""baseline_rate_hz"": 4.44, ""reliability"": 0.0, ""modulation_ratio"": 0.0, ""median_latency_ms"": null}}",False,-1.987,not light responsive,0.95,Not statistically significant (p=0.6573 >= 0.05); No positive modulation (mod_ratio=0.51 <= 1.0); Very low reliability (0.02 < 0.05),0.2895,0.0642,0.1397,0.022,0.0,0.9476,1.0,1.0,2.2422,0.1062,low evidence (non-responsive),850094740,3.02864909556769,0.0409830326941556,67.0529778821433,0.97,0.001409693587671,5.43108959138076,0.970404984423676,0.0001021867974657,good,27,2320,8336,1062,8137,VISp,"10-ms optical pulse (473 nm, Ai32)",4.444,2.778,2.21,0.0,0.022,"1.0, 2.5, 4.0 mW calibrated",1,2,0.0642,0,0
760345702,739783171,810753199,951851748,VISp,45,0.0,0.0,0.0,,,,0.0,0.0,0.0,,1.0,0.0,0.0,"{""1.0"": {""evoked_rate_hz"": 0.0, ""baseline_rate_hz"": 0.0, ""reliability"": 0.0, ""modulation_ratio"": 0.0, ""median_latency_ms"": null}, ""2.5"": {""evoked_rate_hz"": 0.0, ""baseline_rate_hz"": 0.0, ""reliability"": 0.0, ""modulation_ratio"": 0.0, ""median_latency_ms"": null}, ""4.0"": {""evoked_rate_hz"": 0.0, ""baseline_rate_hz"": 0.0, ""reliability"": 0.0, ""modulation_ratio"": 0.0, ""median_latency_ms"": null}}",False,1.0,insufficient evidence,0.0,Insufficient trial count (<10) or zero spikes recorded,0.0376,0.144,0.1192,0.0,0.0,0.0002,0.0183,1.0,4.6165,0.0099,insufficient evidence,850094738,3.56219536270639,0.243209744000699,34.136187067544,0.99,0.0005123327086107,4.30136879014941,0.769547325102881,0.0006048996874684,good,59,2320,8333,1069,8135,VISp,"10-ms optical pulse (473 nm, Ai32)",0.0,0.0,,,0.0,"1.0, 2.5, 4.0 mW calibrated",0,0,0.144,0,-1
760345702,739783171,810753199,951851722,VISp,45,2.963,0.0,0.0,,,,0.0,0.044,0.0,,0.53147,-0.213,0.0,"{""1.0"": {""evoked_rate_hz"": 0.0, ""baseline_rate_hz"": 0.0, ""reliability"": 0.0, ""modulation_ratio"": 0.0, ""median_latency_ms"": null}, ""2.5"": {""evoked_rate_hz"": 0.0, ""baseline_rate_hz"": 0.0, ""reliability"": 0.0, ""modulation_ratio"": 0.0, ""median_latency_ms"": null}, ""4.0"": {""evoked_rate_hz"": 0.0, ""baseline_rate_hz"": 8.89, ""reliability"": 0.0, ""modulation_ratio"": 0.0, ""median_latency_ms"": null}}",False,0.004,not light responsive,0.95,Not statistically significant (p=0.5315 >= 0.05); No positive modulation (mod_ratio=0.00 <= 1.0); Very low reliability (0.00 < 0.05),0.0472,0.144,0.1512,0.0,0.0,0.0002,0.0183,1.0,4.6165,0.0099,low evidence (non-responsive),850094738,2.43591614871245,0.0857007241329024,61.3034720123341,0.99,0.0476160456033238,4.10643459476536,0.763129689174705,0.0079815598444972,good,59,2320,8333,1069,8135,VISp,"10-ms optical pulse (473 nm, Ai32)",2.963,0.0,,,0.0,"1.0, 2.5, 4.0 mW calibrated",0,1,0.144,0,0
760345702,739783171,810753199,951851835,VISp,45,29.63,30.556,0.998,5.307,2.234,2.505,0.244,0.133,0.773,0.489,0.89411,0.016,2.7778,"{""1.0"": {""evoked_rate_hz"": 25.0, ""baseline_rate_hz"": 35.56, ""reliability"": 0.2, ""modulation_ratio"": 0.68, ""median_latency_ms"": 5.68}, ""2.5"": {""evoked_rate_hz"": 33.33, ""baseline_rate_hz"": 17.78, ""reliability"": 0.267, ""modulation_ratio"": 1.78, ""median_latency_ms"": 2.7}, ""4.0"": {""evoked_rate_hz"": 33.33, ""baseline_rate_hz"": 35.56, ""reliability"": 0.267, ""modulation_ratio"": 0.91, ""median_latency_ms"": 4.98}}",False,0.077,not light responsive,0.756,Not statistically significant (p=0.8941 >= 0.05); No positive modulation (mod_ratio=1.00 <= 1.0),0.2583,0.4497,0.1244,0.244,0.0,0.7936,0.4092,1.0,1.2376,0.2901,low evidence (non-responsive),850094744,2.22760248105367,0.0034041247704092,89.1639058036619,0.99,8.91011781120226e-05,3.48844441879657,0.997333333333333,0.0003579610538373,good,11,2340,8346,1039,8143,VISp,"10-ms optical pulse (473 nm, Ai32)",29.63,30.556,5.307,2.234,0.244,"1.0, 2.5, 4.0 mW calibrated",14,13,0.4497,0,0
760345702,739783171,810753199,951851826,VISp,45,7.407,8.333,0.991,6.715,3.31,2.919,0.067,0.089,0.955,0.674,1.0,0.023,-5.5556,"{""1.0"": {""evoked_rate_hz"": 16.67, ""baseline_rate_hz"": 0.0, ""reliability"": 0.133, ""modulation_ratio"": 16.67, ""median_latency_ms"": 4.01}, ""2.5"": {""evoked_rate_hz"": 8.33, ""baseline_rate_hz"": 4.44, ""reliability"": 0.067, ""modulation_ratio"": 1.53, ""median_latency_ms"": 6.71}, ""4.0"": {""evoked_rate_hz"": 0.0, ""baseline_rate_hz"": 17.78, ""reliability"": 0.0, ""modulation_ratio"": 0.0, ""median_latency_ms"": null}}",False,-1.494,not light responsive,0.933,Not statistically significant (p=1.0000 >= 0.05); No positive modulation (mod_ratio=0.99 <= 1.0),0.1774,0.319,0.1192,0.067,0.0,0.6553,0.2661,1.0,1.5686,0.2083,low evidence (non-responsive),850094744,2.49867785919856,0.0511674791644641,63.6335435209181,0.99,0.0061067913850005,4.35074110813032,0.867158671586716,0.0044882995854318,good,11,2340,8346,1039,8143,VISp,"10-ms optical pulse (473 nm, Ai32)",7.407,8.333,6.715,3.31,0.067,"1.0, 2.5, 4.0 mW calibrated",4,3,0.319,0,0
760345702,739783171,810753199,951851799,VISp,45,13.333,11.111,0.775,4.402,2.597,2.766,0.089,0.067,0.932,0.512,0.67532,-0.046,-8.3333,"{""1.0"": {""evoked_rate_hz"": 25.0, ""baseline_rate_hz"": 4.44, ""reliability"": 0.2, ""modulation_ratio"": 4.59, ""median_latency_ms"": 3.53}, ""2.5"": {""evoked_rate_hz"": 8.33, ""baseline_rate_hz"": 17.78, ""reliability"": 0.067, ""modulation_ratio"": 0.44, ""median_latency_ms"": 8.65}, ""4.0"": {""evoked_rate_hz"": 0.0, ""baseline_rate_hz"": 17.78, ""reliability"": 0.0, ""modulation_ratio"": 0.0, ""median_latency_ms"": null}}",False,-0.748,not light responsive,0.911,Not statistically significant (p=0.6753 >= 0.05); No positive modulation (mod_ratio=0.78 <= 1.0),0.2278,0.3608,0.1383,0.089,0.0,0.858,0.3539,1.0,1.7094,0.181,low evidence (non-responsive),850094742,1.82223319212802,0.0054269089817063,90.1622142980302,0.99,0.0989682057640327,4.7302815396166,0.990196078431373,0.0007297748123436,good,43,2340,8340,1054,8139,VISp,"10-ms optical pulse (473 nm, Ai32)",13.333,11.111,4.402,2.597,0.089,"1.0, 2.5, 4.0 mW calibrated",5,6,0.3608,0,0
760345702,739783171,810753199,951851782,VISp,45,11.852,8.333,0.648,1.828,1.258,1.227,0.067,0.133,0.955,0.586,0.51848,-0.082,-8.3333,"{""1.0"": {""evoked_rate_hz"": 25.0, ""baseline_rate_hz"": 13.33, ""reliability"": 0.2, ""modulation_ratio"": 1.74, ""median_latency_ms"": 1.83}, ""2.5"": {""evoked_rate_hz"": 0.0, ""baseline_rate_hz"": 8.89, ""reliability"": 0.0, ""modulation_ratio"": 0.0, ""median_latency_ms"": null}, ""4.0"": {""evoked_rate_hz"": 0.0, ""baseline_rate_hz"": 13.33, ""reliability"": 0.0, ""modulation_ratio"": 0.0, ""median_latency_ms"": null}}",False,0.251,not light responsive,0.933,Not statistically significant (p=0.5185 >= 0.05); No positive modulation (mod_ratio=0.65 <= 1.0),0.2664,0.3494,0.1526,0.067,0.0,0.9563,0.6046,1.0,2.1767,0.1134,low evidence (non-responsive),850094742,2.25929612245571,0.0441598091015281,65.1040240735433,0.99,0.0312486352038964,2.80363456651747,0.820408163265306,0.0173151069050123,good,43,2340,8340,1054,8139,VISp,"10-ms optical pulse (473 nm, Ai32)",11.852,8.333,1.828,1.258,0.067,"1.0, 2.5, 4.0 mW calibrated",4,5,0.3494,0,0
760345702,739783171,810753199,951851870,VISp,45,0.0,0.0,0.0,,,,0.0,0.0,0.0,,1.0,0.0,0.0,"{""1.0"": {""evoked_rate_hz"": 0.0, ""baseline_rate_hz"": 0.0, ""reliability"": 0.0, ""modulation_ratio"": 0.0, ""median_latency_ms"": null}, ""2.5"": {""evoked_rate_hz"": 0.0, ""baseline_rate_hz"": 0.0, ""reliability"": 0.0, ""modulation_ratio"": 0.0, ""median_latency_ms"": null}, ""4.0"": {""evoked_rate_hz"": 0.0, ""baseline_rate_hz"": 0.0, ""reliability"": 0.0, ""modulation_ratio"": 0.0, ""median_latency_ms"": null}}",False,1.0,insufficient evidence,0.0,Insufficient trial count (<10) or zero spikes recorded,0.0376,0.144,0.1192,0.0,0.0,0.0002,0.0183,1.0,4.6165,0.0099,insufficient evidence,850094748,2.19950014020938,0.0808491725785635,54.6479833007593,0.99,0.000243461946315,4.59602910682578,0.952991452991453,0.0001679768863804,good,27,2360,8353,1024,8146,VISp,"10-ms optical pulse (473 nm, Ai32)",0.0,0.0,,,0.0,"1.0, 2.5, 4.0 mW calibrated",0,0,0.144,0,-1
760345702,739783171,810753199,951851862,VISp,45,8.889,13.889,1.404,5.008,1.864,1.262,0.111,0.067,0.909,0.399,0.56943,0.099,0.0,"{""1.0"": {""evoked_rate_hz"": 16.67, ""baseline_rate_hz"": 0.0, ""reliability"": 0.133, ""modulation_ratio"": 16.67, ""median_latency_ms"": 3.29}, ""2.5"": {""evoked_rate_hz"": 8.33, ""baseline_rate_hz"": 4.44, ""reliability"": 0.067, ""modulation_ratio"": 1.53, ""median_latency_ms"": 5.86}, ""4.0"": {""evoked_rate_hz"": 16.67, ""baseline_rate_hz"": 22.22, ""reliability"": 0.133, ""modulation_ratio"": 0.72, ""median_latency_ms"": 5.46}}",False,-0.997,not light responsive,0.889,Not statistically significant (p=0.5694 >= 0.05),0.2899,0.338,0.1474,0.111,0.24,0.817,0.4744,1.0,1.3089,0.2701,low evidence (non-responsive),850094746,3.50666155394829,0.0029075931201818,82.9088885177464,0.99,0.000282663378915,4.6554340869596,0.991452991452992,0.0011054686150551,good,59,2360,8349,1031,8144,VISp,"10-ms optical pulse (473 nm, Ai32)",8.889,13.889,5.008,1.864,0.111,"1.0, 2.5, 4.0 mW calibrated",6,4,0.338,0,0
760345702,739783171,810753199,951851845,VISp,45,4.444,5.556,1.02,5.107,5.296,3.745,0.044,0.022,0.977,1.037,1.0,0.035,0.0,"{""1.0"": {""evoked_rate_hz"": 8.33, ""baseline_rate_hz"": 4.44, ""reliability"": 0.067, ""modulation_ratio"": 1.53, ""median_latency_ms"": 8.85}, ""2.5"": {""evoked_rate_hz"": 0.0, ""baseline_rate_hz"": 0.0, ""reliability"": 0.0, ""modulation_ratio"": 0.0, ""median_latency_ms"": null}, ""4.0"": {""evoked_rate_hz"": 8.33, ""baseline_rate_hz"": 8.89, ""reliability"": 0.067, ""modulation_ratio"": 0.84, ""median_latency_ms"": 1.36}}",False,-665.667,not light responsive,0.95,Not statistically significant (p=1.0000 >= 0.05); Very low reliability (0.04 < 0.05),0.1831,0.4741,0.1192,0.044,0.0143,0.8095,0.1202,1.0,1.7621,0.1717,low evidence (non-responsive),850094746,4.45798311427858,0.0,96.2287786975403,0.99,7.69962771346337e-05,5.51627224703601,0.992846924177396,0.0001023855841097,good,59,2360,8349,1031,8144,VISp,"10-ms optical pulse (473 nm, Ai32)",4.444,5.556,5.107,5.296,0.044,"1.0, 2.5, 4.0 mW calibrated",3,2,0.4741,0,0
760345702,739783171,810753199,951851808,VISp,45,5.926,0.0,0.0,,,,0.0,0.067,0.0,,0.12987,-0.309,0.0,"{""1.0"": {""evoked_rate_hz"": 0.0, ""baseline_rate_hz"": 4.44, ""reliability"": 0.0, ""modulation_ratio"": 0.0, ""median_latency_ms"": null}, ""2.5"": {""evoked_rate_hz"": 0.0, ""baseline_rate_hz"": 8.89, ""reliability"": 0.0, ""modulation_ratio"": 0.0, ""median_latency_ms"": null}, ""4.0"": {""evoked_rate_hz"": 0.0, ""baseline_rate_hz"": 4.44, ""reliability"": 0.0, ""modulation_ratio"": 0.0, ""median_latency_ms"": null}}",False,0.667,not light responsive,0.95,Not statistically significant (p=0.1299 >= 0.05); No positive modulation (mod_ratio=0.00 <= 1.0); Very low reliability (0.00 < 0.05),0.076,0.144,0.2472,0.0,0.0,0.0002,0.0183,1.0,4.6165,0.0099,low evidence (non-responsive),850094746,2.18172977888571,0.300829583149966,26.9930681542566,0.99,0.0839555592806047,2.47846451747949,0.231638418079096,0.0059384437883878,good,59,2360,8349,1031,8144,VISp,"10-ms optical pulse (473 nm, Ai32)",5.926,0.0,,,0.0,"1.0, 2.5, 4.0 mW calibrated",0,3,0.144,0,0
760345702,739783171,810753199,951853001,VISp,45,11.852,5.556,0.432,2.481,0.276,0.195,0.044,0.022,0.977,0.111,0.18781,-0.164,5.5556,"{""1.0"": {""evoked_rate_hz"": 0.0, ""baseline_rate_hz"": 13.33, ""reliability"": 0.0, ""modulation_ratio"": 0.0, ""median_latency_ms"": null}, ""2.5"": {""evoked_rate_hz"": 0.0, ""baseline_rate_hz"": 22.22, ""reliability"": 0.0, ""modulation_ratio"": 0.0, ""median_latency_ms"": null}, ""4.0"": {""evoked_rate_hz"": 16.67, ""baseline_rate_hz"": 0.0, ""reliability"": 0.133, ""modulation_ratio"": 16.67, ""median_latency_ms"": 2.48}}",False,0.201,not light responsive,0.95,Not statistically significant (p=0.1878 >= 0.05); No positive modulation (mod_ratio=0.43 <= 1.0); Very low reliability (0.04 < 0.05),0.3072,0.1289,0.2186,0.044,0.0,0.9404,0.8955,1.0,2.1312,0.1187,low evidence (non-responsive),850094752,2.11880689295159,0.104296418998251,49.458007549663,0.99,0.0247931532138368,3.74288325572537,0.750499001996008,0.0042713312315671,good,11,2380,8359,1009,8150,VISp,"10-ms optical pulse (473 nm, Ai32)",11.852,5.556,2.481,0.276,0.044,"1.0, 2.5, 4.0 mW calibrated",3,5,0.1289,0,0
760345702,739783171,810753199,951852897,VISp,45,2.963,2.778,0.701,1.254,0.0,0.0,0.022,0.022,1.0,0.0,1.0,-0.008,-2.7778,"{""1.0"": {""evoked_rate_hz"": 8.33, ""baseline_rate_hz"": 4.44, ""reliability"": 0.067, ""modulation_ratio"": 1.53, ""median_latency_ms"": 1.25}, ""2.5"": {""evoked_rate_hz"": 0.0, ""baseline_rate_hz"": 4.44, ""reliability"": 0.0, ""modulation_ratio"": 0.0, ""median_latency_ms"": null}, ""4.0"": {""evoked_rate_hz"": 0.0, ""baseline_rate_hz"": 0.0, ""reliability"": 0.0, ""modulation_ratio"": 0.0, ""median_latency_ms"": null}}",False,1.0,not light responsive,0.95,Not statistically significant (p=1.0000 >= 0.05); No positive modulation (mod_ratio=0.70 <= 1.0); Very low reliability (0.02 < 0.05),0.2863,0.0579,0.1192,0.022,0.0,0.9668,1.0,1.0,2.4034,0.0904,low evidence (non-responsive),850094752,1.88417710214879,0.123078749402196,56.4145651568923,0.99,0.0066404093619309,3.19032256163259,0.863636363636364,0.0010133765707336,good,11,2380,8359,1009,8150,VISp,"10-ms optical pulse (473 nm, Ai32)",2.963,2.778,1.254,0.0,0.022,"1.0, 2.5, 4.0 mW calibrated",1,1,0.0579,0,0
760345702,739783171,810753199,951852000,VISp,45,2.963,5.556,1.402,2.838,1.526,1.079,0.044,0.0,0.977,0.537,0.74026,0.086,2.7778,"{""1.0"": {""evoked_rate_hz"": 0.0, ""baseline_rate_hz"": 0.0, ""reliability"": 0.0, ""modulation_ratio"": 0.0, ""median_latency_ms"": null}, ""2.5"": {""evoked_rate_hz"": 8.33, ""baseline_rate_hz"": 8.89, ""reliability"": 0.067, ""modulation_ratio"": 0.84, ""median_latency_ms"": 3.92}, ""4.0"": {""evoked_rate_hz"": 8.33, ""baseline_rate_hz"": 0.0, ""reliability"": 0.067, ""modulation_ratio"": 8.33, ""median_latency_ms"": 1.76}}",False,1.0,not light responsive,0.95,Not statistically significant (p=0.7403 >= 0.05); Very low reliability (0.04 < 0.05),0.2926,0.2912,0.1336,0.044,0.239,0.9296,0.5431,1.0,1.8885,0.1513,low evidence (non-responsive),850094752,1.21561125078892,0.304237393399955,46.3460063335477,0.99,0.0100249175759129,2.74763103231758,0.791461412151067,0.0031982579701269,good,11,2380,8359,1009,8150,VISp,"10-ms optical pulse (473 nm, Ai32)",2.963,5.556,2.838,1.526,0.044,"1.0, 2.5, 4.0 mW calibrated",3,1,0.2912,0,0
760345702,739783171,810753199,951851979,VISp,45,10.37,5.556,0.489,3.296,1.63,1.152,0.044,0.067,0.977,0.495,0.24975,-0.151,2.7778,"{""1.0"": {""evoked_rate_hz"": 0.0, ""baseline_rate_hz"": 4.44, ""reliability"": 0.0, ""modulation_ratio"": 0.0, ""median_latency_ms"": null}, ""2.5"": {""evoked_rate_hz"": 8.33, ""baseline_rate_hz"": 8.89, ""reliability"": 0.067, ""modulation_ratio"": 0.84, ""median_latency_ms"": 4.45}, ""4.0"": {""evoked_rate_hz"": 8.33, ""baseline_rate_hz"": 17.78, ""reliability"": 0.067, ""modulation_ratio"": 0.44, ""median_latency_ms"": 2.14}}",False,-0.991,not light responsive,0.95,Not statistically significant (p=0.2497 >= 0.05); No positive modulation (mod_ratio=0.49 <= 1.0); Very low reliability (0.04 < 0.05),0.2595,0.2694,0.1982,0.044,0.0,0.9131,0.521,1.0,2.0053,0.1346,low evidence (non-responsive),850094752,1.66205293588635,0.0711399760377688,50.9579753151956,0.99,0.0350960396876151,3.61842124366769,0.807892004153686,0.0029961772910424,good,11,2380,8359,1009,8150,VISp,"10-ms optical pulse (473 nm, Ai32)",10.37,5.556,3.296,1.63,0.044,"1.0, 2.5, 4.0 mW calibrated",3,5,0.2694,0,0
760345702,739783171,810753199,951851934,VISp,45,20.741,22.222,1.022,2.883,1.25,0.779,0.178,0.244,0.841,0.408,0.87512,0.025,0.0,"{""1.0"": {""evoked_rate_hz"": 16.67, ""baseline_rate_hz"": 8.89, ""reliability"": 0.133, ""modulation_ratio"": 1.69, ""median_latency_ms"": 3.9}, ""2.5"": {""evoked_rate_hz"": 33.33, ""baseline_rate_hz"": 22.22, ""reliability"": 0.267, ""modulation_ratio"": 1.44, ""median_latency_ms"": 2.88}, ""4.0"": {""evoked_rate_hz"": 16.67, ""baseline_rate_hz"": 31.11, ""reliability"": 0.133, ""modulation_ratio"": 0.52, ""median_latency_ms"": 2.34}}",False,-0.498,not light responsive,0.822,Not statistically significant (p=0.8751 >= 0.05),0.2851,0.3714,0.1254,0.178,0.0157,0.9281,0.6065,1.0,1.7166,0.1797,low evidence (non-responsive),850094752,6.09503493896039,0.0002926304687877,128.217564359272,0.99,4.30682474376397e-05,5.07980185371505,0.996862745098039,0.0002088772845953,good,11,2380,8359,1009,8150,VISp,"10-ms optical pulse (473 nm, Ai32)",20.741,22.222,2.883,1.25,0.178,"1.0, 2.5, 4.0 mW calibrated",10,9,0.3714,0,0
760345702,739783171,810753199,951851916,VISp,45,0.0,2.778,2.778,7.181,0.0,0.0,0.022,0.0,1.0,0.0,1.0,0.149,0.0,"{""1.0"": {""evoked_rate_hz"": 0.0, ""baseline_rate_hz"": 0.0, ""reliability"": 0.0, ""modulation_ratio"": 0.0, ""median_latency_ms"": null}, ""2.5"": {""evoked_rate_hz"": 8.33, ""baseline_rate_hz"": 0.0, ""reliability"": 0.067, ""modulation_ratio"": 8.33, ""median_latency_ms"": 7.18}, ""4.0"": {""evoked_rate_hz"": 0.0, ""baseline_rate_hz"": 0.0, ""reliability"": 0.0, ""modulation_ratio"": 0.0, ""median_latency_ms"": null}}",False,1.0,not light responsive,0.95,Not statistically significant (p=1.0000 >= 0.05); Very low reliability (0.02 < 0.05),0.3569,0.1125,0.1192,0.022,0.6273,0.601,1.0,1.0,1.4828,0.227,intermediate evidence (uncertain / borderline),850094752,2.34341752312329,0.0401586762614202,42.0749547391886,0.96,0.0131582605287451,3.97823102399934,0.621468926553672,0.0007376856788384,good,11,2380,8359,1009,8150,VISp,"10-ms optical pulse (473 nm, Ai32)",0.0,2.778,7.181,0.0,0.022,"1.0, 2.5, 4.0 mW calibrated",1,0,0.1125,0,0
760345702,739783171,810753199,951851877,VISp,45,5.926,22.222,3.209,2.979,2.295,2.041,0.178,0.022,0.841,0.641,0.05994,0.299,-13.8889,"{""1.0"": {""evoked_rate_hz"": 41.67, ""baseline_rate_hz"": 8.89, ""reliability"": 0.333, ""modulation_ratio"": 4.21, ""median_latency_ms"": 3.26}, ""2.5"": {""evoked_rate_hz"": 25.0, ""baseline_rate_hz"": 0.0, ""reliability"": 0.2, ""modulation_ratio"": 25.0, ""median_latency_ms"": 2.56}, ""4.0"": {""evoked_rate_hz"": 0.0, ""baseline_rate_hz"": 8.89, ""reliability"": 0.0, ""modulation_ratio"": 0.0, ""median_latency_ms"": null}}",False,0.001,not light responsive,0.822,Not statistically significant (p=0.0599 >= 0.05),0.4549,0.502,0.3148,0.178,0.6864,0.9249,0.3993,1.0,1.5534,0.2115,intermediate evidence (uncertain / borderline),850094750,3.31715456923158,0.0292947077032902,50.6086322726621,0.99,0.0006701495738096,4.58225549809262,0.921273031825796,0.0012923851307689,good,43,2380,8356,1016,8148,VISp,"10-ms optical pulse (473 nm, Ai32)",5.926,22.222,2.979,2.295,0.178,"1.0, 2.5, 4.0 mW calibrated",10,3,0.502,0,0
760345702,739783171,810753199,951851972,VISp,45,2.963,0.0,0.0,,,,0.0,0.022,0.0,,0.4965,-0.213,0.0,"{""1.0"": {""evoked_rate_hz"": 0.0, ""baseline_rate_hz"": 8.89, ""reliability"": 0.0, ""modulation_ratio"": 0.0, ""median_latency_ms"": null}, ""2.5"": {""evoked_rate_hz"": 0.0, ""baseline_rate_hz"": 0.0, ""reliability"": 0.0, ""modulation_ratio"": 0.0, ""median_latency_ms"": null}, ""4.0"": {""evoked_rate_hz"": 0.0, ""baseline_rate_hz"": 0.0, ""reliability"": 0.0, ""modulation_ratio"": 0.0, ""median_latency_ms"": null}}",False,-221.222,not light responsive,0.95,Not statistically significant (p=0.4965 >= 0.05); No positive modulation (mod_ratio=0.00 <= 1.0); Very low reliability (0.00 < 0.05),0.0484,0.144,0.155,0.0,0.0,0.0002,0.0183,1.0,4.6165,0.0099,low evidence (non-responsive),850094756,2.00426148518898,0.204291808542185,43.3992185378818,0.99,0.0017062056848574,3.45712744294097,0.893333333333333,0.0007724601175482,good,27,2400,8366,993,8154,VISp,"10-ms optical pulse (473 nm, Ai32)",2.963,0.0,,,0.0,"1.0, 2.5, 4.0 mW calibrated",0,1,0.144,0,0
760345702,739783171,810753199,951851955,VISp,45,2.963,2.778,0.701,5.281,0.0,0.0,0.022,0.044,1.0,0.0,1.0,-0.008,0.0,"{""1.0"": {""evoked_rate_hz"": 0.0, ""baseline_rate_hz"": 4.44, ""reliability"": 0.0, ""modulation_ratio"": 0.0, ""median_latency_ms"": null}, ""2.5"": {""evoked_rate_hz"": 8.33, ""baseline_rate_hz"": 4.44, ""reliability"": 0.067, ""modulation_ratio"": 1.53, ""median_latency_ms"": 5.28}, ""4.0"": {""evoked_rate_hz"": 0.0, ""baseline_rate_hz"": 0.0, ""reliability"": 0.0, ""modulation_ratio"": 0.0, ""median_latency_ms"": null}}",False,1.0,not light responsive,0.95,Not statistically significant (p=1.0000 >= 0.05); No positive modulation (mod_ratio=0.70 <= 1.0); Very low reliability (0.02 < 0.05),0.2606,0.0851,0.1192,0.022,0.0,0.7957,1.0,1.0,1.8423,0.1584,low evidence (non-responsive),850094754,2.4716650805724,0.0291366516100083,61.7594012915546,0.99,0.0012921394859199,4.33269933007502,0.953271028037383,0.0012129788739512,good,59,2400,8363,1001,8152,VISp,"10-ms optical pulse (473 nm, Ai32)",2.963,2.778,5.281,0.0,0.022,"1.0, 2.5, 4.0 mW calibrated",1,1,0.0851,0,0
760345702,739783171,810753199,951851945,VISp,45,13.333,5.556,0.388,3.73,0.817,0.578,0.044,0.133,0.977,0.219,0.15485,-0.197,2.7778,"{""1.0"": {""evoked_rate_hz"": 0.0, ""baseline_rate_hz"": 13.33, ""reliability"": 0.0, ""modulation_ratio"": 0.0, ""median_latency_ms"": null}, ""2.5"": {""evoked_rate_hz"": 8.33, ""baseline_rate_hz"": 13.33, ""reliability"": 0.067, ""modulation_ratio"": 0.58, ""median_latency_ms"": 4.31}, ""4.0"": {""evoked_rate_hz"": 8.33, ""baseline_rate_hz"": 13.33, ""reliability"": 0.067, ""modulation_ratio"": 0.58, ""median_latency_ms"": 3.15}}",False,0.714,not light responsive,0.95,Not statistically significant (p=0.1548 >= 0.05); No positive modulation (mod_ratio=0.39 <= 1.0); Very low reliability (0.04 < 0.05),0.2872,0.1764,0.2333,0.044,0.0,0.8943,0.7212,1.0,1.9437,0.1432,low evidence (non-responsive),850094754,4.65332801634001,0.0034702259326873,82.4585442935428,0.99,0.0002238435085112,6.24683760958435,0.983460559796438,0.0004107619634421,good,59,2400,8363,1001,8152,VISp,"10-ms optical pulse (473 nm, Ai32)",13.333,5.556,3.73,0.817,0.044,"1.0, 2.5, 4.0 mW calibrated",3,6,0.1764,0,0
760345702,739783171,810753199,951852036,VISp,45,5.926,5.556,0.802,3.703,3.424,2.421,0.044,0.022,0.977,0.925,0.81518,-0.014,0.0,"{""1.0"": {""evoked_rate_hz"": 0.0, ""baseline_rate_hz"": 8.89, ""reliability"": 0.0, ""modulation_ratio"": 0.0, ""median_latency_ms"": null}, ""2.5"": {""evoked_rate_hz"": 16.67, ""baseline_rate_hz"": 8.89, ""reliability"": 0.133, ""modulation_ratio"": 1.69, ""median_latency_ms"": 3.7}, ""4.0"": {""evoked_rate_hz"": 0.0, ""baseline_rate_hz"": 0.0, ""reliability"": 0.0, ""modulation_ratio"": 0.0, ""median_latency_ms"": null}}",False,0.002,not light responsive,0.95,Not statistically significant (p=0.8152 >= 0.05); No positive modulation (mod_ratio=0.80 <= 1.0); Very low reliability (0.04 < 0.05),0.2094,0.4232,0.1288,0.044,0.0,0.8955,0.2542,1.0,1.9474,0.1426,low evidence (non-responsive),850094760,2.04337548901232,0.166987402734845,38.3951511313707,0.99,0.0337033073574632,3.35631457808432,0.666666666666667,0.0022909507445589,good,11,2420,8376,971,8160,VISp,"10-ms optical pulse (473 nm, Ai32)",5.926,5.556,3.703,3.424,0.044,"1.0, 2.5, 4.0 mW calibrated",3,3,0.4232,0,0
760345702,739783171,810753199,951852028,VISp,45,7.407,11.111,1.322,5.683,1.205,1.46,0.089,0.022,0.932,0.202,0.68631,0.085,2.7778,"{""1.0"": {""evoked_rate_hz"": 0.0, ""baseline_rate_hz"": 8.89, ""reliability"": 0.0, ""modulation_ratio"": 0.0, ""median_latency_ms"": null}, ""2.5"": {""evoked_rate_hz"": 25.0, ""baseline_rate_hz"": 8.89, ""reliability"": 0.2, ""modulation_ratio"": 2.53, ""median_latency_ms"": 5.15}, ""4.0"": {""evoked_rate_hz"": 8.33, ""baseline_rate_hz"": 4.44, ""reliability"": 0.067, ""modulation_ratio"": 1.53, ""median_latency_ms"": 7.56}}",False,0.002,not light responsive,0.911,Not statistically significant (p=0.6863 >= 0.05),0.2791,0.2605,0.1375,0.089,0.1987,0.7611,0.6175,1.0,1.3436,0.2609,low evidence (non-responsive),850094760,2.55449341526091,0.316720143344423,34.3931817148684,0.99,0.0866378199084784,3.12397885060428,0.361111111111111,0.0087773224043715,good,11,2420,8376,971,8160,VISp,"10-ms optical pulse (473 nm, Ai32)",7.407,11.111,5.683,1.205,0.089,"1.0, 2.5, 4.0 mW calibrated",5,3,0.2605,0,0
760345702,739783171,810753199,951851994,VISp,45,19.259,41.667,2.057,6.245,1.949,2.456,0.333,0.178,0.682,0.336,0.04296,0.306,22.2222,"{""1.0"": {""evoked_rate_hz"": 0.0, ""baseline_rate_hz"": 31.11, ""reliability"": 0.0, ""modulation_ratio"": 0.0, ""median_latency_ms"": null}, ""2.5"": {""evoked_rate_hz"": 58.33, ""baseline_rate_hz"": 8.89, ""reliability"": 0.467, ""modulation_ratio"": 5.9, ""median_latency_ms"": 6.05}, ""4.0"": {""evoked_rate_hz"": 66.67, ""baseline_rate_hz"": 17.78, ""reliability"": 0.533, ""modulation_ratio"": 3.55, ""median_latency_ms"": 6.27}}",False,-0.333,putatively directly optotagged,0.622,Passes direct criteria: mod=2.06>2.0; rel=0.33>=0.3; lat=6.25<8.0ms; p=0.0430<0.05,0.4347,0.5835,0.3468,0.333,0.4779,0.7063,0.4586,1.0,0.4705,0.6247,intermediate evidence (uncertain / borderline),850094758,1.86652595518122,0.0353238688210046,67.6991965002094,0.99,0.0097571453505504,4.01929575195679,0.959333333333333,0.0014054054054054,good,43,2420,8373,978,8158,VISp,"10-ms optical pulse (473 nm, Ai32)",19.259,41.667,6.245,1.949,0.333,"1.0, 2.5, 4.0 mW calibrated",19,9,0.5835,1,2
760345702,739783171,810753199,951852068,VISp,45,7.407,2.778,0.33,8.587,0.0,0.0,0.022,0.067,1.0,0.0,0.12288,-0.216,-2.7778,"{""1.0"": {""evoked_rate_hz"": 8.33, ""baseline_rate_hz"": 13.33, ""reliability"": 0.067, ""modulation_ratio"": 0.58, ""median_latency_ms"": 8.59}, ""2.5"": {""evoked_rate_hz"": 0.0, ""baseline_rate_hz"": 4.44, ""reliability"": 0.0, ""modulation_ratio"": 0.0, ""median_latency_ms"": null}, ""4.0"": {""evoked_rate_hz"": 0.0, ""baseline_rate_hz"": 4.44, ""reliability"": 0.0, ""modulation_ratio"": 0.0, ""median_latency_ms"": null}}",False,-1110.111,not light responsive,0.95,Not statistically significant (p=0.1229 >= 0.05); No positive modulation (mod_ratio=0.33 <= 1.0); Very low reliability (0.02 < 0.05),0.2451,0.0935,0.2517,0.022,0.0,0.4271,1.0,1.0,1.7186,0.1793,low evidence (non-responsive),850094762,2.0841117448459,0.008096220812918,73.6104983118486,0.99,0.0085958338873033,3.63895347970521,0.992,0.0022823234052265,good,59,2440,8379,963,8162,VISp,"10-ms optical pulse (473 nm, Ai32)",7.407,2.778,8.587,0.0,0.022,"1.0, 2.5, 4.0 mW calibrated",1,3,0.0935,0,0
760345702,739783171,810753199,951852060,VISp,45,8.889,13.889,1.404,3.926,2.509,4.509,0.111,0.044,0.909,0.674,0.51648,0.118,13.8889,"{""1.0"": {""evoked_rate_hz"": 0.0, ""baseline_rate_hz"": 4.44, ""reliability"": 0.0, ""modulation_ratio"": 0.0, ""median_latency_ms"": null}, ""2.5"": {""evoked_rate_hz"": 0.0, ""baseline_rate_hz"": 13.33, ""reliability"": 0.0, ""modulation_ratio"": 0.0, ""median_latency_ms"": null}, ""4.0"": {""evoked_rate_hz"": 41.67, ""baseline_rate_hz"": 8.89, ""reliability"": 0.333, ""modulation_ratio"": 4.21, ""median_latency_ms"": 3.93}}",False,-1110.111,not light responsive,0.889,Not statistically significant (p=0.5165 >= 0.05),0.2909,0.4144,0.1528,0.111,0.24,0.8846,0.3666,1.0,1.4802,0.2276,low evidence (non-responsive),850094762,2.7463489816282,0.0076891336089456,80.5927303746095,0.99,0.0178284380048823,4.41978097893672,0.979333333333333,0.0020334059549745,good,59,2440,8379,963,8162,VISp,"10-ms optical pulse (473 nm, Ai32)",8.889,13.889,3.926,2.509,0.111,"1.0, 2.5, 4.0 mW calibrated",6,4,0.4144,0,0
760345702,739783171,810753199,951852153,VISp,45,0.0,0.0,0.0,,,,0.0,0.0,0.0,,1.0,0.0,0.0,"{""1.0"": {""evoked_rate_hz"": 0.0, ""baseline_rate_hz"": 0.0, ""reliability"": 0.0, ""modulation_ratio"": 0.0, ""median_latency_ms"": null}, ""2.5"": {""evoked_rate_hz"": 0.0, ""baseline_rate_hz"": 0.0, ""reliability"": 0.0, ""modulation_ratio"": 0.0, ""median_latency_ms"": null}, ""4.0"": {""evoked_rate_hz"": 0.0, ""baseline_rate_hz"": 0.0, ""reliability"": 0.0, ""modulation_ratio"": 0.0, ""median_latency_ms"": null}}",False,1.0,insufficient evidence,0.0,Insufficient trial count (<10) or zero spikes recorded,0.0376,0.144,0.1192,0.0,0.0,0.0002,0.0183,1.0,4.6165,0.0099,insufficient evidence,850094768,1.51495570151706,0.492965657849819,41.7137203272458,0.99,0.074715938158352,3.47894036331835,0.669444444444444,0.0030701754385964,good,11,2460,8389,940,8168,VISp,"10-ms optical pulse (473 nm, Ai32)",0.0,0.0,,,0.0,"1.0, 2.5, 4.0 mW calibrated",0,0,0.144,0,-1
760345702,739783171,810753199,951852117,VISp,45,11.852,25.0,1.945,4.358,2.474,3.726,0.2,0.089,0.818,0.526,0.0979,0.244,11.1111,"{""1.0"": {""evoked_rate_hz"": 0.0, ""baseline_rate_hz"": 8.89, ""reliability"": 0.0, ""modulation_ratio"": 0.0, ""median_latency_ms"": null}, ""2.5"": {""evoked_rate_hz"": 41.67, ""baseline_rate_hz"": 13.33, ""reliability"": 0.333, ""modulation_ratio"": 2.91, ""median_latency_ms"": 6.14}, ""4.0"": {""evoked_rate_hz"": 33.33, ""baseline_rate_hz"": 13.33, ""reliability"": 0.267, ""modulation_ratio"": 2.33, ""median_latency_ms"": 3.3}}",False,-0.997,not light responsive,0.8,Not statistically significant (p=0.0979 >= 0.05),0.3867,0.5018,0.2708,0.2,0.4462,0.8607,0.3717,1.0,1.0395,0.3536,intermediate evidence (uncertain / borderline),850094768,1.90665032239483,0.0680008141880193,60.6583189219418,0.99,0.0034895738706295,4.6012203550824,0.950899031811895,0.0025215381382643,good,11,2460,8389,940,8168,VISp,"10-ms optical pulse (473 nm, Ai32)",11.852,25.0,4.358,2.474,0.2,"1.0, 2.5, 4.0 mW calibrated",11,5,0.5018,0,0
760345702,739783171,810753199,951852145,VISp,45,0.0,0.0,0.0,,,,0.0,0.0,0.0,,1.0,0.0,0.0,"{""1.0"": {""evoked_rate_hz"": 0.0, ""baseline_rate_hz"": 0.0, ""reliability"": 0.0, ""modulation_ratio"": 0.0, ""median_latency_ms"": null}, ""2.5"": {""evoked_rate_hz"": 0.0, ""baseline_rate_hz"": 0.0, ""reliability"": 0.0, ""modulation_ratio"": 0.0, ""median_latency_ms"": null}, ""4.0"": {""evoked_rate_hz"": 0.0, ""baseline_rate_hz"": 0.0, ""reliability"": 0.0, ""modulation_ratio"": 0.0, ""median_latency_ms"": null}}",False,1.0,insufficient evidence,0.0,Insufficient trial count (<10) or zero spikes recorded,0.0376,0.144,0.1192,0.0,0.0,0.0002,0.0183,1.0,4.6165,0.0099,insufficient evidence,850094770,2.15904671691705,0.0915049353247542,52.0937371248923,0.99,0.0009335281355778,4.34272411670604,0.783132530120482,0.0017814527242781,good,59,2480,8396,925,8172,VISp,"10-ms optical pulse (473 nm, Ai32)",0.0,0.0,,,0.0,"1.0, 2.5, 4.0 mW calibrated",0,0,0.144,0,-1
760345702,739783171,810753199,951852195,VISp,45,1.481,0.0,0.0,,,,0.0,0.0,0.0,,1.0,-0.149,0.0,"{""1.0"": {""evoked_rate_hz"": 0.0, ""baseline_rate_hz"": 0.0, ""reliability"": 0.0, ""modulation_ratio"": 0.0, ""median_latency_ms"": null}, ""2.5"": {""evoked_rate_hz"": 0.0, ""baseline_rate_hz"": 0.0, ""reliability"": 0.0, ""modulation_ratio"": 0.0, ""median_latency_ms"": null}, ""4.0"": {""evoked_rate_hz"": 0.0, ""baseline_rate_hz"": 4.44, ""reliability"": 0.0, ""modulation_ratio"": 0.0, ""median_latency_ms"": null}}",False,0.004,not light responsive,0.95,Not statistically significant (p=1.0000 >= 0.05); No positive modulation (mod_ratio=0.00 <= 1.0); Very low reliability (0.00 < 0.05),0.0376,0.144,0.1192,0.0,0.0,0.0002,0.0183,1.0,4.6165,0.0099,low evidence (non-responsive),850094776,4.23517764981783,0.10506833114849,45.9422393130302,0.99,0.0004055194957721,4.68317332845797,0.957983193277311,0.0004385521033633,good,11,2500,8406,902,8178,VISp,"10-ms optical pulse (473 nm, Ai32)",1.481,0.0,,,0.0,"1.0, 2.5, 4.0 mW calibrated",0,1,0.144,0,0
760345702,739783171,810753199,951852256,VISp,45,0.0,0.0,0.0,,,,0.0,0.0,0.0,,1.0,0.0,0.0,"{""1.0"": {""evoked_rate_hz"": 0.0, ""baseline_rate_hz"": 0.0, ""reliability"": 0.0, ""modulation_ratio"": 0.0, ""median_latency_ms"": null}, ""2.5"": {""evoked_rate_hz"": 0.0, ""baseline_rate_hz"": 0.0, ""reliability"": 0.0, ""modulation_ratio"": 0.0, ""median_latency_ms"": null}, ""4.0"": {""evoked_rate_hz"": 0.0, ""baseline_rate_hz"": 0.0, ""reliability"": 0.0, ""modulation_ratio"": 0.0, ""median_latency_ms"": null}}",False,1.0,insufficient evidence,0.0,Insufficient trial count (<10) or zero spikes recorded,0.0376,0.144,0.1192,0.0,0.0,0.0002,0.0183,1.0,4.6165,0.0099,insufficient evidence,850094780,1.93101539726299,0.349082420408051,48.5863804094323,0.99,0.0701392354073857,4.16370005039617,0.838926174496644,0.003113051128481,good,27,2520,8412,887,8182,VISp,"10-ms optical pulse (473 nm, Ai32)",0.0,0.0,,,0.0,"1.0, 2.5, 4.0 mW calibrated",0,0,0.144,0,-1
760345702,739783171,810753199,951852233,VISp,45,2.963,13.889,3.505,5.381,2.283,2.644,0.111,0.022,0.909,0.399,0.09291,0.284,5.5556,"{""1.0"": {""evoked_rate_hz"": 0.0, ""baseline_rate_hz"": 4.44, ""reliability"": 0.0, ""modulation_ratio"": 0.0, ""median_latency_ms"": null}, ""2.5"": {""evoked_rate_hz"": 25.0, ""baseline_rate_hz"": 4.44, ""reliability"": 0.2, ""modulation_ratio"": 4.59, ""median_latency_ms"": 5.38}, ""4.0"": {""evoked_rate_hz"": 16.67, ""baseline_rate_hz"": 0.0, ""reliability"": 0.133, ""modulation_ratio"": 16.67, ""median_latency_ms"": 5.02}}",False,0.251,not light responsive,0.889,Not statistically significant (p=0.0929 >= 0.05),0.4123,0.3462,0.2753,0.111,0.7186,0.7874,0.4012,1.0,1.406,0.2451,intermediate evidence (uncertain / borderline),850094778,2.63690364207196,0.0204283955584057,67.3950701296656,0.99,0.002927089547403,3.87016268597912,0.856666666666667,0.0325438596491228,good,59,2520,8409,895,8180,VISp,"10-ms optical pulse (473 nm, Ai32)",2.963,13.889,5.381,2.283,0.111,"1.0, 2.5, 4.0 mW calibrated",6,1,0.3462,0,0
760345702,739783171,810753199,951852211,VISp,45,7.407,11.111,1.322,4.901,3.388,5.08,0.089,0.067,0.932,0.66,0.63636,0.095,5.5556,"{""1.0"": {""evoked_rate_hz"": 0.0, ""baseline_rate_hz"": 4.44, ""reliability"": 0.0, ""modulation_ratio"": 0.0, ""median_latency_ms"": null}, ""2.5"": {""evoked_rate_hz"": 16.67, ""baseline_rate_hz"": 8.89, ""reliability"": 0.133, ""modulation_ratio"": 1.69, ""median_latency_ms"": 7.99}, ""4.0"": {""evoked_rate_hz"": 16.67, ""baseline_rate_hz"": 8.89, ""reliability"": 0.133, ""modulation_ratio"": 1.69, ""median_latency_ms"": 2.28}}",False,0.001,not light responsive,0.911,Not statistically significant (p=0.6364 >= 0.05),0.2539,0.4187,0.1414,0.089,0.1987,0.8248,0.2579,1.0,1.4388,0.2372,low evidence (non-responsive),850094778,2.32223553821445,0.144037325324387,34.9097278743341,0.99,0.0843561205080625,2.51302628514255,0.413493653974616,0.0211556678244395,good,59,2520,8409,895,8180,VISp,"10-ms optical pulse (473 nm, Ai32)",7.407,11.111,4.901,3.388,0.089,"1.0, 2.5, 4.0 mW calibrated",5,3,0.4187,0,0
760345702,739783171,810753199,951852350,VISp,45,4.444,0.0,0.0,,,,0.0,0.022,0.0,,0.27173,-0.264,0.0,"{""1.0"": {""evoked_rate_hz"": 0.0, ""baseline_rate_hz"": 4.44, ""reliability"": 0.0, ""modulation_ratio"": 0.0, ""median_latency_ms"": null}, ""2.5"": {""evoked_rate_hz"": 0.0, ""baseline_rate_hz"": 4.44, ""reliability"": 0.0, ""modulation_ratio"": 0.0, ""median_latency_ms"": null}, ""4.0"": {""evoked_rate_hz"": 0.0, ""baseline_rate_hz"": 4.44, ""reliability"": 0.0, ""modulation_ratio"": 0.0, ""median_latency_ms"": null}}",False,0.501,not light responsive,0.95,Not statistically significant (p=0.2717 >= 0.05); No positive modulation (mod_ratio=0.00 <= 1.0); Very low reliability (0.00 < 0.05),0.0596,0.144,0.1925,0.0,0.0,0.0002,0.0183,1.0,4.6165,0.0099,low evidence (non-responsive),850094784,2.43653029384587,0.0850768020997021,53.7267377855578,0.99,2.01239020365549e-05,5.37649487070587,0.893660531697341,0.0010165700925078,good,11,2540,8422,865,8188,VISp,"10-ms optical pulse (473 nm, Ai32)",4.444,0.0,,,0.0,"1.0, 2.5, 4.0 mW calibrated",0,2,0.144,0,0
760345702,739783171,810753199,951852324,VISp,45,0.0,0.0,0.0,,,,0.0,0.0,0.0,,1.0,0.0,0.0,"{""1.0"": {""evoked_rate_hz"": 0.0, ""baseline_rate_hz"": 0.0, ""reliability"": 0.0, ""modulation_ratio"": 0.0, ""median_latency_ms"": null}, ""2.5"": {""evoked_rate_hz"": 0.0, ""baseline_rate_hz"": 0.0, ""reliability"": 0.0, ""modulation_ratio"": 0.0, ""median_latency_ms"": null}, ""4.0"": {""evoked_rate_hz"": 0.0, ""baseline_rate_hz"": 0.0, ""reliability"": 0.0, ""modulation_ratio"": 0.0, ""median_latency_ms"": null}}",False,1.0,insufficient evidence,0.0,Insufficient trial count (<10) or zero spikes recorded,0.0376,0.144,0.1192,0.0,0.0,0.0002,0.0183,1.0,4.6165,0.0099,insufficient evidence,850094784,2.61497040124021,0.229118284034288,46.3351979499201,0.99,0.0010817862398713,4.16469524444005,0.905092592592593,0.0050796265788028,good,11,2540,8422,865,8188,VISp,"10-ms optical pulse (473 nm, Ai32)",0.0,0.0,,,0.0,"1.0, 2.5, 4.0 mW calibrated",0,0,0.144,0,-1
760345702,739783171,810753199,951852293,VISp,45,0.0,0.0,0.0,,,,0.0,0.0,0.0,,1.0,0.0,0.0,"{""1.0"": {""evoked_rate_hz"": 0.0, ""baseline_rate_hz"": 0.0, ""reliability"": 0.0, ""modulation_ratio"": 0.0, ""median_latency_ms"": null}, ""2.5"": {""evoked_rate_hz"": 0.0, ""baseline_rate_hz"": 0.0, ""reliability"": 0.0, ""modulation_ratio"": 0.0, ""median_latency_ms"": null}, ""4.0"": {""evoked_rate_hz"": 0.0, ""baseline_rate_hz"": 0.0, ""reliability"": 0.0, ""modulation_ratio"": 0.0, ""median_latency_ms"": null}}",False,1.0,insufficient evidence,0.0,Insufficient trial count (<10) or zero spikes recorded,0.0376,0.144,0.1192,0.0,0.0,0.0002,0.0183,1.0,4.6165,0.0099,insufficient evidence,850094782,4.23197589468522,0.0,123.241232732579,0.99,0.0002546873029482,7.19293531617733,0.996491228070175,0.0001049868766404,good,43,2540,8416,880,8184,VISp,"10-ms optical pulse (473 nm, Ai32)",0.0,0.0,,,0.0,"1.0, 2.5, 4.0 mW calibrated",0,0,0.144,0,-1
760345702,739783171,810753199,951852368,VISp,45,0.0,0.0,0.0,,,,0.0,0.0,0.0,,1.0,0.0,0.0,"{""1.0"": {""evoked_rate_hz"": 0.0, ""baseline_rate_hz"": 0.0, ""reliability"": 0.0, ""modulation_ratio"": 0.0, ""median_latency_ms"": null}, ""2.5"": {""evoked_rate_hz"": 0.0, ""baseline_rate_hz"": 0.0, ""reliability"": 0.0, ""modulation_ratio"": 0.0, ""median_latency_ms"": null}, ""4.0"": {""evoked_rate_hz"": 0.0, ""baseline_rate_hz"": 0.0, ""reliability"": 0.0, ""modulation_ratio"": 0.0, ""median_latency_ms"": null}}",False,1.0,insufficient evidence,0.0,Insufficient trial count (<10) or zero spikes recorded,0.0376,0.144,0.1192,0.0,0.0,0.0002,0.0183,1.0,4.6165,0.0099,insufficient evidence,850094786,5.09304984574577,0.0,58.7852787172622,0.99,0.0015766521183212,6.54022863677377,0.936781609195402,0.0001676389727083,good,59,2560,8426,857,8190,VISp,"10-ms optical pulse (473 nm, Ai32)",0.0,0.0,,,0.0,"1.0, 2.5, 4.0 mW calibrated",0,0,0.144,0,-1
760345702,739783171,810753199,951852933,VISp,45,0.0,0.0,0.0,,,,0.0,0.0,0.0,,1.0,0.0,0.0,"{""1.0"": {""evoked_rate_hz"": 0.0, ""baseline_rate_hz"": 0.0, ""reliability"": 0.0, ""modulation_ratio"": 0.0, ""median_latency_ms"": null}, ""2.5"": {""evoked_rate_hz"": 0.0, ""baseline_rate_hz"": 0.0, ""reliability"": 0.0, ""modulation_ratio"": 0.0, ""median_latency_ms"": null}, ""4.0"": {""evoked_rate_hz"": 0.0, ""baseline_rate_hz"": 0.0, ""reliability"": 0.0, ""modulation_ratio"": 0.0, ""median_latency_ms"": null}}",False,1.0,insufficient evidence,0.0,Insufficient trial count (<10) or zero spikes recorded,0.0376,0.144,0.1192,0.0,0.0,0.0002,0.0183,1.0,4.6165,0.0099,insufficient evidence,850094792,3.73655846451196,0.279658638654866,37.5478080100356,0.98,3.2888107700809e-05,4.00708165460955,0.828382838283828,0.00127959053103,good,11,2580,8436,834,8196,VISp,"10-ms optical pulse (473 nm, Ai32)",0.0,0.0,,,0.0,"1.0, 2.5, 4.0 mW calibrated",0,0,0.144,0,-1
760345702,739783171,810753199,951852409,VISp,45,0.0,0.0,0.0,,,,0.0,0.0,0.0,,1.0,0.0,0.0,"{""1.0"": {""evoked_rate_hz"": 0.0, ""baseline_rate_hz"": 0.0, ""reliability"": 0.0, ""modulation_ratio"": 0.0, ""median_latency_ms"": null}, ""2.5"": {""evoked_rate_hz"": 0.0, ""baseline_rate_hz"": 0.0, ""reliability"": 0.0, ""modulation_ratio"": 0.0, ""median_latency_ms"": null}, ""4.0"": {""evoked_rate_hz"": 0.0, ""baseline_rate_hz"": 0.0, ""reliability"": 0.0, ""modulation_ratio"": 0.0, ""median_latency_ms"": null}}",False,1.0,insufficient evidence,0.0,Insufficient trial count (<10) or zero spikes recorded,0.0376,0.144,0.1192,0.0,0.0,0.0002,0.0183,1.0,4.6165,0.0099,insufficient evidence,850094792,2.64253044074639,0.0,38.0737631513841,0.99,0.0126652991230515,4.07553673740318,0.510416666666667,0.0007022471910112,good,11,2580,8436,834,8196,VISp,"10-ms optical pulse (473 nm, Ai32)",0.0,0.0,,,0.0,"1.0, 2.5, 4.0 mW calibrated",0,0,0.144,0,-1
760345702,739783171,810753199,951852455,VISp,45,0.0,0.0,0.0,,,,0.0,0.0,0.0,,1.0,0.0,0.0,"{""1.0"": {""evoked_rate_hz"": 0.0, ""baseline_rate_hz"": 0.0, ""reliability"": 0.0, ""modulation_ratio"": 0.0, ""median_latency_ms"": null}, ""2.5"": {""evoked_rate_hz"": 0.0, ""baseline_rate_hz"": 0.0, ""reliability"": 0.0, ""modulation_ratio"": 0.0, ""median_latency_ms"": null}, ""4.0"": {""evoked_rate_hz"": 0.0, ""baseline_rate_hz"": 0.0, ""reliability"": 0.0, ""modulation_ratio"": 0.0, ""median_latency_ms"": null}}",False,1.0,insufficient evidence,0.0,Insufficient trial count (<10) or zero spikes recorded,0.0376,0.144,0.1192,0.0,0.0,0.0002,0.0183,1.0,4.6165,0.0099,insufficient evidence,850094794,4.58663386652377,0.0,70.120810413827,0.99,0.0011332475295449,5.19388318467095,0.986486486486486,0.0001007455168245,good,59,2600,8439,827,8198,VISp,"10-ms optical pulse (473 nm, Ai32)",0.0,0.0,,,0.0,"1.0, 2.5, 4.0 mW calibrated",0,0,0.144,0,-1
760345702,739783171,810753199,951852509,VISp,45,0.0,0.0,0.0,,,,0.0,0.0,0.0,,1.0,0.0,0.0,"{""1.0"": {""evoked_rate_hz"": 0.0, ""baseline_rate_hz"": 0.0, ""reliability"": 0.0, ""modulation_ratio"": 0.0, ""median_latency_ms"": null}, ""2.5"": {""evoked_rate_hz"": 0.0, ""baseline_rate_hz"": 0.0, ""reliability"": 0.0, ""modulation_ratio"": 0.0, ""median_latency_ms"": null}, ""4.0"": {""evoked_rate_hz"": 0.0, ""baseline_rate_hz"": 0.0, ""reliability"": 0.0, ""modulation_ratio"": 0.0, ""median_latency_ms"": null}}",False,1.0,insufficient evidence,0.0,Insufficient trial count (<10) or zero spikes recorded,0.0376,0.144,0.1192,0.0,0.0,0.0002,0.0183,1.0,4.6165,0.0099,insufficient evidence,850094800,2.651559741529,0.0195373650143386,70.0014162844081,0.98,0.0006111600591366,5.81544848272423,0.969945355191257,0.0007858411917452,good,11,2620,8452,796,8207,VISp,"10-ms optical pulse (473 nm, Ai32)",0.0,0.0,,,0.0,"1.0, 2.5, 4.0 mW calibrated",0,0,0.144,0,-1
760345702,739783171,810753199,951852502,VISp,45,0.0,0.0,0.0,,,,0.0,0.0,0.0,,1.0,0.0,0.0,"{""1.0"": {""evoked_rate_hz"": 0.0, ""baseline_rate_hz"": 0.0, ""reliability"": 0.0, ""modulation_ratio"": 0.0, ""median_latency_ms"": null}, ""2.5"": {""evoked_rate_hz"": 0.0, ""baseline_rate_hz"": 0.0, ""reliability"": 0.0, ""modulation_ratio"": 0.0, ""median_latency_ms"": null}, ""4.0"": {""evoked_rate_hz"": 0.0, ""baseline_rate_hz"": 0.0, ""reliability"": 0.0, ""modulation_ratio"": 0.0, ""median_latency_ms"": null}}",False,1.0,insufficient evidence,0.0,Insufficient trial count (<10) or zero spikes recorded,0.0376,0.144,0.1192,0.0,0.0,0.0002,0.0183,1.0,4.6165,0.0099,insufficient evidence,850094800,2.77486913468659,0.444628776842593,52.5722822621011,0.98,0.0068123009682044,4.42357507141057,0.931372549019608,0.0024075957951848,good,11,2620,8452,796,8207,VISp,"10-ms optical pulse (473 nm, Ai32)",0.0,0.0,,,0.0,"1.0, 2.5, 4.0 mW calibrated",0,0,0.144,0,-1
760345702,739783171,810753199,951852493,VISp,45,2.963,2.778,0.701,5.176,0.0,0.0,0.022,0.022,1.0,0.0,1.0,-0.008,2.7778,"{""1.0"": {""evoked_rate_hz"": 0.0, ""baseline_rate_hz"": 0.0, ""reliability"": 0.0, ""modulation_ratio"": 0.0, ""median_latency_ms"": null}, ""2.5"": {""evoked_rate_hz"": 0.0, ""baseline_rate_hz"": 4.44, ""reliability"": 0.0, ""modulation_ratio"": 0.0, ""median_latency_ms"": null}, ""4.0"": {""evoked_rate_hz"": 8.33, ""baseline_rate_hz"": 4.44, ""reliability"": 0.067, ""modulation_ratio"": 1.53, ""median_latency_ms"": 5.18}}",False,1.0,not light responsive,0.95,Not statistically significant (p=1.0000 >= 0.05); No positive modulation (mod_ratio=0.70 <= 1.0); Very low reliability (0.02 < 0.05),0.2619,0.0845,0.1192,0.022,0.0,0.8041,1.0,1.0,1.8522,0.1569,low evidence (non-responsive),850094800,2.34856935598245,0.32496642164989,48.610001633529,0.99,0.014346939426357,4.12672266706395,0.873188405797101,0.0060674619498148,good,11,2620,8452,796,8207,VISp,"10-ms optical pulse (473 nm, Ai32)",2.963,2.778,5.176,0.0,0.022,"1.0, 2.5, 4.0 mW calibrated",1,1,0.0845,0,0
760345702,739783171,810753199,951852577,VISp,45,5.926,13.889,2.005,6.092,2.248,2.205,0.111,0.044,0.909,0.417,0.31169,0.173,2.7778,"{""1.0"": {""evoked_rate_hz"": 8.33, ""baseline_rate_hz"": 13.33, ""reliability"": 0.067, ""modulation_ratio"": 0.58, ""median_latency_ms"": 3.94}, ""2.5"": {""evoked_rate_hz"": 16.67, ""baseline_rate_hz"": 4.44, ""reliability"": 0.133, ""modulation_ratio"": 3.06, ""median_latency_ms"": 7.23}, ""4.0"": {""evoked_rate_hz"": 16.67, ""baseline_rate_hz"": 0.0, ""reliability"": 0.133, ""modulation_ratio"": 16.67, ""median_latency_ms"": 4.28}}",False,0.001,not light responsive,0.889,Not statistically significant (p=0.3117 >= 0.05),0.3244,0.3676,0.1834,0.111,0.4635,0.7219,0.4069,1.0,1.0586,0.347,low evidence (non-responsive),850094808,2.40971298664674,0.0217797966025287,92.3382347130959,0.99,0.0009455738686966,4.89754606899434,0.985333333333333,0.0155172413793103,good,11,2660,8466,766,8215,VISp,"10-ms optical pulse (473 nm, Ai32)",5.926,13.889,6.092,2.248,0.111,"1.0, 2.5, 4.0 mW calibrated",6,3,0.3676,0,0
760345702,739783171,810753201,951846900,CA3,45,0.0,0.0,0.0,,,,0.0,0.0,0.0,,1.0,0.0,0.0,"{""1.0"": {""evoked_rate_hz"": 0.0, ""baseline_rate_hz"": 0.0, ""reliability"": 0.0, ""modulation_ratio"": 0.0, ""median_latency_ms"": null}, ""2.5"": {""evoked_rate_hz"": 0.0, ""baseline_rate_hz"": 0.0, ""reliability"": 0.0, ""modulation_ratio"": 0.0, ""median_latency_ms"": null}, ""4.0"": {""evoked_rate_hz"": 0.0, ""baseline_rate_hz"": 0.0, ""reliability"": 0.0, ""modulation_ratio"": 0.0, ""median_latency_ms"": null}}",False,-221.222,insufficient evidence,0.0,Insufficient trial count (<10) or zero spikes recorded,0.0376,0.144,0.1192,0.0,0.0,0.0002,0.0183,1.0,4.6165,0.0099,insufficient evidence,850093256,2.07736733892592,0.0687679964507359,78.965586428761,0.99,0.0954947199351374,4.6025596689307,0.959333333333333,0.0261485826001955,good,11,700,7377,2804,8673,CA3,"10-ms optical pulse (473 nm, Ai32)",0.0,0.0,,,0.0,"1.0, 2.5, 4.0 mW calibrated",0,0,0.144,0,-1
760345702,739783171,810753201,951848641,CA3,45,0.0,0.0,0.0,,,,0.0,0.0,0.0,,1.0,0.0,0.0,"{""1.0"": {""evoked_rate_hz"": 0.0, ""baseline_rate_hz"": 0.0, ""reliability"": 0.0, ""modulation_ratio"": 0.0, ""median_latency_ms"": null}, ""2.5"": {""evoked_rate_hz"": 0.0, ""baseline_rate_hz"": 0.0, ""reliability"": 0.0, ""modulation_ratio"": 0.0, ""median_latency_ms"": null}, ""4.0"": {""evoked_rate_hz"": 0.0, ""baseline_rate_hz"": 0.0, ""reliability"": 0.0, ""modulation_ratio"": 0.0, ""median_latency_ms"": null}}",False,1.0,insufficient evidence,0.0,Insufficient trial count (<10) or zero spikes recorded,0.0376,0.144,0.1192,0.0,0.0,0.0002,0.0183,1.0,4.6165,0.0099,insufficient evidence,850093280,3.28795953921248,0.459684455567524,39.1207588198678,0.99,0.0067584872118967,4.20863936461309,0.593137254901961,0.0020472546650557,good,11,820,7421,2732,8694,CA3,"10-ms optical pulse (473 nm, Ai32)",0.0,0.0,,,0.0,"1.0, 2.5, 4.0 mW calibrated",0,0,0.144,0,-1
760345702,739783171,810753201,951846987,CA3,45,34.074,25.0,0.713,5.578,2.602,3.365,0.2,0.289,0.818,0.529,0.31568,-0.161,11.1111,"{""1.0"": {""evoked_rate_hz"": 8.33, ""baseline_rate_hz"": 26.67, ""reliability"": 0.067, ""modulation_ratio"": 0.3, ""median_latency_ms"": 7.94}, ""2.5"": {""evoked_rate_hz"": 25.0, ""baseline_rate_hz"": 48.89, ""reliability"": 0.2, ""modulation_ratio"": 0.5, ""median_latency_ms"": 6.28}, ""4.0"": {""evoked_rate_hz"": 41.67, ""baseline_rate_hz"": 26.67, ""reliability"": 0.333, ""modulation_ratio"": 1.51, ""median_latency_ms"": 3.23}}",False,0.134,not light responsive,0.8,Not statistically significant (p=0.3157 >= 0.05); No positive modulation (mod_ratio=0.71 <= 1.0),0.2556,0.4371,0.1825,0.2,0.0,0.7705,0.3532,1.0,1.2715,0.2804,low evidence (non-responsive),850093280,3.76668511481278,0.0029728636767978,117.092998968226,0.99,0.0040325385507357,4.37469150853256,0.999333333333333,0.0123165618448637,good,11,820,7421,2732,8694,CA3,"10-ms optical pulse (473 nm, Ai32)",34.074,25.0,5.578,2.602,0.2,"1.0, 2.5, 4.0 mW calibrated",11,15,0.4371,0,0
760345702,739783171,810753201,951846980,CA3,45,0.0,2.778,2.778,4.153,0.0,0.0,0.022,0.0,1.0,0.0,1.0,0.149,0.0,"{""1.0"": {""evoked_rate_hz"": 0.0, ""baseline_rate_hz"": 0.0, ""reliability"": 0.0, ""modulation_ratio"": 0.0, ""median_latency_ms"": null}, ""2.5"": {""evoked_rate_hz"": 8.33, ""baseline_rate_hz"": 0.0, ""reliability"": 0.067, ""modulation_ratio"": 8.33, ""median_latency_ms"": 4.15}, ""4.0"": {""evoked_rate_hz"": 0.0, ""baseline_rate_hz"": 0.0, ""reliability"": 0.0, ""modulation_ratio"": 0.0, ""median_latency_ms"": null}}",False,1.0,not light responsive,0.95,Not statistically significant (p=1.0000 >= 0.05); Very low reliability (0.02 < 0.05),0.3976,0.0909,0.1192,0.022,0.6273,0.8725,1.0,1.0,1.7555,0.1728,intermediate evidence (uncertain / borderline),850093280,2.2746757855702,0.475729479630779,41.814998687655,0.99,0.0520389419334115,2.77375641136847,0.725906277630416,0.0114309466902213,good,11,820,7421,2732,8694,CA3,"10-ms optical pulse (473 nm, Ai32)",0.0,2.778,4.153,0.0,0.022,"1.0, 2.5, 4.0 mW calibrated",1,0,0.0909,0,0
760345702,739783171,810753201,951846946,CA3,45,0.0,2.778,2.778,6.622,0.0,0.0,0.022,0.0,1.0,0.0,1.0,0.149,-2.7778,"{""1.0"": {""evoked_rate_hz"": 8.33, ""baseline_rate_hz"": 0.0, ""reliability"": 0.067, ""modulation_ratio"": 8.33, ""median_latency_ms"": 6.62}, ""2.5"": {""evoked_rate_hz"": 0.0, ""baseline_rate_hz"": 0.0, ""reliability"": 0.0, ""modulation_ratio"": 0.0, ""median_latency_ms"": null}, ""4.0"": {""evoked_rate_hz"": 0.0, ""baseline_rate_hz"": 0.0, ""reliability"": 0.0, ""modulation_ratio"": 0.0, ""median_latency_ms"": null}}",False,1.0,not light responsive,0.95,Not statistically significant (p=1.0000 >= 0.05); Very low reliability (0.02 < 0.05),0.3666,0.1102,0.1192,0.022,0.6273,0.6657,1.0,1.0,1.5085,0.2212,intermediate evidence (uncertain / borderline),850093284,2.01281216076684,0.0840881558447055,43.5951783006974,0.99,0.0122272863638778,2.88012307518495,0.900512820512821,0.0047545219638242,good,27,840,7428,2720,8698,CA3,"10-ms optical pulse (473 nm, Ai32)",0.0,2.778,6.622,0.0,0.022,"1.0, 2.5, 4.0 mW calibrated",1,0,0.1102,0,0
760345702,739783171,810753201,951847136,CA3,45,0.0,0.0,0.0,,,,0.0,0.0,0.0,,1.0,0.0,0.0,"{""1.0"": {""evoked_rate_hz"": 0.0, ""baseline_rate_hz"": 0.0, ""reliability"": 0.0, ""modulation_ratio"": 0.0, ""median_latency_ms"": null}, ""2.5"": {""evoked_rate_hz"": 0.0, ""baseline_rate_hz"": 0.0, ""reliability"": 0.0, ""modulation_ratio"": 0.0, ""median_latency_ms"": null}, ""4.0"": {""evoked_rate_hz"": 0.0, ""baseline_rate_hz"": 0.0, ""reliability"": 0.0, ""modulation_ratio"": 0.0, ""median_latency_ms"": null}}",False,1.0,insufficient evidence,0.0,Insufficient trial count (<10) or zero spikes recorded,0.0376,0.144,0.1192,0.0,0.0,0.0002,0.0183,1.0,4.6165,0.0099,insufficient evidence,850093288,2.13342584488663,0.179856049881455,36.6814764510817,0.96,0.0103049744910629,3.06801258323395,0.808219178082192,0.0013192612137203,good,11,860,7440,2703,8705,CA3,"10-ms optical pulse (473 nm, Ai32)",0.0,0.0,,,0.0,"1.0, 2.5, 4.0 mW calibrated",0,0,0.144,0,-1
760345702,739783171,810753201,951847155,CA3,45,1.481,0.0,0.0,,,,0.0,0.022,0.0,,1.0,-0.149,0.0,"{""1.0"": {""evoked_rate_hz"": 0.0, ""baseline_rate_hz"": 0.0, ""reliability"": 0.0, ""modulation_ratio"": 0.0, ""median_latency_ms"": null}, ""2.5"": {""evoked_rate_hz"": 0.0, ""baseline_rate_hz"": 0.0, ""reliability"": 0.0, ""modulation_ratio"": 0.0, ""median_latency_ms"": null}, ""4.0"": {""evoked_rate_hz"": 0.0, ""baseline_rate_hz"": 4.44, ""reliability"": 0.0, ""modulation_ratio"": 0.0, ""median_latency_ms"": null}}",False,1.0,not light responsive,0.95,Not statistically significant (p=1.0000 >= 0.05); No positive modulation (mod_ratio=0.00 <= 1.0); Very low reliability (0.00 < 0.05),0.0376,0.144,0.1192,0.0,0.0,0.0002,0.0183,1.0,4.6165,0.0099,low evidence (non-responsive),850093290,1.92982803768742,0.289502367503283,47.1553812832076,0.99,0.027232288465136,2.73025152894345,0.939704209328783,0.0015796160846124,good,59,880,7443,2697,8707,CA3,"10-ms optical pulse (473 nm, Ai32)",1.481,0.0,,,0.0,"1.0, 2.5, 4.0 mW calibrated",0,1,0.144,0,0
760345702,739783171,810753201,951847084,CA3,45,0.0,0.0,0.0,,,,0.0,0.0,0.0,,1.0,0.0,0.0,"{""1.0"": {""evoked_rate_hz"": 0.0, ""baseline_rate_hz"": 0.0, ""reliability"": 0.0, ""modulation_ratio"": 0.0, ""median_latency_ms"": null}, ""2.5"": {""evoked_rate_hz"": 0.0, ""baseline_rate_hz"": 0.0, ""reliability"": 0.0, ""modulation_ratio"": 0.0, ""median_latency_ms"": null}, ""4.0"": {""evoked_rate_hz"": 0.0, ""baseline_rate_hz"": 0.0, ""reliability"": 0.0, ""modulation_ratio"": 0.0, ""median_latency_ms"": null}}",False,1.0,insufficient evidence,0.0,Insufficient trial count (<10) or zero spikes recorded,0.0376,0.144,0.1192,0.0,0.0,0.0002,0.0183,1.0,4.6165,0.0099,insufficient evidence,850093290,2.1844907974528,0.0604993704978612,42.0922591139824,0.98,0.0162651102153858,3.98657012803398,0.912772585669782,0.0003032447184878,good,59,880,7443,2697,8707,CA3,"10-ms optical pulse (473 nm, Ai32)",0.0,0.0,,,0.0,"1.0, 2.5, 4.0 mW calibrated",0,0,0.144,0,-1
760345702,739783171,810753201,951847077,CA3,45,0.0,0.0,0.0,,,,0.0,0.0,0.0,,1.0,0.0,0.0,"{""1.0"": {""evoked_rate_hz"": 0.0, ""baseline_rate_hz"": 0.0, ""reliability"": 0.0, ""modulation_ratio"": 0.0, ""median_latency_ms"": null}, ""2.5"": {""evoked_rate_hz"": 0.0, ""baseline_rate_hz"": 0.0, ""reliability"": 0.0, ""modulation_ratio"": 0.0, ""median_latency_ms"": null}, ""4.0"": {""evoked_rate_hz"": 0.0, ""baseline_rate_hz"": 0.0, ""reliability"": 0.0, ""modulation_ratio"": 0.0, ""median_latency_ms"": null}}",False,1.0,insufficient evidence,0.0,Insufficient trial count (<10) or zero spikes recorded,0.0376,0.144,0.1192,0.0,0.0,0.0002,0.0183,1.0,4.6165,0.0099,insufficient evidence,850093290,2.05458754210057,0.103239310424923,52.9694228059823,0.99,0.0173151831376976,3.65954513760764,0.868872549019608,0.005688048245614,good,59,880,7443,2697,8707,CA3,"10-ms optical pulse (473 nm, Ai32)",0.0,0.0,,,0.0,"1.0, 2.5, 4.0 mW calibrated",0,0,0.144,0,-1
760345702,739783171,810753201,951847169,CA3,45,20.741,30.556,1.405,2.578,2.595,2.902,0.244,0.156,0.773,0.661,0.28072,0.161,2.7778,"{""1.0"": {""evoked_rate_hz"": 33.33, ""baseline_rate_hz"": 13.33, ""reliability"": 0.267, ""modulation_ratio"": 2.33, ""median_latency_ms"": 2.51}, ""2.5"": {""evoked_rate_hz"": 16.67, ""baseline_rate_hz"": 26.67, ""reliability"": 0.133, ""modulation_ratio"": 0.6, ""median_latency_ms"": 2.44}, ""4.0"": {""evoked_rate_hz"": 41.67, ""baseline_rate_hz"": 22.22, ""reliability"": 0.333, ""modulation_ratio"": 1.79, ""median_latency_ms"": 5.34}}",False,-1.247,not light responsive,0.756,Not statistically significant (p=0.2807 >= 0.05),0.3422,0.6302,0.1903,0.244,0.2405,0.9377,0.3542,1.0,1.4749,0.2288,low evidence (non-responsive),850093296,4.60500770421679,0.0090158319479656,67.1671873807078,0.99,0.0001647322988126,5.41470179563256,0.997333333333333,0.0017104542966611,good,11,900,7455,2680,8715,CA3,"10-ms optical pulse (473 nm, Ai32)",20.741,30.556,2.578,2.595,0.244,"1.0, 2.5, 4.0 mW calibrated",14,9,0.6302,0,0
760345702,739783171,810753201,951847182,CA3,45,1.481,0.0,0.0,,,,0.0,0.022,0.0,,1.0,-0.149,0.0,"{""1.0"": {""evoked_rate_hz"": 0.0, ""baseline_rate_hz"": 0.0, ""reliability"": 0.0, ""modulation_ratio"": 0.0, ""median_latency_ms"": null}, ""2.5"": {""evoked_rate_hz"": 0.0, ""baseline_rate_hz"": 0.0, ""reliability"": 0.0, ""modulation_ratio"": 0.0, ""median_latency_ms"": null}, ""4.0"": {""evoked_rate_hz"": 0.0, ""baseline_rate_hz"": 4.44, ""reliability"": 0.0, ""modulation_ratio"": 0.0, ""median_latency_ms"": null}}",False,1.0,not light responsive,0.95,Not statistically significant (p=1.0000 >= 0.05); No positive modulation (mod_ratio=0.00 <= 1.0); Very low reliability (0.00 < 0.05),0.0376,0.144,0.1192,0.0,0.0,0.0002,0.0183,1.0,4.6165,0.0099,low evidence (non-responsive),850093298,3.51890947855012,0.163752242198415,53.4894392795641,0.96,0.0040552938410657,3.20337603727935,0.896907216494845,0.0024814739275273,good,59,920,7458,2674,8717,CA3,"10-ms optical pulse (473 nm, Ai32)",1.481,0.0,,,0.0,"1.0, 2.5, 4.0 mW calibrated",0,1,0.144,0,0
760345702,739783171,810753201,951847266,CA3,45,4.444,5.556,1.02,4.411,0.248,0.175,0.044,0.067,0.977,0.056,1.0,0.035,2.7778,"{""1.0"": {""evoked_rate_hz"": 0.0, ""baseline_rate_hz"": 4.44, ""reliability"": 0.0, ""modulation_ratio"": 0.0, ""median_latency_ms"": null}, ""2.5"": {""evoked_rate_hz"": 8.33, ""baseline_rate_hz"": 4.44, ""reliability"": 0.067, ""modulation_ratio"": 1.53, ""median_latency_ms"": 4.24}, ""4.0"": {""evoked_rate_hz"": 8.33, ""baseline_rate_hz"": 4.44, ""reliability"": 0.067, ""modulation_ratio"": 1.53, ""median_latency_ms"": 4.59}}",False,0.667,not light responsive,0.95,Not statistically significant (p=1.0000 >= 0.05); Very low reliability (0.04 < 0.05),0.2688,0.1257,0.1192,0.044,0.0143,0.8575,0.9056,1.0,1.8404,0.1588,low evidence (non-responsive),850093316,2.31245126002619,0.0259480921159251,51.2134265957708,0.99,0.0273491055865521,3.50484132594695,0.952666666666667,0.0039756355545829,good,27,1000,7492,2623,8743,CA3,"10-ms optical pulse (473 nm, Ai32)",4.444,5.556,4.411,0.248,0.044,"1.0, 2.5, 4.0 mW calibrated",3,2,0.1257,0,0
760345702,739783171,810753201,951847301,CA2,45,1.481,0.0,0.0,,,,0.0,0.0,0.0,,1.0,-0.149,0.0,"{""1.0"": {""evoked_rate_hz"": 0.0, ""baseline_rate_hz"": 4.44, ""reliability"": 0.0, ""modulation_ratio"": 0.0, ""median_latency_ms"": null}, ""2.5"": {""evoked_rate_hz"": 0.0, ""baseline_rate_hz"": 0.0, ""reliability"": 0.0, ""modulation_ratio"": 0.0, ""median_latency_ms"": null}, ""4.0"": {""evoked_rate_hz"": 0.0, ""baseline_rate_hz"": 0.0, ""reliability"": 0.0, ""modulation_ratio"": 0.0, ""median_latency_ms"": null}}",False,1.0,not light responsive,0.95,Not statistically significant (p=1.0000 >= 0.05); No positive modulation (mod_ratio=0.00 <= 1.0); Very low reliability (0.00 < 0.05),0.0376,0.144,0.1192,0.0,0.0,0.0002,0.0183,1.0,4.6165,0.0099,low evidence (non-responsive),850093322,4.97376391603701,0.0668964203796714,47.4589001126574,0.99,2.03509375598527e-05,3.96700206557215,0.928802588996764,0.0014975154856715,good,59,1040,7503,2607,8753,CA2,"10-ms optical pulse (473 nm, Ai32)",1.481,0.0,,,0.0,"1.0, 2.5, 4.0 mW calibrated",0,1,0.144,0,0
760345702,739783171,810753201,951847331,CA2,45,2.963,2.778,0.701,7.592,0.0,0.0,0.022,0.022,1.0,0.0,1.0,-0.008,-2.7778,"{""1.0"": {""evoked_rate_hz"": 8.33, ""baseline_rate_hz"": 4.44, ""reliability"": 0.067, ""modulation_ratio"": 1.53, ""median_latency_ms"": 7.59}, ""2.5"": {""evoked_rate_hz"": 0.0, ""baseline_rate_hz"": 4.44, ""reliability"": 0.0, ""modulation_ratio"": 0.0, ""median_latency_ms"": null}, ""4.0"": {""evoked_rate_hz"": 0.0, ""baseline_rate_hz"": 0.0, ""reliability"": 0.0, ""modulation_ratio"": 0.0, ""median_latency_ms"": null}}",False,-221.222,not light responsive,0.95,Not statistically significant (p=1.0000 >= 0.05); No positive modulation (mod_ratio=0.70 <= 1.0); Very low reliability (0.02 < 0.05),0.2239,0.0937,0.1192,0.022,0.0,0.5508,1.0,1.0,1.7154,0.1799,low evidence (non-responsive),850093332,4.50048780110503,0.0,59.8221124610896,0.99,5.55037982691102e-05,4.53151514925075,0.999120492524186,0.0001732321657485,good,27,1080,7521,2578,8770,CA2,"10-ms optical pulse (473 nm, Ai32)",2.963,2.778,7.592,0.0,0.022,"1.0, 2.5, 4.0 mW calibrated",1,1,0.0937,0,0
760345702,739783171,810753201,951847398,CA1,45,19.259,25.0,1.234,6.697,2.975,4.526,0.2,0.111,0.818,0.545,0.50549,0.099,2.7778,"{""1.0"": {""evoked_rate_hz"": 25.0, ""baseline_rate_hz"": 22.22, ""reliability"": 0.2, ""modulation_ratio"": 1.08, ""median_latency_ms"": 6.7}, ""2.5"": {""evoked_rate_hz"": 16.67, ""baseline_rate_hz"": 13.33, ""reliability"": 0.133, ""modulation_ratio"": 1.16, ""median_latency_ms"": 2.45}, ""4.0"": {""evoked_rate_hz"": 33.33, ""baseline_rate_hz"": 22.22, ""reliability"": 0.267, ""modulation_ratio"": 1.44, ""median_latency_ms"": 7.63}}",False,-0.798,not light responsive,0.8,Not statistically significant (p=0.5055 >= 0.05),0.2553,0.4769,0.154,0.2,0.1505,0.6573,0.3042,1.0,0.9173,0.3996,low evidence (non-responsive),850093340,5.66293445344832,0.0,222.819935712005,0.99,2.00058231407906e-05,9.48822128561113,1.0,0.0,good,27,1120,7539,2550,8789,CA1,"10-ms optical pulse (473 nm, Ai32)",19.259,25.0,6.697,2.975,0.2,"1.0, 2.5, 4.0 mW calibrated",11,9,0.4769,0,0
760345702,739783171,810753201,951848761,CA1,45,2.963,0.0,0.0,,,,0.0,0.022,0.0,,0.51948,-0.213,0.0,"{""1.0"": {""evoked_rate_hz"": 0.0, ""baseline_rate_hz"": 4.44, ""reliability"": 0.0, ""modulation_ratio"": 0.0, ""median_latency_ms"": null}, ""2.5"": {""evoked_rate_hz"": 0.0, ""baseline_rate_hz"": 4.44, ""reliability"": 0.0, ""modulation_ratio"": 0.0, ""median_latency_ms"": null}, ""4.0"": {""evoked_rate_hz"": 0.0, ""baseline_rate_hz"": 0.0, ""reliability"": 0.0, ""modulation_ratio"": 0.0, ""median_latency_ms"": null}}",False,-221.222,not light responsive,0.95,Not statistically significant (p=0.5195 >= 0.05); No positive modulation (mod_ratio=0.00 <= 1.0); Very low reliability (0.00 < 0.05),0.0476,0.144,0.1524,0.0,0.0,0.0002,0.0183,1.0,4.6165,0.0099,low evidence (non-responsive),850093350,3.71239433432712,0.216991780083414,47.5915396293722,0.99,0.0023688903786071,3.16131671892979,0.916666666666667,0.0018285249898415,good,43,1180,7556,2522,8808,CA1,"10-ms optical pulse (473 nm, Ai32)",2.963,0.0,,,0.0,"1.0, 2.5, 4.0 mW calibrated",0,1,0.144,0,0
760345702,739783171,810753201,951847606,CA1,45,0.0,2.778,2.778,5.221,0.0,0.0,0.022,0.0,1.0,0.0,1.0,0.149,0.0,"{""1.0"": {""evoked_rate_hz"": 0.0, ""baseline_rate_hz"": 0.0, ""reliability"": 0.0, ""modulation_ratio"": 0.0, ""median_latency_ms"": null}, ""2.5"": {""evoked_rate_hz"": 8.33, ""baseline_rate_hz"": 0.0, ""reliability"": 0.067, ""modulation_ratio"": 8.33, ""median_latency_ms"": 5.22}, ""4.0"": {""evoked_rate_hz"": 0.0, ""baseline_rate_hz"": 0.0, ""reliability"": 0.0, ""modulation_ratio"": 0.0, ""median_latency_ms"": null}}",False,1.0,not light responsive,0.95,Not statistically significant (p=1.0000 >= 0.05); Very low reliability (0.02 < 0.05),0.3868,0.1005,0.1192,0.022,0.6273,0.8005,1.0,1.0,1.6247,0.197,intermediate evidence (uncertain / borderline),850093378,1.9376438684565,0.0114202538116614,64.0199664539491,0.99,0.0007515889870593,4.68200716816767,0.992666666666667,0.0010945110271986,good,59,1320,7603,2440,8866,CA1,"10-ms optical pulse (473 nm, Ai32)",0.0,2.778,5.221,0.0,0.022,"1.0, 2.5, 4.0 mW calibrated",1,0,0.1005,0,0
760345702,739783171,810753201,951847665,CA1,45,10.37,13.889,1.221,5.337,3.338,4.296,0.089,0.089,1.318,0.644,0.74825,0.066,-2.7778,"{""1.0"": {""evoked_rate_hz"": 8.33, ""baseline_rate_hz"": 13.33, ""reliability"": 0.067, ""modulation_ratio"": 0.58, ""median_latency_ms"": 3.72}, ""2.5"": {""evoked_rate_hz"": 33.33, ""baseline_rate_hz"": 13.33, ""reliability"": 0.2, ""modulation_ratio"": 2.33, ""median_latency_ms"": 6.95}, ""4.0"": {""evoked_rate_hz"": 0.0, ""baseline_rate_hz"": 4.44, ""reliability"": 0.0, ""modulation_ratio"": 0.0, ""median_latency_ms"": null}}",False,-5.485,not light responsive,0.911,Not statistically significant (p=0.7482 >= 0.05),0.2358,0.3959,0.1331,0.089,0.143,0.7911,0.2631,1.0,1.4364,0.2378,low evidence (non-responsive),850093408,2.80925504417637,0.0224106371282286,345.876655034555,0.99,0.0186242540422977,7.27834087332995,0.998666666666667,0.0025252525252525,good,11,1460,7657,2342,8934,CA1,"10-ms optical pulse (473 nm, Ai32)",10.37,13.889,5.337,3.338,0.089,"1.0, 2.5, 4.0 mW calibrated",6,5,0.3959,0,0
760345702,739783171,810753201,951847678,VISl,45,14.815,5.556,0.351,6.902,0.42,0.297,0.044,0.133,0.977,0.061,0.1039,-0.229,-5.5556,"{""1.0"": {""evoked_rate_hz"": 16.67, ""baseline_rate_hz"": 22.22, ""reliability"": 0.133, ""modulation_ratio"": 0.72, ""median_latency_ms"": 6.9}, ""2.5"": {""evoked_rate_hz"": 0.0, ""baseline_rate_hz"": 17.78, ""reliability"": 0.0, ""modulation_ratio"": 0.0, ""median_latency_ms"": null}, ""4.0"": {""evoked_rate_hz"": 0.0, ""baseline_rate_hz"": 4.44, ""reliability"": 0.0, ""modulation_ratio"": 0.0, ""median_latency_ms"": null}}",False,0.001,not light responsive,0.95,Not statistically significant (p=0.1039 >= 0.05); No positive modulation (mod_ratio=0.35 <= 1.0); Very low reliability (0.04 < 0.05),0.2703,0.1408,0.2657,0.044,0.0,0.6339,0.8454,1.0,1.6473,0.1926,low evidence (non-responsive),850093498,2.79617678631453,0.230237391203135,81.6416225459234,0.99,0.0917265804737708,4.93623190836149,0.988666666666667,0.0079510703363914,good,59,1920,7866,2038,9134,VISl,"10-ms optical pulse (473 nm, Ai32)",14.815,5.556,6.902,0.42,0.044,"1.0, 2.5, 4.0 mW calibrated",3,7,0.1408,0,0
760345702,739783171,810753201,951847715,VISl,45,0.0,0.0,0.0,,,,0.0,0.0,0.0,,1.0,0.0,0.0,"{""1.0"": {""evoked_rate_hz"": 0.0, ""baseline_rate_hz"": 0.0, ""reliability"": 0.0, ""modulation_ratio"": 0.0, ""median_latency_ms"": null}, ""2.5"": {""evoked_rate_hz"": 0.0, ""baseline_rate_hz"": 0.0, ""reliability"": 0.0, ""modulation_ratio"": 0.0, ""median_latency_ms"": null}, ""4.0"": {""evoked_rate_hz"": 0.0, ""baseline_rate_hz"": 0.0, ""reliability"": 0.0, ""modulation_ratio"": 0.0, ""median_latency_ms"": null}}",False,1.0,insufficient evidence,0.0,Insufficient trial count (<10) or zero spikes recorded,0.0376,0.144,0.1192,0.0,0.0,0.0002,0.0183,1.0,4.6165,0.0099,insufficient evidence,850093502,2.34591790522352,0.360424962898525,38.1540598137356,0.99,0.0085096403895389,3.65283395630198,0.82051282051282,0.0010145074566298,good,43,1940,7880,2022,9146,VISl,"10-ms optical pulse (473 nm, Ai32)",0.0,0.0,,,0.0,"1.0, 2.5, 4.0 mW calibrated",0,0,0.144,0,-1
760345702,739783171,810753201,951847733,VISl,45,0.0,0.0,0.0,,,,0.0,0.0,0.0,,1.0,0.0,0.0,"{""1.0"": {""evoked_rate_hz"": 0.0, ""baseline_rate_hz"": 0.0, ""reliability"": 0.0, ""modulation_ratio"": 0.0, ""median_latency_ms"": null}, ""2.5"": {""evoked_rate_hz"": 0.0, ""baseline_rate_hz"": 0.0, ""reliability"": 0.0, ""modulation_ratio"": 0.0, ""median_latency_ms"": null}, ""4.0"": {""evoked_rate_hz"": 0.0, ""baseline_rate_hz"": 0.0, ""reliability"": 0.0, ""modulation_ratio"": 0.0, ""median_latency_ms"": null}}",False,1.0,insufficient evidence,0.0,Insufficient trial count (<10) or zero spikes recorded,0.0376,0.144,0.1192,0.0,0.0,0.0002,0.0183,1.0,4.6165,0.0099,insufficient evidence,850093518,4.54746121256297,0.0,68.0322266120128,0.99,0.0009925208375443,4.85023398492924,0.956043956043956,0.0003055612140965,good,43,2020,7935,1962,9191,VISl,"10-ms optical pulse (473 nm, Ai32)",0.0,0.0,,,0.0,"1.0, 2.5, 4.0 mW calibrated",0,0,0.144,0,-1
760345702,739783171,810753201,951847785,VISl,45,4.444,5.556,1.02,6.344,3.584,2.534,0.044,0.022,0.977,0.565,1.0,0.035,-2.7778,"{""1.0"": {""evoked_rate_hz"": 8.33, ""baseline_rate_hz"": 4.44, ""reliability"": 0.067, ""modulation_ratio"": 1.53, ""median_latency_ms"": 8.88}, ""2.5"": {""evoked_rate_hz"": 8.33, ""baseline_rate_hz"": 4.44, ""reliability"": 0.067, ""modulation_ratio"": 1.53, ""median_latency_ms"": 3.81}, ""4.0"": {""evoked_rate_hz"": 0.0, ""baseline_rate_hz"": 4.44, ""reliability"": 0.0, ""modulation_ratio"": 0.0, ""median_latency_ms"": null}}",False,1.0,not light responsive,0.95,Not statistically significant (p=1.0000 >= 0.05); Very low reliability (0.04 < 0.05),0.1779,0.3163,0.1192,0.044,0.0143,0.6959,0.2384,1.0,1.6594,0.1903,low evidence (non-responsive),850093524,2.32312582642176,0.219152647588502,53.2418802044703,0.99,0.0012787301101904,2.92531690401741,0.932467532467532,0.0023920956838273,good,27,2040,7958,1938,9209,VISl,"10-ms optical pulse (473 nm, Ai32)",4.444,5.556,6.344,3.584,0.044,"1.0, 2.5, 4.0 mW calibrated",3,2,0.3163,0,0
760345702,739783171,810753201,951847772,VISl,45,7.407,5.556,0.661,3.889,3.138,2.219,0.044,0.044,0.977,0.807,0.47053,-0.087,0.0,"{""1.0"": {""evoked_rate_hz"": 0.0, ""baseline_rate_hz"": 0.0, ""reliability"": 0.0, ""modulation_ratio"": 0.0, ""median_latency_ms"": null}, ""2.5"": {""evoked_rate_hz"": 16.67, ""baseline_rate_hz"": 13.33, ""reliability"": 0.133, ""modulation_ratio"": 1.16, ""median_latency_ms"": 3.89}, ""4.0"": {""evoked_rate_hz"": 0.0, ""baseline_rate_hz"": 8.89, ""reliability"": 0.0, ""modulation_ratio"": 0.0, ""median_latency_ms"": null}}",False,0.001,not light responsive,0.95,Not statistically significant (p=0.4705 >= 0.05); No positive modulation (mod_ratio=0.66 <= 1.0); Very low reliability (0.04 < 0.05),0.2199,0.3834,0.1581,0.044,0.0,0.8865,0.285,1.0,1.9222,0.1463,low evidence (non-responsive),850093524,2.40043140909292,0.17399164972203,60.8705411305652,0.99,0.0318111156773552,3.359390778675,0.943529411764706,0.0039686684073107,good,27,2040,7958,1938,9209,VISl,"10-ms optical pulse (473 nm, Ai32)",7.407,5.556,3.889,3.138,0.044,"1.0, 2.5, 4.0 mW calibrated",3,3,0.3834,0,0
760345702,739783171,810753201,951847766,VISl,45,2.963,0.0,0.0,,,,0.0,0.044,0.0,,0.50549,-0.213,0.0,"{""1.0"": {""evoked_rate_hz"": 0.0, ""baseline_rate_hz"": 4.44, ""reliability"": 0.0, ""modulation_ratio"": 0.0, ""median_latency_ms"": null}, ""2.5"": {""evoked_rate_hz"": 0.0, ""baseline_rate_hz"": 4.44, ""reliability"": 0.0, ""modulation_ratio"": 0.0, ""median_latency_ms"": null}, ""4.0"": {""evoked_rate_hz"": 0.0, ""baseline_rate_hz"": 0.0, ""reliability"": 0.0, ""modulation_ratio"": 0.0, ""median_latency_ms"": null}}",False,-221.222,not light responsive,0.95,Not statistically significant (p=0.5055 >= 0.05); No positive modulation (mod_ratio=0.00 <= 1.0); Very low reliability (0.00 < 0.05),0.0481,0.144,0.154,0.0,0.0,0.0002,0.0183,1.0,4.6165,0.0099,low evidence (non-responsive),850093522,1.76009207466286,0.130234567301049,72.9869684357043,0.99,0.0906217993714684,3.02876984254522,0.861333333333333,0.0212814384886765,good,59,2040,7949,1947,9202,VISl,"10-ms optical pulse (473 nm, Ai32)",2.963,0.0,,,0.0,"1.0, 2.5, 4.0 mW calibrated",0,1,0.144,0,0
760345702,739783171,810753201,951847759,VISl,45,1.481,0.0,0.0,,,,0.0,0.022,0.0,,1.0,-0.149,0.0,"{""1.0"": {""evoked_rate_hz"": 0.0, ""baseline_rate_hz"": 0.0, ""reliability"": 0.0, ""modulation_ratio"": 0.0, ""median_latency_ms"": null}, ""2.5"": {""evoked_rate_hz"": 0.0, ""baseline_rate_hz"": 0.0, ""reliability"": 0.0, ""modulation_ratio"": 0.0, ""median_latency_ms"": null}, ""4.0"": {""evoked_rate_hz"": 0.0, ""baseline_rate_hz"": 4.44, ""reliability"": 0.0, ""modulation_ratio"": 0.0, ""median_latency_ms"": null}}",False,1.0,not light responsive,0.95,Not statistically significant (p=1.0000 >= 0.05); No positive modulation (mod_ratio=0.00 <= 1.0); Very low reliability (0.00 < 0.05),0.0376,0.144,0.1192,0.0,0.0,0.0002,0.0183,1.0,4.6165,0.0099,low evidence (non-responsive),850093522,2.23680370488051,0.049230936675725,60.3802060972883,0.99,0.0074912774813814,3.60101993642702,0.965277777777778,0.0013865779256794,good,59,2040,7949,1947,9202,VISl,"10-ms optical pulse (473 nm, Ai32)",1.481,0.0,,,0.0,"1.0, 2.5, 4.0 mW calibrated",0,1,0.144,0,0
760345702,739783171,810753201,951847740,VISl,45,10.37,5.556,0.489,5.032,4.371,3.091,0.044,0.022,0.977,0.869,0.34565,-0.129,-2.7778,"{""1.0"": {""evoked_rate_hz"": 8.33, ""baseline_rate_hz"": 8.89, ""reliability"": 0.067, ""modulation_ratio"": 0.84, ""median_latency_ms"": 8.12}, ""2.5"": {""evoked_rate_hz"": 8.33, ""baseline_rate_hz"": 8.89, ""reliability"": 0.067, ""modulation_ratio"": 0.84, ""median_latency_ms"": 1.94}, ""4.0"": {""evoked_rate_hz"": 0.0, ""baseline_rate_hz"": 13.33, ""reliability"": 0.0, ""modulation_ratio"": 0.0, ""median_latency_ms"": null}}",False,-4.973,not light responsive,0.95,Not statistically significant (p=0.3457 >= 0.05); No positive modulation (mod_ratio=0.49 <= 1.0); Very low reliability (0.04 < 0.05),0.2037,0.4136,0.1767,0.044,0.0,0.8152,0.1741,1.0,1.7858,0.1677,low evidence (non-responsive),850093522,0.900824583536371,0.0133127362442875,93.2845294979808,0.99,0.0079342155815061,3.42071952541155,0.989333333333333,0.0154466084620551,good,59,2040,7949,1947,9202,VISl,"10-ms optical pulse (473 nm, Ai32)",10.37,5.556,5.032,4.371,0.044,"1.0, 2.5, 4.0 mW calibrated",3,5,0.4136,0,0
760345702,739783171,810753201,951847799,VISl,45,7.407,8.333,0.991,3.236,0.349,0.247,0.044,0.067,1.636,0.108,1.0,0.02,-8.3333,"{""1.0"": {""evoked_rate_hz"": 25.0, ""baseline_rate_hz"": 8.89, ""reliability"": 0.133, ""modulation_ratio"": 2.53, ""median_latency_ms"": 3.24}, ""2.5"": {""evoked_rate_hz"": 0.0, ""baseline_rate_hz"": 13.33, ""reliability"": 0.0, ""modulation_ratio"": 0.0, ""median_latency_ms"": null}, ""4.0"": {""evoked_rate_hz"": 0.0, ""baseline_rate_hz"": 0.0, ""reliability"": 0.0, ""modulation_ratio"": 0.0, ""median_latency_ms"": null}}",False,1.0,not light responsive,0.95,Not statistically significant (p=1.0000 >= 0.05); No positive modulation (mod_ratio=0.99 <= 1.0); Very low reliability (0.04 < 0.05),0.271,0.1336,0.1192,0.044,0.0,0.9154,0.8697,1.0,2.0142,0.1334,low evidence (non-responsive),850093526,2.12155783403958,0.0027613823523121,49.2406955039633,0.97,0.0007916494163446,3.15097089317251,0.937669376693767,0.0012113660748278,good,43,2060,7962,1933,9213,VISl,"10-ms optical pulse (473 nm, Ai32)",7.407,8.333,3.236,0.349,0.044,"1.0, 2.5, 4.0 mW calibrated",4,3,0.1336,0,0
760345702,739783171,810753201,951847832,VISl,45,23.704,27.778,1.124,4.538,2.146,2.904,0.2,0.2,1.0,0.463,0.6973,0.056,16.6667,"{""1.0"": {""evoked_rate_hz"": 8.33, ""baseline_rate_hz"": 17.78, ""reliability"": 0.067, ""modulation_ratio"": 0.44, ""median_latency_ms"": 4.54}, ""2.5"": {""evoked_rate_hz"": 16.67, ""baseline_rate_hz"": 26.67, ""reliability"": 0.133, ""modulation_ratio"": 0.6, ""median_latency_ms"": 7.65}, ""4.0"": {""evoked_rate_hz"": 58.33, ""baseline_rate_hz"": 26.67, ""reliability"": 0.4, ""modulation_ratio"": 2.11, ""median_latency_ms"": 3.38}}",False,-0.499,not light responsive,0.8,Not statistically significant (p=0.6973 >= 0.05),0.2776,0.4361,0.1366,0.2,0.0841,0.8495,0.4238,1.0,1.3001,0.2725,low evidence (non-responsive),850093532,3.86872310560858,0.0,137.34246971754,0.99,3.38669315149077e-05,7.28469966330891,1.0,0.0002204585537918,good,27,2080,7985,1909,9231,VISl,"10-ms optical pulse (473 nm, Ai32)",23.704,27.778,4.538,2.146,0.2,"1.0, 2.5, 4.0 mW calibrated",13,11,0.4361,0,0
760345702,739783171,810753201,951847825,VISl,45,0.0,0.0,0.0,,,,0.0,0.0,0.0,,1.0,0.0,0.0,"{""1.0"": {""evoked_rate_hz"": 0.0, ""baseline_rate_hz"": 0.0, ""reliability"": 0.0, ""modulation_ratio"": 0.0, ""median_latency_ms"": null}, ""2.5"": {""evoked_rate_hz"": 0.0, ""baseline_rate_hz"": 0.0, ""reliability"": 0.0, ""modulation_ratio"": 0.0, ""median_latency_ms"": null}, ""4.0"": {""evoked_rate_hz"": 0.0, ""baseline_rate_hz"": 0.0, ""reliability"": 0.0, ""modulation_ratio"": 0.0, ""median_latency_ms"": null}}",False,1.0,insufficient evidence,0.0,Insufficient trial count (<10) or zero spikes recorded,0.0376,0.144,0.1192,0.0,0.0,0.0002,0.0183,1.0,4.6165,0.0099,insufficient evidence,850093532,1.39807452837994,0.0285285054486582,57.1437605403479,0.99,0.0056219430348943,2.42684095007613,0.938299473288187,0.0018834362247567,good,27,2080,7985,1909,9231,VISl,"10-ms optical pulse (473 nm, Ai32)",0.0,0.0,,,0.0,"1.0, 2.5, 4.0 mW calibrated",0,0,0.144,0,-1
760345702,739783171,810753201,951847793,VISl,45,2.963,5.556,1.402,6.873,0.385,0.273,0.044,0.0,0.977,0.056,0.74725,0.086,0.0,"{""1.0"": {""evoked_rate_hz"": 8.33, ""baseline_rate_hz"": 4.44, ""reliability"": 0.067, ""modulation_ratio"": 1.53, ""median_latency_ms"": 6.6}, ""2.5"": {""evoked_rate_hz"": 0.0, ""baseline_rate_hz"": 4.44, ""reliability"": 0.0, ""modulation_ratio"": 0.0, ""median_latency_ms"": null}, ""4.0"": {""evoked_rate_hz"": 8.33, ""baseline_rate_hz"": 0.0, ""reliability"": 0.067, ""modulation_ratio"": 8.33, ""median_latency_ms"": 7.15}}",False,-0.991,not light responsive,0.95,Not statistically significant (p=0.7472 >= 0.05); Very low reliability (0.04 < 0.05),0.2801,0.16,0.1331,0.044,0.239,0.6373,0.8573,1.0,1.4073,0.2448,low evidence (non-responsive),850093532,1.668858819279,0.0351392391930117,55.1770257696581,0.99,0.0059174279346225,2.40957188032549,0.943283582089552,0.0011036385583721,good,27,2080,7985,1909,9231,VISl,"10-ms optical pulse (473 nm, Ai32)",2.963,5.556,6.873,0.385,0.044,"1.0, 2.5, 4.0 mW calibrated",3,1,0.16,0,0
760345702,739783171,810753201,951847857,VISl,45,0.0,0.0,0.0,,,,0.0,0.0,0.0,,1.0,0.0,0.0,"{""1.0"": {""evoked_rate_hz"": 0.0, ""baseline_rate_hz"": 0.0, ""reliability"": 0.0, ""modulation_ratio"": 0.0, ""median_latency_ms"": null}, ""2.5"": {""evoked_rate_hz"": 0.0, ""baseline_rate_hz"": 0.0, ""reliability"": 0.0, ""modulation_ratio"": 0.0, ""median_latency_ms"": null}, ""4.0"": {""evoked_rate_hz"": 0.0, ""baseline_rate_hz"": 0.0, ""reliability"": 0.0, ""modulation_ratio"": 0.0, ""median_latency_ms"": null}}",False,1.0,insufficient evidence,0.0,Insufficient trial count (<10) or zero spikes recorded,0.0376,0.144,0.1192,0.0,0.0,0.0002,0.0183,1.0,4.6165,0.0099,insufficient evidence,850093540,2.49031919891077,0.408485072764174,47.4778912792393,0.99,0.0184365583162249,2.84346764159014,0.872619047619048,0.0033264746227709,good,27,2120,8012,1881,9252,VISl,"10-ms optical pulse (473 nm, Ai32)",0.0,0.0,,,0.0,"1.0, 2.5, 4.0 mW calibrated",0,0,0.144,0,-1
760345702,739783171,810753201,951847844,VISl,45,0.0,0.0,0.0,,,,0.0,0.0,0.0,,1.0,0.0,0.0,"{""1.0"": {""evoked_rate_hz"": 0.0, ""baseline_rate_hz"": 0.0, ""reliability"": 0.0, ""modulation_ratio"": 0.0, ""median_latency_ms"": null}, ""2.5"": {""evoked_rate_hz"": 0.0, ""baseline_rate_hz"": 0.0, ""reliability"": 0.0, ""modulation_ratio"": 0.0, ""median_latency_ms"": null}, ""4.0"": {""evoked_rate_hz"": 0.0, ""baseline_rate_hz"": 0.0, ""reliability"": 0.0, ""modulation_ratio"": 0.0, ""median_latency_ms"": null}}",False,1.0,insufficient evidence,0.0,Insufficient trial count (<10) or zero spikes recorded,0.0376,0.144,0.1192,0.0,0.0,0.0002,0.0183,1.0,4.6165,0.0099,insufficient evidence,850093538,3.15980767781683,0.0,56.5400219827699,0.99,0.0004118839017325,3.52665043931273,0.992307692307692,0.0001013171225937,good,59,2120,8003,1890,9245,VISl,"10-ms optical pulse (473 nm, Ai32)",0.0,0.0,,,0.0,"1.0, 2.5, 4.0 mW calibrated",0,0,0.144,0,-1
760345702,739783171,810753201,951847895,VISl,45,40.0,36.111,0.881,5.09,2.067,3.982,0.289,0.378,0.727,0.426,0.74725,-0.056,2.7778,"{""1.0"": {""evoked_rate_hz"": 33.33, ""baseline_rate_hz"": 35.56, ""reliability"": 0.267, ""modulation_ratio"": 0.91, ""median_latency_ms"": 5.11}, ""2.5"": {""evoked_rate_hz"": 33.33, ""baseline_rate_hz"": 53.33, ""reliability"": 0.267, ""modulation_ratio"": 0.61, ""median_latency_ms"": 3.63}, ""4.0"": {""evoked_rate_hz"": 41.67, ""baseline_rate_hz"": 31.11, ""reliability"": 0.333, ""modulation_ratio"": 1.3, ""median_latency_ms"": 6.55}}",False,-0.071,not light responsive,0.711,Not statistically significant (p=0.7472 >= 0.05); No positive modulation (mod_ratio=0.88 <= 1.0),0.2776,0.4657,0.1331,0.289,0.0,0.8108,0.4374,1.0,1.2379,0.29,low evidence (non-responsive),850093550,2.46586509245816,0.0061467981999688,122.94953004328,0.99,6.52517075376297e-05,4.73767848833203,0.998,0.0008547008547008,good,43,2180,8044,1848,9277,VISl,"10-ms optical pulse (473 nm, Ai32)",40.0,36.111,5.09,2.067,0.289,"1.0, 2.5, 4.0 mW calibrated",16,18,0.4657,0,0
760345702,739783171,810753201,951847979,VISl,45,22.222,36.111,1.555,6.564,2.604,4.053,0.289,0.2,0.727,0.461,0.08691,0.258,13.8889,"{""1.0"": {""evoked_rate_hz"": 16.67, ""baseline_rate_hz"": 26.67, ""reliability"": 0.133, ""modulation_ratio"": 0.6, ""median_latency_ms"": 5.4}, ""2.5"": {""evoked_rate_hz"": 33.33, ""baseline_rate_hz"": 26.67, ""reliability"": 0.267, ""modulation_ratio"": 1.2, ""median_latency_ms"": 5.99}, ""4.0"": {""evoked_rate_hz"": 58.33, ""baseline_rate_hz"": 13.33, ""reliability"": 0.467, ""modulation_ratio"": 4.07, ""median_latency_ms"": 6.56}}",False,0.375,not light responsive,0.711,Not statistically significant (p=0.0869 >= 0.05),0.3543,0.5857,0.2811,0.289,0.3081,0.6722,0.3529,1.0,0.5136,0.5984,intermediate evidence (uncertain / borderline),850093560,1.91460228690284,0.0060980065107739,73.5770883218052,0.99,0.000732823111565,3.43274942926129,0.982666666666667,0.0024238592053957,good,11,2220,8080,1811,9305,VISl,"10-ms optical pulse (473 nm, Ai32)",22.222,36.111,6.564,2.604,0.289,"1.0, 2.5, 4.0 mW calibrated",16,10,0.5857,0,0
760345702,739783171,810753201,951847971,VISl,45,14.815,16.667,1.054,5.974,2.347,3.625,0.133,0.133,0.886,0.426,0.86114,0.033,-5.5556,"{""1.0"": {""evoked_rate_hz"": 25.0, ""baseline_rate_hz"": 4.44, ""reliability"": 0.2, ""modulation_ratio"": 4.59, ""median_latency_ms"": 2.8}, ""2.5"": {""evoked_rate_hz"": 16.67, ""baseline_rate_hz"": 17.78, ""reliability"": 0.133, ""modulation_ratio"": 0.89, ""median_latency_ms"": 7.29}, ""4.0"": {""evoked_rate_hz"": 8.33, ""baseline_rate_hz"": 22.22, ""reliability"": 0.067, ""modulation_ratio"": 0.36, ""median_latency_ms"": 7.41}}",False,-0.748,not light responsive,0.867,Not statistically significant (p=0.8611 >= 0.05),0.2278,0.3582,0.1262,0.133,0.0379,0.7336,0.3911,1.0,1.3445,0.2607,low evidence (non-responsive),850093560,2.40460258187704,0.0231997860499625,60.5924491030439,0.99,0.0047499296048735,4.13534592325721,0.961826857532379,0.000946272736831,good,11,2220,8080,1811,9305,VISl,"10-ms optical pulse (473 nm, Ai32)",14.815,16.667,5.974,2.347,0.133,"1.0, 2.5, 4.0 mW calibrated",8,7,0.3582,0,0
760345702,739783171,810753201,951847917,VISl,45,2.963,5.556,1.402,4.896,4.487,3.173,0.044,0.0,0.977,0.916,0.75225,0.086,-2.7778,"{""1.0"": {""evoked_rate_hz"": 8.33, ""baseline_rate_hz"": 4.44, ""reliability"": 0.067, ""modulation_ratio"": 1.53, ""median_latency_ms"": 1.72}, ""2.5"": {""evoked_rate_hz"": 8.33, ""baseline_rate_hz"": 4.44, ""reliability"": 0.067, ""modulation_ratio"": 1.53, ""median_latency_ms"": 8.07}, ""4.0"": {""evoked_rate_hz"": 0.0, ""baseline_rate_hz"": 0.0, ""reliability"": 0.0, ""modulation_ratio"": 0.0, ""median_latency_ms"": null}}",False,1.0,not light responsive,0.95,Not statistically significant (p=0.7522 >= 0.05); Very low reliability (0.04 < 0.05),0.239,0.4455,0.1328,0.044,0.239,0.8252,0.1662,1.0,1.5822,0.2055,low evidence (non-responsive),850093558,2.93405768715646,0.0034453559204454,62.5633641260338,0.99,0.0011791287219,2.98477557145436,0.993569131832797,0.0005848556782605,good,43,2220,8076,1815,9302,VISl,"10-ms optical pulse (473 nm, Ai32)",2.963,5.556,4.896,4.487,0.044,"1.0, 2.5, 4.0 mW calibrated",3,1,0.4455,0,0
760345702,739783171,810753201,951848015,VISl,45,5.926,5.556,0.802,5.568,1.321,0.934,0.044,0.044,0.977,0.237,0.81419,-0.011,5.5556,"{""1.0"": {""evoked_rate_hz"": 0.0, ""baseline_rate_hz"": 8.89, ""reliability"": 0.0, ""modulation_ratio"": 0.0, ""median_latency_ms"": null}, ""2.5"": {""evoked_rate_hz"": 0.0, ""baseline_rate_hz"": 8.89, ""reliability"": 0.0, ""modulation_ratio"": 0.0, ""median_latency_ms"": null}, ""4.0"": {""evoked_rate_hz"": 16.67, ""baseline_rate_hz"": 0.0, ""reliability"": 0.133, ""modulation_ratio"": 16.67, ""median_latency_ms"": 5.57}}",False,-0.664,not light responsive,0.95,Not statistically significant (p=0.8142 >= 0.05); No positive modulation (mod_ratio=0.80 <= 1.0); Very low reliability (0.04 < 0.05),0.2243,0.1961,0.1289,0.044,0.0,0.7714,0.5895,1.0,1.7344,0.1765,low evidence (non-responsive),850093564,2.4528992488503,0.0409654781641872,63.8418790604512,0.99,0.0178299303725674,2.93812500665227,0.945326278659612,0.0031178549158179,good,27,2240,8093,1797,9316,VISl,"10-ms optical pulse (473 nm, Ai32)",5.926,5.556,5.568,1.321,0.044,"1.0, 2.5, 4.0 mW calibrated",3,3,0.1961,0,0
760345702,739783171,810753201,951847939,VISl,45,17.778,11.111,0.592,3.316,2.006,2.244,0.089,0.156,0.932,0.583,0.37063,-0.126,-5.5556,"{""1.0"": {""evoked_rate_hz"": 16.67, ""baseline_rate_hz"": 17.78, ""reliability"": 0.133, ""modulation_ratio"": 0.89, ""median_latency_ms"": 3.32}, ""2.5"": {""evoked_rate_hz"": 16.67, ""baseline_rate_hz"": 17.78, ""reliability"": 0.133, ""modulation_ratio"": 0.89, ""median_latency_ms"": 3.56}, ""4.0"": {""evoked_rate_hz"": 0.0, ""baseline_rate_hz"": 17.78, ""reliability"": 0.0, ""modulation_ratio"": 0.0, ""median_latency_ms"": null}}",False,0.001,not light responsive,0.911,Not statistically significant (p=0.3706 >= 0.05); No positive modulation (mod_ratio=0.59 <= 1.0),0.2556,0.3555,0.1724,0.089,0.0,0.9123,0.4483,1.0,1.8666,0.1546,low evidence (non-responsive),850093564,4.17446117118931,0.0033858301288728,98.2297885172888,0.99,0.0016878028243477,5.66034624196971,0.986,4.67377079828005e-05,good,27,2240,8093,1797,9316,VISl,"10-ms optical pulse (473 nm, Ai32)",17.778,11.111,3.316,2.006,0.089,"1.0, 2.5, 4.0 mW calibrated",5,8,0.3555,0,0
760345702,739783171,810753201,951848008,VISl,45,4.444,11.111,2.041,5.985,3.59,5.248,0.089,0.067,0.932,0.655,0.38761,0.163,0.0,"{""1.0"": {""evoked_rate_hz"": 0.0, ""baseline_rate_hz"": 0.0, ""reliability"": 0.0, ""modulation_ratio"": 0.0, ""median_latency_ms"": null}, ""2.5"": {""evoked_rate_hz"": 33.33, ""baseline_rate_hz"": 4.44, ""reliability"": 0.267, ""modulation_ratio"": 6.12, ""median_latency_ms"": 5.99}, ""4.0"": {""evoked_rate_hz"": 0.0, ""baseline_rate_hz"": 8.89, ""reliability"": 0.0, ""modulation_ratio"": 0.0, ""median_latency_ms"": null}}",False,-0.991,not light responsive,0.911,Not statistically significant (p=0.3876 >= 0.05),0.3015,0.4161,0.1696,0.089,0.4736,0.7325,0.2379,1.0,1.1695,0.3105,low evidence (non-responsive),850093562,1.61647314257951,0.065832517089211,39.4227778126979,0.99,0.0191848559056928,2.10787076093099,0.666666666666667,0.0066721412440977,good,59,2240,8089,1801,9312,VISl,"10-ms optical pulse (473 nm, Ai32)",4.444,11.111,5.985,3.59,0.089,"1.0, 2.5, 4.0 mW calibrated",5,2,0.4161,0,0
760345702,739783171,810753201,951847994,VISl,45,11.852,2.778,0.216,2.187,0.0,0.0,0.022,0.133,1.0,0.0,0.03197,-0.276,0.0,"{""1.0"": {""evoked_rate_hz"": 0.0, ""baseline_rate_hz"": 17.78, ""reliability"": 0.0, ""modulation_ratio"": 0.0, ""median_latency_ms"": null}, ""2.5"": {""evoked_rate_hz"": 8.33, ""baseline_rate_hz"": 0.0, ""reliability"": 0.067, ""modulation_ratio"": 8.33, ""median_latency_ms"": 2.19}, ""4.0"": {""evoked_rate_hz"": 0.0, ""baseline_rate_hz"": 17.78, ""reliability"": 0.0, ""modulation_ratio"": 0.0, ""median_latency_ms"": null}}",False,-1.987,not light responsive,0.95,Not statistically significant (p=0.0320 >= 0.05); No positive modulation (mod_ratio=0.22 <= 1.0); Very low reliability (0.02 < 0.05),0.3607,0.0641,0.3764,0.022,0.0,0.9482,1.0,1.0,2.2459,0.1058,intermediate evidence (uncertain / borderline),850093562,3.02148130819664,0.0011538195075263,60.2610892621596,0.99,0.000110066761153,4.02292753834426,0.982862039417309,0.0010404744563521,good,59,2240,8089,1801,9312,VISl,"10-ms optical pulse (473 nm, Ai32)",11.852,2.778,2.187,0.0,0.022,"1.0, 2.5, 4.0 mW calibrated",1,5,0.0641,0,0
760345702,739783171,810753201,951847957,VISl,45,11.852,5.556,0.432,2.57,0.61,0.432,0.044,0.133,0.977,0.237,0.21778,-0.164,2.7778,"{""1.0"": {""evoked_rate_hz"": 0.0, ""baseline_rate_hz"": 13.33, ""reliability"": 0.0, ""modulation_ratio"": 0.0, ""median_latency_ms"": null}, ""2.5"": {""evoked_rate_hz"": 8.33, ""baseline_rate_hz"": 8.89, ""reliability"": 0.067, ""modulation_ratio"": 0.84, ""median_latency_ms"": 2.14}, ""4.0"": {""evoked_rate_hz"": 8.33, ""baseline_rate_hz"": 13.33, ""reliability"": 0.067, ""modulation_ratio"": 0.58, ""median_latency_ms"": 3.0}}",False,0.25,not light responsive,0.95,Not statistically significant (p=0.2178 >= 0.05); No positive modulation (mod_ratio=0.43 <= 1.0); Very low reliability (0.04 < 0.05),0.2924,0.1737,0.2078,0.044,0.0,0.9379,0.7835,1.0,2.1169,0.1204,low evidence (non-responsive),850093562,3.64304311953502,0.0056202053634289,66.6534692245807,0.99,0.0013674404559525,3.95545843559047,0.975824175824176,0.00261917234154,good,59,2240,8089,1801,9312,VISl,"10-ms optical pulse (473 nm, Ai32)",11.852,5.556,2.57,0.61,0.044,"1.0, 2.5, 4.0 mW calibrated",3,5,0.1737,0,0
760345702,739783171,810753201,951848029,VISl,45,10.37,8.333,0.733,4.369,0.863,0.751,0.067,0.111,0.955,0.178,0.65135,-0.048,-2.7778,"{""1.0"": {""evoked_rate_hz"": 8.33, ""baseline_rate_hz"": 13.33, ""reliability"": 0.067, ""modulation_ratio"": 0.58, ""median_latency_ms"": 5.86}, ""2.5"": {""evoked_rate_hz"": 16.67, ""baseline_rate_hz"": 13.33, ""reliability"": 0.133, ""modulation_ratio"": 1.16, ""median_latency_ms"": 4.36}, ""4.0"": {""evoked_rate_hz"": 0.0, ""baseline_rate_hz"": 4.44, ""reliability"": 0.0, ""modulation_ratio"": 0.0, ""median_latency_ms"": null}}",False,0.002,not light responsive,0.933,Not statistically significant (p=0.6513 >= 0.05); No positive modulation (mod_ratio=0.73 <= 1.0),0.2586,0.1995,0.1402,0.067,0.0,0.86,0.7081,1.0,1.7836,0.168,low evidence (non-responsive),850093566,1.57025194052529,0.499274465091149,48.6876963237403,0.99,0.0988163172658316,2.11036958843401,0.841893252769386,0.0050332678319026,good,43,2260,8102,1787,9323,VISl,"10-ms optical pulse (473 nm, Ai32)",10.37,8.333,4.369,0.863,0.067,"1.0, 2.5, 4.0 mW calibrated",4,5,0.1995,0,0
760345702,739783171,810753201,951848022,VISl,45,1.481,8.333,3.358,5.964,1.483,1.46,0.067,0.022,0.955,0.262,0.25874,0.252,-8.3333,"{""1.0"": {""evoked_rate_hz"": 25.0, ""baseline_rate_hz"": 4.44, ""reliability"": 0.2, ""modulation_ratio"": 4.59, ""median_latency_ms"": 5.96}, ""2.5"": {""evoked_rate_hz"": 0.0, ""baseline_rate_hz"": 0.0, ""reliability"": 0.0, ""modulation_ratio"": 0.0, ""median_latency_ms"": null}, ""4.0"": {""evoked_rate_hz"": 0.0, ""baseline_rate_hz"": 0.0, ""reliability"": 0.0, ""modulation_ratio"": 0.0, ""median_latency_ms"": null}}",False,-221.222,not light responsive,0.933,Not statistically significant (p=0.2587 >= 0.05),0.3816,0.2417,0.1958,0.067,0.7033,0.7346,0.5526,1.0,1.4749,0.2288,intermediate evidence (uncertain / borderline),850093566,1.8687401575653,0.0216733538827023,51.9438201615628,0.99,0.0202231714673739,1.90445667157301,0.982456140350877,0.0002744896208612,good,43,2260,8102,1787,9323,VISl,"10-ms optical pulse (473 nm, Ai32)",1.481,8.333,5.964,1.483,0.067,"1.0, 2.5, 4.0 mW calibrated",4,1,0.2417,0,0
760345702,739783171,810753201,951848057,VISl,45,2.963,5.556,1.402,3.681,1.474,1.043,0.044,0.044,0.977,0.401,0.74625,0.086,-5.5556,"{""1.0"": {""evoked_rate_hz"": 16.67, ""baseline_rate_hz"": 0.0, ""reliability"": 0.133, ""modulation_ratio"": 16.67, ""median_latency_ms"": 3.68}, ""2.5"": {""evoked_rate_hz"": 0.0, ""baseline_rate_hz"": 0.0, ""reliability"": 0.0, ""modulation_ratio"": 0.0, ""median_latency_ms"": null}, ""4.0"": {""evoked_rate_hz"": 0.0, ""baseline_rate_hz"": 8.89, ""reliability"": 0.0, ""modulation_ratio"": 0.0, ""median_latency_ms"": null}}",False,0.5,not light responsive,0.95,Not statistically significant (p=0.7462 >= 0.05); Very low reliability (0.04 < 0.05),0.2887,0.2521,0.1332,0.044,0.239,0.8966,0.5545,1.0,1.7513,0.1736,low evidence (non-responsive),850093570,2.2319850432119,0.0354899611095517,59.3296114384622,0.99,0.0079818191545098,2.80838515802487,0.920666666666667,0.0104119511090991,good,59,2280,8116,1773,9333,VISl,"10-ms optical pulse (473 nm, Ai32)",2.963,5.556,3.681,1.474,0.044,"1.0, 2.5, 4.0 mW calibrated",3,1,0.2521,0,0
760345702,739783171,810753201,951848125,VISl,45,10.37,11.111,0.977,4.251,2.544,2.526,0.089,0.089,0.932,0.537,1.0,0.016,0.0,"{""1.0"": {""evoked_rate_hz"": 8.33, ""baseline_rate_hz"": 8.89, ""reliability"": 0.067, ""modulation_ratio"": 0.84, ""median_latency_ms"": 2.26}, ""2.5"": {""evoked_rate_hz"": 16.67, ""baseline_rate_hz"": 8.89, ""reliability"": 0.133, ""modulation_ratio"": 1.69, ""median_latency_ms"": 4.25}, ""4.0"": {""evoked_rate_hz"": 8.33, ""baseline_rate_hz"": 13.33, ""reliability"": 0.067, ""modulation_ratio"": 0.58, ""median_latency_ms"": 8.18}}",False,0.001,not light responsive,0.911,Not statistically significant (p=1.0000 >= 0.05); No positive modulation (mod_ratio=0.98 <= 1.0),0.2242,0.3623,0.1192,0.089,0.0,0.867,0.3615,1.0,1.7296,0.1774,low evidence (non-responsive),850093576,2.59129970726898,0.0568863299819318,50.2569877233159,0.99,0.0109289747324175,3.84396136285433,0.862340216322517,0.0051754476762239,good,11,2300,8134,1754,9347,VISl,"10-ms optical pulse (473 nm, Ai32)",10.37,11.111,4.251,2.544,0.089,"1.0, 2.5, 4.0 mW calibrated",5,5,0.3623,0,0
760345702,739783171,810753201,951848110,VISl,45,0.0,2.778,2.778,4.399,0.0,0.0,0.022,0.0,1.0,0.0,1.0,0.149,-2.7778,"{""1.0"": {""evoked_rate_hz"": 8.33, ""baseline_rate_hz"": 0.0, ""reliability"": 0.067, ""modulation_ratio"": 8.33, ""median_latency_ms"": 4.4}, ""2.5"": {""evoked_rate_hz"": 0.0, ""baseline_rate_hz"": 0.0, ""reliability"": 0.0, ""modulation_ratio"": 0.0, ""median_latency_ms"": null}, ""4.0"": {""evoked_rate_hz"": 0.0, ""baseline_rate_hz"": 0.0, ""reliability"": 0.0, ""modulation_ratio"": 0.0, ""median_latency_ms"": null}}",False,1.0,not light responsive,0.95,Not statistically significant (p=1.0000 >= 0.05); Very low reliability (0.02 < 0.05),0.3955,0.0932,0.1192,0.022,0.6273,0.8582,1.0,1.0,1.7226,0.1786,intermediate evidence (uncertain / borderline),850093576,2.59573861914863,0.0253495012360516,45.8839591883496,0.99,0.0004976226001967,2.82017981180623,0.937984496124031,0.0005043373007867,good,11,2300,8134,1754,9347,VISl,"10-ms optical pulse (473 nm, Ai32)",0.0,2.778,4.399,0.0,0.022,"1.0, 2.5, 4.0 mW calibrated",1,0,0.0932,0,0
760345702,739783171,810753201,951848082,VISl,45,0.0,0.0,0.0,,,,0.0,0.0,0.0,,1.0,0.0,0.0,"{""1.0"": {""evoked_rate_hz"": 0.0, ""baseline_rate_hz"": 0.0, ""reliability"": 0.0, ""modulation_ratio"": 0.0, ""median_latency_ms"": null}, ""2.5"": {""evoked_rate_hz"": 0.0, ""baseline_rate_hz"": 0.0, ""reliability"": 0.0, ""modulation_ratio"": 0.0, ""median_latency_ms"": null}, ""4.0"": {""evoked_rate_hz"": 0.0, ""baseline_rate_hz"": 0.0, ""reliability"": 0.0, ""modulation_ratio"": 0.0, ""median_latency_ms"": null}}",False,1.0,insufficient evidence,0.0,Insufficient trial count (<10) or zero spikes recorded,0.0376,0.144,0.1192,0.0,0.0,0.0002,0.0183,1.0,4.6165,0.0099,insufficient evidence,850093574,1.96141332033245,0.0255738301947006,45.8818201901765,0.98,0.0225529228282281,2.63223855434865,0.850574712643678,0.0009442870632672,good,43,2300,8129,1759,9344,VISl,"10-ms optical pulse (473 nm, Ai32)",0.0,0.0,,,0.0,"1.0, 2.5, 4.0 mW calibrated",0,0,0.144,0,-1
760345702,739783171,810753201,951848068,VISl,45,5.926,8.333,1.203,3.879,2.899,2.757,0.067,0.067,0.955,0.59,0.81518,0.067,2.7778,"{""1.0"": {""evoked_rate_hz"": 8.33, ""baseline_rate_hz"": 0.0, ""reliability"": 0.067, ""modulation_ratio"": 8.33, ""median_latency_ms"": 8.19}, ""2.5"": {""evoked_rate_hz"": 0.0, ""baseline_rate_hz"": 0.0, ""reliability"": 0.0, ""modulation_ratio"": 0.0, ""median_latency_ms"": null}, ""4.0"": {""evoked_rate_hz"": 16.67, ""baseline_rate_hz"": 17.78, ""reliability"": 0.133, ""modulation_ratio"": 0.89, ""median_latency_ms"": 3.28}}",False,-0.664,not light responsive,0.933,Not statistically significant (p=0.8152 >= 0.05),0.2463,0.3964,0.1288,0.067,0.1325,0.887,0.3136,1.0,1.7194,0.1792,low evidence (non-responsive),850093574,2.42871801474117,0.0888751222625046,37.8833364150574,0.99,0.0133132828805848,2.45298593177839,0.730994152046784,0.0032706183828983,good,43,2300,8129,1759,9344,VISl,"10-ms optical pulse (473 nm, Ai32)",5.926,8.333,3.879,2.899,0.067,"1.0, 2.5, 4.0 mW calibrated",4,3,0.3964,0,0
760345702,739783171,810753201,951848167,VISl,45,11.852,33.333,2.594,5.136,1.607,2.146,0.267,0.111,0.75,0.337,0.02897,0.331,5.5556,"{""1.0"": {""evoked_rate_hz"": 25.0, ""baseline_rate_hz"": 4.44, ""reliability"": 0.2, ""modulation_ratio"": 4.59, ""median_latency_ms"": 4.9}, ""2.5"": {""evoked_rate_hz"": 33.33, ""baseline_rate_hz"": 13.33, ""reliability"": 0.267, ""modulation_ratio"": 2.33, ""median_latency_ms"": 5.62}, ""4.0"": {""evoked_rate_hz"": 41.67, ""baseline_rate_hz"": 17.78, ""reliability"": 0.333, ""modulation_ratio"": 2.22, ""median_latency_ms"": 5.05}}",False,0.167,light-responsive / indirect or uncertain,0.65,Sub-threshold reliability (0.27 < 0.3),0.4757,0.4825,0.3865,0.267,0.5964,0.8072,0.5258,1.0,0.825,0.4382,intermediate evidence (uncertain / borderline),850093580,1.9967620786714,0.0075234805080353,55.3424309092001,0.99,0.0021407587079704,3.40467434051523,0.959333333333333,0.0007337171238288,good,27,2320,8147,1739,9358,VISl,"10-ms optical pulse (473 nm, Ai32)",11.852,33.333,5.136,1.607,0.267,"1.0, 2.5, 4.0 mW calibrated",15,5,0.4825,0,1
760345702,739783171,810753201,951848160,VISl,45,1.481,5.556,2.239,5.216,3.737,2.642,0.044,0.0,0.977,0.716,0.50549,0.145,0.0,"{""1.0"": {""evoked_rate_hz"": 8.33, ""baseline_rate_hz"": 0.0, ""reliability"": 0.067, ""modulation_ratio"": 8.33, ""median_latency_ms"": 7.86}, ""2.5"": {""evoked_rate_hz"": 0.0, ""baseline_rate_hz"": 4.44, ""reliability"": 0.0, ""modulation_ratio"": 0.0, ""median_latency_ms"": null}, ""4.0"": {""evoked_rate_hz"": 8.33, ""baseline_rate_hz"": 0.0, ""reliability"": 0.067, ""modulation_ratio"": 8.33, ""median_latency_ms"": 2.57}}",False,1.0,not light responsive,0.95,Not statistically significant (p=0.5055 >= 0.05); Very low reliability (0.04 < 0.05),0.3045,0.3856,0.154,0.044,0.5237,0.8009,0.2243,1.0,1.4661,0.2308,low evidence (non-responsive),850093580,2.40179519745503,0.106175574714424,37.19669228143,0.99,0.004143527928501,2.19533964438089,0.679824561403509,0.0009740695955931,good,27,2320,8147,1739,9358,VISl,"10-ms optical pulse (473 nm, Ai32)",1.481,5.556,5.216,3.737,0.044,"1.0, 2.5, 4.0 mW calibrated",3,1,0.3856,0,0
760345702,739783171,810753201,951848152,VISl,45,5.926,2.778,0.401,7.66,0.0,0.0,0.022,0.089,1.0,0.0,0.37562,-0.115,0.0,"{""1.0"": {""evoked_rate_hz"": 0.0, ""baseline_rate_hz"": 0.0, ""reliability"": 0.0, ""modulation_ratio"": 0.0, ""median_latency_ms"": null}, ""2.5"": {""evoked_rate_hz"": 8.33, ""baseline_rate_hz"": 13.33, ""reliability"": 0.067, ""modulation_ratio"": 0.58, ""median_latency_ms"": 7.66}, ""4.0"": {""evoked_rate_hz"": 0.0, ""baseline_rate_hz"": 4.44, ""reliability"": 0.0, ""modulation_ratio"": 0.0, ""median_latency_ms"": null}}",False,1.0,not light responsive,0.95,Not statistically significant (p=0.3756 >= 0.05); No positive modulation (mod_ratio=0.40 <= 1.0); Very low reliability (0.02 < 0.05),0.2383,0.0938,0.1715,0.022,0.0,0.5424,1.0,1.0,1.7144,0.1801,low evidence (non-responsive),850093578,2.26717892628023,0.127798901917986,43.4772764336681,0.99,0.025607430924981,2.56444399339428,0.783216783216783,0.0024348178959115,good,59,2320,8143,1744,9354,VISl,"10-ms optical pulse (473 nm, Ai32)",5.926,2.778,7.66,0.0,0.022,"1.0, 2.5, 4.0 mW calibrated",1,3,0.0938,0,0
760345702,739783171,810753201,951848147,VISl,45,2.963,0.0,0.0,,,,0.0,0.022,0.0,,0.47053,-0.213,0.0,"{""1.0"": {""evoked_rate_hz"": 0.0, ""baseline_rate_hz"": 0.0, ""reliability"": 0.0, ""modulation_ratio"": 0.0, ""median_latency_ms"": null}, ""2.5"": {""evoked_rate_hz"": 0.0, ""baseline_rate_hz"": 4.44, ""reliability"": 0.0, ""modulation_ratio"": 0.0, ""median_latency_ms"": null}, ""4.0"": {""evoked_rate_hz"": 0.0, ""baseline_rate_hz"": 4.44, ""reliability"": 0.0, ""modulation_ratio"": 0.0, ""median_latency_ms"": null}}",False,-221.222,not light responsive,0.95,Not statistically significant (p=0.4705 >= 0.05); No positive modulation (mod_ratio=0.00 <= 1.0); Very low reliability (0.00 < 0.05),0.0493,0.144,0.1581,0.0,0.0,0.0002,0.0183,1.0,4.6165,0.0099,low evidence (non-responsive),850093578,2.75257318058965,0.110297640885819,43.813390818155,0.97,0.0050411223632839,2.57178974195005,0.816793893129771,0.0014861350356334,good,59,2320,8143,1744,9354,VISl,"10-ms optical pulse (473 nm, Ai32)",2.963,0.0,,,0.0,"1.0, 2.5, 4.0 mW calibrated",0,1,0.144,0,0
760345702,739783171,810753201,951848139,VISl,45,7.407,11.111,1.322,7.365,1.505,0.909,0.089,0.089,0.932,0.211,0.62637,0.095,5.5556,"{""1.0"": {""evoked_rate_hz"": 8.33, ""baseline_rate_hz"": 8.89, ""reliability"": 0.067, ""modulation_ratio"": 0.84, ""median_latency_ms"": 7.36}, ""2.5"": {""evoked_rate_hz"": 0.0, ""baseline_rate_hz"": 13.33, ""reliability"": 0.0, ""modulation_ratio"": 0.0, ""median_latency_ms"": null}, ""4.0"": {""evoked_rate_hz"": 25.0, ""baseline_rate_hz"": 0.0, ""reliability"": 0.2, ""modulation_ratio"": 25.0, ""median_latency_ms"": 7.36}}",False,-0.166,not light responsive,0.911,Not statistically significant (p=0.6264 >= 0.05),0.2462,0.2712,0.1422,0.089,0.1987,0.5787,0.5477,1.0,1.2227,0.2944,low evidence (non-responsive),850093578,1.79314784094698,0.0441217253427074,60.7982991844563,0.97,0.0885482345902187,3.49996625470358,0.939393939393939,0.0030403537866224,good,59,2320,8143,1744,9354,VISl,"10-ms optical pulse (473 nm, Ai32)",7.407,11.111,7.365,1.505,0.089,"1.0, 2.5, 4.0 mW calibrated",5,3,0.2712,0,0
760345702,739783171,810753201,951848209,VISl,45,1.481,2.778,1.119,1.22,0.0,0.0,0.022,0.022,1.0,0.0,1.0,0.061,2.7778,"{""1.0"": {""evoked_rate_hz"": 0.0, ""baseline_rate_hz"": 4.44, ""reliability"": 0.0, ""modulation_ratio"": 0.0, ""median_latency_ms"": null}, ""2.5"": {""evoked_rate_hz"": 0.0, ""baseline_rate_hz"": 0.0, ""reliability"": 0.0, ""modulation_ratio"": 0.0, ""median_latency_ms"": null}, ""4.0"": {""evoked_rate_hz"": 8.33, ""baseline_rate_hz"": 0.0, ""reliability"": 0.067, ""modulation_ratio"": 8.33, ""median_latency_ms"": 1.22}}",False,1.0,not light responsive,0.95,Not statistically significant (p=1.0000 >= 0.05); Very low reliability (0.02 < 0.05),0.3026,0.06,0.1192,0.022,0.0809,0.9674,1.0,1.0,2.3467,0.0957,low evidence (non-responsive),850093584,3.99156097568776,0.0,64.7871868219946,0.99,0.0002822194725102,3.94404401179881,0.980506822612086,0.0004069589988808,good,11,2340,8160,1725,9369,VISl,"10-ms optical pulse (473 nm, Ai32)",1.481,2.778,1.22,0.0,0.022,"1.0, 2.5, 4.0 mW calibrated",1,1,0.06,0,0
760345702,739783171,810753201,951848192,VISl,45,1.481,0.0,0.0,,,,0.0,0.0,0.0,,1.0,-0.149,0.0,"{""1.0"": {""evoked_rate_hz"": 0.0, ""baseline_rate_hz"": 0.0, ""reliability"": 0.0, ""modulation_ratio"": 0.0, ""median_latency_ms"": null}, ""2.5"": {""evoked_rate_hz"": 0.0, ""baseline_rate_hz"": 0.0, ""reliability"": 0.0, ""modulation_ratio"": 0.0, ""median_latency_ms"": null}, ""4.0"": {""evoked_rate_hz"": 0.0, ""baseline_rate_hz"": 4.44, ""reliability"": 0.0, ""modulation_ratio"": 0.0, ""median_latency_ms"": null}}",False,1.0,not light responsive,0.95,Not statistically significant (p=1.0000 >= 0.05); No positive modulation (mod_ratio=0.00 <= 1.0); Very low reliability (0.00 < 0.05),0.0376,0.144,0.1192,0.0,0.0,0.0002,0.0183,1.0,4.6165,0.0099,low evidence (non-responsive),850093584,2.54082392106533,0.0116282559565579,36.8499413790819,0.99,0.001543674582287,2.39843935914175,0.90179806362379,0.0019469207910646,good,11,2340,8160,1725,9369,VISl,"10-ms optical pulse (473 nm, Ai32)",1.481,0.0,,,0.0,"1.0, 2.5, 4.0 mW calibrated",0,1,0.144,0,0
760345702,739783171,810753201,951848277,VISl,45,0.0,0.0,0.0,,,,0.0,0.0,0.0,,1.0,0.0,0.0,"{""1.0"": {""evoked_rate_hz"": 0.0, ""baseline_rate_hz"": 0.0, ""reliability"": 0.0, ""modulation_ratio"": 0.0, ""median_latency_ms"": null}, ""2.5"": {""evoked_rate_hz"": 0.0, ""baseline_rate_hz"": 0.0, ""reliability"": 0.0, ""modulation_ratio"": 0.0, ""median_latency_ms"": null}, ""4.0"": {""evoked_rate_hz"": 0.0, ""baseline_rate_hz"": 0.0, ""reliability"": 0.0, ""modulation_ratio"": 0.0, ""median_latency_ms"": null}}",False,1.0,insufficient evidence,0.0,Insufficient trial count (<10) or zero spikes recorded,0.0376,0.144,0.1192,0.0,0.0,0.0002,0.0183,1.0,4.6165,0.0099,insufficient evidence,850093588,2.43525944712125,0.066049988408434,45.3411927731959,0.99,0.0036297992664874,2.81573638681084,0.945996275605214,0.0007466992499066,good,27,2360,8178,1705,9383,VISl,"10-ms optical pulse (473 nm, Ai32)",0.0,0.0,,,0.0,"1.0, 2.5, 4.0 mW calibrated",0,0,0.144,0,-1
760345702,739783171,810753201,951848264,VISl,45,1.481,0.0,0.0,,,,0.0,0.022,0.0,,1.0,-0.149,0.0,"{""1.0"": {""evoked_rate_hz"": 0.0, ""baseline_rate_hz"": 0.0, ""reliability"": 0.0, ""modulation_ratio"": 0.0, ""median_latency_ms"": null}, ""2.5"": {""evoked_rate_hz"": 0.0, ""baseline_rate_hz"": 0.0, ""reliability"": 0.0, ""modulation_ratio"": 0.0, ""median_latency_ms"": null}, ""4.0"": {""evoked_rate_hz"": 0.0, ""baseline_rate_hz"": 4.44, ""reliability"": 0.0, ""modulation_ratio"": 0.0, ""median_latency_ms"": null}}",False,-665.667,not light responsive,0.95,Not statistically significant (p=1.0000 >= 0.05); No positive modulation (mod_ratio=0.00 <= 1.0); Very low reliability (0.00 < 0.05),0.0376,0.144,0.1192,0.0,0.0,0.0002,0.0183,1.0,4.6165,0.0099,low evidence (non-responsive),850093588,3.92590528787138,0.0,69.7580483244928,0.99,0.0004128489491865,2.88822393907273,0.976190476190476,0.0001018537380321,good,27,2360,8178,1705,9383,VISl,"10-ms optical pulse (473 nm, Ai32)",1.481,0.0,,,0.0,"1.0, 2.5, 4.0 mW calibrated",0,1,0.144,0,0
760345702,739783171,810753201,951848271,VISl,45,0.0,0.0,0.0,,,,0.0,0.0,0.0,,1.0,0.0,0.0,"{""1.0"": {""evoked_rate_hz"": 0.0, ""baseline_rate_hz"": 0.0, ""reliability"": 0.0, ""modulation_ratio"": 0.0, ""median_latency_ms"": null}, ""2.5"": {""evoked_rate_hz"": 0.0, ""baseline_rate_hz"": 0.0, ""reliability"": 0.0, ""modulation_ratio"": 0.0, ""median_latency_ms"": null}, ""4.0"": {""evoked_rate_hz"": 0.0, ""baseline_rate_hz"": 0.0, ""reliability"": 0.0, ""modulation_ratio"": 0.0, ""median_latency_ms"": null}}",False,1.0,insufficient evidence,0.0,Insufficient trial count (<10) or zero spikes recorded,0.0376,0.144,0.1192,0.0,0.0,0.0002,0.0183,1.0,4.6165,0.0099,insufficient evidence,850093586,1.74257422615416,0.0524058020855343,47.9919468767315,0.99,0.0051596063411788,2.70010348960173,0.864912280701754,0.0047817047817047,good,59,2360,8169,1715,9376,VISl,"10-ms optical pulse (473 nm, Ai32)",0.0,0.0,,,0.0,"1.0, 2.5, 4.0 mW calibrated",0,0,0.144,0,-1
760345702,739783171,810753201,951848250,VISl,45,0.0,0.0,0.0,,,,0.0,0.0,0.0,,1.0,0.0,0.0,"{""1.0"": {""evoked_rate_hz"": 0.0, ""baseline_rate_hz"": 0.0, ""reliability"": 0.0, ""modulation_ratio"": 0.0, ""median_latency_ms"": null}, ""2.5"": {""evoked_rate_hz"": 0.0, ""baseline_rate_hz"": 0.0, ""reliability"": 0.0, ""modulation_ratio"": 0.0, ""median_latency_ms"": null}, ""4.0"": {""evoked_rate_hz"": 0.0, ""baseline_rate_hz"": 0.0, ""reliability"": 0.0, ""modulation_ratio"": 0.0, ""median_latency_ms"": null}}",False,-221.222,insufficient evidence,0.0,Insufficient trial count (<10) or zero spikes recorded,0.0376,0.144,0.1192,0.0,0.0,0.0002,0.0183,1.0,4.6165,0.0099,insufficient evidence,850093586,3.1369908037754,0.104420917776371,44.6271053999144,0.99,0.0169925550690273,3.18334633404711,0.767025089605735,0.0015813734396554,good,59,2360,8169,1715,9376,VISl,"10-ms optical pulse (473 nm, Ai32)",0.0,0.0,,,0.0,"1.0, 2.5, 4.0 mW calibrated",0,0,0.144,0,-1
760345702,739783171,810753201,951848283,VISl,45,4.444,2.778,0.51,2.19,0.0,0.0,0.022,0.022,1.0,0.0,0.60539,-0.065,-2.7778,"{""1.0"": {""evoked_rate_hz"": 8.33, ""baseline_rate_hz"": 4.44, ""reliability"": 0.067, ""modulation_ratio"": 1.53, ""median_latency_ms"": 2.19}, ""2.5"": {""evoked_rate_hz"": 0.0, ""baseline_rate_hz"": 0.0, ""reliability"": 0.0, ""modulation_ratio"": 0.0, ""median_latency_ms"": null}, ""4.0"": {""evoked_rate_hz"": 0.0, ""baseline_rate_hz"": 8.89, ""reliability"": 0.0, ""modulation_ratio"": 0.0, ""median_latency_ms"": null}}",False,1.0,not light responsive,0.95,Not statistically significant (p=0.6054 >= 0.05); No positive modulation (mod_ratio=0.51 <= 1.0); Very low reliability (0.02 < 0.05),0.2909,0.0641,0.1441,0.022,0.0,0.9481,1.0,1.0,2.2454,0.1059,low evidence (non-responsive),850093592,2.59278865092767,0.0371789831493099,35.8974722151655,0.99,0.0077472362217701,2.6784783604644,0.698296836982968,0.001993984250904,good,11,2380,8192,1691,9394,VISl,"10-ms optical pulse (473 nm, Ai32)",4.444,2.778,2.19,0.0,0.022,"1.0, 2.5, 4.0 mW calibrated",1,2,0.0641,0,0
760345702,739783171,810753201,951848364,VISl,45,1.481,0.0,0.0,,,,0.0,0.022,0.0,,1.0,-0.149,0.0,"{""1.0"": {""evoked_rate_hz"": 0.0, ""baseline_rate_hz"": 0.0, ""reliability"": 0.0, ""modulation_ratio"": 0.0, ""median_latency_ms"": null}, ""2.5"": {""evoked_rate_hz"": 0.0, ""baseline_rate_hz"": 0.0, ""reliability"": 0.0, ""modulation_ratio"": 0.0, ""median_latency_ms"": null}, ""4.0"": {""evoked_rate_hz"": 0.0, ""baseline_rate_hz"": 4.44, ""reliability"": 0.0, ""modulation_ratio"": 0.0, ""median_latency_ms"": null}}",False,1.0,not light responsive,0.95,Not statistically significant (p=1.0000 >= 0.05); No positive modulation (mod_ratio=0.00 <= 1.0); Very low reliability (0.00 < 0.05),0.0376,0.144,0.1192,0.0,0.0,0.0002,0.0183,1.0,4.6165,0.0099,low evidence (non-responsive),850093600,2.42844106377675,0.374688815800559,39.7063381561845,0.98,0.0540175531063523,2.41160243614382,0.633084577114428,0.010891903000411,good,11,2420,8218,1661,9416,VISl,"10-ms optical pulse (473 nm, Ai32)",1.481,0.0,,,0.0,"1.0, 2.5, 4.0 mW calibrated",0,1,0.144,0,0
760345702,739783171,810753201,951848428,VISl,45,4.444,13.889,2.551,5.809,1.648,2.142,0.111,0.022,0.909,0.269,0.18282,0.235,0.0,"{""1.0"": {""evoked_rate_hz"": 8.33, ""baseline_rate_hz"": 8.89, ""reliability"": 0.067, ""modulation_ratio"": 0.84, ""median_latency_ms"": 4.97}, ""2.5"": {""evoked_rate_hz"": 25.0, ""baseline_rate_hz"": 4.44, ""reliability"": 0.2, ""modulation_ratio"": 4.59, ""median_latency_ms"": 5.81}, ""4.0"": {""evoked_rate_hz"": 8.33, ""baseline_rate_hz"": 0.0, ""reliability"": 0.067, ""modulation_ratio"": 8.33, ""median_latency_ms"": 7.11}}",False,0.001,not light responsive,0.889,Not statistically significant (p=0.1828 >= 0.05),0.3758,0.326,0.2206,0.111,0.5886,0.7494,0.5173,1.0,1.1473,0.3175,intermediate evidence (uncertain / borderline),850093608,3.38208049848287,0.007445765045674,60.0958353020243,0.99,0.0012766021181318,3.72977438142084,0.947333333333333,0.005623424471592,good,11,2460,8245,1630,9438,VISl,"10-ms optical pulse (473 nm, Ai32)",4.444,13.889,5.809,1.648,0.111,"1.0, 2.5, 4.0 mW calibrated",6,2,0.326,0,0
760345702,739783171,810753201,951848443,VISl,45,8.889,2.778,0.281,4.872,0.0,0.0,0.022,0.133,1.0,0.0,0.13187,-0.201,0.0,"{""1.0"": {""evoked_rate_hz"": 0.0, ""baseline_rate_hz"": 4.44, ""reliability"": 0.0, ""modulation_ratio"": 0.0, ""median_latency_ms"": null}, ""2.5"": {""evoked_rate_hz"": 8.33, ""baseline_rate_hz"": 13.33, ""reliability"": 0.067, ""modulation_ratio"": 0.58, ""median_latency_ms"": 4.87}, ""4.0"": {""evoked_rate_hz"": 0.0, ""baseline_rate_hz"": 8.89, ""reliability"": 0.0, ""modulation_ratio"": 0.0, ""median_latency_ms"": null}}",False,1.0,not light responsive,0.95,Not statistically significant (p=0.1319 >= 0.05); No positive modulation (mod_ratio=0.28 <= 1.0); Very low reliability (0.02 < 0.05),0.3033,0.0826,0.246,0.022,0.0,0.8269,1.0,1.0,1.8825,0.1522,low evidence (non-responsive),850093610,2.26308940453918,0.0862729192551871,67.4486971006195,0.99,0.0923160430699195,3.69029368670199,0.905333333333333,0.0429329474191992,good,59,2480,8250,1625,9442,VISl,"10-ms optical pulse (473 nm, Ai32)",8.889,2.778,4.872,0.0,0.022,"1.0, 2.5, 4.0 mW calibrated",1,4,0.0826,0,0
760345702,739783171,810753201,951848483,VISl,45,1.481,2.778,1.119,6.087,0.0,0.0,0.022,0.022,1.0,0.0,1.0,0.061,0.0,"{""1.0"": {""evoked_rate_hz"": 0.0, ""baseline_rate_hz"": 0.0, ""reliability"": 0.0, ""modulation_ratio"": 0.0, ""median_latency_ms"": null}, ""2.5"": {""evoked_rate_hz"": 8.33, ""baseline_rate_hz"": 0.0, ""reliability"": 0.067, ""modulation_ratio"": 8.33, ""median_latency_ms"": 6.09}, ""4.0"": {""evoked_rate_hz"": 0.0, ""baseline_rate_hz"": 4.44, ""reliability"": 0.0, ""modulation_ratio"": 0.0, ""median_latency_ms"": null}}",False,-0.991,not light responsive,0.95,Not statistically significant (p=1.0000 >= 0.05); Very low reliability (0.02 < 0.05),0.2658,0.0954,0.1192,0.022,0.0809,0.7224,1.0,1.0,1.692,0.1842,low evidence (non-responsive),850093616,2.87357199655338,0.0027677161812135,59.325898224012,0.99,1.99125578060151e-05,4.36680369870034,0.964666666666667,0.0054860145263483,good,11,2500,8272,1599,9461,VISl,"10-ms optical pulse (473 nm, Ai32)",1.481,2.778,6.087,0.0,0.022,"1.0, 2.5, 4.0 mW calibrated",1,1,0.0954,0,0
760345702,739783171,810753201,951848463,VISl,45,2.963,2.778,0.701,7.497,0.0,0.0,0.022,0.022,1.0,0.0,1.0,-0.008,0.0,"{""1.0"": {""evoked_rate_hz"": 0.0, ""baseline_rate_hz"": 0.0, ""reliability"": 0.0, ""modulation_ratio"": 0.0, ""median_latency_ms"": null}, ""2.5"": {""evoked_rate_hz"": 8.33, ""baseline_rate_hz"": 0.0, ""reliability"": 0.067, ""modulation_ratio"": 8.33, ""median_latency_ms"": 7.5}, ""4.0"": {""evoked_rate_hz"": 0.0, ""baseline_rate_hz"": 8.89, ""reliability"": 0.0, ""modulation_ratio"": 0.0, ""median_latency_ms"": null}}",False,-221.222,not light responsive,0.95,Not statistically significant (p=1.0000 >= 0.05); No positive modulation (mod_ratio=0.70 <= 1.0); Very low reliability (0.02 < 0.05),0.2256,0.0936,0.1192,0.022,0.0,0.5625,1.0,1.0,1.7169,0.1796,low evidence (non-responsive),850093614,2.66253578610828,0.0261134291992936,52.0875129284615,0.99,0.0001855004075963,3.45508332525729,0.952666666666667,0.0058514135437212,good,43,2500,8263,1609,9454,VISl,"10-ms optical pulse (473 nm, Ai32)",2.963,2.778,7.497,0.0,0.022,"1.0, 2.5, 4.0 mW calibrated",1,1,0.0936,0,0
760345702,739783171,810753201,951848565,VISl,45,0.0,0.0,0.0,,,,0.0,0.0,0.0,,1.0,0.0,0.0,"{""1.0"": {""evoked_rate_hz"": 0.0, ""baseline_rate_hz"": 0.0, ""reliability"": 0.0, ""modulation_ratio"": 0.0, ""median_latency_ms"": null}, ""2.5"": {""evoked_rate_hz"": 0.0, ""baseline_rate_hz"": 0.0, ""reliability"": 0.0, ""modulation_ratio"": 0.0, ""median_latency_ms"": null}, ""4.0"": {""evoked_rate_hz"": 0.0, ""baseline_rate_hz"": 0.0, ""reliability"": 0.0, ""modulation_ratio"": 0.0, ""median_latency_ms"": null}}",False,1.0,insufficient evidence,0.0,Insufficient trial count (<10) or zero spikes recorded,0.0376,0.144,0.1192,0.0,0.0,0.0002,0.0183,1.0,4.6165,0.0099,insufficient evidence,850093624,2.71011029855268,0.100543884705854,44.3472572626218,0.99,0.0008247000699786,3.04108162025178,0.862666666666667,0.0171458520515124,good,11,2540,8299,1567,9485,VISl,"10-ms optical pulse (473 nm, Ai32)",0.0,0.0,,,0.0,"1.0, 2.5, 4.0 mW calibrated",0,0,0.144,0,-1
760345702,739783171,810753201,951848516,VISl,45,4.444,2.778,0.51,3.812,0.0,0.0,0.022,0.022,1.0,0.0,0.53147,-0.167,2.7778,"{""1.0"": {""evoked_rate_hz"": 0.0, ""baseline_rate_hz"": 0.0, ""reliability"": 0.0, ""modulation_ratio"": 0.0, ""median_latency_ms"": null}, ""2.5"": {""evoked_rate_hz"": 0.0, ""baseline_rate_hz"": 0.0, ""reliability"": 0.0, ""modulation_ratio"": 0.0, ""median_latency_ms"": null}, ""4.0"": {""evoked_rate_hz"": 8.33, ""baseline_rate_hz"": 13.33, ""reliability"": 0.067, ""modulation_ratio"": 0.58, ""median_latency_ms"": 3.81}}",False,1.0,not light responsive,0.95,Not statistically significant (p=0.5315 >= 0.05); No positive modulation (mod_ratio=0.51 <= 1.0); Very low reliability (0.02 < 0.05),0.2844,0.0755,0.1512,0.022,0.0,0.8903,1.0,1.0,2.0071,0.1344,low evidence (non-responsive),850093624,1.79257861338707,0.13302147651534,54.274497173797,0.99,0.0293891553139625,2.03309917682723,0.841333333333333,0.0315087565032608,good,11,2540,8299,1567,9485,VISl,"10-ms optical pulse (473 nm, Ai32)",4.444,2.778,3.812,0.0,0.022,"1.0, 2.5, 4.0 mW calibrated",1,2,0.0755,0,0
760345702,739783171,810753203,951843282,MB,45,7.407,11.111,1.322,7.263,1.635,1.719,0.089,0.067,0.932,0.241,0.68931,0.085,2.7778,"{""1.0"": {""evoked_rate_hz"": 0.0, ""baseline_rate_hz"": 4.44, ""reliability"": 0.0, ""modulation_ratio"": 0.0, ""median_latency_ms"": null}, ""2.5"": {""evoked_rate_hz"": 25.0, ""baseline_rate_hz"": 4.44, ""reliability"": 0.2, ""modulation_ratio"": 4.59, ""median_latency_ms"": 7.81}, ""4.0"": {""evoked_rate_hz"": 8.33, ""baseline_rate_hz"": 13.33, ""reliability"": 0.067, ""modulation_ratio"": 0.58, ""median_latency_ms"": 6.72}}",False,-0.998,not light responsive,0.911,Not statistically significant (p=0.6893 >= 0.05),0.2438,0.278,0.1372,0.089,0.1987,0.5911,0.52,1.0,1.2263,0.2934,low evidence (non-responsive),850091744,3.08965566737384,0.120699202502537,103.836032802807,0.99,0.0771886481891194,5.08106647988922,0.982666666666667,0.007773851590106,good,59,40,8248,4456,7935,MB,"10-ms optical pulse (473 nm, Ai32)",7.407,11.111,7.263,1.635,0.089,"1.0, 2.5, 4.0 mW calibrated",5,3,0.278,0,0
760345702,739783171,810753203,951843325,MB,45,1.481,0.0,0.0,,,,0.0,0.022,0.0,,1.0,-0.149,0.0,"{""1.0"": {""evoked_rate_hz"": 0.0, ""baseline_rate_hz"": 0.0, ""reliability"": 0.0, ""modulation_ratio"": 0.0, ""median_latency_ms"": null}, ""2.5"": {""evoked_rate_hz"": 0.0, ""baseline_rate_hz"": 0.0, ""reliability"": 0.0, ""modulation_ratio"": 0.0, ""median_latency_ms"": null}, ""4.0"": {""evoked_rate_hz"": 0.0, ""baseline_rate_hz"": 4.44, ""reliability"": 0.0, ""modulation_ratio"": 0.0, ""median_latency_ms"": null}}",False,1.0,not light responsive,0.95,Not statistically significant (p=1.0000 >= 0.05); No positive modulation (mod_ratio=0.00 <= 1.0); Very low reliability (0.00 < 0.05),0.0376,0.144,0.1192,0.0,0.0,0.0002,0.0183,1.0,4.6165,0.0099,low evidence (non-responsive),850091750,3.26651047080504,0.233517566801077,67.1796397948349,0.99,0.0199174639565565,4.00645954639886,0.948538011695906,0.0009950248756218,good,11,60,8249,4437,7950,MB,"10-ms optical pulse (473 nm, Ai32)",1.481,0.0,,,0.0,"1.0, 2.5, 4.0 mW calibrated",0,1,0.144,0,0
760345702,739783171,810753203,951843317,MB,45,0.0,0.0,0.0,,,,0.0,0.0,0.0,,1.0,0.0,0.0,"{""1.0"": {""evoked_rate_hz"": 0.0, ""baseline_rate_hz"": 0.0, ""reliability"": 0.0, ""modulation_ratio"": 0.0, ""median_latency_ms"": null}, ""2.5"": {""evoked_rate_hz"": 0.0, ""baseline_rate_hz"": 0.0, ""reliability"": 0.0, ""modulation_ratio"": 0.0, ""median_latency_ms"": null}, ""4.0"": {""evoked_rate_hz"": 0.0, ""baseline_rate_hz"": 0.0, ""reliability"": 0.0, ""modulation_ratio"": 0.0, ""median_latency_ms"": null}}",False,1.0,insufficient evidence,0.0,Insufficient trial count (<10) or zero spikes recorded,0.0376,0.144,0.1192,0.0,0.0,0.0002,0.0183,1.0,4.6165,0.0099,insufficient evidence,850091750,1.84330195240621,0.45592323214934,54.8058581986728,0.99,0.082578189937222,4.9525289788151,0.921700223713647,0.0006429127330558,good,11,60,8249,4437,7950,MB,"10-ms optical pulse (473 nm, Ai32)",0.0,0.0,,,0.0,"1.0, 2.5, 4.0 mW calibrated",0,0,0.144,0,-1
760345702,739783171,810753203,951843309,MB,45,4.444,0.0,0.0,,,,0.0,0.022,0.0,,0.25275,-0.264,0.0,"{""1.0"": {""evoked_rate_hz"": 0.0, ""baseline_rate_hz"": 4.44, ""reliability"": 0.0, ""modulation_ratio"": 0.0, ""median_latency_ms"": null}, ""2.5"": {""evoked_rate_hz"": 0.0, ""baseline_rate_hz"": 0.0, ""reliability"": 0.0, ""modulation_ratio"": 0.0, ""median_latency_ms"": null}, ""4.0"": {""evoked_rate_hz"": 0.0, ""baseline_rate_hz"": 8.89, ""reliability"": 0.0, ""modulation_ratio"": 0.0, ""median_latency_ms"": null}}",False,0.004,not light responsive,0.95,Not statistically significant (p=0.2527 >= 0.05); No positive modulation (mod_ratio=0.00 <= 1.0); Very low reliability (0.00 < 0.05),0.0611,0.144,0.1974,0.0,0.0,0.0002,0.0183,1.0,4.6165,0.0099,low evidence (non-responsive),850091748,2.48405152500881,0.0475948423700732,42.0721593626278,0.99,0.0225917806742067,4.00395336244423,0.885333333333333,0.0047046930285003,good,43,60,8248,4443,7945,MB,"10-ms optical pulse (473 nm, Ai32)",4.444,0.0,,,0.0,"1.0, 2.5, 4.0 mW calibrated",0,2,0.144,0,0
760345702,739783171,810753203,951843350,MB,45,1.481,2.778,1.119,2.92,0.0,0.0,0.022,0.0,1.0,0.0,1.0,0.061,-2.7778,"{""1.0"": {""evoked_rate_hz"": 8.33, ""baseline_rate_hz"": 0.0, ""reliability"": 0.067, ""modulation_ratio"": 8.33, ""median_latency_ms"": 2.92}, ""2.5"": {""evoked_rate_hz"": 0.0, ""baseline_rate_hz"": 4.44, ""reliability"": 0.0, ""modulation_ratio"": 0.0, ""median_latency_ms"": null}, ""4.0"": {""evoked_rate_hz"": 0.0, ""baseline_rate_hz"": 0.0, ""reliability"": 0.0, ""modulation_ratio"": 0.0, ""median_latency_ms"": null}}",False,-2.982,not light responsive,0.95,Not statistically significant (p=1.0000 >= 0.05); Very low reliability (0.02 < 0.05),0.2965,0.0727,0.1192,0.022,0.0809,0.9269,1.0,1.0,2.0608,0.1274,low evidence (non-responsive),850091754,2.12738364980933,0.370969690914583,72.5293495236859,0.99,0.0308288415875284,4.60281425914735,0.978,0.0024831500532103,good,27,80,8249,4424,7960,MB,"10-ms optical pulse (473 nm, Ai32)",1.481,2.778,2.92,0.0,0.022,"1.0, 2.5, 4.0 mW calibrated",1,1,0.0727,0,0
760345702,739783171,810753203,951843373,TH,45,13.333,13.889,0.969,5.951,2.852,2.631,0.111,0.089,0.909,0.532,1.0,0.012,-2.7778,"{""1.0"": {""evoked_rate_hz"": 16.67, ""baseline_rate_hz"": 8.89, ""reliability"": 0.133, ""modulation_ratio"": 1.69, ""median_latency_ms"": 7.35}, ""2.5"": {""evoked_rate_hz"": 16.67, ""baseline_rate_hz"": 8.89, ""reliability"": 0.133, ""modulation_ratio"": 1.69, ""median_latency_ms"": 3.99}, ""4.0"": {""evoked_rate_hz"": 8.33, ""baseline_rate_hz"": 22.22, ""reliability"": 0.067, ""modulation_ratio"": 0.36, ""median_latency_ms"": 4.14}}",False,-1.33,not light responsive,0.889,Not statistically significant (p=1.0000 >= 0.05); No positive modulation (mod_ratio=0.97 <= 1.0),0.2058,0.3596,0.1192,0.111,0.0,0.7358,0.3196,1.0,1.4681,0.2304,low evidence (non-responsive),850091758,3.27090976969647,0.0013480962961282,92.3246559996803,0.99,0.0002628800249683,5.05539334041659,0.998,0.0004233700254022,good,11,100,8250,4410,7971,TH,"10-ms optical pulse (473 nm, Ai32)",13.333,13.889,5.951,2.852,0.111,"1.0, 2.5, 4.0 mW calibrated",6,6,0.3596,0,0
760345702,739783171,810753203,951843365,TH,45,0.0,0.0,0.0,,,,0.0,0.0,0.0,,1.0,0.0,0.0,"{""1.0"": {""evoked_rate_hz"": 0.0, ""baseline_rate_hz"": 0.0, ""reliability"": 0.0, ""modulation_ratio"": 0.0, ""median_latency_ms"": null}, ""2.5"": {""evoked_rate_hz"": 0.0, ""baseline_rate_hz"": 0.0, ""reliability"": 0.0, ""modulation_ratio"": 0.0, ""median_latency_ms"": null}, ""4.0"": {""evoked_rate_hz"": 0.0, ""baseline_rate_hz"": 0.0, ""reliability"": 0.0, ""modulation_ratio"": 0.0, ""median_latency_ms"": null}}",False,0.004,insufficient evidence,0.0,Insufficient trial count (<10) or zero spikes recorded,0.0376,0.144,0.1192,0.0,0.0,0.0002,0.0183,1.0,4.6165,0.0099,insufficient evidence,850091758,2.88362888959447,0.0,86.6424045582954,0.99,0.0028887546848019,4.55391332482878,0.994047619047619,0.0001022913256955,good,11,100,8250,4410,7971,TH,"10-ms optical pulse (473 nm, Ai32)",0.0,0.0,,,0.0,"1.0, 2.5, 4.0 mW calibrated",0,0,0.144,0,-1
760345702,739783171,810753203,951843356,TH,45,11.852,11.111,0.865,6.961,3.041,2.617,0.089,0.044,0.932,0.517,0.83816,-0.016,2.7778,"{""1.0"": {""evoked_rate_hz"": 8.33, ""baseline_rate_hz"": 8.89, ""reliability"": 0.067, ""modulation_ratio"": 0.84, ""median_latency_ms"": 6.33}, ""2.5"": {""evoked_rate_hz"": 8.33, ""baseline_rate_hz"": 13.33, ""reliability"": 0.067, ""modulation_ratio"": 0.58, ""median_latency_ms"": 7.59}, ""4.0"": {""evoked_rate_hz"": 16.67, ""baseline_rate_hz"": 13.33, ""reliability"": 0.133, ""modulation_ratio"": 1.16, ""median_latency_ms"": 4.8}}",False,-0.664,not light responsive,0.911,Not statistically significant (p=0.8382 >= 0.05); No positive modulation (mod_ratio=0.86 <= 1.0),0.1842,0.3262,0.1275,0.089,0.0,0.627,0.2963,1.0,1.4766,0.2284,low evidence (non-responsive),850091756,3.33537535034459,0.0045072704507989,131.996790785592,0.99,0.0008085431211246,5.75578353777568,0.994666666666667,0.0028159098908834,good,43,100,8249,4417,7966,TH,"10-ms optical pulse (473 nm, Ai32)",11.852,11.111,6.961,3.041,0.089,"1.0, 2.5, 4.0 mW calibrated",5,5,0.3262,0,0
760345702,739783171,810753203,951843437,PP,45,0.0,0.0,0.0,,,,0.0,0.0,0.0,,1.0,0.0,0.0,"{""1.0"": {""evoked_rate_hz"": 0.0, ""baseline_rate_hz"": 0.0, ""reliability"": 0.0, ""modulation_ratio"": 0.0, ""median_latency_ms"": null}, ""2.5"": {""evoked_rate_hz"": 0.0, ""baseline_rate_hz"": 0.0, ""reliability"": 0.0, ""modulation_ratio"": 0.0, ""median_latency_ms"": null}, ""4.0"": {""evoked_rate_hz"": 0.0, ""baseline_rate_hz"": 0.0, ""reliability"": 0.0, ""modulation_ratio"": 0.0, ""median_latency_ms"": null}}",False,1.0,insufficient evidence,0.0,Insufficient trial count (<10) or zero spikes recorded,0.0376,0.144,0.1192,0.0,0.0,0.0002,0.0183,1.0,4.6165,0.0099,insufficient evidence,850091776,2.02353077331752,0.274748937123961,55.3073657223709,0.99,0.0511438309824769,3.62646929064667,0.640666666666667,0.0305646929824561,good,59,200,8252,4339,8023,PP,"10-ms optical pulse (473 nm, Ai32)",0.0,0.0,,,0.0,"1.0, 2.5, 4.0 mW calibrated",0,0,0.144,0,-1
760345702,739783171,810753203,951843480,PP,45,1.481,5.556,2.239,7.751,0.014,0.01,0.044,0.022,0.977,0.002,0.50549,0.145,0.0,"{""1.0"": {""evoked_rate_hz"": 8.33, ""baseline_rate_hz"": 4.44, ""reliability"": 0.067, ""modulation_ratio"": 1.53, ""median_latency_ms"": 7.76}, ""2.5"": {""evoked_rate_hz"": 0.0, ""baseline_rate_hz"": 0.0, ""reliability"": 0.0, ""modulation_ratio"": 0.0, ""median_latency_ms"": null}, ""4.0"": {""evoked_rate_hz"": 8.33, ""baseline_rate_hz"": 0.0, ""reliability"": 0.067, ""modulation_ratio"": 8.33, ""median_latency_ms"": 7.74}}",False,1.0,not light responsive,0.95,Not statistically significant (p=0.5055 >= 0.05); Very low reliability (0.04 < 0.05),0.341,0.153,0.154,0.044,0.5237,0.5311,0.9944,1.0,1.2918,0.2748,low evidence (non-responsive),850091794,2.1158011142995,0.0,58.6403965860176,0.99,0.0104949891447267,5.32385922227285,0.873873873873874,6.69142493894075e-05,good,27,280,8253,4268,8073,PP,"10-ms optical pulse (473 nm, Ai32)",1.481,5.556,7.751,0.014,0.044,"1.0, 2.5, 4.0 mW calibrated",3,1,0.153,0,0
760345702,739783171,810753203,951843467,PP,45,26.667,25.0,0.904,4.928,1.915,2.273,0.2,0.222,0.818,0.407,0.85415,-0.032,5.5556,"{""1.0"": {""evoked_rate_hz"": 8.33, ""baseline_rate_hz"": 26.67, ""reliability"": 0.067, ""modulation_ratio"": 0.3, ""median_latency_ms"": 3.68}, ""2.5"": {""evoked_rate_hz"": 41.67, ""baseline_rate_hz"": 26.67, ""reliability"": 0.333, ""modulation_ratio"": 1.51, ""median_latency_ms"": 5.1}, ""4.0"": {""evoked_rate_hz"": 25.0, ""baseline_rate_hz"": 26.67, ""reliability"": 0.2, ""modulation_ratio"": 0.9, ""median_latency_ms"": 4.93}}",False,0.2,not light responsive,0.8,Not statistically significant (p=0.8541 >= 0.05); No positive modulation (mod_ratio=0.90 <= 1.0),0.2579,0.4007,0.1266,0.2,0.0,0.8229,0.4649,1.0,1.3564,0.2576,low evidence (non-responsive),850091792,2.96209147404017,0.0302413634836546,58.7209034266783,0.99,0.0344299665971861,3.31870652153853,0.898,0.0092800478970214,good,59,280,8253,4276,8067,PP,"10-ms optical pulse (473 nm, Ai32)",26.667,25.0,4.928,1.915,0.2,"1.0, 2.5, 4.0 mW calibrated",11,12,0.4007,0,0
760345702,739783171,810753203,951843515,PP,45,16.296,16.667,0.964,3.085,1.55,2.605,0.111,0.089,1.227,0.511,1.0,0.006,11.1111,"{""1.0"": {""evoked_rate_hz"": 0.0, ""baseline_rate_hz"": 13.33, ""reliability"": 0.0, ""modulation_ratio"": 0.0, ""median_latency_ms"": null}, ""2.5"": {""evoked_rate_hz"": 16.67, ""baseline_rate_hz"": 13.33, ""reliability"": 0.133, ""modulation_ratio"": 1.16, ""median_latency_ms"": 4.55}, ""4.0"": {""evoked_rate_hz"": 33.33, ""baseline_rate_hz"": 22.22, ""reliability"": 0.2, ""modulation_ratio"": 1.44, ""median_latency_ms"": 1.81}}",False,-0.664,not light responsive,0.889,Not statistically significant (p=1.0000 >= 0.05); No positive modulation (mod_ratio=0.96 <= 1.0),0.2555,0.3388,0.1192,0.111,0.0,0.9211,0.5379,1.0,1.8447,0.1581,low evidence (non-responsive),850091800,1.92095751052928,0.0907085556128185,66.3267639624139,0.99,0.0212244940754336,5.07574679184257,0.955333333333333,0.0009390994036718,good,59,320,8254,4243,8089,PP,"10-ms optical pulse (473 nm, Ai32)",16.296,16.667,3.085,1.55,0.111,"1.0, 2.5, 4.0 mW calibrated",8,7,0.3388,0,0
760345702,739783171,810753203,951843507,PP,45,40.0,47.222,1.152,3.495,2.478,4.483,0.378,0.289,0.636,0.566,0.47652,0.099,-8.3333,"{""1.0"": {""evoked_rate_hz"": 58.33, ""baseline_rate_hz"": 22.22, ""reliability"": 0.467, ""modulation_ratio"": 2.51, ""median_latency_ms"": 2.45}, ""2.5"": {""evoked_rate_hz"": 50.0, ""baseline_rate_hz"": 44.44, ""reliability"": 0.4, ""modulation_ratio"": 1.1, ""median_latency_ms"": 3.33}, ""4.0"": {""evoked_rate_hz"": 33.33, ""baseline_rate_hz"": 53.33, ""reliability"": 0.267, ""modulation_ratio"": 0.61, ""median_latency_ms"": 6.92}}",False,-0.466,not light responsive,0.622,Not statistically significant (p=0.4765 >= 0.05),0.3349,0.5811,0.1573,0.378,0.1017,0.9049,0.3711,1.0,1.4332,0.2386,low evidence (non-responsive),850091800,2.87903075426368,0.0454314427622899,83.696486449046,0.99,0.085442134679152,3.7579407606912,0.975333333333333,0.0182567726737338,good,59,320,8254,4243,8089,PP,"10-ms optical pulse (473 nm, Ai32)",40.0,47.222,3.495,2.478,0.378,"1.0, 2.5, 4.0 mW calibrated",21,18,0.5811,0,0
760345702,739783171,810753203,951843497,PP,45,25.185,19.444,0.743,3.913,2.667,3.684,0.156,0.111,0.864,0.612,0.56344,-0.086,2.7778,"{""1.0"": {""evoked_rate_hz"": 16.67, ""baseline_rate_hz"": 26.67, ""reliability"": 0.133, ""modulation_ratio"": 0.6, ""median_latency_ms"": 2.47}, ""2.5"": {""evoked_rate_hz"": 16.67, ""baseline_rate_hz"": 22.22, ""reliability"": 0.133, ""modulation_ratio"": 0.72, ""median_latency_ms"": 4.6}, ""4.0"": {""evoked_rate_hz"": 25.0, ""baseline_rate_hz"": 26.67, ""reliability"": 0.2, ""modulation_ratio"": 0.9, ""median_latency_ms"": 7.12}}",False,-0.599,not light responsive,0.844,Not statistically significant (p=0.5634 >= 0.05); No positive modulation (mod_ratio=0.74 <= 1.0),0.2506,0.4522,0.1479,0.156,0.0,0.8853,0.3441,1.0,1.6007,0.2017,low evidence (non-responsive),850091800,1.52029331388837,0.0043465563537356,79.2150638046755,0.99,0.060026865892356,5.51494004413728,0.989333333333333,0.0005,good,59,320,8254,4243,8089,PP,"10-ms optical pulse (473 nm, Ai32)",25.185,19.444,3.913,2.667,0.156,"1.0, 2.5, 4.0 mW calibrated",9,11,0.4522,0,0
760345702,739783171,810753203,951843529,PIL,45,11.852,11.111,0.865,6.478,0.888,1.239,0.089,0.111,0.932,0.141,0.84815,-0.016,-5.5556,"{""1.0"": {""evoked_rate_hz"": 25.0, ""baseline_rate_hz"": 17.78, ""reliability"": 0.2, ""modulation_ratio"": 1.33, ""median_latency_ms"": 5.96}, ""2.5"": {""evoked_rate_hz"": 0.0, ""baseline_rate_hz"": 17.78, ""reliability"": 0.0, ""modulation_ratio"": 0.0, ""median_latency_ms"": null}, ""4.0"": {""evoked_rate_hz"": 8.33, ""baseline_rate_hz"": 0.0, ""reliability"": 0.067, ""modulation_ratio"": 8.33, ""median_latency_ms"": 7.0}}",False,-0.249,not light responsive,0.911,Not statistically significant (p=0.8481 >= 0.05); No positive modulation (mod_ratio=0.86 <= 1.0),0.2327,0.2189,0.1269,0.089,0.0,0.6816,0.701,1.0,1.5026,0.2226,low evidence (non-responsive),850091806,1.96392507513234,0.0144036623762293,108.062001474117,0.99,0.0113745835981074,7.20023593795429,0.997333333333333,0.0004239983040067,good,11,340,8254,4217,8106,PIL,"10-ms optical pulse (473 nm, Ai32)",11.852,11.111,6.478,0.888,0.089,"1.0, 2.5, 4.0 mW calibrated",5,5,0.2189,0,0
760345702,739783171,810753203,951843590,PIL,45,10.37,5.556,0.489,3.003,0.014,0.01,0.044,0.067,0.977,0.005,0.31768,-0.129,2.7778,"{""1.0"": {""evoked_rate_hz"": 0.0, ""baseline_rate_hz"": 0.0, ""reliability"": 0.0, ""modulation_ratio"": 0.0, ""median_latency_ms"": null}, ""2.5"": {""evoked_rate_hz"": 8.33, ""baseline_rate_hz"": 17.78, ""reliability"": 0.067, ""modulation_ratio"": 0.44, ""median_latency_ms"": 2.99}, ""4.0"": {""evoked_rate_hz"": 8.33, ""baseline_rate_hz"": 13.33, ""reliability"": 0.067, ""modulation_ratio"": 0.58, ""median_latency_ms"": 3.01}}",False,0.501,not light responsive,0.95,Not statistically significant (p=0.3177 >= 0.05); No positive modulation (mod_ratio=0.49 <= 1.0); Very low reliability (0.04 < 0.05),0.3037,0.0957,0.1821,0.044,0.0,0.924,0.9944,1.0,2.0492,0.1288,low evidence (non-responsive),850091814,2.69412672947142,0.188004056715797,72.8552695022537,0.99,0.0107599220188937,6.43126443911141,0.997530864197531,0.0001013684744044,good,11,380,8254,4172,8135,PIL,"10-ms optical pulse (473 nm, Ai32)",10.37,5.556,3.003,0.014,0.044,"1.0, 2.5, 4.0 mW calibrated",3,5,0.0957,0,0
760345702,739783171,810753203,951843631,TH,45,42.963,25.0,0.569,3.682,0.984,0.837,0.178,0.333,1.045,0.29,0.13986,-0.235,-5.5556,"{""1.0"": {""evoked_rate_hz"": 25.0, ""baseline_rate_hz"": 35.56, ""reliability"": 0.2, ""modulation_ratio"": 0.68, ""median_latency_ms"": 3.26}, ""2.5"": {""evoked_rate_hz"": 41.67, ""baseline_rate_hz"": 44.44, ""reliability"": 0.267, ""modulation_ratio"": 0.92, ""median_latency_ms"": 3.96}, ""4.0"": {""evoked_rate_hz"": 8.33, ""baseline_rate_hz"": 48.89, ""reliability"": 0.067, ""modulation_ratio"": 0.17, ""median_latency_ms"": 3.61}}",False,-0.749,not light responsive,0.822,Not statistically significant (p=0.1399 >= 0.05); No positive modulation (mod_ratio=0.57 <= 1.0),0.3188,0.3227,0.2413,0.178,0.0,0.8965,0.6746,1.0,1.5929,0.2033,low evidence (non-responsive),850091820,3.62236570079672,0.330144547336469,92.099439849106,0.99,0.0346012174692263,4.65247286792174,0.919333333333333,0.0085530169888693,good,43,420,8255,4144,8152,TH,"10-ms optical pulse (473 nm, Ai32)",42.963,25.0,3.682,0.984,0.178,"1.0, 2.5, 4.0 mW calibrated",11,19,0.3227,0,0
760345702,739783171,810753203,951843621,TH,45,26.667,13.889,0.502,3.724,1.328,1.544,0.111,0.222,0.909,0.347,0.07892,-0.246,0.0,"{""1.0"": {""evoked_rate_hz"": 8.33, ""baseline_rate_hz"": 22.22, ""reliability"": 0.067, ""modulation_ratio"": 0.36, ""median_latency_ms"": 3.72}, ""2.5"": {""evoked_rate_hz"": 25.0, ""baseline_rate_hz"": 35.56, ""reliability"": 0.2, ""modulation_ratio"": 0.68, ""median_latency_ms"": 4.9}, ""4.0"": {""evoked_rate_hz"": 8.33, ""baseline_rate_hz"": 22.22, ""reliability"": 0.067, ""modulation_ratio"": 0.36, ""median_latency_ms"": 1.91}}",False,0.201,not light responsive,0.889,Not statistically significant (p=0.0789 >= 0.05); No positive modulation (mod_ratio=0.50 <= 1.0),0.3076,0.2945,0.2896,0.111,0.0,0.8945,0.5879,1.0,1.7424,0.1751,low evidence (non-responsive),850091824,2.03164521325169,0.196228184912741,102.771439120351,0.99,4.3729993509749e-05,7.82780151739527,1.0,0.0,good,59,440,8255,4125,8164,TH,"10-ms optical pulse (473 nm, Ai32)",26.667,13.889,3.724,1.328,0.111,"1.0, 2.5, 4.0 mW calibrated",6,12,0.2945,0,0
760345702,739783171,810753203,951843702,TH,45,7.407,13.889,1.652,5.872,1.869,1.235,0.111,0.067,0.909,0.314,0.37163,0.15,2.7778,"{""1.0"": {""evoked_rate_hz"": 16.67, ""baseline_rate_hz"": 0.0, ""reliability"": 0.133, ""modulation_ratio"": 16.67, ""median_latency_ms"": 6.91}, ""2.5"": {""evoked_rate_hz"": 0.0, ""baseline_rate_hz"": 8.89, ""reliability"": 0.0, ""modulation_ratio"": 0.0, ""median_latency_ms"": null}, ""4.0"": {""evoked_rate_hz"": 25.0, ""baseline_rate_hz"": 13.33, ""reliability"": 0.2, ""modulation_ratio"": 1.74, ""median_latency_ms"": 5.87}}",False,0.001,not light responsive,0.889,Not statistically significant (p=0.3716 >= 0.05),0.3077,0.3417,0.1722,0.111,0.3471,0.7435,0.4735,1.0,1.119,0.3266,low evidence (non-responsive),850091830,3.0708911736994,0.0075198532515366,69.0874854609219,0.99,0.0307701424391108,5.36990934475188,0.973220577871741,0.0023442146880794,good,11,460,8255,4096,8182,TH,"10-ms optical pulse (473 nm, Ai32)",7.407,13.889,5.872,1.869,0.111,"1.0, 2.5, 4.0 mW calibrated",6,3,0.3417,0,0
760345702,739783171,810753203,951843737,TH,45,100.741,97.222,0.956,4.868,2.287,4.259,0.622,0.644,0.695,0.511,0.84016,-0.031,8.3333,"{""1.0"": {""evoked_rate_hz"": 75.0, ""baseline_rate_hz"": 80.0, ""reliability"": 0.467, ""modulation_ratio"": 0.93, ""median_latency_ms"": 1.8}, ""2.5"": {""evoked_rate_hz"": 116.67, ""baseline_rate_hz"": 111.11, ""reliability"": 0.733, ""modulation_ratio"": 1.04, ""median_latency_ms"": 5.31}, ""4.0"": {""evoked_rate_hz"": 100.0, ""baseline_rate_hz"": 111.11, ""reliability"": 0.667, ""modulation_ratio"": 0.89, ""median_latency_ms"": 5.06}}",False,-0.285,not light responsive,0.5,Not statistically significant (p=0.8402 >= 0.05); No positive modulation (mod_ratio=0.96 <= 1.0),0.3579,0.4534,0.1274,0.622,0.0,0.8272,0.4006,1.0,2.0507,0.1287,intermediate evidence (uncertain / borderline),850091836,3.70981790741044,0.000144707247108,130.280588490725,0.99,1.24042854817233e-05,6.17705601188169,0.998,0.0013808340237503,good,43,500,8255,4066,8200,TH,"10-ms optical pulse (473 nm, Ai32)",100.741,97.222,4.868,2.287,0.622,"1.0, 2.5, 4.0 mW calibrated",44,45,0.4534,0,0
760345702,739783171,810753203,951843771,TH,45,2.963,2.778,0.701,4.356,0.0,0.0,0.022,0.022,1.0,0.0,1.0,-0.008,0.0,"{""1.0"": {""evoked_rate_hz"": 0.0, ""baseline_rate_hz"": 0.0, ""reliability"": 0.0, ""modulation_ratio"": 0.0, ""median_latency_ms"": null}, ""2.5"": {""evoked_rate_hz"": 8.33, ""baseline_rate_hz"": 0.0, ""reliability"": 0.067, ""modulation_ratio"": 8.33, ""median_latency_ms"": 4.36}, ""4.0"": {""evoked_rate_hz"": 0.0, ""baseline_rate_hz"": 8.89, ""reliability"": 0.0, ""modulation_ratio"": 0.0, ""median_latency_ms"": null}}",False,1.0,not light responsive,0.95,Not statistically significant (p=1.0000 >= 0.05); No positive modulation (mod_ratio=0.70 <= 1.0); Very low reliability (0.02 < 0.05),0.2704,0.0792,0.1192,0.022,0.0,0.8608,1.0,1.0,1.9396,0.1438,low evidence (non-responsive),850091840,3.28639279434489,0.0049006737321046,66.2702591182603,0.99,0.0024070006545619,5.17819961287941,0.995061728395062,0.0001013684744044,good,59,520,8255,4046,8211,TH,"10-ms optical pulse (473 nm, Ai32)",2.963,2.778,4.356,0.0,0.022,"1.0, 2.5, 4.0 mW calibrated",1,1,0.0792,0,0
760345702,739783171,810753203,951843817,TH,45,0.0,5.556,5.556,4.986,0.949,0.671,0.044,0.0,0.977,0.19,0.48152,0.213,-2.7778,"{""1.0"": {""evoked_rate_hz"": 8.33, ""baseline_rate_hz"": 0.0, ""reliability"": 0.067, ""modulation_ratio"": 8.33, ""median_latency_ms"": 5.66}, ""2.5"": {""evoked_rate_hz"": 8.33, ""baseline_rate_hz"": 0.0, ""reliability"": 0.067, ""modulation_ratio"": 8.33, ""median_latency_ms"": 4.32}, ""4.0"": {""evoked_rate_hz"": 0.0, ""baseline_rate_hz"": 0.0, ""reliability"": 0.0, ""modulation_ratio"": 0.0, ""median_latency_ms"": null}}",False,1.0,not light responsive,0.95,Not statistically significant (p=0.4815 >= 0.05); Very low reliability (0.04 < 0.05),0.4182,0.1585,0.1567,0.044,0.8446,0.8186,0.6841,1.0,2.0926,0.1234,intermediate evidence (uncertain / borderline),850091846,2.5450807909701,0.0087318469164889,,0.99,0.0185574197425984,,,0.0,good,11,540,8255,4015,8229,TH,"10-ms optical pulse (473 nm, Ai32)",0.0,5.556,4.986,0.949,0.044,"1.0, 2.5, 4.0 mW calibrated",3,0,0.1585,0,0
760345702,739783171,810753203,951846386,TH,45,1.481,0.0,0.0,,,,0.0,0.0,0.0,,1.0,-0.149,0.0,"{""1.0"": {""evoked_rate_hz"": 0.0, ""baseline_rate_hz"": 4.44, ""reliability"": 0.0, ""modulation_ratio"": 0.0, ""median_latency_ms"": null}, ""2.5"": {""evoked_rate_hz"": 0.0, ""baseline_rate_hz"": 0.0, ""reliability"": 0.0, ""modulation_ratio"": 0.0, ""median_latency_ms"": null}, ""4.0"": {""evoked_rate_hz"": 0.0, ""baseline_rate_hz"": 0.0, ""reliability"": 0.0, ""modulation_ratio"": 0.0, ""median_latency_ms"": null}}",False,1.0,not light responsive,0.95,Not statistically significant (p=1.0000 >= 0.05); No positive modulation (mod_ratio=0.00 <= 1.0); Very low reliability (0.00 < 0.05),0.0376,0.144,0.1192,0.0,0.0,0.0002,0.0183,1.0,4.6165,0.0099,low evidence (non-responsive),850091848,3.1580381706661,0.0,,0.99,0.0099639432676649,,,0.0,good,59,560,8255,4005,8235,TH,"10-ms optical pulse (473 nm, Ai32)",1.481,0.0,,,0.0,"1.0, 2.5, 4.0 mW calibrated",0,1,0.144,0,0
760345702,739783171,810753203,951843913,CA3,45,4.444,5.556,1.02,4.066,4.271,3.02,0.044,0.022,0.977,1.05,1.0,0.035,0.0,"{""1.0"": {""evoked_rate_hz"": 8.33, ""baseline_rate_hz"": 4.44, ""reliability"": 0.067, ""modulation_ratio"": 1.53, ""median_latency_ms"": 7.09}, ""2.5"": {""evoked_rate_hz"": 0.0, ""baseline_rate_hz"": 4.44, ""reliability"": 0.0, ""modulation_ratio"": 0.0, ""median_latency_ms"": null}, ""4.0"": {""evoked_rate_hz"": 8.33, ""baseline_rate_hz"": 4.44, ""reliability"": 0.067, ""modulation_ratio"": 1.53, ""median_latency_ms"": 1.05}}",False,1.0,not light responsive,0.95,Not statistically significant (p=1.0000 >= 0.05); Very low reliability (0.04 < 0.05),0.1993,0.4709,0.1192,0.044,0.0143,0.8773,0.1812,1.0,1.884,0.152,low evidence (non-responsive),850091916,4.94128707503973,0.0,,0.99,3.84410331380118e-06,,,0.0,good,43,900,8266,3520,8502,CA3,"10-ms optical pulse (473 nm, Ai32)",4.444,5.556,4.066,4.271,0.044,"1.0, 2.5, 4.0 mW calibrated",3,2,0.4709,0,0
760345702,739783171,810753203,951844013,CA3,45,0.0,2.778,2.778,1.98,0.0,0.0,0.022,0.0,1.0,0.0,1.0,0.149,-2.7778,"{""1.0"": {""evoked_rate_hz"": 8.33, ""baseline_rate_hz"": 0.0, ""reliability"": 0.067, ""modulation_ratio"": 8.33, ""median_latency_ms"": 1.98}, ""2.5"": {""evoked_rate_hz"": 0.0, ""baseline_rate_hz"": 0.0, ""reliability"": 0.0, ""modulation_ratio"": 0.0, ""median_latency_ms"": null}, ""4.0"": {""evoked_rate_hz"": 0.0, ""baseline_rate_hz"": 0.0, ""reliability"": 0.0, ""modulation_ratio"": 0.0, ""median_latency_ms"": null}}",False,1.0,not light responsive,0.95,Not statistically significant (p=1.0000 >= 0.05); Very low reliability (0.02 < 0.05),0.4097,0.0706,0.1192,0.022,0.6273,0.953,1.0,1.0,2.1028,0.1221,intermediate evidence (uncertain / borderline),850091938,2.12661287846478,0.213503511164838,51.6758908692249,0.97,0.0113448915909356,3.24859977712087,0.930041152263374,0.0008065329166246,good,27,1000,8277,3374,8583,CA3,"10-ms optical pulse (473 nm, Ai32)",0.0,2.778,1.98,0.0,0.022,"1.0, 2.5, 4.0 mW calibrated",1,0,0.0706,0,0
760345702,739783171,810753203,951844004,CA3,45,0.0,0.0,0.0,,,,0.0,0.0,0.0,,1.0,0.0,0.0,"{""1.0"": {""evoked_rate_hz"": 0.0, ""baseline_rate_hz"": 0.0, ""reliability"": 0.0, ""modulation_ratio"": 0.0, ""median_latency_ms"": null}, ""2.5"": {""evoked_rate_hz"": 0.0, ""baseline_rate_hz"": 0.0, ""reliability"": 0.0, ""modulation_ratio"": 0.0, ""median_latency_ms"": null}, ""4.0"": {""evoked_rate_hz"": 0.0, ""baseline_rate_hz"": 0.0, ""reliability"": 0.0, ""modulation_ratio"": 0.0, ""median_latency_ms"": null}}",False,1.0,insufficient evidence,0.0,Insufficient trial count (<10) or zero spikes recorded,0.0376,0.144,0.1192,0.0,0.0,0.0002,0.0183,1.0,4.6165,0.0099,insufficient evidence,850091938,2.66287670145763,0.0,39.0535205267283,0.95,0.0024885937459916,3.30254399313508,0.703703703703704,0.0005013536548681,good,27,1000,8277,3374,8583,CA3,"10-ms optical pulse (473 nm, Ai32)",0.0,0.0,,,0.0,"1.0, 2.5, 4.0 mW calibrated",0,0,0.144,0,-1
760345702,739783171,810753203,951843925,CA3,45,0.0,0.0,0.0,,,,0.0,0.0,0.0,,1.0,0.0,0.0,"{""1.0"": {""evoked_rate_hz"": 0.0, ""baseline_rate_hz"": 0.0, ""reliability"": 0.0, ""modulation_ratio"": 0.0, ""median_latency_ms"": null}, ""2.5"": {""evoked_rate_hz"": 0.0, ""baseline_rate_hz"": 0.0, ""reliability"": 0.0, ""modulation_ratio"": 0.0, ""median_latency_ms"": null}, ""4.0"": {""evoked_rate_hz"": 0.0, ""baseline_rate_hz"": 0.0, ""reliability"": 0.0, ""modulation_ratio"": 0.0, ""median_latency_ms"": null}}",False,1.0,insufficient evidence,0.0,Insufficient trial count (<10) or zero spikes recorded,0.0376,0.144,0.1192,0.0,0.0,0.0002,0.0183,1.0,4.6165,0.0099,insufficient evidence,850091936,1.9943028240882,0.342084240027674,47.5733595854422,0.99,0.0189024293862443,3.82760739204745,0.837981407702523,0.0024617909529182,good,59,1000,8276,3391,8573,CA3,"10-ms optical pulse (473 nm, Ai32)",0.0,0.0,,,0.0,"1.0, 2.5, 4.0 mW calibrated",0,0,0.144,0,-1
760345702,739783171,810753203,951844081,CA3,45,1.481,8.333,3.358,4.857,1.13,1.119,0.067,0.022,0.955,0.224,0.26474,0.205,-2.7778,"{""1.0"": {""evoked_rate_hz"": 16.67, ""baseline_rate_hz"": 0.0, ""reliability"": 0.133, ""modulation_ratio"": 16.67, ""median_latency_ms"": 5.55}, ""2.5"": {""evoked_rate_hz"": 0.0, ""baseline_rate_hz"": 0.0, ""reliability"": 0.0, ""modulation_ratio"": 0.0, ""median_latency_ms"": null}, ""4.0"": {""evoked_rate_hz"": 8.33, ""baseline_rate_hz"": 4.44, ""reliability"": 0.067, ""modulation_ratio"": 1.53, ""median_latency_ms"": 4.01}}",False,0.501,not light responsive,0.933,Not statistically significant (p=0.2647 >= 0.05),0.4035,0.226,0.1942,0.067,0.7033,0.828,0.6364,1.0,1.5917,0.2036,intermediate evidence (uncertain / borderline),850091946,1.15528629542129,0.0635463102419136,75.9402250254018,0.99,0.0035963130080698,3.02862645518623,0.969558599695586,0.0011587090617864,good,27,1040,8281,3332,8606,CA3,"10-ms optical pulse (473 nm, Ai32)",1.481,8.333,4.857,1.13,0.067,"1.0, 2.5, 4.0 mW calibrated",4,1,0.226,0,0
760345702,739783171,810753203,951844056,CA3,45,1.481,0.0,0.0,,,,0.0,0.0,0.0,,1.0,-0.149,0.0,"{""1.0"": {""evoked_rate_hz"": 0.0, ""baseline_rate_hz"": 4.44, ""reliability"": 0.0, ""modulation_ratio"": 0.0, ""median_latency_ms"": null}, ""2.5"": {""evoked_rate_hz"": 0.0, ""baseline_rate_hz"": 0.0, ""reliability"": 0.0, ""modulation_ratio"": 0.0, ""median_latency_ms"": null}, ""4.0"": {""evoked_rate_hz"": 0.0, ""baseline_rate_hz"": 0.0, ""reliability"": 0.0, ""modulation_ratio"": 0.0, ""median_latency_ms"": null}}",False,1.0,not light responsive,0.95,Not statistically significant (p=1.0000 >= 0.05); No positive modulation (mod_ratio=0.00 <= 1.0); Very low reliability (0.00 < 0.05),0.0376,0.144,0.1192,0.0,0.0,0.0002,0.0183,1.0,4.6165,0.0099,low evidence (non-responsive),850091944,1.27765920071602,0.114859675142435,56.3479205954292,0.97,0.0060602805488894,2.94099120915262,0.902777777777778,0.001121533442088,good,59,1040,8281,3340,8601,CA3,"10-ms optical pulse (473 nm, Ai32)",1.481,0.0,,,0.0,"1.0, 2.5, 4.0 mW calibrated",0,1,0.144,0,0
760345702,739783171,810753203,951844048,CA3,45,22.222,22.222,0.957,5.635,1.496,1.816,0.178,0.133,0.841,0.26,1.0,0.0,-2.7778,"{""1.0"": {""evoked_rate_hz"": 25.0, ""baseline_rate_hz"": 22.22, ""reliability"": 0.2, ""modulation_ratio"": 1.08, ""median_latency_ms"": 4.42}, ""2.5"": {""evoked_rate_hz"": 25.0, ""baseline_rate_hz"": 22.22, ""reliability"": 0.2, ""modulation_ratio"": 1.08, ""median_latency_ms"": 5.92}, ""4.0"": {""evoked_rate_hz"": 16.67, ""baseline_rate_hz"": 22.22, ""reliability"": 0.133, ""modulation_ratio"": 0.72, ""median_latency_ms"": 6.4}}",False,0.364,not light responsive,0.822,Not statistically significant (p=1.0000 >= 0.05); No positive modulation (mod_ratio=0.96 <= 1.0),0.25,0.3484,0.1192,0.178,0.0,0.7654,0.5497,1.0,1.3121,0.2692,low evidence (non-responsive),850091944,4.7890739946104,0.0017667601983307,131.206365464782,0.99,0.0007435907611208,6.93123511674562,0.996,0.0009277667329357,good,59,1040,8281,3340,8601,CA3,"10-ms optical pulse (473 nm, Ai32)",22.222,22.222,5.635,1.496,0.178,"1.0, 2.5, 4.0 mW calibrated",10,10,0.3484,0,0
760345702,739783171,810753203,951844039,CA3,45,4.444,2.778,0.51,5.955,0.0,0.0,0.022,0.044,1.0,0.0,0.63337,-0.065,2.7778,"{""1.0"": {""evoked_rate_hz"": 0.0, ""baseline_rate_hz"": 4.44, ""reliability"": 0.0, ""modulation_ratio"": 0.0, ""median_latency_ms"": null}, ""2.5"": {""evoked_rate_hz"": 0.0, ""baseline_rate_hz"": 4.44, ""reliability"": 0.0, ""modulation_ratio"": 0.0, ""median_latency_ms"": null}, ""4.0"": {""evoked_rate_hz"": 8.33, ""baseline_rate_hz"": 4.44, ""reliability"": 0.067, ""modulation_ratio"": 1.53, ""median_latency_ms"": 5.95}}",False,0.004,not light responsive,0.95,Not statistically significant (p=0.6334 >= 0.05); No positive modulation (mod_ratio=0.51 <= 1.0); Very low reliability (0.02 < 0.05),0.2583,0.0887,0.1416,0.022,0.0,0.7355,1.0,1.0,1.787,0.1675,low evidence (non-responsive),850091944,1.39466891220275,0.18413243097841,44.5259324759062,0.99,0.0539234459586297,3.22379725945172,0.912380952380952,0.0017642069550466,good,59,1040,8281,3340,8601,CA3,"10-ms optical pulse (473 nm, Ai32)",4.444,2.778,5.955,0.0,0.022,"1.0, 2.5, 4.0 mW calibrated",1,2,0.0887,0,0
760345702,739783171,810753203,951844090,CA3,45,0.0,2.778,2.778,4.178,0.0,0.0,0.022,0.0,1.0,0.0,1.0,0.149,0.0,"{""1.0"": {""evoked_rate_hz"": 0.0, ""baseline_rate_hz"": 0.0, ""reliability"": 0.0, ""modulation_ratio"": 0.0, ""median_latency_ms"": null}, ""2.5"": {""evoked_rate_hz"": 8.33, ""baseline_rate_hz"": 0.0, ""reliability"": 0.067, ""modulation_ratio"": 8.33, ""median_latency_ms"": 4.18}, ""4.0"": {""evoked_rate_hz"": 0.0, ""baseline_rate_hz"": 0.0, ""reliability"": 0.0, ""modulation_ratio"": 0.0, ""median_latency_ms"": null}}",False,1.0,not light responsive,0.95,Not statistically significant (p=1.0000 >= 0.05); Very low reliability (0.02 < 0.05),0.3974,0.0911,0.1192,0.022,0.6273,0.8711,1.0,1.0,1.7521,0.1734,intermediate evidence (uncertain / borderline),850091948,1.80463991850827,0.114463886727464,89.4774878398675,0.99,0.0011200155664011,5.82508756077417,1.0,0.0002579979360165,good,43,1060,8283,3316,8615,CA3,"10-ms optical pulse (473 nm, Ai32)",0.0,2.778,4.178,0.0,0.022,"1.0, 2.5, 4.0 mW calibrated",1,0,0.0911,0,0
760345702,739783171,810753203,951844122,CA3,45,50.37,36.111,0.703,5.961,2.612,3.948,0.289,0.4,0.727,0.462,0.25874,-0.189,11.1111,"{""1.0"": {""evoked_rate_hz"": 33.33, ""baseline_rate_hz"": 31.11, ""reliability"": 0.267, ""modulation_ratio"": 1.04, ""median_latency_ms"": 3.72}, ""2.5"": {""evoked_rate_hz"": 8.33, ""baseline_rate_hz"": 71.11, ""reliability"": 0.067, ""modulation_ratio"": 0.12, ""median_latency_ms"": 8.38}, ""4.0"": {""evoked_rate_hz"": 66.67, ""baseline_rate_hz"": 48.89, ""reliability"": 0.533, ""modulation_ratio"": 1.34, ""median_latency_ms"": 6.27}}",False,0.3,not light responsive,0.711,Not statistically significant (p=0.2587 >= 0.05); No positive modulation (mod_ratio=0.70 <= 1.0),0.2764,0.4909,0.1958,0.289,0.0,0.7349,0.3518,1.0,1.1238,0.3251,low evidence (non-responsive),850091952,1.72397662111978,0.0291991213704004,64.7488757126231,0.99,0.0535285937804822,2.08902699437352,0.914666666666667,0.0123988113536223,good,59,1080,8286,3292,8629,CA3,"10-ms optical pulse (473 nm, Ai32)",50.37,36.111,5.961,2.612,0.289,"1.0, 2.5, 4.0 mW calibrated",16,23,0.4909,0,0
760345702,739783171,810753203,951844113,CA3,45,31.111,33.333,1.038,6.163,2.186,3.364,0.267,0.244,0.75,0.367,0.76523,0.035,5.5556,"{""1.0"": {""evoked_rate_hz"": 25.0, ""baseline_rate_hz"": 35.56, ""reliability"": 0.2, ""modulation_ratio"": 0.68, ""median_latency_ms"": 7.63}, ""2.5"": {""evoked_rate_hz"": 33.33, ""baseline_rate_hz"": 26.67, ""reliability"": 0.267, ""modulation_ratio"": 1.2, ""median_latency_ms"": 4.91}, ""4.0"": {""evoked_rate_hz"": 41.67, ""baseline_rate_hz"": 31.11, ""reliability"": 0.333, ""modulation_ratio"": 1.3, ""median_latency_ms"": 7.48}}",False,-0.111,not light responsive,0.733,Not statistically significant (p=0.7652 >= 0.05),0.2606,0.4598,0.132,0.267,0.0269,0.7147,0.4171,1.0,1.0646,0.3449,low evidence (non-responsive),850091952,2.73383715041991,0.0254270464954854,70.5986608016608,0.99,0.0239846460425544,3.6468968720898,0.929333333333333,0.007766812865497,good,59,1080,8286,3292,8629,CA3,"10-ms optical pulse (473 nm, Ai32)",31.111,33.333,6.163,2.186,0.267,"1.0, 2.5, 4.0 mW calibrated",15,14,0.4598,0,0
760345702,739783171,810753203,951844178,CA3,45,41.481,36.111,0.85,5.308,2.49,3.725,0.267,0.178,0.885,0.459,0.66633,-0.081,0.0,"{""1.0"": {""evoked_rate_hz"": 41.67, ""baseline_rate_hz"": 48.89, ""reliability"": 0.333, ""modulation_ratio"": 0.84, ""median_latency_ms"": 6.79}, ""2.5"": {""evoked_rate_hz"": 25.0, ""baseline_rate_hz"": 44.44, ""reliability"": 0.2, ""modulation_ratio"": 0.55, ""median_latency_ms"": 7.36}, ""4.0"": {""evoked_rate_hz"": 41.67, ""baseline_rate_hz"": 31.11, ""reliability"": 0.267, ""modulation_ratio"": 1.3, ""median_latency_ms"": 2.86}}",False,-0.428,not light responsive,0.733,Not statistically significant (p=0.6663 >= 0.05); No positive modulation (mod_ratio=0.85 <= 1.0),0.2644,0.4804,0.139,0.267,0.0,0.7935,0.3694,1.0,1.2166,0.2962,low evidence (non-responsive),850091958,1.7580941588991,0.0202569583073425,92.696360157686,0.99,0.0602134806918343,4.03312502739286,0.992,0.0028253908457336,good,11,1100,8290,3260,8647,CA3,"10-ms optical pulse (473 nm, Ai32)",41.481,36.111,5.308,2.49,0.267,"1.0, 2.5, 4.0 mW calibrated",16,19,0.4804,0,0
760345702,739783171,810753203,951844169,CA3,45,2.963,2.778,0.701,2.655,0.0,0.0,0.022,0.022,1.0,0.0,1.0,-0.008,2.7778,"{""1.0"": {""evoked_rate_hz"": 0.0, ""baseline_rate_hz"": 8.89, ""reliability"": 0.0, ""modulation_ratio"": 0.0, ""median_latency_ms"": null}, ""2.5"": {""evoked_rate_hz"": 0.0, ""baseline_rate_hz"": 0.0, ""reliability"": 0.0, ""modulation_ratio"": 0.0, ""median_latency_ms"": null}, ""4.0"": {""evoked_rate_hz"": 8.33, ""baseline_rate_hz"": 0.0, ""reliability"": 0.067, ""modulation_ratio"": 8.33, ""median_latency_ms"": 2.65}}",False,0.002,not light responsive,0.95,Not statistically significant (p=1.0000 >= 0.05); No positive modulation (mod_ratio=0.70 <= 1.0); Very low reliability (0.02 < 0.05),0.2816,0.0673,0.1192,0.022,0.0,0.9354,1.0,1.0,2.172,0.1139,low evidence (non-responsive),850091958,2.53088529444732,0.204010998571717,80.8731226336085,0.99,0.0034162673858287,7.68932306938854,0.954166666666667,0.0001680107526881,good,11,1100,8290,3260,8647,CA3,"10-ms optical pulse (473 nm, Ai32)",2.963,2.778,2.655,0.0,0.022,"1.0, 2.5, 4.0 mW calibrated",1,1,0.0673,0,0
760345702,739783171,810753203,951844162,CA3,45,13.333,13.889,0.969,6.598,1.921,1.361,0.111,0.044,0.909,0.293,1.0,0.013,-5.5556,"{""1.0"": {""evoked_rate_hz"": 25.0, ""baseline_rate_hz"": 8.89, ""reliability"": 0.2, ""modulation_ratio"": 2.53, ""median_latency_ms"": 7.43}, ""2.5"": {""evoked_rate_hz"": 8.33, ""baseline_rate_hz"": 13.33, ""reliability"": 0.067, ""modulation_ratio"": 0.58, ""median_latency_ms"": 6.07}, ""4.0"": {""evoked_rate_hz"": 8.33, ""baseline_rate_hz"": 17.78, ""reliability"": 0.067, ""modulation_ratio"": 0.44, ""median_latency_ms"": 6.6}}",False,0.004,not light responsive,0.889,Not statistically significant (p=1.0000 >= 0.05); No positive modulation (mod_ratio=0.97 <= 1.0),0.2101,0.2983,0.1192,0.111,0.0,0.6684,0.4638,1.0,1.4198,0.2418,low evidence (non-responsive),850091956,2.43513453664177,0.0,134.746607004635,0.99,0.0002741181199348,8.59874268535057,0.997724687144482,0.0001030184403008,good,43,1100,8288,3276,8638,CA3,"10-ms optical pulse (473 nm, Ai32)",13.333,13.889,6.598,1.921,0.111,"1.0, 2.5, 4.0 mW calibrated",6,6,0.2983,0,0
760345702,739783171,810753203,951846426,CA3,45,19.259,13.889,0.686,8.329,2.786,3.742,0.111,0.089,0.909,0.416,0.38961,-0.122,-2.7778,"{""1.0"": {""evoked_rate_hz"": 16.67, ""baseline_rate_hz"": 22.22, ""reliability"": 0.133, ""modulation_ratio"": 0.72, ""median_latency_ms"": 5.46}, ""2.5"": {""evoked_rate_hz"": 16.67, ""baseline_rate_hz"": 13.33, ""reliability"": 0.133, ""modulation_ratio"": 1.16, ""median_latency_ms"": 8.78}, ""4.0"": {""evoked_rate_hz"": 8.33, ""baseline_rate_hz"": 22.22, ""reliability"": 0.067, ""modulation_ratio"": 0.36, ""median_latency_ms"": 5.01}}",False,0.201,not light responsive,0.889,Not statistically significant (p=0.3896 >= 0.05); No positive modulation (mod_ratio=0.69 <= 1.0),0.1802,0.3175,0.1693,0.111,0.0,0.459,0.3281,1.0,1.3783,0.252,low evidence (non-responsive),850091960,2.25586444095404,0.0642505672743095,73.4942990990685,0.99,0.0089770128710053,3.82739800452034,0.970489604292421,0.003718124101161,good,59,1120,8291,3253,8651,CA3,"10-ms optical pulse (473 nm, Ai32)",19.259,13.889,8.329,2.786,0.111,"1.0, 2.5, 4.0 mW calibrated",6,9,0.3175,0,0
760345702,739783171,810753203,951844208,CA3,45,17.778,22.222,1.183,4.399,2.127,1.313,0.178,0.111,0.841,0.439,0.66234,0.074,0.0,"{""1.0"": {""evoked_rate_hz"": 16.67, ""baseline_rate_hz"": 17.78, ""reliability"": 0.133, ""modulation_ratio"": 0.89, ""median_latency_ms"": 4.04}, ""2.5"": {""evoked_rate_hz"": 33.33, ""baseline_rate_hz"": 17.78, ""reliability"": 0.267, ""modulation_ratio"": 1.78, ""median_latency_ms"": 4.4}, ""4.0"": {""evoked_rate_hz"": 16.67, ""baseline_rate_hz"": 17.78, ""reliability"": 0.133, ""modulation_ratio"": 0.89, ""median_latency_ms"": 7.75}}",False,0.143,not light responsive,0.822,Not statistically significant (p=0.6623 >= 0.05),0.2819,0.4233,0.1393,0.178,0.1206,0.8582,0.4271,1.0,1.3253,0.2657,low evidence (non-responsive),850091960,2.5361286010905,0.004551500824719,91.9889554750909,0.99,0.0008547798989063,5.20075350149397,0.983333333333333,0.0029982363315696,good,59,1120,8291,3253,8651,CA3,"10-ms optical pulse (473 nm, Ai32)",17.778,22.222,4.399,2.127,0.178,"1.0, 2.5, 4.0 mW calibrated",10,8,0.4233,0,0
760345702,739783171,810753203,951844219,CA3,45,25.185,8.333,0.318,6.712,4.09,3.97,0.067,0.133,0.955,0.733,0.02997,-0.325,0.0,"{""1.0"": {""evoked_rate_hz"": 8.33, ""baseline_rate_hz"": 13.33, ""reliability"": 0.067, ""modulation_ratio"": 0.58, ""median_latency_ms"": 6.71}, ""2.5"": {""evoked_rate_hz"": 8.33, ""baseline_rate_hz"": 31.11, ""reliability"": 0.067, ""modulation_ratio"": 0.26, ""median_latency_ms"": 8.98}, ""4.0"": {""evoked_rate_hz"": 8.33, ""baseline_rate_hz"": 31.11, ""reliability"": 0.067, ""modulation_ratio"": 0.26, ""median_latency_ms"": 1.04}}",False,-0.399,not light responsive,0.933,Not statistically significant (p=0.0300 >= 0.05); No positive modulation (mod_ratio=0.32 <= 1.0),0.2495,0.3597,0.383,0.067,0.0,0.6557,0.1948,1.0,1.5687,0.2083,low evidence (non-responsive),850091966,1.63307291084368,0.0151655654714793,77.1025140547486,0.99,0.0151976301947425,3.94525885614222,0.966,0.0084388185654008,good,11,1140,8296,3216,8673,CA3,"10-ms optical pulse (473 nm, Ai32)",25.185,8.333,6.712,4.09,0.067,"1.0, 2.5, 4.0 mW calibrated",4,11,0.3597,0,0
760345702,739783171,810753203,951844255,CA3,45,0.0,0.0,0.0,,,,0.0,0.0,0.0,,1.0,0.0,0.0,"{""1.0"": {""evoked_rate_hz"": 0.0, ""baseline_rate_hz"": 0.0, ""reliability"": 0.0, ""modulation_ratio"": 0.0, ""median_latency_ms"": null}, ""2.5"": {""evoked_rate_hz"": 0.0, ""baseline_rate_hz"": 0.0, ""reliability"": 0.0, ""modulation_ratio"": 0.0, ""median_latency_ms"": null}, ""4.0"": {""evoked_rate_hz"": 0.0, ""baseline_rate_hz"": 0.0, ""reliability"": 0.0, ""modulation_ratio"": 0.0, ""median_latency_ms"": null}}",False,1.0,insufficient evidence,0.0,Insufficient trial count (<10) or zero spikes recorded,0.0376,0.144,0.1192,0.0,0.0,0.0002,0.0183,1.0,4.6165,0.0099,insufficient evidence,850091972,1.54711675380751,0.147648296099284,54.5485709942428,0.99,0.0037914990236129,4.98123994683505,0.97280701754386,0.0003465003465003,good,43,1180,8300,3187,8689,CA3,"10-ms optical pulse (473 nm, Ai32)",0.0,0.0,,,0.0,"1.0, 2.5, 4.0 mW calibrated",0,0,0.144,0,-1
760345702,739783171,810753203,951844304,DG,45,1.481,2.778,1.119,8.287,0.0,0.0,0.022,0.0,1.0,0.0,1.0,0.061,-2.7778,"{""1.0"": {""evoked_rate_hz"": 8.33, ""baseline_rate_hz"": 4.44, ""reliability"": 0.067, ""modulation_ratio"": 1.53, ""median_latency_ms"": 8.29}, ""2.5"": {""evoked_rate_hz"": 0.0, ""baseline_rate_hz"": 0.0, ""reliability"": 0.0, ""modulation_ratio"": 0.0, ""median_latency_ms"": null}, ""4.0"": {""evoked_rate_hz"": 0.0, ""baseline_rate_hz"": 0.0, ""reliability"": 0.0, ""modulation_ratio"": 0.0, ""median_latency_ms"": null}}",False,-221.222,not light responsive,0.95,Not statistically significant (p=1.0000 >= 0.05); Very low reliability (0.02 < 0.05),0.2271,0.1005,0.1192,0.022,0.0809,0.4642,1.0,1.0,1.6245,0.197,low evidence (non-responsive),850092010,1.96529747787082,0.092059636628926,62.4365100731003,0.99,0.0005997973943548,5.5640166579165,0.985074626865672,0.000798777523095,good,27,1360,8319,3016,8797,DG,"10-ms optical pulse (473 nm, Ai32)",1.481,2.778,8.287,0.0,0.022,"1.0, 2.5, 4.0 mW calibrated",1,1,0.1005,0,0
760345702,739783171,810753203,951844416,DG,45,0.0,0.0,0.0,,,,0.0,0.0,0.0,,1.0,0.0,0.0,"{""1.0"": {""evoked_rate_hz"": 0.0, ""baseline_rate_hz"": 0.0, ""reliability"": 0.0, ""modulation_ratio"": 0.0, ""median_latency_ms"": null}, ""2.5"": {""evoked_rate_hz"": 0.0, ""baseline_rate_hz"": 0.0, ""reliability"": 0.0, ""modulation_ratio"": 0.0, ""median_latency_ms"": null}, ""4.0"": {""evoked_rate_hz"": 0.0, ""baseline_rate_hz"": 0.0, ""reliability"": 0.0, ""modulation_ratio"": 0.0, ""median_latency_ms"": null}}",False,1.0,insufficient evidence,0.0,Insufficient trial count (<10) or zero spikes recorded,0.0376,0.144,0.1192,0.0,0.0,0.0002,0.0183,1.0,4.6165,0.0099,insufficient evidence,850092026,3.33151701019683,0.169064965145561,63.9549049213154,0.96,0.0002491324059314,5.16657139666333,0.993055555555556,0.0001674705251875,good,27,1440,8323,2957,8840,DG,"10-ms optical pulse (473 nm, Ai32)",0.0,0.0,,,0.0,"1.0, 2.5, 4.0 mW calibrated",0,0,0.144,0,-1
760345702,739783171,810753203,951844527,CA1,45,5.926,2.778,0.401,1.692,0.0,0.0,0.022,0.089,1.0,0.0,0.37263,-0.115,-2.7778,"{""1.0"": {""evoked_rate_hz"": 8.33, ""baseline_rate_hz"": 0.0, ""reliability"": 0.067, ""modulation_ratio"": 8.33, ""median_latency_ms"": 1.69}, ""2.5"": {""evoked_rate_hz"": 0.0, ""baseline_rate_hz"": 17.78, ""reliability"": 0.0, ""modulation_ratio"": 0.0, ""median_latency_ms"": null}, ""4.0"": {""evoked_rate_hz"": 0.0, ""baseline_rate_hz"": 0.0, ""reliability"": 0.0, ""modulation_ratio"": 0.0, ""median_latency_ms"": null}}",False,-221.222,not light responsive,0.95,Not statistically significant (p=0.3726 >= 0.05); No positive modulation (mod_ratio=0.40 <= 1.0); Very low reliability (0.02 < 0.05),0.301,0.0607,0.172,0.022,0.0,0.9591,1.0,1.0,2.3279,0.0975,low evidence (non-responsive),850092078,3.38270748178413,0.0,121.926553685632,0.95,1.43497017861308e-05,9.32746290980367,0.996996996996997,0.0001046462955211,good,11,1700,8332,2772,8999,CA1,"10-ms optical pulse (473 nm, Ai32)",5.926,2.778,1.692,0.0,0.022,"1.0, 2.5, 4.0 mW calibrated",1,3,0.0607,0,0
760345702,739783171,810753203,951844541,CA1,45,22.222,30.556,1.316,5.36,2.757,4.095,0.244,0.111,0.773,0.525,0.31768,0.155,0.0,"{""1.0"": {""evoked_rate_hz"": 25.0, ""baseline_rate_hz"": 17.78, ""reliability"": 0.2, ""modulation_ratio"": 1.33, ""median_latency_ms"": 8.93}, ""2.5"": {""evoked_rate_hz"": 41.67, ""baseline_rate_hz"": 26.67, ""reliability"": 0.333, ""modulation_ratio"": 1.51, ""median_latency_ms"": 3.72}, ""4.0"": {""evoked_rate_hz"": 25.0, ""baseline_rate_hz"": 22.22, ""reliability"": 0.2, ""modulation_ratio"": 1.08, ""median_latency_ms"": 5.58}}",False,0.334,not light responsive,0.756,Not statistically significant (p=0.3177 >= 0.05),0.3063,0.523,0.1821,0.244,0.1955,0.7892,0.3319,1.0,0.9373,0.3917,low evidence (non-responsive),850092088,1.32883176275496,0.0896483986743893,436.318606664854,0.99,0.0086449489825986,3.63882860329717,0.968666666666667,0.102328431372549,good,59,1760,8333,2738,9031,CA1,"10-ms optical pulse (473 nm, Ai32)",22.222,30.556,5.36,2.757,0.244,"1.0, 2.5, 4.0 mW calibrated",14,10,0.523,0,0
760345702,739783171,810753203,951844555,CA1,45,1.481,0.0,0.0,,,,0.0,0.022,0.0,,1.0,-0.149,0.0,"{""1.0"": {""evoked_rate_hz"": 0.0, ""baseline_rate_hz"": 0.0, ""reliability"": 0.0, ""modulation_ratio"": 0.0, ""median_latency_ms"": null}, ""2.5"": {""evoked_rate_hz"": 0.0, ""baseline_rate_hz"": 4.44, ""reliability"": 0.0, ""modulation_ratio"": 0.0, ""median_latency_ms"": null}, ""4.0"": {""evoked_rate_hz"": 0.0, ""baseline_rate_hz"": 0.0, ""reliability"": 0.0, ""modulation_ratio"": 0.0, ""median_latency_ms"": null}}",False,1.0,not light responsive,0.95,Not statistically significant (p=1.0000 >= 0.05); No positive modulation (mod_ratio=0.00 <= 1.0); Very low reliability (0.00 < 0.05),0.0376,0.144,0.1192,0.0,0.0,0.0002,0.0183,1.0,4.6165,0.0099,low evidence (non-responsive),850092098,3.30885126659479,0.0,140.011580708917,0.99,0.0003882606377513,8.63932436730601,0.99859943977591,0.0001024380249948,good,27,1800,8334,2703,9064,CA1,"10-ms optical pulse (473 nm, Ai32)",1.481,0.0,,,0.0,"1.0, 2.5, 4.0 mW calibrated",0,1,0.144,0,0
760345702,739783171,810753203,951844628,CA1,45,1.481,5.556,2.239,5.283,2.577,1.822,0.044,0.022,0.977,0.488,0.5015,0.2,0.0,"{""1.0"": {""evoked_rate_hz"": 8.33, ""baseline_rate_hz"": 0.0, ""reliability"": 0.067, ""modulation_ratio"": 8.33, ""median_latency_ms"": 3.46}, ""2.5"": {""evoked_rate_hz"": 0.0, ""baseline_rate_hz"": 0.0, ""reliability"": 0.0, ""modulation_ratio"": 0.0, ""median_latency_ms"": null}, ""4.0"": {""evoked_rate_hz"": 8.33, ""baseline_rate_hz"": 4.44, ""reliability"": 0.067, ""modulation_ratio"": 1.53, ""median_latency_ms"": 7.11}}",False,-221.222,not light responsive,0.95,Not statistically significant (p=0.5015 >= 0.05); Very low reliability (0.04 < 0.05),0.3171,0.3063,0.1544,0.044,0.5237,0.7955,0.3567,1.0,1.4582,0.2327,low evidence (non-responsive),850092136,1.09224156788632,0.459329385232275,40.3193720568972,0.98,0.008462655482873,3.40207873346858,0.834474885844749,0.0022318362862244,good,59,2000,8333,2562,9193,CA1,"10-ms optical pulse (473 nm, Ai32)",1.481,5.556,5.283,2.577,0.044,"1.0, 2.5, 4.0 mW calibrated",3,1,0.3063,0,0
760345702,739783171,810753203,951844734,CA1,45,31.111,16.667,0.519,5.772,2.172,2.478,0.133,0.289,0.886,0.425,0.06593,-0.277,2.7778,"{""1.0"": {""evoked_rate_hz"": 8.33, ""baseline_rate_hz"": 26.67, ""reliability"": 0.067, ""modulation_ratio"": 0.3, ""median_latency_ms"": 5.79}, ""2.5"": {""evoked_rate_hz"": 25.0, ""baseline_rate_hz"": 31.11, ""reliability"": 0.2, ""modulation_ratio"": 0.78, ""median_latency_ms"": 6.08}, ""4.0"": {""evoked_rate_hz"": 16.67, ""baseline_rate_hz"": 35.56, ""reliability"": 0.133, ""modulation_ratio"": 0.46, ""median_latency_ms"": 2.52}}",False,0.625,not light responsive,0.867,Not statistically significant (p=0.0659 >= 0.05); No positive modulation (mod_ratio=0.52 <= 1.0),0.2799,0.3452,0.306,0.133,0.0,0.7529,0.4195,1.0,1.4169,0.2425,low evidence (non-responsive),850092146,2.65563832868987,0.003645573282665,114.074722248033,0.99,0.0004624817417739,5.00636390602534,0.999333333333333,0.001207729468599,good,27,2040,8333,2523,9227,CA1,"10-ms optical pulse (473 nm, Ai32)",31.111,16.667,5.772,2.172,0.133,"1.0, 2.5, 4.0 mW calibrated",8,14,0.3452,0,0
760345702,739783171,810753203,951844713,CA1,45,4.444,8.333,1.531,6.78,1.342,1.177,0.067,0.044,0.955,0.222,0.60539,0.106,2.7778,"{""1.0"": {""evoked_rate_hz"": 8.33, ""baseline_rate_hz"": 0.0, ""reliability"": 0.067, ""modulation_ratio"": 8.33, ""median_latency_ms"": 6.78}, ""2.5"": {""evoked_rate_hz"": 0.0, ""baseline_rate_hz"": 8.89, ""reliability"": 0.0, ""modulation_ratio"": 0.0, ""median_latency_ms"": null}, ""4.0"": {""evoked_rate_hz"": 16.67, ""baseline_rate_hz"": 4.44, ""reliability"": 0.133, ""modulation_ratio"": 3.06, ""median_latency_ms"": 5.66}}",False,0.004,not light responsive,0.933,Not statistically significant (p=0.6054 >= 0.05),0.2752,0.2454,0.1441,0.067,0.2979,0.6479,0.5846,1.0,1.2645,0.2824,low evidence (non-responsive),850092144,3.11763414537099,0.0679616515503933,53.2544979985402,0.99,0.0006242321653537,3.01082464347072,0.946666666666667,0.0008568980291345,good,59,2040,8333,2534,9217,CA1,"10-ms optical pulse (473 nm, Ai32)",4.444,8.333,6.78,1.342,0.067,"1.0, 2.5, 4.0 mW calibrated",4,2,0.2454,0,0
760345702,739783171,810753203,951844706,CA1,45,1.481,5.556,2.239,6.673,0.784,0.555,0.044,0.0,0.977,0.118,0.51249,0.145,-5.5556,"{""1.0"": {""evoked_rate_hz"": 16.67, ""baseline_rate_hz"": 0.0, ""reliability"": 0.133, ""modulation_ratio"": 16.67, ""median_latency_ms"": 6.67}, ""2.5"": {""evoked_rate_hz"": 0.0, ""baseline_rate_hz"": 4.44, ""reliability"": 0.0, ""modulation_ratio"": 0.0, ""median_latency_ms"": null}, ""4.0"": {""evoked_rate_hz"": 0.0, ""baseline_rate_hz"": 0.0, ""reliability"": 0.0, ""modulation_ratio"": 0.0, ""median_latency_ms"": null}}",False,-221.222,not light responsive,0.95,Not statistically significant (p=0.5125 >= 0.05); Very low reliability (0.04 < 0.05),0.3338,0.1892,0.1532,0.044,0.5237,0.66,0.7308,1.0,1.3323,0.2639,low evidence (non-responsive),850092144,3.41155970576934,0.142517603995619,54.3654476294988,0.99,0.0002504029660349,4.57954992748853,0.977011494252874,0.0012739730744069,good,59,2040,8333,2534,9217,CA1,"10-ms optical pulse (473 nm, Ai32)",1.481,5.556,6.673,0.784,0.044,"1.0, 2.5, 4.0 mW calibrated",3,1,0.1892,0,0
760345702,739783171,810753203,951844756,CA1,45,4.444,5.556,1.02,3.839,3.431,2.426,0.044,0.022,0.977,0.894,1.0,0.035,5.5556,"{""1.0"": {""evoked_rate_hz"": 0.0, ""baseline_rate_hz"": 4.44, ""reliability"": 0.0, ""modulation_ratio"": 0.0, ""median_latency_ms"": null}, ""2.5"": {""evoked_rate_hz"": 0.0, ""baseline_rate_hz"": 4.44, ""reliability"": 0.0, ""modulation_ratio"": 0.0, ""median_latency_ms"": null}, ""4.0"": {""evoked_rate_hz"": 16.67, ""baseline_rate_hz"": 4.44, ""reliability"": 0.133, ""modulation_ratio"": 3.06, ""median_latency_ms"": 3.84}}",False,1.0,not light responsive,0.95,Not statistically significant (p=1.0000 >= 0.05); Very low reliability (0.04 < 0.05),0.2083,0.4143,0.1192,0.044,0.0143,0.889,0.2535,1.0,1.9142,0.1475,low evidence (non-responsive),850092152,2.78877297845,0.113285714977252,66.1679243381331,0.99,0.0163211677387529,3.61711250849838,0.970856102003643,0.0007470034973345,good,59,2080,8333,2500,9246,CA1,"10-ms optical pulse (473 nm, Ai32)",4.444,5.556,3.839,3.431,0.044,"1.0, 2.5, 4.0 mW calibrated",3,2,0.4143,0,0
760345702,739783171,810753203,951844786,CA1,45,1.481,5.556,2.239,4.997,2.383,1.685,0.044,0.022,0.977,0.477,0.48951,0.145,0.0,"{""1.0"": {""evoked_rate_hz"": 0.0, ""baseline_rate_hz"": 0.0, ""reliability"": 0.0, ""modulation_ratio"": 0.0, ""median_latency_ms"": null}, ""2.5"": {""evoked_rate_hz"": 16.67, ""baseline_rate_hz"": 0.0, ""reliability"": 0.133, ""modulation_ratio"": 16.67, ""median_latency_ms"": 5.0}, ""4.0"": {""evoked_rate_hz"": 0.0, ""baseline_rate_hz"": 4.44, ""reliability"": 0.0, ""modulation_ratio"": 0.0, ""median_latency_ms"": null}}",False,-0.991,not light responsive,0.95,Not statistically significant (p=0.4895 >= 0.05); Very low reliability (0.04 < 0.05),0.3237,0.2993,0.1558,0.044,0.5237,0.8178,0.3855,1.0,1.4928,0.2247,low evidence (non-responsive),850092158,3.15625228682724,0.0646027085163138,66.2046950041084,0.99,0.0004591861557981,5.07570282661696,0.950892857142857,0.0002386797599563,good,11,2100,8333,2477,9266,CA1,"10-ms optical pulse (473 nm, Ai32)",1.481,5.556,4.997,2.383,0.044,"1.0, 2.5, 4.0 mW calibrated",3,1,0.2993,0,0
760345702,739783171,810753203,951844884,CA1,45,7.407,8.333,0.991,4.219,2.609,2.587,0.067,0.067,0.955,0.681,1.0,0.029,-5.5556,"{""1.0"": {""evoked_rate_hz"": 16.67, ""baseline_rate_hz"": 4.44, ""reliability"": 0.133, ""modulation_ratio"": 3.06, ""median_latency_ms"": 3.64}, ""2.5"": {""evoked_rate_hz"": 8.33, ""baseline_rate_hz"": 4.44, ""reliability"": 0.067, ""modulation_ratio"": 1.53, ""median_latency_ms"": 4.22}, ""4.0"": {""evoked_rate_hz"": 0.0, ""baseline_rate_hz"": 13.33, ""reliability"": 0.0, ""modulation_ratio"": 0.0, ""median_latency_ms"": null}}",False,0.002,not light responsive,0.933,Not statistically significant (p=1.0000 >= 0.05); No positive modulation (mod_ratio=0.99 <= 1.0),0.2181,0.3455,0.1192,0.067,0.0,0.8688,0.3522,1.0,1.803,0.1648,low evidence (non-responsive),850092160,2.41262248526148,0.0196937328593018,86.4158031007853,0.96,0.0034967758202909,6.43734716413884,0.985935302390999,0.0005804226842842,good,59,2120,8333,2465,9275,CA1,"10-ms optical pulse (473 nm, Ai32)",7.407,8.333,4.219,2.609,0.067,"1.0, 2.5, 4.0 mW calibrated",4,3,0.3455,0,0
760345702,739783171,810753203,951844813,CA1,45,38.519,30.556,0.773,3.804,2.874,4.893,0.244,0.267,0.773,0.639,0.5025,-0.105,-8.3333,"{""1.0"": {""evoked_rate_hz"": 33.33, ""baseline_rate_hz"": 44.44, ""reliability"": 0.267, ""modulation_ratio"": 0.73, ""median_latency_ms"": 7.59}, ""2.5"": {""evoked_rate_hz"": 50.0, ""baseline_rate_hz"": 26.67, ""reliability"": 0.4, ""modulation_ratio"": 1.81, ""median_latency_ms"": 2.29}, ""4.0"": {""evoked_rate_hz"": 8.33, ""baseline_rate_hz"": 44.44, ""reliability"": 0.067, ""modulation_ratio"": 0.18, ""median_latency_ms"": 5.68}}",False,0.2,not light responsive,0.756,Not statistically significant (p=0.5025 >= 0.05); No positive modulation (mod_ratio=0.77 <= 1.0),0.2726,0.5422,0.1543,0.244,0.0,0.8907,0.3168,1.0,1.4761,0.2285,low evidence (non-responsive),850092160,1.69282787679633,0.0218453047182929,85.8655112102947,0.99,0.0027224803248348,4.30235985042342,0.993333333333333,0.003499300139972,good,59,2120,8333,2465,9275,CA1,"10-ms optical pulse (473 nm, Ai32)",38.519,30.556,3.804,2.874,0.244,"1.0, 2.5, 4.0 mW calibrated",14,17,0.5422,0,0
760345702,739783171,810753203,951844798,CA1,45,5.926,5.556,0.802,7.99,1.124,0.795,0.044,0.067,0.977,0.141,0.85814,-0.012,0.0,"{""1.0"": {""evoked_rate_hz"": 8.33, ""baseline_rate_hz"": 0.0, ""reliability"": 0.067, ""modulation_ratio"": 8.33, ""median_latency_ms"": 7.2}, ""2.5"": {""evoked_rate_hz"": 0.0, ""baseline_rate_hz"": 4.44, ""reliability"": 0.0, ""modulation_ratio"": 0.0, ""median_latency_ms"": null}, ""4.0"": {""evoked_rate_hz"": 8.33, ""baseline_rate_hz"": 13.33, ""reliability"": 0.067, ""modulation_ratio"": 0.58, ""median_latency_ms"": 8.79}}",False,-0.331,not light responsive,0.95,Not statistically significant (p=0.8581 >= 0.05); No positive modulation (mod_ratio=0.80 <= 1.0); Very low reliability (0.04 < 0.05),0.1879,0.1705,0.1264,0.044,0.0,0.5012,0.6379,1.0,1.6243,0.197,low evidence (non-responsive),850092160,0.894595220588711,0.30463399798223,46.1922046344772,0.99,0.0921700174170609,1.89766147433639,0.809322033898305,0.0133641197872936,good,59,2120,8333,2465,9275,CA1,"10-ms optical pulse (473 nm, Ai32)",5.926,5.556,7.99,1.124,0.044,"1.0, 2.5, 4.0 mW calibrated",3,3,0.1705,0,0
760345702,739783171,810753203,951845118,CA1,45,2.963,8.333,2.103,6.449,0.759,0.706,0.067,0.022,0.955,0.124,0.38561,0.183,2.7778,"{""1.0"": {""evoked_rate_hz"": 0.0, ""baseline_rate_hz"": 0.0, ""reliability"": 0.0, ""modulation_ratio"": 0.0, ""median_latency_ms"": null}, ""2.5"": {""evoked_rate_hz"": 16.67, ""baseline_rate_hz"": 4.44, ""reliability"": 0.133, ""modulation_ratio"": 3.06, ""median_latency_ms"": 5.85}, ""4.0"": {""evoked_rate_hz"": 8.33, ""baseline_rate_hz"": 4.44, ""reliability"": 0.067, ""modulation_ratio"": 1.53, ""median_latency_ms"": 6.67}}",False,0.001,not light responsive,0.933,Not statistically significant (p=0.3856 >= 0.05),0.3423,0.2213,0.1699,0.067,0.4901,0.6847,0.7382,1.0,1.23,0.2923,low evidence (non-responsive),850092166,1.12097525635283,0.345922834175734,56.2263839396725,0.99,0.0912107853070315,3.50700427173531,0.939102564102564,0.0024084778420038,good,11,2140,8333,2442,9295,CA1,"10-ms optical pulse (473 nm, Ai32)",2.963,8.333,6.449,0.759,0.067,"1.0, 2.5, 4.0 mW calibrated",4,1,0.2213,0,0
760345702,739783171,810753203,951844984,CA1,45,29.63,47.222,1.542,6.112,2.211,2.338,0.333,0.2,0.877,0.407,0.12587,0.224,-2.7778,"{""1.0"": {""evoked_rate_hz"": 50.0, ""baseline_rate_hz"": 31.11, ""reliability"": 0.4, ""modulation_ratio"": 1.56, ""median_latency_ms"": 5.88}, ""2.5"": {""evoked_rate_hz"": 50.0, ""baseline_rate_hz"": 35.56, ""reliability"": 0.333, ""modulation_ratio"": 1.37, ""median_latency_ms"": 5.99}, ""4.0"": {""evoked_rate_hz"": 41.67, ""baseline_rate_hz"": 22.22, ""reliability"": 0.267, ""modulation_ratio"": 1.79, ""median_latency_ms"": 6.6}}",False,-0.125,not light responsive,0.667,Not statistically significant (p=0.1259 >= 0.05),0.368,0.565,0.2498,0.333,0.3026,0.7199,0.413,1.0,0.6251,0.5352,intermediate evidence (uncertain / borderline),850092166,2.02809874250943,0.0473763986294617,72.6397968114005,0.99,0.0566923730015689,3.00044712015975,0.954666666666667,0.0285612281328097,good,11,2140,8333,2442,9295,CA1,"10-ms optical pulse (473 nm, Ai32)",29.63,47.222,6.112,2.211,0.333,"1.0, 2.5, 4.0 mW calibrated",21,13,0.565,0,0
760345702,739783171,810753203,951844973,CA1,45,11.852,13.889,1.081,3.314,1.267,2.096,0.089,0.089,1.318,0.391,0.86414,0.035,-2.7778,"{""1.0"": {""evoked_rate_hz"": 16.67, ""baseline_rate_hz"": 31.11, ""reliability"": 0.133, ""modulation_ratio"": 0.52, ""median_latency_ms"": 3.15}, ""2.5"": {""evoked_rate_hz"": 16.67, ""baseline_rate_hz"": 0.0, ""reliability"": 0.067, ""modulation_ratio"": 16.67, ""median_latency_ms"": 2.31}, ""4.0"": {""evoked_rate_hz"": 8.33, ""baseline_rate_hz"": 4.44, ""reliability"": 0.067, ""modulation_ratio"": 1.53, ""median_latency_ms"": 4.34}}",False,0.001,not light responsive,0.911,Not statistically significant (p=0.8641 >= 0.05),0.2684,0.2812,0.126,0.089,0.0561,0.9124,0.6024,1.0,1.8092,0.1638,low evidence (non-responsive),850092166,2.78928269053692,0.183010247717889,51.1651054853887,0.99,0.0009223912284497,3.63708511357603,0.942204301075269,0.0013330598851517,good,11,2140,8333,2442,9295,CA1,"10-ms optical pulse (473 nm, Ai32)",11.852,13.889,3.314,1.267,0.089,"1.0, 2.5, 4.0 mW calibrated",6,5,0.2812,0,0
760345702,739783171,810753203,951844963,CA1,45,0.0,0.0,0.0,,,,0.0,0.0,0.0,,1.0,0.0,0.0,"{""1.0"": {""evoked_rate_hz"": 0.0, ""baseline_rate_hz"": 0.0, ""reliability"": 0.0, ""modulation_ratio"": 0.0, ""median_latency_ms"": null}, ""2.5"": {""evoked_rate_hz"": 0.0, ""baseline_rate_hz"": 0.0, ""reliability"": 0.0, ""modulation_ratio"": 0.0, ""median_latency_ms"": null}, ""4.0"": {""evoked_rate_hz"": 0.0, ""baseline_rate_hz"": 0.0, ""reliability"": 0.0, ""modulation_ratio"": 0.0, ""median_latency_ms"": null}}",False,1.0,insufficient evidence,0.0,Insufficient trial count (<10) or zero spikes recorded,0.0376,0.144,0.1192,0.0,0.0,0.0002,0.0183,1.0,4.6165,0.0099,insufficient evidence,850092166,1.29844513099555,0.0473089401849469,50.0402477342628,0.98,0.0120065198238708,3.84822682947018,0.922480620155039,0.0003362248671911,good,11,2140,8333,2442,9295,CA1,"10-ms optical pulse (473 nm, Ai32)",0.0,0.0,,,0.0,"1.0, 2.5, 4.0 mW calibrated",0,0,0.144,0,-1
760345702,739783171,810753203,951844951,CA1,45,4.444,0.0,0.0,,,,0.0,0.022,0.0,,0.24376,-0.264,0.0,"{""1.0"": {""evoked_rate_hz"": 0.0, ""baseline_rate_hz"": 8.89, ""reliability"": 0.0, ""modulation_ratio"": 0.0, ""median_latency_ms"": null}, ""2.5"": {""evoked_rate_hz"": 0.0, ""baseline_rate_hz"": 4.44, ""reliability"": 0.0, ""modulation_ratio"": 0.0, ""median_latency_ms"": null}, ""4.0"": {""evoked_rate_hz"": 0.0, ""baseline_rate_hz"": 0.0, ""reliability"": 0.0, ""modulation_ratio"": 0.0, ""median_latency_ms"": null}}",False,0.501,not light responsive,0.95,Not statistically significant (p=0.2438 >= 0.05); No positive modulation (mod_ratio=0.00 <= 1.0); Very low reliability (0.00 < 0.05),0.0618,0.144,0.1999,0.0,0.0,0.0002,0.0183,1.0,4.6165,0.0099,low evidence (non-responsive),850092166,0.962861825134143,0.143028187005679,58.9328267755959,0.99,0.0565474090796011,2.19020989064002,0.922183507549361,0.0043927382545729,good,11,2140,8333,2442,9295,CA1,"10-ms optical pulse (473 nm, Ai32)",4.444,0.0,,,0.0,"1.0, 2.5, 4.0 mW calibrated",0,2,0.144,0,0
760345702,739783171,810753203,951844748,CA1,45,5.926,2.778,0.401,4.89,0.0,0.0,0.022,0.022,1.0,0.0,0.34865,-0.115,-2.7778,"{""1.0"": {""evoked_rate_hz"": 8.33, ""baseline_rate_hz"": 4.44, ""reliability"": 0.067, ""modulation_ratio"": 1.53, ""median_latency_ms"": 4.89}, ""2.5"": {""evoked_rate_hz"": 0.0, ""baseline_rate_hz"": 8.89, ""reliability"": 0.0, ""modulation_ratio"": 0.0, ""median_latency_ms"": null}, ""4.0"": {""evoked_rate_hz"": 0.0, ""baseline_rate_hz"": 4.44, ""reliability"": 0.0, ""modulation_ratio"": 0.0, ""median_latency_ms"": null}}",False,0.625,not light responsive,0.95,Not statistically significant (p=0.3487 >= 0.05); No positive modulation (mod_ratio=0.40 <= 1.0); Very low reliability (0.02 < 0.05),0.2822,0.0827,0.1762,0.022,0.0,0.8256,1.0,1.0,1.8806,0.1525,low evidence (non-responsive),850092164,1.393640801971,0.292310425793922,86.7818207125182,0.99,0.0009150181991435,4.90828769168173,0.976119402985075,0.0015864804276599,good,43,2140,8333,2453,9285,CA1,"10-ms optical pulse (473 nm, Ai32)",5.926,2.778,4.89,0.0,0.022,"1.0, 2.5, 4.0 mW calibrated",1,3,0.0827,0,0
760345702,739783171,810753203,951845113,CA1,45,0.0,0.0,0.0,,,,0.0,0.0,0.0,,1.0,0.0,0.0,"{""1.0"": {""evoked_rate_hz"": 0.0, ""baseline_rate_hz"": 0.0, ""reliability"": 0.0, ""modulation_ratio"": 0.0, ""median_latency_ms"": null}, ""2.5"": {""evoked_rate_hz"": 0.0, ""baseline_rate_hz"": 0.0, ""reliability"": 0.0, ""modulation_ratio"": 0.0, ""median_latency_ms"": null}, ""4.0"": {""evoked_rate_hz"": 0.0, ""baseline_rate_hz"": 0.0, ""reliability"": 0.0, ""modulation_ratio"": 0.0, ""median_latency_ms"": null}}",False,1.0,insufficient evidence,0.0,Insufficient trial count (<10) or zero spikes recorded,0.0376,0.144,0.1192,0.0,0.0,0.0002,0.0183,1.0,4.6165,0.0099,insufficient evidence,850092170,2.53113488343758,0.215112422892194,62.9903736502932,0.99,0.0014543933774228,5.21852813633048,0.961616161616162,0.0004067107269954,good,27,2160,8333,2424,9309,CA1,"10-ms optical pulse (473 nm, Ai32)",0.0,0.0,,,0.0,"1.0, 2.5, 4.0 mW calibrated",0,0,0.144,0,-1
760345702,739783171,810753203,951845100,CA1,45,0.0,0.0,0.0,,,,0.0,0.0,0.0,,1.0,0.0,0.0,"{""1.0"": {""evoked_rate_hz"": 0.0, ""baseline_rate_hz"": 0.0, ""reliability"": 0.0, ""modulation_ratio"": 0.0, ""median_latency_ms"": null}, ""2.5"": {""evoked_rate_hz"": 0.0, ""baseline_rate_hz"": 0.0, ""reliability"": 0.0, ""modulation_ratio"": 0.0, ""median_latency_ms"": null}, ""4.0"": {""evoked_rate_hz"": 0.0, ""baseline_rate_hz"": 0.0, ""reliability"": 0.0, ""modulation_ratio"": 0.0, ""median_latency_ms"": null}}",False,-665.667,insufficient evidence,0.0,Insufficient trial count (<10) or zero spikes recorded,0.0376,0.144,0.1192,0.0,0.0,0.0002,0.0183,1.0,4.6165,0.0099,insufficient evidence,850092170,2.60484412819915,0.0364783741566359,97.7352862956617,0.95,0.0008783259409751,7.37472931027778,0.966101694915254,0.0001005935016597,good,27,2160,8333,2424,9309,CA1,"10-ms optical pulse (473 nm, Ai32)",0.0,0.0,,,0.0,"1.0, 2.5, 4.0 mW calibrated",0,0,0.144,0,-1
760345702,739783171,810753203,951845093,CA1,45,2.963,2.778,0.701,7.262,0.0,0.0,0.022,0.022,1.0,0.0,1.0,-0.008,0.0,"{""1.0"": {""evoked_rate_hz"": 0.0, ""baseline_rate_hz"": 4.44, ""reliability"": 0.0, ""modulation_ratio"": 0.0, ""median_latency_ms"": null}, ""2.5"": {""evoked_rate_hz"": 8.33, ""baseline_rate_hz"": 4.44, ""reliability"": 0.067, ""modulation_ratio"": 1.53, ""median_latency_ms"": 7.26}, ""4.0"": {""evoked_rate_hz"": 0.0, ""baseline_rate_hz"": 0.0, ""reliability"": 0.0, ""modulation_ratio"": 0.0, ""median_latency_ms"": null}}",False,-221.222,not light responsive,0.95,Not statistically significant (p=1.0000 >= 0.05); No positive modulation (mod_ratio=0.70 <= 1.0); Very low reliability (0.02 < 0.05),0.2299,0.0932,0.1192,0.022,0.0,0.5912,1.0,1.0,1.7222,0.1787,low evidence (non-responsive),850092170,3.34847771077995,0.0075034601537483,61.8827181240749,0.99,0.0039712855791156,2.7594400592315,0.993091537132988,0.0003398932735121,good,27,2160,8333,2424,9309,CA1,"10-ms optical pulse (473 nm, Ai32)",2.963,2.778,7.262,0.0,0.022,"1.0, 2.5, 4.0 mW calibrated",1,1,0.0932,0,0
760345702,739783171,810753203,951845124,CA1,45,8.889,5.556,0.562,4.561,1.511,1.068,0.044,0.067,0.977,0.331,0.48252,-0.091,-5.5556,"{""1.0"": {""evoked_rate_hz"": 16.67, ""baseline_rate_hz"": 8.89, ""reliability"": 0.133, ""modulation_ratio"": 1.69, ""median_latency_ms"": 4.56}, ""2.5"": {""evoked_rate_hz"": 0.0, ""baseline_rate_hz"": 8.89, ""reliability"": 0.0, ""modulation_ratio"": 0.0, ""median_latency_ms"": null}, ""4.0"": {""evoked_rate_hz"": 0.0, ""baseline_rate_hz"": 8.89, ""reliability"": 0.0, ""modulation_ratio"": 0.0, ""median_latency_ms"": null}}",False,-1.987,not light responsive,0.95,Not statistically significant (p=0.4825 >= 0.05); No positive modulation (mod_ratio=0.56 <= 1.0); Very low reliability (0.04 < 0.05),0.2398,0.2221,0.1566,0.044,0.0,0.8481,0.5464,1.0,1.8378,0.1592,low evidence (non-responsive),850092174,2.5045255221634,0.0844330322924783,63.6585719996655,0.99,0.0059044758150481,2.79894601250084,0.981757877280265,0.0008164098377385,good,11,2180,8333,2412,9319,CA1,"10-ms optical pulse (473 nm, Ai32)",8.889,5.556,4.561,1.511,0.044,"1.0, 2.5, 4.0 mW calibrated",3,4,0.2221,0,0
760345702,739783171,810753203,951845156,CA1,45,13.333,19.444,1.357,6.543,1.955,0.989,0.156,0.156,0.864,0.307,0.3986,0.142,-2.7778,"{""1.0"": {""evoked_rate_hz"": 25.0, ""baseline_rate_hz"": 13.33, ""reliability"": 0.2, ""modulation_ratio"": 1.74, ""median_latency_ms"": 6.23}, ""2.5"": {""evoked_rate_hz"": 16.67, ""baseline_rate_hz"": 13.33, ""reliability"": 0.133, ""modulation_ratio"": 1.16, ""median_latency_ms"": 6.8}, ""4.0"": {""evoked_rate_hz"": 16.67, ""baseline_rate_hz"": 13.33, ""reliability"": 0.133, ""modulation_ratio"": 1.16, ""median_latency_ms"": 6.7}}",False,-0.999,not light responsive,0.844,Not statistically significant (p=0.3986 >= 0.05),0.2796,0.3874,0.1679,0.156,0.2167,0.6745,0.4575,1.0,0.9819,0.3746,low evidence (non-responsive),850092184,2.48214185429145,0.0074585634554033,127.399484064322,0.99,0.0014235689043406,5.74678309802267,1.0,0.0,good,59,2240,8334,2364,9358,CA1,"10-ms optical pulse (473 nm, Ai32)",13.333,19.444,6.543,1.955,0.156,"1.0, 2.5, 4.0 mW calibrated",9,6,0.3874,0,0
760345702,739783171,810753203,951845182,VISal,45,2.963,2.778,0.701,3.943,0.0,0.0,0.022,0.0,1.0,0.0,1.0,-0.008,0.0,"{""1.0"": {""evoked_rate_hz"": 0.0, ""baseline_rate_hz"": 8.89, ""reliability"": 0.0, ""modulation_ratio"": 0.0, ""median_latency_ms"": null}, ""2.5"": {""evoked_rate_hz"": 8.33, ""baseline_rate_hz"": 0.0, ""reliability"": 0.067, ""modulation_ratio"": 8.33, ""median_latency_ms"": 3.94}, ""4.0"": {""evoked_rate_hz"": 0.0, ""baseline_rate_hz"": 0.0, ""reliability"": 0.0, ""modulation_ratio"": 0.0, ""median_latency_ms"": null}}",False,-0.991,not light responsive,0.95,Not statistically significant (p=1.0000 >= 0.05); No positive modulation (mod_ratio=0.70 <= 1.0); Very low reliability (0.02 < 0.05),0.2738,0.0764,0.1192,0.022,0.0,0.8838,1.0,1.0,1.9902,0.1367,low evidence (non-responsive),850092198,1.67031381487586,0.0449096523397487,47.1164148920137,0.99,0.063670699171921,3.57664216036569,0.791333333333333,0.0055720319942482,good,11,2300,8335,2310,9402,VISal,"10-ms optical pulse (473 nm, Ai32)",2.963,2.778,3.943,0.0,0.022,"1.0, 2.5, 4.0 mW calibrated",1,1,0.0764,0,0
760345702,739783171,810753203,951845267,VISal,45,0.0,0.0,0.0,,,,0.0,0.0,0.0,,1.0,0.0,0.0,"{""1.0"": {""evoked_rate_hz"": 0.0, ""baseline_rate_hz"": 0.0, ""reliability"": 0.0, ""modulation_ratio"": 0.0, ""median_latency_ms"": null}, ""2.5"": {""evoked_rate_hz"": 0.0, ""baseline_rate_hz"": 0.0, ""reliability"": 0.0, ""modulation_ratio"": 0.0, ""median_latency_ms"": null}, ""4.0"": {""evoked_rate_hz"": 0.0, ""baseline_rate_hz"": 0.0, ""reliability"": 0.0, ""modulation_ratio"": 0.0, ""median_latency_ms"": null}}",False,1.0,insufficient evidence,0.0,Insufficient trial count (<10) or zero spikes recorded,0.0376,0.144,0.1192,0.0,0.0,0.0002,0.0183,1.0,4.6165,0.0099,insufficient evidence,850092216,1.59518465490768,0.0077289857772315,49.5149678825796,0.97,0.0004665457628833,2.43744333216597,0.842,0.0226502200100988,good,59,2400,8337,2237,9461,VISal,"10-ms optical pulse (473 nm, Ai32)",0.0,0.0,,,0.0,"1.0, 2.5, 4.0 mW calibrated",0,0,0.144,0,-1
760345702,739783171,810753203,951845391,VISal,45,1.481,0.0,0.0,,,,0.0,0.022,0.0,,1.0,-0.149,0.0,"{""1.0"": {""evoked_rate_hz"": 0.0, ""baseline_rate_hz"": 4.44, ""reliability"": 0.0, ""modulation_ratio"": 0.0, ""median_latency_ms"": null}, ""2.5"": {""evoked_rate_hz"": 0.0, ""baseline_rate_hz"": 0.0, ""reliability"": 0.0, ""modulation_ratio"": 0.0, ""median_latency_ms"": null}, ""4.0"": {""evoked_rate_hz"": 0.0, ""baseline_rate_hz"": 0.0, ""reliability"": 0.0, ""modulation_ratio"": 0.0, ""median_latency_ms"": null}}",False,1.0,not light responsive,0.95,Not statistically significant (p=1.0000 >= 0.05); No positive modulation (mod_ratio=0.00 <= 1.0); Very low reliability (0.00 < 0.05),0.0376,0.144,0.1192,0.0,0.0,0.0002,0.0183,1.0,4.6165,0.0099,low evidence (non-responsive),850092226,4.01048732830388,0.0,68.319758066561,0.95,0.0007109561385981,5.93035704194766,0.962441314553991,0.0005072022722661,good,27,2440,8338,2201,9491,VISal,"10-ms optical pulse (473 nm, Ai32)",1.481,0.0,,,0.0,"1.0, 2.5, 4.0 mW calibrated",0,1,0.144,0,0
760345702,739783171,810753203,951845379,VISal,45,1.481,2.778,1.119,2.961,0.0,0.0,0.022,0.022,1.0,0.0,1.0,0.061,-2.7778,"{""1.0"": {""evoked_rate_hz"": 8.33, ""baseline_rate_hz"": 0.0, ""reliability"": 0.067, ""modulation_ratio"": 8.33, ""median_latency_ms"": 2.96}, ""2.5"": {""evoked_rate_hz"": 0.0, ""baseline_rate_hz"": 0.0, ""reliability"": 0.0, ""modulation_ratio"": 0.0, ""median_latency_ms"": null}, ""4.0"": {""evoked_rate_hz"": 0.0, ""baseline_rate_hz"": 4.44, ""reliability"": 0.0, ""modulation_ratio"": 0.0, ""median_latency_ms"": null}}",False,1.0,not light responsive,0.95,Not statistically significant (p=1.0000 >= 0.05); Very low reliability (0.02 < 0.05),0.2963,0.073,0.1192,0.022,0.0809,0.9255,1.0,1.0,2.0545,0.1282,low evidence (non-responsive),850092226,2.31746525442733,0.0060283808177429,58.7392996137907,0.98,0.073996987979039,3.56659520632164,0.963636363636364,0.000976290097629,good,27,2440,8338,2201,9491,VISal,"10-ms optical pulse (473 nm, Ai32)",1.481,2.778,2.961,0.0,0.022,"1.0, 2.5, 4.0 mW calibrated",1,1,0.073,0,0
760345702,739783171,810753203,951845431,VISal,45,2.963,2.778,0.701,8.578,0.0,0.0,0.022,0.044,1.0,0.0,1.0,-0.008,0.0,"{""1.0"": {""evoked_rate_hz"": 0.0, ""baseline_rate_hz"": 0.0, ""reliability"": 0.0, ""modulation_ratio"": 0.0, ""median_latency_ms"": null}, ""2.5"": {""evoked_rate_hz"": 8.33, ""baseline_rate_hz"": 0.0, ""reliability"": 0.067, ""modulation_ratio"": 8.33, ""median_latency_ms"": 8.58}, ""4.0"": {""evoked_rate_hz"": 0.0, ""baseline_rate_hz"": 8.89, ""reliability"": 0.0, ""modulation_ratio"": 0.0, ""median_latency_ms"": null}}",False,0.501,not light responsive,0.95,Not statistically significant (p=1.0000 >= 0.05); No positive modulation (mod_ratio=0.70 <= 1.0); Very low reliability (0.02 < 0.05),0.2055,0.0935,0.1192,0.022,0.0,0.4282,1.0,1.0,1.7184,0.1793,low evidence (non-responsive),850092230,1.82487681141753,0.0827240809976559,44.5361666975228,0.99,0.0292557294925622,2.94704736446662,0.84160756501182,0.0052479934142827,good,11,2460,8339,2183,9506,VISal,"10-ms optical pulse (473 nm, Ai32)",2.963,2.778,8.578,0.0,0.022,"1.0, 2.5, 4.0 mW calibrated",1,1,0.0935,0,0
760345702,739783171,810753203,951845425,VISal,45,2.963,0.0,0.0,,,,0.0,0.0,0.0,,0.51149,-0.213,0.0,"{""1.0"": {""evoked_rate_hz"": 0.0, ""baseline_rate_hz"": 0.0, ""reliability"": 0.0, ""modulation_ratio"": 0.0, ""median_latency_ms"": null}, ""2.5"": {""evoked_rate_hz"": 0.0, ""baseline_rate_hz"": 4.44, ""reliability"": 0.0, ""modulation_ratio"": 0.0, ""median_latency_ms"": null}, ""4.0"": {""evoked_rate_hz"": 0.0, ""baseline_rate_hz"": 4.44, ""reliability"": 0.0, ""modulation_ratio"": 0.0, ""median_latency_ms"": null}}",False,1.0,not light responsive,0.95,Not statistically significant (p=0.5115 >= 0.05); No positive modulation (mod_ratio=0.00 <= 1.0); Very low reliability (0.00 < 0.05),0.0479,0.144,0.1533,0.0,0.0,0.0002,0.0183,1.0,4.6165,0.0099,low evidence (non-responsive),850092230,2.17022925920524,0.328926139460333,54.2843488676639,0.99,0.0922340438905983,4.61902536164786,0.843881856540084,0.0014563435616067,good,11,2460,8339,2183,9506,VISal,"10-ms optical pulse (473 nm, Ai32)",2.963,0.0,,,0.0,"1.0, 2.5, 4.0 mW calibrated",0,1,0.144,0,0
760345702,739783171,810753203,951845418,VISal,45,13.333,5.556,0.388,7.422,0.899,0.636,0.044,0.111,0.977,0.121,0.13487,-0.197,-2.7778,"{""1.0"": {""evoked_rate_hz"": 8.33, ""baseline_rate_hz"": 8.89, ""reliability"": 0.067, ""modulation_ratio"": 0.84, ""median_latency_ms"": 8.06}, ""2.5"": {""evoked_rate_hz"": 8.33, ""baseline_rate_hz"": 13.33, ""reliability"": 0.067, ""modulation_ratio"": 0.58, ""median_latency_ms"": 6.79}, ""4.0"": {""evoked_rate_hz"": 0.0, ""baseline_rate_hz"": 17.78, ""reliability"": 0.0, ""modulation_ratio"": 0.0, ""median_latency_ms"": null}}",False,-0.996,not light responsive,0.95,Not statistically significant (p=0.1349 >= 0.05); No positive modulation (mod_ratio=0.39 <= 1.0); Very low reliability (0.04 < 0.05),0.2398,0.1632,0.2442,0.044,0.0,0.5718,0.698,1.0,1.6307,0.1958,low evidence (non-responsive),850092230,2.15810584657724,0.0035265344882481,76.5911775243899,0.99,0.0487296684228364,3.61246488980478,0.988666666666667,0.0033171163202123,good,11,2460,8339,2183,9506,VISal,"10-ms optical pulse (473 nm, Ai32)",13.333,5.556,7.422,0.899,0.044,"1.0, 2.5, 4.0 mW calibrated",3,6,0.1632,0,0
760345702,739783171,810753203,951845404,VISal,45,0.0,0.0,0.0,,,,0.0,0.0,0.0,,1.0,0.0,0.0,"{""1.0"": {""evoked_rate_hz"": 0.0, ""baseline_rate_hz"": 0.0, ""reliability"": 0.0, ""modulation_ratio"": 0.0, ""median_latency_ms"": null}, ""2.5"": {""evoked_rate_hz"": 0.0, ""baseline_rate_hz"": 0.0, ""reliability"": 0.0, ""modulation_ratio"": 0.0, ""median_latency_ms"": null}, ""4.0"": {""evoked_rate_hz"": 0.0, ""baseline_rate_hz"": 0.0, ""reliability"": 0.0, ""modulation_ratio"": 0.0, ""median_latency_ms"": null}}",False,1.0,insufficient evidence,0.0,Insufficient trial count (<10) or zero spikes recorded,0.0376,0.144,0.1192,0.0,0.0,0.0002,0.0183,1.0,4.6165,0.0099,insufficient evidence,850092228,3.8398455726418,0.0,47.5125676231303,0.99,0.0018094388124921,4.39020026896616,0.847222222222222,0.0005693997856377,good,43,2460,8339,2195,9496,VISal,"10-ms optical pulse (473 nm, Ai32)",0.0,0.0,,,0.0,"1.0, 2.5, 4.0 mW calibrated",0,0,0.144,0,-1
760345702,739783171,810753203,951845398,VISal,45,0.0,0.0,0.0,,,,0.0,0.0,0.0,,1.0,0.0,0.0,"{""1.0"": {""evoked_rate_hz"": 0.0, ""baseline_rate_hz"": 0.0, ""reliability"": 0.0, ""modulation_ratio"": 0.0, ""median_latency_ms"": null}, ""2.5"": {""evoked_rate_hz"": 0.0, ""baseline_rate_hz"": 0.0, ""reliability"": 0.0, ""modulation_ratio"": 0.0, ""median_latency_ms"": null}, ""4.0"": {""evoked_rate_hz"": 0.0, ""baseline_rate_hz"": 0.0, ""reliability"": 0.0, ""modulation_ratio"": 0.0, ""median_latency_ms"": null}}",False,1.0,insufficient evidence,0.0,Insufficient trial count (<10) or zero spikes recorded,0.0376,0.144,0.1192,0.0,0.0,0.0002,0.0183,1.0,4.6165,0.0099,insufficient evidence,850092228,1.96946956852404,0.0776760283903051,46.7280959993943,0.99,0.0129142985099295,3.12875053116136,0.803258145363409,0.0067461132799123,good,43,2460,8339,2195,9496,VISal,"10-ms optical pulse (473 nm, Ai32)",0.0,0.0,,,0.0,"1.0, 2.5, 4.0 mW calibrated",0,0,0.144,0,-1
760345702,739783171,810753203,951845468,VISal,45,1.481,2.778,1.119,2.593,0.0,0.0,0.022,0.0,1.0,0.0,1.0,0.061,0.0,"{""1.0"": {""evoked_rate_hz"": 0.0, ""baseline_rate_hz"": 4.44, ""reliability"": 0.0, ""modulation_ratio"": 0.0, ""median_latency_ms"": null}, ""2.5"": {""evoked_rate_hz"": 8.33, ""baseline_rate_hz"": 0.0, ""reliability"": 0.067, ""modulation_ratio"": 8.33, ""median_latency_ms"": 2.59}, ""4.0"": {""evoked_rate_hz"": 0.0, ""baseline_rate_hz"": 0.0, ""reliability"": 0.0, ""modulation_ratio"": 0.0, ""median_latency_ms"": null}}",False,1.0,not light responsive,0.95,Not statistically significant (p=1.0000 >= 0.05); Very low reliability (0.02 < 0.05),0.298,0.0701,0.1192,0.022,0.0809,0.9372,1.0,1.0,2.1122,0.121,low evidence (non-responsive),850092234,2.33850405496778,0.10630758767725,48.8228754521251,0.99,0.0054878791805317,3.32929416614601,0.934604904632153,0.0004844458285753,good,27,2480,8339,2171,9516,VISal,"10-ms optical pulse (473 nm, Ai32)",1.481,2.778,2.593,0.0,0.022,"1.0, 2.5, 4.0 mW calibrated",1,1,0.0701,0,0
760345702,739783171,810753203,951845457,VISal,45,2.963,0.0,0.0,,,,0.0,0.022,0.0,,0.50549,-0.213,0.0,"{""1.0"": {""evoked_rate_hz"": 0.0, ""baseline_rate_hz"": 4.44, ""reliability"": 0.0, ""modulation_ratio"": 0.0, ""median_latency_ms"": null}, ""2.5"": {""evoked_rate_hz"": 0.0, ""baseline_rate_hz"": 4.44, ""reliability"": 0.0, ""modulation_ratio"": 0.0, ""median_latency_ms"": null}, ""4.0"": {""evoked_rate_hz"": 0.0, ""baseline_rate_hz"": 0.0, ""reliability"": 0.0, ""modulation_ratio"": 0.0, ""median_latency_ms"": null}}",False,1.0,not light responsive,0.95,Not statistically significant (p=0.5055 >= 0.05); No positive modulation (mod_ratio=0.00 <= 1.0); Very low reliability (0.00 < 0.05),0.0481,0.144,0.154,0.0,0.0,0.0002,0.0183,1.0,4.6165,0.0099,low evidence (non-responsive),850092234,2.66663855283344,0.402847267049471,39.7895958381424,0.99,0.0065448763068595,4.0778822514212,0.816239316239316,0.000403144527313,good,27,2480,8339,2171,9516,VISal,"10-ms optical pulse (473 nm, Ai32)",2.963,0.0,,,0.0,"1.0, 2.5, 4.0 mW calibrated",0,1,0.144,0,0
760345702,739783171,810753203,951845439,VISal,45,5.926,5.556,0.802,1.544,0.585,0.414,0.044,0.044,0.977,0.379,0.83017,-0.011,-5.5556,"{""1.0"": {""evoked_rate_hz"": 16.67, ""baseline_rate_hz"": 4.44, ""reliability"": 0.133, ""modulation_ratio"": 3.06, ""median_latency_ms"": 1.54}, ""2.5"": {""evoked_rate_hz"": 0.0, ""baseline_rate_hz"": 4.44, ""reliability"": 0.0, ""modulation_ratio"": 0.0, ""median_latency_ms"": null}, ""4.0"": {""evoked_rate_hz"": 0.0, ""baseline_rate_hz"": 8.89, ""reliability"": 0.0, ""modulation_ratio"": 0.0, ""median_latency_ms"": null}}",False,0.334,not light responsive,0.95,Not statistically significant (p=0.8302 >= 0.05); No positive modulation (mod_ratio=0.80 <= 1.0); Very low reliability (0.04 < 0.05),0.2728,0.2156,0.128,0.044,0.0,0.9619,0.7914,1.0,2.2898,0.1013,low evidence (non-responsive),850092232,2.1143236389978,0.105786833756881,56.4373126611194,0.99,0.0571465052052684,3.13386668877863,0.897333333333333,0.0110740603515705,good,59,2480,8339,2177,9511,VISal,"10-ms optical pulse (473 nm, Ai32)",5.926,5.556,1.544,0.585,0.044,"1.0, 2.5, 4.0 mW calibrated",3,3,0.2156,0,0
760345702,739783171,810753203,951845480,VISal,45,5.926,16.667,2.406,3.989,3.089,4.746,0.133,0.044,0.886,0.704,0.20879,0.21,2.7778,"{""1.0"": {""evoked_rate_hz"": 16.67, ""baseline_rate_hz"": 4.44, ""reliability"": 0.133, ""modulation_ratio"": 3.06, ""median_latency_ms"": 3.19}, ""2.5"": {""evoked_rate_hz"": 8.33, ""baseline_rate_hz"": 0.0, ""reliability"": 0.067, ""modulation_ratio"": 8.33, ""median_latency_ms"": 2.93}, ""4.0"": {""evoked_rate_hz"": 25.0, ""baseline_rate_hz"": 13.33, ""reliability"": 0.2, ""modulation_ratio"": 1.74, ""median_latency_ms"": 6.94}}",False,-0.991,not light responsive,0.867,Not statistically significant (p=0.2088 >= 0.05),0.3698,0.4931,0.2109,0.133,0.5603,0.8814,0.2907,1.0,1.3319,0.264,intermediate evidence (uncertain / borderline),850092238,3.73155942364333,0.0303899535207736,60.5955990603787,0.99,9.69913129234595e-06,4.41071593264834,0.934579439252336,0.0011240547721234,good,11,2500,8340,2153,9532,VISal,"10-ms optical pulse (473 nm, Ai32)",5.926,16.667,3.989,3.089,0.133,"1.0, 2.5, 4.0 mW calibrated",8,3,0.4931,0,0
760345702,739783171,810753203,951845494,VISal,45,13.333,27.778,1.938,6.157,2.503,3.877,0.222,0.111,0.795,0.466,0.13187,0.245,-5.5556,"{""1.0"": {""evoked_rate_hz"": 33.33, ""baseline_rate_hz"": 8.89, ""reliability"": 0.267, ""modulation_ratio"": 3.37, ""median_latency_ms"": 6.93}, ""2.5"": {""evoked_rate_hz"": 33.33, ""baseline_rate_hz"": 17.78, ""reliability"": 0.267, ""modulation_ratio"": 1.78, ""median_latency_ms"": 3.75}, ""4.0"": {""evoked_rate_hz"": 16.67, ""baseline_rate_hz"": 13.33, ""reliability"": 0.133, ""modulation_ratio"": 1.16, ""median_latency_ms"": 4.37}}",False,0.201,not light responsive,0.778,Not statistically significant (p=0.1319 >= 0.05),0.3622,0.5351,0.246,0.222,0.4441,0.7153,0.3674,1.0,0.6054,0.5459,intermediate evidence (uncertain / borderline),850092242,2.58258071329202,0.008010397741675,60.7056685541105,0.99,0.0001416301770696,3.45497594066929,0.968666666666667,0.0066047471620227,good,27,2520,8340,2141,9542,VISal,"10-ms optical pulse (473 nm, Ai32)",13.333,27.778,6.157,2.503,0.222,"1.0, 2.5, 4.0 mW calibrated",13,6,0.5351,0,0
760345702,739783171,810753203,951845520,VISal,45,1.481,2.778,1.119,6.732,0.0,0.0,0.022,0.0,1.0,0.0,1.0,0.061,2.7778,"{""1.0"": {""evoked_rate_hz"": 0.0, ""baseline_rate_hz"": 4.44, ""reliability"": 0.0, ""modulation_ratio"": 0.0, ""median_latency_ms"": null}, ""2.5"": {""evoked_rate_hz"": 0.0, ""baseline_rate_hz"": 0.0, ""reliability"": 0.0, ""modulation_ratio"": 0.0, ""median_latency_ms"": null}, ""4.0"": {""evoked_rate_hz"": 8.33, ""baseline_rate_hz"": 0.0, ""reliability"": 0.067, ""modulation_ratio"": 8.33, ""median_latency_ms"": 6.73}}",False,1.0,not light responsive,0.95,Not statistically significant (p=1.0000 >= 0.05); Very low reliability (0.02 < 0.05),0.2555,0.0983,0.1192,0.022,0.0809,0.6534,1.0,1.0,1.6536,0.1914,low evidence (non-responsive),850092246,2.01713174182734,0.316595201945363,45.3135704700545,0.99,0.0330560264473203,3.05317942795009,0.80968096809681,0.0060843559863875,good,11,2540,8341,2124,9557,VISal,"10-ms optical pulse (473 nm, Ai32)",1.481,2.778,6.732,0.0,0.022,"1.0, 2.5, 4.0 mW calibrated",1,1,0.0983,0,0
760345702,739783171,810753203,951845507,VISal,45,0.0,0.0,0.0,,,,0.0,0.0,0.0,,1.0,0.0,0.0,"{""1.0"": {""evoked_rate_hz"": 0.0, ""baseline_rate_hz"": 0.0, ""reliability"": 0.0, ""modulation_ratio"": 0.0, ""median_latency_ms"": null}, ""2.5"": {""evoked_rate_hz"": 0.0, ""baseline_rate_hz"": 0.0, ""reliability"": 0.0, ""modulation_ratio"": 0.0, ""median_latency_ms"": null}, ""4.0"": {""evoked_rate_hz"": 0.0, ""baseline_rate_hz"": 0.0, ""reliability"": 0.0, ""modulation_ratio"": 0.0, ""median_latency_ms"": null}}",False,1.0,insufficient evidence,0.0,Insufficient trial count (<10) or zero spikes recorded,0.0376,0.144,0.1192,0.0,0.0,0.0002,0.0183,1.0,4.6165,0.0099,insufficient evidence,850092250,2.12470721557268,0.146338015130648,62.7737048900473,0.99,0.0103728624849015,3.88414716765344,0.949324324324324,0.001786205001374,good,27,2560,8342,2106,9572,VISal,"10-ms optical pulse (473 nm, Ai32)",0.0,0.0,,,0.0,"1.0, 2.5, 4.0 mW calibrated",0,0,0.144,0,-1
760345702,739783171,810753203,951845571,VISal,45,0.0,0.0,0.0,,,,0.0,0.0,0.0,,1.0,0.0,0.0,"{""1.0"": {""evoked_rate_hz"": 0.0, ""baseline_rate_hz"": 0.0, ""reliability"": 0.0, ""modulation_ratio"": 0.0, ""median_latency_ms"": null}, ""2.5"": {""evoked_rate_hz"": 0.0, ""baseline_rate_hz"": 0.0, ""reliability"": 0.0, ""modulation_ratio"": 0.0, ""median_latency_ms"": null}, ""4.0"": {""evoked_rate_hz"": 0.0, ""baseline_rate_hz"": 0.0, ""reliability"": 0.0, ""modulation_ratio"": 0.0, ""median_latency_ms"": null}}",False,1.0,insufficient evidence,0.0,Insufficient trial count (<10) or zero spikes recorded,0.0376,0.144,0.1192,0.0,0.0,0.0002,0.0183,1.0,4.6165,0.0099,insufficient evidence,850092254,1.33956483843955,0.175334410613753,36.699781810737,0.98,0.0093693357739343,2.2111279581689,0.76,0.0012859560067681,good,11,2580,8342,2094,9583,VISal,"10-ms optical pulse (473 nm, Ai32)",0.0,0.0,,,0.0,"1.0, 2.5, 4.0 mW calibrated",0,0,0.144,0,-1
760345702,739783171,810753203,951845563,VISal,45,19.259,16.667,0.823,4.083,3.168,5.143,0.133,0.133,0.886,0.697,0.72328,-0.047,-8.3333,"{""1.0"": {""evoked_rate_hz"": 25.0, ""baseline_rate_hz"": 26.67, ""reliability"": 0.2, ""modulation_ratio"": 0.9, ""median_latency_ms"": 7.62}, ""2.5"": {""evoked_rate_hz"": 25.0, ""baseline_rate_hz"": 8.89, ""reliability"": 0.2, ""modulation_ratio"": 2.53, ""median_latency_ms"": 1.49}, ""4.0"": {""evoked_rate_hz"": 0.0, ""baseline_rate_hz"": 22.22, ""reliability"": 0.0, ""modulation_ratio"": 0.0, ""median_latency_ms"": null}}",False,-0.399,not light responsive,0.867,Not statistically significant (p=0.7233 >= 0.05); No positive modulation (mod_ratio=0.82 <= 1.0),0.2333,0.4664,0.1348,0.133,0.0,0.8764,0.2816,1.0,1.6298,0.196,low evidence (non-responsive),850092252,4.40585919153288,0.0004562756694866,89.4074270964152,0.99,4.85495767054889e-05,4.9455498022876,0.975333333333333,0.0038901045465596,good,43,2580,8342,2100,9578,VISal,"10-ms optical pulse (473 nm, Ai32)",19.259,16.667,4.083,3.168,0.133,"1.0, 2.5, 4.0 mW calibrated",8,9,0.4664,0,0
760345702,739783171,810753203,951845604,VISal,45,16.296,13.889,0.803,2.799,2.028,2.676,0.111,0.111,0.909,0.578,0.73327,-0.045,-5.5556,"{""1.0"": {""evoked_rate_hz"": 25.0, ""baseline_rate_hz"": 22.22, ""reliability"": 0.2, ""modulation_ratio"": 1.08, ""median_latency_ms"": 2.45}, ""2.5"": {""evoked_rate_hz"": 8.33, ""baseline_rate_hz"": 13.33, ""reliability"": 0.067, ""modulation_ratio"": 0.58, ""median_latency_ms"": 5.12}, ""4.0"": {""evoked_rate_hz"": 8.33, ""baseline_rate_hz"": 13.33, ""reliability"": 0.067, ""modulation_ratio"": 0.58, ""median_latency_ms"": 2.8}}",False,-0.798,not light responsive,0.889,Not statistically significant (p=0.7333 >= 0.05); No positive modulation (mod_ratio=0.80 <= 1.0),0.252,0.4135,0.1341,0.111,0.0,0.9309,0.4443,1.0,1.8931,0.1506,low evidence (non-responsive),850092260,2.14798645872438,0.0275854462074435,87.0420217212915,0.99,0.0039118389257779,2.62610679116885,0.974,0.020997375328084,good,43,2620,8343,2071,9603,VISal,"10-ms optical pulse (473 nm, Ai32)",16.296,13.889,2.799,2.028,0.111,"1.0, 2.5, 4.0 mW calibrated",6,7,0.4135,0,0
760345702,739783171,810753203,951845740,VISal,45,2.963,8.333,2.103,4.074,1.356,1.356,0.067,0.022,0.955,0.335,0.42258,0.153,5.5556,"{""1.0"": {""evoked_rate_hz"": 0.0, ""baseline_rate_hz"": 0.0, ""reliability"": 0.0, ""modulation_ratio"": 0.0, ""median_latency_ms"": null}, ""2.5"": {""evoked_rate_hz"": 8.33, ""baseline_rate_hz"": 8.89, ""reliability"": 0.067, ""modulation_ratio"": 0.84, ""median_latency_ms"": 5.39}, ""4.0"": {""evoked_rate_hz"": 16.67, ""baseline_rate_hz"": 0.0, ""reliability"": 0.133, ""modulation_ratio"": 16.67, ""median_latency_ms"": 3.38}}",False,0.001,not light responsive,0.933,Not statistically significant (p=0.4226 >= 0.05),0.3538,0.2667,0.1644,0.067,0.4901,0.8769,0.5814,1.0,1.5251,0.2176,intermediate evidence (uncertain / borderline),850092278,2.03781869246366,0.0,68.9485362782998,0.98,0.0006081167082432,4.74473291330654,0.925925925925926,0.0003351431061063,good,11,2700,8346,2001,9666,VISal,"10-ms optical pulse (473 nm, Ai32)",2.963,8.333,4.074,1.356,0.067,"1.0, 2.5, 4.0 mW calibrated",4,1,0.2667,0,0
760345702,739783171,810753203,951845668,VISal,45,1.481,5.556,2.239,4.739,4.432,3.134,0.044,0.0,0.977,0.935,0.50549,0.145,5.5556,"{""1.0"": {""evoked_rate_hz"": 0.0, ""baseline_rate_hz"": 0.0, ""reliability"": 0.0, ""modulation_ratio"": 0.0, ""median_latency_ms"": null}, ""2.5"": {""evoked_rate_hz"": 0.0, ""baseline_rate_hz"": 0.0, ""reliability"": 0.0, ""modulation_ratio"": 0.0, ""median_latency_ms"": null}, ""4.0"": {""evoked_rate_hz"": 16.67, ""baseline_rate_hz"": 4.44, ""reliability"": 0.133, ""modulation_ratio"": 3.06, ""median_latency_ms"": 4.74}}",False,0.004,not light responsive,0.95,Not statistically significant (p=0.5055 >= 0.05); Very low reliability (0.04 < 0.05),0.3044,0.4568,0.154,0.044,0.5237,0.8362,0.1699,1.0,1.5263,0.2173,low evidence (non-responsive),850092276,1.97437857139103,0.0601441179381769,58.5225518140489,0.99,0.0003615808530097,2.73165991711148,0.973001038421599,0.0001721940971863,good,43,2700,8345,2013,9656,VISal,"10-ms optical pulse (473 nm, Ai32)",1.481,5.556,4.739,4.432,0.044,"1.0, 2.5, 4.0 mW calibrated",3,1,0.4568,0,0
760345702,739783171,810753203,951845662,VISal,45,0.0,2.778,2.778,4.711,0.0,0.0,0.022,0.0,1.0,0.0,1.0,0.149,0.0,"{""1.0"": {""evoked_rate_hz"": 0.0, ""baseline_rate_hz"": 0.0, ""reliability"": 0.0, ""modulation_ratio"": 0.0, ""median_latency_ms"": null}, ""2.5"": {""evoked_rate_hz"": 8.33, ""baseline_rate_hz"": 0.0, ""reliability"": 0.067, ""modulation_ratio"": 8.33, ""median_latency_ms"": 4.71}, ""4.0"": {""evoked_rate_hz"": 0.0, ""baseline_rate_hz"": 0.0, ""reliability"": 0.0, ""modulation_ratio"": 0.0, ""median_latency_ms"": null}}",False,0.004,not light responsive,0.95,Not statistically significant (p=1.0000 >= 0.05); Very low reliability (0.02 < 0.05),0.3925,0.0961,0.1192,0.022,0.6273,0.8381,1.0,1.0,1.6831,0.1858,intermediate evidence (uncertain / borderline),850092276,3.43871006728143,0.0575394868190766,41.8354737034851,0.99,0.0046172979932293,2.73220845669731,0.902439024390244,0.0001680446326544,good,43,2700,8345,2013,9656,VISal,"10-ms optical pulse (473 nm, Ai32)",0.0,2.778,4.711,0.0,0.022,"1.0, 2.5, 4.0 mW calibrated",1,0,0.0961,0,0
760345702,739783171,810753203,951845706,VISal,45,17.778,30.556,1.627,4.061,2.377,3.622,0.244,0.156,0.773,0.512,0.18981,0.197,0.0,"{""1.0"": {""evoked_rate_hz"": 33.33, ""baseline_rate_hz"": 26.67, ""reliability"": 0.267, ""modulation_ratio"": 1.2, ""median_latency_ms"": 5.29}, ""2.5"": {""evoked_rate_hz"": 25.0, ""baseline_rate_hz"": 13.33, ""reliability"": 0.2, ""modulation_ratio"": 1.74, ""median_latency_ms"": 2.92}, ""4.0"": {""evoked_rate_hz"": 33.33, ""baseline_rate_hz"": 13.33, ""reliability"": 0.267, ""modulation_ratio"": 2.33, ""median_latency_ms"": 4.06}}",False,-1.996,not light responsive,0.756,Not statistically significant (p=0.1898 >= 0.05),0.3641,0.5289,0.2178,0.244,0.3374,0.8776,0.3864,1.0,1.0662,0.3443,intermediate evidence (uncertain / borderline),850092280,1.79102560907831,0.0245718194809628,59.5919177512072,0.99,0.05599042876383,1.8756490440425,0.833333333333333,0.0282086374695864,good,59,2720,8346,1996,9672,VISal,"10-ms optical pulse (473 nm, Ai32)",17.778,30.556,4.061,2.377,0.244,"1.0, 2.5, 4.0 mW calibrated",14,8,0.5289,0,0
760345702,739783171,810753203,951845680,VISal,45,2.963,0.0,0.0,,,,0.0,0.044,0.0,,0.50849,-0.213,0.0,"{""1.0"": {""evoked_rate_hz"": 0.0, ""baseline_rate_hz"": 0.0, ""reliability"": 0.0, ""modulation_ratio"": 0.0, ""median_latency_ms"": null}, ""2.5"": {""evoked_rate_hz"": 0.0, ""baseline_rate_hz"": 4.44, ""reliability"": 0.0, ""modulation_ratio"": 0.0, ""median_latency_ms"": null}, ""4.0"": {""evoked_rate_hz"": 0.0, ""baseline_rate_hz"": 4.44, ""reliability"": 0.0, ""modulation_ratio"": 0.0, ""median_latency_ms"": null}}",False,0.251,not light responsive,0.95,Not statistically significant (p=0.5085 >= 0.05); No positive modulation (mod_ratio=0.00 <= 1.0); Very low reliability (0.00 < 0.05),0.048,0.144,0.1536,0.0,0.0,0.0002,0.0183,1.0,4.6165,0.0099,low evidence (non-responsive),850092280,2.41944868467693,0.0,62.5007619532289,0.99,0.0003922742687398,4.70935281418023,0.978666666666667,0.0003641218594489,good,59,2720,8346,1996,9672,VISal,"10-ms optical pulse (473 nm, Ai32)",2.963,0.0,,,0.0,"1.0, 2.5, 4.0 mW calibrated",0,1,0.144,0,0
760345702,739783171,810753203,951845675,VISal,45,13.333,19.444,1.357,6.638,2.703,2.511,0.156,0.156,0.864,0.469,0.49351,0.112,-5.5556,"{""1.0"": {""evoked_rate_hz"": 33.33, ""baseline_rate_hz"": 13.33, ""reliability"": 0.267, ""modulation_ratio"": 2.33, ""median_latency_ms"": 4.8}, ""2.5"": {""evoked_rate_hz"": 8.33, ""baseline_rate_hz"": 22.22, ""reliability"": 0.067, ""modulation_ratio"": 0.36, ""median_latency_ms"": 6.61}, ""4.0"": {""evoked_rate_hz"": 16.67, ""baseline_rate_hz"": 4.44, ""reliability"": 0.133, ""modulation_ratio"": 3.06, ""median_latency_ms"": 6.99}}",False,-0.332,not light responsive,0.844,Not statistically significant (p=0.4935 >= 0.05),0.2625,0.4266,0.1553,0.156,0.2167,0.664,0.3392,1.0,0.9734,0.3778,low evidence (non-responsive),850092280,1.70634894720969,0.0244915815636649,48.9603568003241,0.99,0.0018549059391387,1.97984678764814,0.92156862745098,0.003231859883236,good,59,2720,8346,1996,9672,VISal,"10-ms optical pulse (473 nm, Ai32)",13.333,19.444,6.638,2.703,0.156,"1.0, 2.5, 4.0 mW calibrated",9,6,0.4266,0,0
760345702,739783171,810753203,951845750,VISal,45,4.444,0.0,0.0,,,,0.0,0.022,0.0,,0.26873,-0.264,0.0,"{""1.0"": {""evoked_rate_hz"": 0.0, ""baseline_rate_hz"": 0.0, ""reliability"": 0.0, ""modulation_ratio"": 0.0, ""median_latency_ms"": null}, ""2.5"": {""evoked_rate_hz"": 0.0, ""baseline_rate_hz"": 4.44, ""reliability"": 0.0, ""modulation_ratio"": 0.0, ""median_latency_ms"": null}, ""4.0"": {""evoked_rate_hz"": 0.0, ""baseline_rate_hz"": 8.89, ""reliability"": 0.0, ""modulation_ratio"": 0.0, ""median_latency_ms"": null}}",False,0.004,not light responsive,0.95,Not statistically significant (p=0.2687 >= 0.05); No positive modulation (mod_ratio=0.00 <= 1.0); Very low reliability (0.00 < 0.05),0.0598,0.144,0.1932,0.0,0.0,0.0002,0.0183,1.0,4.6165,0.0099,low evidence (non-responsive),850092286,2.63215805575561,0.0583075396989684,45.5691912720121,0.99,0.0022094334158007,1.63182823607685,0.955684007707129,0.0009158441029815,good,11,2740,8347,1973,9693,VISal,"10-ms optical pulse (473 nm, Ai32)",4.444,0.0,,,0.0,"1.0, 2.5, 4.0 mW calibrated",0,2,0.144,0,0
760345702,739783171,810753203,951845712,VISal,45,8.889,13.889,1.404,1.886,2.571,2.647,0.111,0.044,0.909,0.81,0.54446,0.112,-2.7778,"{""1.0"": {""evoked_rate_hz"": 16.67, ""baseline_rate_hz"": 13.33, ""reliability"": 0.133, ""modulation_ratio"": 1.16, ""median_latency_ms"": 5.71}, ""2.5"": {""evoked_rate_hz"": 16.67, ""baseline_rate_hz"": 8.89, ""reliability"": 0.133, ""modulation_ratio"": 1.69, ""median_latency_ms"": 1.71}, ""4.0"": {""evoked_rate_hz"": 8.33, ""baseline_rate_hz"": 4.44, ""reliability"": 0.067, ""modulation_ratio"": 1.53, ""median_latency_ms"": 1.02}}",False,0.401,not light responsive,0.889,Not statistically significant (p=0.5445 >= 0.05),0.2997,0.6386,0.1498,0.111,0.24,0.9551,0.3576,1.0,1.8681,0.1544,low evidence (non-responsive),850092284,3.10419948740929,0.0021340763233902,75.085000319628,0.99,0.001358080716433,3.99591060516996,0.962,0.0036127498056432,good,43,2740,8346,1984,9682,VISal,"10-ms optical pulse (473 nm, Ai32)",8.889,13.889,1.886,2.571,0.111,"1.0, 2.5, 4.0 mW calibrated",6,4,0.6386,0,0
760345702,739783171,810753203,951845813,VISal,45,11.852,5.556,0.432,4.738,0.077,0.055,0.044,0.111,0.977,0.016,0.25674,-0.164,0.0,"{""1.0"": {""evoked_rate_hz"": 8.33, ""baseline_rate_hz"": 8.89, ""reliability"": 0.067, ""modulation_ratio"": 0.84, ""median_latency_ms"": 4.79}, ""2.5"": {""evoked_rate_hz"": 0.0, ""baseline_rate_hz"": 4.44, ""reliability"": 0.0, ""modulation_ratio"": 0.0, ""median_latency_ms"": null}, ""4.0"": {""evoked_rate_hz"": 8.33, ""baseline_rate_hz"": 22.22, ""reliability"": 0.067, ""modulation_ratio"": 0.36, ""median_latency_ms"": 4.68}}",False,-1.33,not light responsive,0.95,Not statistically significant (p=0.2567 >= 0.05); No positive modulation (mod_ratio=0.43 <= 1.0); Very low reliability (0.04 < 0.05),0.2923,0.1131,0.1963,0.044,0.0,0.8363,0.9697,1.0,1.8175,0.1624,low evidence (non-responsive),850092290,1.7904570150893,0.233468702790692,55.2923483924506,0.99,0.0825254460647326,2.2930671874692,0.927333333333333,0.0048480249567893,good,27,2760,8347,1961,9704,VISal,"10-ms optical pulse (473 nm, Ai32)",11.852,5.556,4.738,0.077,0.044,"1.0, 2.5, 4.0 mW calibrated",3,5,0.1131,0,0
760345702,739783171,810753203,951845807,VISal,45,1.481,5.556,2.239,3.184,0.463,0.327,0.044,0.022,0.977,0.145,0.4985,0.145,-2.7778,"{""1.0"": {""evoked_rate_hz"": 8.33, ""baseline_rate_hz"": 0.0, ""reliability"": 0.067, ""modulation_ratio"": 8.33, ""median_latency_ms"": 2.86}, ""2.5"": {""evoked_rate_hz"": 8.33, ""baseline_rate_hz"": 4.44, ""reliability"": 0.067, ""modulation_ratio"": 1.53, ""median_latency_ms"": 3.51}, ""4.0"": {""evoked_rate_hz"": 0.0, ""baseline_rate_hz"": 0.0, ""reliability"": 0.0, ""modulation_ratio"": 0.0, ""median_latency_ms"": null}}",False,0.667,not light responsive,0.95,Not statistically significant (p=0.4985 >= 0.05); Very low reliability (0.04 < 0.05),0.3829,0.1619,0.1548,0.044,0.5237,0.9174,0.8309,1.0,1.7648,0.1712,intermediate evidence (uncertain / borderline),850092290,2.68939816671381,0.0019513064101519,73.2750842321223,0.99,8.05473445718466e-05,2.71738437269894,0.993589743589744,0.0005188875051888,good,27,2760,8347,1961,9704,VISal,"10-ms optical pulse (473 nm, Ai32)",1.481,5.556,3.184,0.463,0.044,"1.0, 2.5, 4.0 mW calibrated",3,1,0.1619,0,0
760345702,739783171,810753203,951845726,VISal,45,2.963,2.778,0.701,2.327,0.0,0.0,0.022,0.0,1.0,0.0,1.0,-0.014,0.0,"{""1.0"": {""evoked_rate_hz"": 0.0, ""baseline_rate_hz"": 4.44, ""reliability"": 0.0, ""modulation_ratio"": 0.0, ""median_latency_ms"": null}, ""2.5"": {""evoked_rate_hz"": 8.33, ""baseline_rate_hz"": 4.44, ""reliability"": 0.067, ""modulation_ratio"": 1.53, ""median_latency_ms"": 2.33}, ""4.0"": {""evoked_rate_hz"": 0.0, ""baseline_rate_hz"": 0.0, ""reliability"": 0.0, ""modulation_ratio"": 0.0, ""median_latency_ms"": null}}",False,1.0,not light responsive,0.95,Not statistically significant (p=1.0000 >= 0.05); No positive modulation (mod_ratio=0.70 <= 1.0); Very low reliability (0.02 < 0.05),0.283,0.065,0.1192,0.022,0.0,0.9446,1.0,1.0,2.2234,0.1082,low evidence (non-responsive),850092290,1.22945055105074,0.0,41.2458884812,0.99,0.0021177727426725,2.83618051849016,0.75609756097561,0.0002677645011212,good,27,2760,8347,1961,9704,VISal,"10-ms optical pulse (473 nm, Ai32)",2.963,2.778,2.327,0.0,0.022,"1.0, 2.5, 4.0 mW calibrated",1,1,0.065,0,0
760345702,739783171,810753203,951845800,VISal,45,8.889,16.667,1.685,4.511,2.404,2.643,0.133,0.044,0.886,0.583,0.37562,0.15,-5.5556,"{""1.0"": {""evoked_rate_hz"": 25.0, ""baseline_rate_hz"": 8.89, ""reliability"": 0.2, ""modulation_ratio"": 2.53, ""median_latency_ms"": 4.92}, ""2.5"": {""evoked_rate_hz"": 16.67, ""baseline_rate_hz"": 0.0, ""reliability"": 0.133, ""modulation_ratio"": 16.67, ""median_latency_ms"": 3.08}, ""4.0"": {""evoked_rate_hz"": 8.33, ""baseline_rate_hz"": 17.78, ""reliability"": 0.067, ""modulation_ratio"": 0.44, ""median_latency_ms"": 1.46}}",False,0.875,not light responsive,0.867,Not statistically significant (p=0.3756 >= 0.05),0.3225,0.4196,0.1715,0.133,0.3596,0.8513,0.3823,1.0,1.2325,0.2915,low evidence (non-responsive),850092288,1.92782704338425,0.0265127724150078,36.314639381593,0.99,0.0053801833100741,2.12861615129549,0.773643410852713,0.010727969348659,good,59,2760,8347,1967,9698,VISal,"10-ms optical pulse (473 nm, Ai32)",8.889,16.667,4.511,2.404,0.133,"1.0, 2.5, 4.0 mW calibrated",8,4,0.4196,0,0
760345702,739783171,810753203,951845777,VISal,45,14.815,2.778,0.176,3.185,0.0,0.0,0.022,0.133,1.0,0.0,0.01299,-0.345,2.7778,"{""1.0"": {""evoked_rate_hz"": 0.0, ""baseline_rate_hz"": 13.33, ""reliability"": 0.0, ""modulation_ratio"": 0.0, ""median_latency_ms"": null}, ""2.5"": {""evoked_rate_hz"": 0.0, ""baseline_rate_hz"": 8.89, ""reliability"": 0.0, ""modulation_ratio"": 0.0, ""median_latency_ms"": null}, ""4.0"": {""evoked_rate_hz"": 8.33, ""baseline_rate_hz"": 22.22, ""reliability"": 0.067, ""modulation_ratio"": 0.36, ""median_latency_ms"": 3.19}}",False,0.201,not light responsive,0.95,Not statistically significant (p=0.0130 >= 0.05); No positive modulation (mod_ratio=0.18 <= 1.0); Very low reliability (0.02 < 0.05),0.3846,0.0711,0.4716,0.022,0.0,0.9174,1.0,1.0,2.0931,0.1233,intermediate evidence (uncertain / borderline),850092288,2.12159929005379,0.0532005295709694,42.0465648794342,0.99,0.0017911553032837,1.84767265212075,0.843195266272189,0.0047609190643759,good,59,2760,8347,1967,9698,VISal,"10-ms optical pulse (473 nm, Ai32)",14.815,2.778,3.185,0.0,0.022,"1.0, 2.5, 4.0 mW calibrated",1,7,0.0711,0,0
760345702,739783171,810753203,951845769,VISal,45,11.852,11.111,0.865,3.073,1.862,2.153,0.089,0.089,0.932,0.565,0.84016,-0.016,-11.1111,"{""1.0"": {""evoked_rate_hz"": 33.33, ""baseline_rate_hz"": 8.89, ""reliability"": 0.267, ""modulation_ratio"": 3.37, ""median_latency_ms"": 3.07}, ""2.5"": {""evoked_rate_hz"": 0.0, ""baseline_rate_hz"": 17.78, ""reliability"": 0.0, ""modulation_ratio"": 0.0, ""median_latency_ms"": null}, ""4.0"": {""evoked_rate_hz"": 0.0, ""baseline_rate_hz"": 8.89, ""reliability"": 0.0, ""modulation_ratio"": 0.0, ""median_latency_ms"": null}}",False,0.501,not light responsive,0.911,Not statistically significant (p=0.8402 >= 0.05); No positive modulation (mod_ratio=0.86 <= 1.0),0.2462,0.3535,0.1274,0.089,0.0,0.9215,0.4748,1.0,1.9053,0.1488,low evidence (non-responsive),850092288,3.24039981855487,0.0331822664836971,49.2031212956008,0.99,0.0003532244565528,2.96335114507637,0.916312056737589,0.0047219307450157,good,59,2760,8347,1967,9698,VISal,"10-ms optical pulse (473 nm, Ai32)",11.852,11.111,3.073,1.862,0.089,"1.0, 2.5, 4.0 mW calibrated",5,5,0.3535,0,0
760345702,739783171,810753203,951845853,VISal,45,17.778,22.222,1.183,3.311,2.599,4.45,0.178,0.156,0.841,0.54,0.66134,0.07,0.0,"{""1.0"": {""evoked_rate_hz"": 16.67, ""baseline_rate_hz"": 26.67, ""reliability"": 0.133, ""modulation_ratio"": 0.6, ""median_latency_ms"": 5.75}, ""2.5"": {""evoked_rate_hz"": 33.33, ""baseline_rate_hz"": 13.33, ""reliability"": 0.267, ""modulation_ratio"": 2.33, ""median_latency_ms"": 3.3}, ""4.0"": {""evoked_rate_hz"": 16.67, ""baseline_rate_hz"": 13.33, ""reliability"": 0.133, ""modulation_ratio"": 1.16, ""median_latency_ms"": 5.3}}",False,-2.492,not light responsive,0.822,Not statistically significant (p=0.6613 >= 0.05),0.2827,0.5097,0.1394,0.178,0.1206,0.9125,0.3536,1.0,1.5232,0.218,low evidence (non-responsive),850092294,2.27617529379951,0.0179528057766772,74.9843555695597,0.99,0.0020180594566752,3.96267542901448,0.970138888888889,0.0012605042016806,good,11,2780,8348,1944,9720,VISal,"10-ms optical pulse (473 nm, Ai32)",17.778,22.222,3.311,2.599,0.178,"1.0, 2.5, 4.0 mW calibrated",10,8,0.5097,0,0
760345702,739783171,810753203,951845847,VISal,45,7.407,11.111,1.322,2.294,2.816,2.019,0.089,0.067,0.932,0.856,0.68132,0.085,-5.5556,"{""1.0"": {""evoked_rate_hz"": 25.0, ""baseline_rate_hz"": 8.89, ""reliability"": 0.2, ""modulation_ratio"": 2.53, ""median_latency_ms"": 2.6}, ""2.5"": {""evoked_rate_hz"": 0.0, ""baseline_rate_hz"": 8.89, ""reliability"": 0.0, ""modulation_ratio"": 0.0, ""median_latency_ms"": null}, ""4.0"": {""evoked_rate_hz"": 8.33, ""baseline_rate_hz"": 4.44, ""reliability"": 0.067, ""modulation_ratio"": 1.53, ""median_latency_ms"": 1.15}}",False,0.002,not light responsive,0.911,Not statistically significant (p=0.6813 >= 0.05),0.2776,0.5731,0.1378,0.089,0.1987,0.9455,0.3242,1.0,1.8721,0.1538,low evidence (non-responsive),850092294,1.93349617097288,0.135462734900011,72.3214203450935,0.99,0.0249860978674757,3.18474733140668,0.975268817204301,0.0006535947712418,good,11,2780,8348,1944,9720,VISal,"10-ms optical pulse (473 nm, Ai32)",7.407,11.111,2.294,2.816,0.089,"1.0, 2.5, 4.0 mW calibrated",5,3,0.5731,0,0
760345702,739783171,810753203,951845838,VISal,45,11.852,5.556,0.432,3.796,0.802,0.567,0.044,0.133,0.977,0.211,0.22577,-0.164,-2.7778,"{""1.0"": {""evoked_rate_hz"": 8.33, ""baseline_rate_hz"": 8.89, ""reliability"": 0.067, ""modulation_ratio"": 0.84, ""median_latency_ms"": 4.36}, ""2.5"": {""evoked_rate_hz"": 8.33, ""baseline_rate_hz"": 17.78, ""reliability"": 0.067, ""modulation_ratio"": 0.44, ""median_latency_ms"": 3.23}, ""4.0"": {""evoked_rate_hz"": 0.0, ""baseline_rate_hz"": 8.89, ""reliability"": 0.0, ""modulation_ratio"": 0.0, ""median_latency_ms"": null}}",False,0.251,not light responsive,0.95,Not statistically significant (p=0.2258 >= 0.05); No positive modulation (mod_ratio=0.43 <= 1.0); Very low reliability (0.04 < 0.05),0.2788,0.1742,0.2053,0.044,0.0,0.8911,0.7256,1.0,1.9347,0.1445,low evidence (non-responsive),850092294,2.78536266467933,0.0039483224325286,76.9530257358687,0.99,0.0011047767921091,2.53303228781755,0.993174061433447,0.0004464132413035,good,11,2780,8348,1944,9720,VISal,"10-ms optical pulse (473 nm, Ai32)",11.852,5.556,3.796,0.802,0.044,"1.0, 2.5, 4.0 mW calibrated",3,5,0.1742,0,0
760345702,739783171,810753203,951845829,VISal,45,1.481,11.111,4.478,5.82,3.181,2.47,0.089,0.022,0.932,0.596,0.13686,0.255,5.5556,"{""1.0"": {""evoked_rate_hz"": 8.33, ""baseline_rate_hz"": 0.0, ""reliability"": 0.067, ""modulation_ratio"": 8.33, ""median_latency_ms"": 6.19}, ""2.5"": {""evoked_rate_hz"": 0.0, ""baseline_rate_hz"": 4.44, ""reliability"": 0.0, ""modulation_ratio"": 0.0, ""median_latency_ms"": null}, ""4.0"": {""evoked_rate_hz"": 25.0, ""baseline_rate_hz"": 0.0, ""reliability"": 0.2, ""modulation_ratio"": 25.0, ""median_latency_ms"": 5.45}}",False,0.833,not light responsive,0.911,Not statistically significant (p=0.1369 >= 0.05),0.3942,0.3491,0.243,0.089,0.7937,0.7484,0.2802,1.0,1.662,0.1898,intermediate evidence (uncertain / borderline),850092292,1.84074065979669,0.0271934681241809,48.0475164058424,0.99,0.0560088195796008,2.05799176563257,0.80565371024735,0.0094679427806936,good,43,2780,8348,1950,9715,VISal,"10-ms optical pulse (473 nm, Ai32)",1.481,11.111,5.82,3.181,0.089,"1.0, 2.5, 4.0 mW calibrated",5,1,0.3491,0,0
760345702,739783171,810753203,951845898,VISal,45,26.667,13.889,0.502,2.763,2.229,2.983,0.111,0.156,0.909,0.606,0.10589,-0.247,0.0,"{""1.0"": {""evoked_rate_hz"": 8.33, ""baseline_rate_hz"": 35.56, ""reliability"": 0.067, ""modulation_ratio"": 0.23, ""median_latency_ms"": 5.23}, ""2.5"": {""evoked_rate_hz"": 25.0, ""baseline_rate_hz"": 31.11, ""reliability"": 0.2, ""modulation_ratio"": 0.78, ""median_latency_ms"": 2.24}, ""4.0"": {""evoked_rate_hz"": 8.33, ""baseline_rate_hz"": 13.33, ""reliability"": 0.067, ""modulation_ratio"": 0.58, ""median_latency_ms"": 2.76}}",False,0.1,not light responsive,0.889,Not statistically significant (p=0.1059 >= 0.05); No positive modulation (mod_ratio=0.50 <= 1.0),0.2878,0.4419,0.2641,0.111,0.0,0.932,0.41,1.0,1.8993,0.1497,low evidence (non-responsive),850092298,3.25699646052981,0.0062226869695143,81.1459568642005,0.99,0.0002327284315632,5.57635078014725,0.992666666666667,0.0003000300030003,good,27,2800,8349,1933,9731,VISal,"10-ms optical pulse (473 nm, Ai32)",26.667,13.889,2.763,2.229,0.111,"1.0, 2.5, 4.0 mW calibrated",6,12,0.4419,0,0
760345702,739783171,810753203,951845905,VISal,45,11.852,27.778,2.161,6.414,2.328,3.336,0.222,0.089,0.795,0.379,0.05994,0.293,11.1111,"{""1.0"": {""evoked_rate_hz"": 8.33, ""baseline_rate_hz"": 8.89, ""reliability"": 0.067, ""modulation_ratio"": 0.84, ""median_latency_ms"": 7.79}, ""2.5"": {""evoked_rate_hz"": 33.33, ""baseline_rate_hz"": 13.33, ""reliability"": 0.267, ""modulation_ratio"": 2.33, ""median_latency_ms"": 7.39}, ""4.0"": {""evoked_rate_hz"": 41.67, ""baseline_rate_hz"": 13.33, ""reliability"": 0.333, ""modulation_ratio"": 2.91, ""median_latency_ms"": 5.87}}",False,-1.33,not light responsive,0.778,Not statistically significant (p=0.0599 >= 0.05),0.3936,0.5283,0.3148,0.222,0.5049,0.6885,0.3941,1.0,0.5673,0.5671,intermediate evidence (uncertain / borderline),850092296,0.886890099243768,0.0098196675923694,58.1795820121874,0.99,0.0321907972442203,2.70995783604227,0.955333333333333,0.0040098305523218,good,59,2800,8348,1938,9726,VISal,"10-ms optical pulse (473 nm, Ai32)",11.852,27.778,6.414,2.328,0.222,"1.0, 2.5, 4.0 mW calibrated",13,5,0.5283,0,0
760345702,739783171,810753203,951845891,VISal,45,8.889,8.333,0.843,5.874,2.286,2.276,0.067,0.022,0.955,0.407,0.82018,-0.014,5.5556,"{""1.0"": {""evoked_rate_hz"": 0.0, ""baseline_rate_hz"": 4.44, ""reliability"": 0.0, ""modulation_ratio"": 0.0, ""median_latency_ms"": null}, ""2.5"": {""evoked_rate_hz"": 8.33, ""baseline_rate_hz"": 17.78, ""reliability"": 0.067, ""modulation_ratio"": 0.44, ""median_latency_ms"": 7.76}, ""4.0"": {""evoked_rate_hz"": 16.67, ""baseline_rate_hz"": 4.44, ""reliability"": 0.133, ""modulation_ratio"": 3.06, ""median_latency_ms"": 4.54}}",False,0.5,not light responsive,0.933,Not statistically significant (p=0.8202 >= 0.05); No positive modulation (mod_ratio=0.84 <= 1.0),0.2069,0.2781,0.1285,0.067,0.0,0.7433,0.4008,1.0,1.6247,0.197,low evidence (non-responsive),850092296,1.44649353128384,0.0440950043777335,44.8165993814486,0.99,0.0018134799994485,2.55025326961014,0.920666666666667,0.0028058361391694,good,59,2800,8348,1938,9726,VISal,"10-ms optical pulse (473 nm, Ai32)",8.889,8.333,5.874,2.286,0.067,"1.0, 2.5, 4.0 mW calibrated",4,4,0.2781,0,0
760345702,739783171,810753203,951845867,VISal,45,14.815,5.556,0.351,4.645,1.778,1.257,0.044,0.089,0.977,0.383,0.1009,-0.229,2.7778,"{""1.0"": {""evoked_rate_hz"": 0.0, ""baseline_rate_hz"": 17.78, ""reliability"": 0.0, ""modulation_ratio"": 0.0, ""median_latency_ms"": null}, ""2.5"": {""evoked_rate_hz"": 8.33, ""baseline_rate_hz"": 13.33, ""reliability"": 0.067, ""modulation_ratio"": 0.58, ""median_latency_ms"": 3.39}, ""4.0"": {""evoked_rate_hz"": 8.33, ""baseline_rate_hz"": 13.33, ""reliability"": 0.067, ""modulation_ratio"": 0.58, ""median_latency_ms"": 5.9}}",False,0.401,not light responsive,0.95,Not statistically significant (p=0.1009 >= 0.05); No positive modulation (mod_ratio=0.35 <= 1.0); Very low reliability (0.04 < 0.05),0.2669,0.2407,0.2682,0.044,0.0,0.8426,0.4911,1.0,1.8281,0.1607,low evidence (non-responsive),850092296,3.18928910804376,0.0067597129407783,51.0874150755714,0.99,0.0003501004001141,2.56262241859283,0.900584795321637,0.0008139179977617,good,59,2800,8348,1938,9726,VISal,"10-ms optical pulse (473 nm, Ai32)",14.815,5.556,4.645,1.778,0.044,"1.0, 2.5, 4.0 mW calibrated",3,7,0.2407,0,0
760345702,739783171,810753203,951845859,VISal,45,5.926,5.556,0.802,6.348,0.326,0.23,0.044,0.022,0.977,0.051,0.82517,-0.011,-2.7778,"{""1.0"": {""evoked_rate_hz"": 8.33, ""baseline_rate_hz"": 8.89, ""reliability"": 0.067, ""modulation_ratio"": 0.84, ""median_latency_ms"": 6.12}, ""2.5"": {""evoked_rate_hz"": 8.33, ""baseline_rate_hz"": 4.44, ""reliability"": 0.067, ""modulation_ratio"": 1.53, ""median_latency_ms"": 6.58}, ""4.0"": {""evoked_rate_hz"": 0.0, ""baseline_rate_hz"": 4.44, ""reliability"": 0.0, ""modulation_ratio"": 0.0, ""median_latency_ms"": null}}",False,-0.331,not light responsive,0.95,Not statistically significant (p=0.8252 >= 0.05); No positive modulation (mod_ratio=0.80 <= 1.0); Very low reliability (0.04 < 0.05),0.2416,0.1353,0.1282,0.044,0.0,0.6955,0.8777,1.0,1.676,0.1871,low evidence (non-responsive),850092296,4.06541397536456,0.0062863149220731,42.377718395226,0.99,0.0003507067371939,3.39877762254173,0.921052631578947,0.0017122114923635,good,59,2800,8348,1938,9726,VISal,"10-ms optical pulse (473 nm, Ai32)",5.926,5.556,6.348,0.326,0.044,"1.0, 2.5, 4.0 mW calibrated",3,3,0.1353,0,0
760345702,739783171,810753203,951845966,VISal,45,13.333,8.333,0.581,4.978,2.372,2.217,0.067,0.111,0.955,0.399,0.40759,-0.113,2.7778,"{""1.0"": {""evoked_rate_hz"": 0.0, ""baseline_rate_hz"": 17.78, ""reliability"": 0.0, ""modulation_ratio"": 0.0, ""median_latency_ms"": null}, ""2.5"": {""evoked_rate_hz"": 16.67, ""baseline_rate_hz"": 17.78, ""reliability"": 0.133, ""modulation_ratio"": 0.89, ""median_latency_ms"": 6.82}, ""4.0"": {""evoked_rate_hz"": 8.33, ""baseline_rate_hz"": 4.44, ""reliability"": 0.067, ""modulation_ratio"": 1.53, ""median_latency_ms"": 4.22}}",False,-0.996,not light responsive,0.933,Not statistically significant (p=0.4076 >= 0.05); No positive modulation (mod_ratio=0.58 <= 1.0),0.2283,0.3022,0.1666,0.067,0.0,0.8192,0.3872,1.0,1.7111,0.1807,low evidence (non-responsive),850092302,1.25774485182869,0.0680794352984477,48.5720953836214,0.99,0.0168794376645273,2.32939138555404,0.821333333333333,0.0146457316268637,good,11,2820,8350,1916,9747,VISal,"10-ms optical pulse (473 nm, Ai32)",13.333,8.333,4.978,2.372,0.067,"1.0, 2.5, 4.0 mW calibrated",4,6,0.3022,0,0
760345702,739783171,810753203,951845911,VISal,45,0.0,0.0,0.0,,,,0.0,0.0,0.0,,1.0,0.0,0.0,"{""1.0"": {""evoked_rate_hz"": 0.0, ""baseline_rate_hz"": 0.0, ""reliability"": 0.0, ""modulation_ratio"": 0.0, ""median_latency_ms"": null}, ""2.5"": {""evoked_rate_hz"": 0.0, ""baseline_rate_hz"": 0.0, ""reliability"": 0.0, ""modulation_ratio"": 0.0, ""median_latency_ms"": null}, ""4.0"": {""evoked_rate_hz"": 0.0, ""baseline_rate_hz"": 0.0, ""reliability"": 0.0, ""modulation_ratio"": 0.0, ""median_latency_ms"": null}}",False,1.0,insufficient evidence,0.0,Insufficient trial count (<10) or zero spikes recorded,0.0376,0.144,0.1192,0.0,0.0,0.0002,0.0183,1.0,4.6165,0.0099,insufficient evidence,850092302,1.33623553796859,0.193035539011059,28.3806095891397,0.99,0.0178209866725362,2.31770513333279,0.693333333333333,0.0009090909090909,good,11,2820,8350,1916,9747,VISal,"10-ms optical pulse (473 nm, Ai32)",0.0,0.0,,,0.0,"1.0, 2.5, 4.0 mW calibrated",0,0,0.144,0,-1
760345702,739783171,810753203,951846044,VISal,45,8.889,2.778,0.281,5.418,0.0,0.0,0.022,0.044,1.0,0.0,0.12787,-0.201,2.7778,"{""1.0"": {""evoked_rate_hz"": 0.0, ""baseline_rate_hz"": 17.78, ""reliability"": 0.0, ""modulation_ratio"": 0.0, ""median_latency_ms"": null}, ""2.5"": {""evoked_rate_hz"": 0.0, ""baseline_rate_hz"": 4.44, ""reliability"": 0.0, ""modulation_ratio"": 0.0, ""median_latency_ms"": null}, ""4.0"": {""evoked_rate_hz"": 8.33, ""baseline_rate_hz"": 4.44, ""reliability"": 0.067, ""modulation_ratio"": 1.53, ""median_latency_ms"": 5.42}}",False,-0.991,not light responsive,0.95,Not statistically significant (p=0.1279 >= 0.05); No positive modulation (mod_ratio=0.28 <= 1.0); Very low reliability (0.02 < 0.05),0.2977,0.0859,0.2485,0.022,0.0,0.7843,1.0,1.0,1.83,0.1604,low evidence (non-responsive),850092318,1.78010439855334,0.361259416481992,39.3452065814013,0.99,0.0503007325352545,2.56232803390114,0.538631346578366,0.0114112875506977,good,11,2900,8353,1859,9802,VISal,"10-ms optical pulse (473 nm, Ai32)",8.889,2.778,5.418,0.0,0.022,"1.0, 2.5, 4.0 mW calibrated",1,4,0.0859,0,0
760345702,739783171,810753203,951846030,VISal,45,1.481,2.778,1.119,8.082,0.0,0.0,0.022,0.022,1.0,0.0,1.0,0.061,-2.7778,"{""1.0"": {""evoked_rate_hz"": 8.33, ""baseline_rate_hz"": 0.0, ""reliability"": 0.067, ""modulation_ratio"": 8.33, ""median_latency_ms"": 8.08}, ""2.5"": {""evoked_rate_hz"": 0.0, ""baseline_rate_hz"": 0.0, ""reliability"": 0.0, ""modulation_ratio"": 0.0, ""median_latency_ms"": null}, ""4.0"": {""evoked_rate_hz"": 0.0, ""baseline_rate_hz"": 4.44, ""reliability"": 0.0, ""modulation_ratio"": 0.0, ""median_latency_ms"": null}}",False,1.0,not light responsive,0.95,Not statistically significant (p=1.0000 >= 0.05); Very low reliability (0.02 < 0.05),0.2309,0.1006,0.1192,0.022,0.0809,0.4898,1.0,1.0,1.6231,0.1973,low evidence (non-responsive),850092318,2.37491419279659,0.368158782157607,38.8702459959447,0.96,0.0163643894373691,2.67575419850105,0.633333333333333,0.0112363387978142,good,11,2900,8353,1859,9802,VISal,"10-ms optical pulse (473 nm, Ai32)",1.481,2.778,8.082,0.0,0.022,"1.0, 2.5, 4.0 mW calibrated",1,1,0.1006,0,0
760345702,739783171,810753203,951846025,VISal,45,2.963,2.778,0.701,1.663,0.0,0.0,0.022,0.044,1.0,0.0,1.0,-0.008,2.7778,"{""1.0"": {""evoked_rate_hz"": 0.0, ""baseline_rate_hz"": 4.44, ""reliability"": 0.0, ""modulation_ratio"": 0.0, ""median_latency_ms"": null}, ""2.5"": {""evoked_rate_hz"": 0.0, ""baseline_rate_hz"": 4.44, ""reliability"": 0.0, ""modulation_ratio"": 0.0, ""median_latency_ms"": null}, ""4.0"": {""evoked_rate_hz"": 8.33, ""baseline_rate_hz"": 0.0, ""reliability"": 0.067, ""modulation_ratio"": 8.33, ""median_latency_ms"": 1.66}}",False,0.004,not light responsive,0.95,Not statistically significant (p=1.0000 >= 0.05); No positive modulation (mod_ratio=0.70 <= 1.0); Very low reliability (0.02 < 0.05),0.2852,0.0605,0.1192,0.022,0.0,0.9596,1.0,1.0,2.3328,0.097,low evidence (non-responsive),850092318,2.14435236418937,0.216270226318893,37.6658203062058,0.96,0.0126476762623723,2.73832569069132,0.491803278688525,0.0059420732742521,good,11,2900,8353,1859,9802,VISal,"10-ms optical pulse (473 nm, Ai32)",2.963,2.778,1.663,0.0,0.022,"1.0, 2.5, 4.0 mW calibrated",1,1,0.0605,0,0
760345702,739783171,810753203,951846018,VISal,45,10.37,5.556,0.489,2.409,0.634,0.448,0.044,0.111,0.977,0.263,0.30969,-0.129,-2.7778,"{""1.0"": {""evoked_rate_hz"": 8.33, ""baseline_rate_hz"": 4.44, ""reliability"": 0.067, ""modulation_ratio"": 1.53, ""median_latency_ms"": 2.86}, ""2.5"": {""evoked_rate_hz"": 8.33, ""baseline_rate_hz"": 17.78, ""reliability"": 0.067, ""modulation_ratio"": 0.44, ""median_latency_ms"": 1.96}, ""4.0"": {""evoked_rate_hz"": 0.0, ""baseline_rate_hz"": 8.89, ""reliability"": 0.0, ""modulation_ratio"": 0.0, ""median_latency_ms"": null}}",False,0.002,not light responsive,0.95,Not statistically significant (p=0.3097 >= 0.05); No positive modulation (mod_ratio=0.49 <= 1.0); Very low reliability (0.04 < 0.05),0.2851,0.1815,0.1838,0.044,0.0,0.9424,0.776,1.0,2.1429,0.1173,low evidence (non-responsive),850092316,2.638502212416,0.0032280920762013,59.1960515751645,0.99,4.53006491705807e-05,3.72881110869323,0.964,0.0006252442360296,good,43,2900,8353,1865,9797,VISal,"10-ms optical pulse (473 nm, Ai32)",10.37,5.556,2.409,0.634,0.044,"1.0, 2.5, 4.0 mW calibrated",3,5,0.1815,0,0
760345702,739783171,810753203,951846012,VISal,45,1.481,2.778,1.119,2.446,0.0,0.0,0.022,0.022,1.0,0.0,1.0,0.061,2.7778,"{""1.0"": {""evoked_rate_hz"": 0.0, ""baseline_rate_hz"": 0.0, ""reliability"": 0.0, ""modulation_ratio"": 0.0, ""median_latency_ms"": null}, ""2.5"": {""evoked_rate_hz"": 0.0, ""baseline_rate_hz"": 4.44, ""reliability"": 0.0, ""modulation_ratio"": 0.0, ""median_latency_ms"": null}, ""4.0"": {""evoked_rate_hz"": 8.33, ""baseline_rate_hz"": 0.0, ""reliability"": 0.067, ""modulation_ratio"": 8.33, ""median_latency_ms"": 2.45}}",False,0.004,not light responsive,0.95,Not statistically significant (p=1.0000 >= 0.05); Very low reliability (0.02 < 0.05),0.2987,0.069,0.1192,0.022,0.0809,0.9414,1.0,1.0,2.1359,0.1181,low evidence (non-responsive),850092316,2.45735631275596,0.0445189798820345,34.7406829131811,0.99,0.0032244064868702,2.33010408010849,0.793939393939394,0.0054192229038854,good,43,2900,8353,1865,9797,VISal,"10-ms optical pulse (473 nm, Ai32)",1.481,2.778,2.446,0.0,0.022,"1.0, 2.5, 4.0 mW calibrated",1,1,0.069,0,0
760345702,739783171,810753203,951846105,VISal,45,0.0,8.333,8.333,6.172,1.76,1.753,0.067,0.0,0.955,0.293,0.24575,0.264,5.5556,"{""1.0"": {""evoked_rate_hz"": 0.0, ""baseline_rate_hz"": 0.0, ""reliability"": 0.0, ""modulation_ratio"": 0.0, ""median_latency_ms"": null}, ""2.5"": {""evoked_rate_hz"": 8.33, ""baseline_rate_hz"": 0.0, ""reliability"": 0.067, ""modulation_ratio"": 8.33, ""median_latency_ms"": 4.16}, ""4.0"": {""evoked_rate_hz"": 16.67, ""baseline_rate_hz"": 0.0, ""reliability"": 0.133, ""modulation_ratio"": 16.67, ""median_latency_ms"": 6.92}}",False,0.667,not light responsive,0.933,Not statistically significant (p=0.2457 >= 0.05),0.4151,0.1989,0.1993,0.067,0.9103,0.7138,0.4946,1.0,2.4093,0.0899,intermediate evidence (uncertain / borderline),850092330,2.03041349961357,0.493058740236206,36.713083371616,0.99,0.0320128182095791,2.62688634823954,0.446666666666667,0.0257150880571268,good,27,2960,8356,1813,9847,VISal,"10-ms optical pulse (473 nm, Ai32)",0.0,8.333,6.172,1.76,0.067,"1.0, 2.5, 4.0 mW calibrated",4,0,0.1989,0,0
760345702,739783171,810753203,951846098,VISal,45,11.852,19.444,1.513,4.91,1.411,1.39,0.156,0.067,0.864,0.314,0.36763,0.137,5.5556,"{""1.0"": {""evoked_rate_hz"": 8.33, ""baseline_rate_hz"": 17.78, ""reliability"": 0.067, ""modulation_ratio"": 0.44, ""median_latency_ms"": 2.18}, ""2.5"": {""evoked_rate_hz"": 25.0, ""baseline_rate_hz"": 0.0, ""reliability"": 0.2, ""modulation_ratio"": 25.0, ""median_latency_ms"": 5.13}, ""4.0"": {""evoked_rate_hz"": 25.0, ""baseline_rate_hz"": 17.78, ""reliability"": 0.2, ""modulation_ratio"": 1.33, ""median_latency_ms"": 4.89}}",False,0.6,not light responsive,0.844,Not statistically significant (p=0.3676 >= 0.05),0.3294,0.3628,0.1729,0.156,0.2901,0.8242,0.5687,1.0,1.1301,0.323,low evidence (non-responsive),850092330,1.78229479869309,0.0825330482235625,57.5891843989646,0.99,0.049665487535323,3.00316533700689,0.817333333333333,0.0524835988753515,good,27,2960,8356,1813,9847,VISal,"10-ms optical pulse (473 nm, Ai32)",11.852,19.444,4.91,1.411,0.156,"1.0, 2.5, 4.0 mW calibrated",9,5,0.3628,0,0
760345702,739783171,810753203,951846150,VISal,45,7.407,11.111,1.322,5.956,1.889,1.267,0.089,0.067,0.932,0.356,0.67832,0.085,5.5556,"{""1.0"": {""evoked_rate_hz"": 8.33, ""baseline_rate_hz"": 0.0, ""reliability"": 0.067, ""modulation_ratio"": 8.33, ""median_latency_ms"": 5.82}, ""2.5"": {""evoked_rate_hz"": 0.0, ""baseline_rate_hz"": 13.33, ""reliability"": 0.0, ""modulation_ratio"": 0.0, ""median_latency_ms"": null}, ""4.0"": {""evoked_rate_hz"": 25.0, ""baseline_rate_hz"": 8.89, ""reliability"": 0.2, ""modulation_ratio"": 2.53, ""median_latency_ms"": 6.09}}",False,-0.497,not light responsive,0.911,Not statistically significant (p=0.6783 >= 0.05),0.2607,0.3002,0.1381,0.089,0.1987,0.7354,0.4697,1.0,1.3156,0.2683,low evidence (non-responsive),850092336,1.58100494066086,0.0765295253355406,51.8851078867296,0.99,0.0758661920701126,2.03865196268317,0.813333333333333,0.0468581133240698,good,59,3000,8357,1790,9869,VISal,"10-ms optical pulse (473 nm, Ai32)",7.407,11.111,5.956,1.889,0.089,"1.0, 2.5, 4.0 mW calibrated",5,3,0.3002,0,0
760345702,739783171,810753203,951846136,VISal,45,0.0,5.556,5.556,5.592,2.944,2.082,0.044,0.0,0.977,0.526,0.51449,0.213,5.5556,"{""1.0"": {""evoked_rate_hz"": 0.0, ""baseline_rate_hz"": 0.0, ""reliability"": 0.0, ""modulation_ratio"": 0.0, ""median_latency_ms"": null}, ""2.5"": {""evoked_rate_hz"": 0.0, ""baseline_rate_hz"": 0.0, ""reliability"": 0.0, ""modulation_ratio"": 0.0, ""median_latency_ms"": null}, ""4.0"": {""evoked_rate_hz"": 16.67, ""baseline_rate_hz"": 0.0, ""reliability"": 0.133, ""modulation_ratio"": 16.67, ""median_latency_ms"": 5.59}}",False,1.0,not light responsive,0.95,Not statistically significant (p=0.5145 >= 0.05); Very low reliability (0.04 < 0.05),0.372,0.2786,0.153,0.044,0.8446,0.7692,0.308,1.0,2.0429,0.1296,intermediate evidence (uncertain / borderline),850092336,1.9135207855967,0.192740061902501,45.3429293769489,0.99,0.0035629509091035,3.18418758318152,0.784666666666667,0.0163304514889529,good,59,3000,8357,1790,9869,VISal,"10-ms optical pulse (473 nm, Ai32)",0.0,5.556,5.592,2.944,0.044,"1.0, 2.5, 4.0 mW calibrated",3,0,0.2786,0,0
760345702,739783171,810753203,951846209,VISal,45,2.963,2.778,0.701,6.304,0.0,0.0,0.022,0.022,1.0,0.0,1.0,-0.008,0.0,"{""1.0"": {""evoked_rate_hz"": 0.0, ""baseline_rate_hz"": 0.0, ""reliability"": 0.0, ""modulation_ratio"": 0.0, ""median_latency_ms"": null}, ""2.5"": {""evoked_rate_hz"": 8.33, ""baseline_rate_hz"": 4.44, ""reliability"": 0.067, ""modulation_ratio"": 1.53, ""median_latency_ms"": 6.3}, ""4.0"": {""evoked_rate_hz"": 0.0, ""baseline_rate_hz"": 4.44, ""reliability"": 0.0, ""modulation_ratio"": 0.0, ""median_latency_ms"": null}}",False,0.001,not light responsive,0.95,Not statistically significant (p=1.0000 >= 0.05); No positive modulation (mod_ratio=0.70 <= 1.0); Very low reliability (0.02 < 0.05),0.2463,0.0903,0.1192,0.022,0.0,0.7001,1.0,1.0,1.7641,0.1713,low evidence (non-responsive),850092348,1.44541070575521,0.104736407338972,44.2054078944763,0.99,0.0325973187693763,2.30263132697816,0.752666666666667,0.0445069835313738,good,43,3060,8360,1749,9908,VISal,"10-ms optical pulse (473 nm, Ai32)",2.963,2.778,6.304,0.0,0.022,"1.0, 2.5, 4.0 mW calibrated",1,1,0.0903,0,0
